image_id,original_path,source,original_label,duplicate_group,image_scope,split,blemishes,dark_spots,redness,visible_pores,fine_lines
ffhq_00001,/Users/aryanmalla/PycharmProjects/Skin-Care-AI/dataset_sources/extracted/ffhq_wrinkle/images/Part1/00001.png,ffhq_wrinkle,ffhq,ffhq_00001,full_face,train,-1,-1,-1,-1,1
ffhq_00011,/Users/aryanmalla/PycharmProjects/Skin-Care-AI/dataset_sources/extracted/ffhq_wrinkle/images/Part1/00011.png,ffhq_wrinkle,ffhq,ffhq_00011,full_face,train,-1,-1,-1,-1,1
ffhq_00016,/Users/aryanmalla/PycharmProjects/Skin-Care-AI/dataset_sources/extracted/ffhq_wrinkle/images/Part1/00016.png,ffhq_wrinkle,ffhq,ffhq_00016,full_face,test,-1,-1,-1,-1,1
ffhq_00017,/Users/aryanmalla/PycharmProjects/Skin-Care-AI/dataset_sources/extracted/ffhq_wrinkle/images/Part1/00017.png,ffhq_wrinkle,ffhq,ffhq_00017,full_face,train,-1,-1,-1,-1,-1
ffhq_00018,/Users/aryanmalla/PycharmProjects/Skin-Care-AI/dataset_sources/extracted/ffhq_wrinkle/images/Part1/00018.png,ffhq_wrinkle,ffhq,ffhq_00018,full_face,test,-1,-1,-1,-1,-1
ffhq_00021,/Users/aryanmalla/PycharmProjects/Skin-Care-AI/dataset_sources/extracted/ffhq_wrinkle/images/Part1/00021.png,ffhq_wrinkle,ffhq,ffhq_00021,full_face,train,-1,-1,-1,-1,1
ffhq_00027,/Users/aryanmalla/PycharmProjects/Skin-Care-AI/dataset_sources/extracted/ffhq_wrinkle/images/Part1/00027.png,ffhq_wrinkle,ffhq,ffhq_00027,full_face,train,-1,-1,-1,-1,-1
ffhq_00036,/Users/aryanmalla/PycharmProjects/Skin-Care-AI/dataset_sources/extracted/ffhq_wrinkle/images/Part1/00036.png,ffhq_wrinkle,ffhq,ffhq_00036,full_face,validation,-1,-1,-1,-1,-1
ffhq_00040,/Users/aryanmalla/PycharmProjects/Skin-Care-AI/dataset_sources/extracted/ffhq_wrinkle/images/Part1/00040.png,ffhq_wrinkle,ffhq,ffhq_00040,full_face,train,-1,-1,-1,-1,-1
ffhq_00045,/Users/aryanmalla/PycharmProjects/Skin-Care-AI/dataset_sources/extracted/ffhq_wrinkle/images/Part1/00045.png,ffhq_wrinkle,ffhq,ffhq_00045,full_face,train,-1,-1,-1,-1,-1
ffhq_00048,/Users/aryanmalla/PycharmProjects/Skin-Care-AI/dataset_sources/extracted/ffhq_wrinkle/images/Part1/00048.png,ffhq_wrinkle,ffhq,ffhq_00048,full_face,train,-1,-1,-1,-1,-1
ffhq_00056,/Users/aryanmalla/PycharmProjects/Skin-Care-AI/dataset_sources/extracted/ffhq_wrinkle/images/Part1/00056.png,ffhq_wrinkle,ffhq,ffhq_00056,full_face,train,-1,-1,-1,-1,-1
ffhq_00062,/Users/aryanmalla/PycharmProjects/Skin-Care-AI/dataset_sources/extracted/ffhq_wrinkle/images/Part1/00062.png,ffhq_wrinkle,ffhq,ffhq_00062,full_face,train,-1,-1,-1,-1,1
ffhq_00065,/Users/aryanmalla/PycharmProjects/Skin-Care-AI/dataset_sources/extracted/ffhq_wrinkle/images/Part1/00065.png,ffhq_wrinkle,ffhq,ffhq_00065,full_face,train,-1,-1,-1,-1,1
ffhq_00074,/Users/aryanmalla/PycharmProjects/Skin-Care-AI/dataset_sources/extracted/ffhq_wrinkle/images/Part1/00074.png,ffhq_wrinkle,ffhq,ffhq_00074,full_face,train,-1,-1,-1,-1,-1
ffhq_00094,/Users/aryanmalla/PycharmProjects/Skin-Care-AI/dataset_sources/extracted/ffhq_wrinkle/images/Part1/00094.png,ffhq_wrinkle,ffhq,ffhq_00094,full_face,train,-1,-1,-1,-1,0
ffhq_00113,/Users/aryanmalla/PycharmProjects/Skin-Care-AI/dataset_sources/extracted/ffhq_wrinkle/images/Part1/00113.png,ffhq_wrinkle,ffhq,ffhq_00113,full_face,validation,-1,-1,-1,-1,0
ffhq_00114,/Users/aryanmalla/PycharmProjects/Skin-Care-AI/dataset_sources/extracted/ffhq_wrinkle/images/Part1/00114.png,ffhq_wrinkle,ffhq,ffhq_00114,full_face,train,-1,-1,-1,-1,1
ffhq_00123,/Users/aryanmalla/PycharmProjects/Skin-Care-AI/dataset_sources/extracted/ffhq_wrinkle/images/Part1/00123.png,ffhq_wrinkle,ffhq,ffhq_00123,full_face,test,-1,-1,-1,-1,1
ffhq_00125,/Users/aryanmalla/PycharmProjects/Skin-Care-AI/dataset_sources/extracted/ffhq_wrinkle/images/Part1/00125.png,ffhq_wrinkle,ffhq,ffhq_00125,full_face,train,-1,-1,-1,-1,1
ffhq_00132,/Users/aryanmalla/PycharmProjects/Skin-Care-AI/dataset_sources/extracted/ffhq_wrinkle/images/Part1/00132.png,ffhq_wrinkle,ffhq,ffhq_00132,full_face,train,-1,-1,-1,-1,1
ffhq_00133,/Users/aryanmalla/PycharmProjects/Skin-Care-AI/dataset_sources/extracted/ffhq_wrinkle/images/Part1/00133.png,ffhq_wrinkle,ffhq,ffhq_00133,full_face,validation,-1,-1,-1,-1,1
ffhq_00142,/Users/aryanmalla/PycharmProjects/Skin-Care-AI/dataset_sources/extracted/ffhq_wrinkle/images/Part1/00142.png,ffhq_wrinkle,ffhq,ffhq_00142,full_face,train,-1,-1,-1,-1,1
ffhq_00144,/Users/aryanmalla/PycharmProjects/Skin-Care-AI/dataset_sources/extracted/ffhq_wrinkle/images/Part1/00144.png,ffhq_wrinkle,ffhq,ffhq_00144,full_face,train,-1,-1,-1,-1,1
ffhq_00167,/Users/aryanmalla/PycharmProjects/Skin-Care-AI/dataset_sources/extracted/ffhq_wrinkle/images/Part1/00167.png,ffhq_wrinkle,ffhq,ffhq_00167,full_face,train,-1,-1,-1,-1,1
ffhq_00174,/Users/aryanmalla/PycharmProjects/Skin-Care-AI/dataset_sources/extracted/ffhq_wrinkle/images/Part1/00174.png,ffhq_wrinkle,ffhq,ffhq_00174,full_face,train,-1,-1,-1,-1,-1
ffhq_00175,/Users/aryanmalla/PycharmProjects/Skin-Care-AI/dataset_sources/extracted/ffhq_wrinkle/images/Part1/00175.png,ffhq_wrinkle,ffhq,ffhq_00175,full_face,test,-1,-1,-1,-1,1
ffhq_00189,/Users/aryanmalla/PycharmProjects/Skin-Care-AI/dataset_sources/extracted/ffhq_wrinkle/images/Part1/00189.png,ffhq_wrinkle,ffhq,ffhq_00189,full_face,train,-1,-1,-1,-1,1
ffhq_00197,/Users/aryanmalla/PycharmProjects/Skin-Care-AI/dataset_sources/extracted/ffhq_wrinkle/images/Part1/00197.png,ffhq_wrinkle,ffhq,ffhq_00197,full_face,train,-1,-1,-1,-1,1
ffhq_00232,/Users/aryanmalla/PycharmProjects/Skin-Care-AI/dataset_sources/extracted/ffhq_wrinkle/images/Part1/00232.png,ffhq_wrinkle,ffhq,ffhq_00232,full_face,validation,-1,-1,-1,-1,1
ffhq_00251,/Users/aryanmalla/PycharmProjects/Skin-Care-AI/dataset_sources/extracted/ffhq_wrinkle/images/Part1/00251.png,ffhq_wrinkle,ffhq,ffhq_00251,full_face,validation,-1,-1,-1,-1,1
ffhq_00257,/Users/aryanmalla/PycharmProjects/Skin-Care-AI/dataset_sources/extracted/ffhq_wrinkle/images/Part1/00257.png,ffhq_wrinkle,ffhq,ffhq_00257,full_face,validation,-1,-1,-1,-1,1
ffhq_00259,/Users/aryanmalla/PycharmProjects/Skin-Care-AI/dataset_sources/extracted/ffhq_wrinkle/images/Part1/00259.png,ffhq_wrinkle,ffhq,ffhq_00259,full_face,train,-1,-1,-1,-1,1
ffhq_00264,/Users/aryanmalla/PycharmProjects/Skin-Care-AI/dataset_sources/extracted/ffhq_wrinkle/images/Part1/00264.png,ffhq_wrinkle,ffhq,ffhq_00264,full_face,train,-1,-1,-1,-1,1
ffhq_00267,/Users/aryanmalla/PycharmProjects/Skin-Care-AI/dataset_sources/extracted/ffhq_wrinkle/images/Part1/00267.png,ffhq_wrinkle,ffhq,ffhq_00267,full_face,train,-1,-1,-1,-1,1
ffhq_00323,/Users/aryanmalla/PycharmProjects/Skin-Care-AI/dataset_sources/extracted/ffhq_wrinkle/images/Part1/00323.png,ffhq_wrinkle,ffhq,ffhq_00323,full_face,validation,-1,-1,-1,-1,1
ffhq_00336,/Users/aryanmalla/PycharmProjects/Skin-Care-AI/dataset_sources/extracted/ffhq_wrinkle/images/Part1/00336.png,ffhq_wrinkle,ffhq,ffhq_00336,full_face,train,-1,-1,-1,-1,1
ffhq_00378,/Users/aryanmalla/PycharmProjects/Skin-Care-AI/dataset_sources/extracted/ffhq_wrinkle/images/Part1/00378.png,ffhq_wrinkle,ffhq,ffhq_00378,full_face,train,-1,-1,-1,-1,1
ffhq_00387,/Users/aryanmalla/PycharmProjects/Skin-Care-AI/dataset_sources/extracted/ffhq_wrinkle/images/Part1/00387.png,ffhq_wrinkle,ffhq,ffhq_00387,full_face,validation,-1,-1,-1,-1,1
ffhq_00396,/Users/aryanmalla/PycharmProjects/Skin-Care-AI/dataset_sources/extracted/ffhq_wrinkle/images/Part1/00396.png,ffhq_wrinkle,ffhq,ffhq_00396,full_face,train,-1,-1,-1,-1,1
ffhq_00413,/Users/aryanmalla/PycharmProjects/Skin-Care-AI/dataset_sources/extracted/ffhq_wrinkle/images/Part1/00413.png,ffhq_wrinkle,ffhq,ffhq_00413,full_face,test,-1,-1,-1,-1,-1
ffhq_00420,/Users/aryanmalla/PycharmProjects/Skin-Care-AI/dataset_sources/extracted/ffhq_wrinkle/images/Part1/00420.png,ffhq_wrinkle,ffhq,ffhq_00420,full_face,train,-1,-1,-1,-1,-1
ffhq_00427,/Users/aryanmalla/PycharmProjects/Skin-Care-AI/dataset_sources/extracted/ffhq_wrinkle/images/Part1/00427.png,ffhq_wrinkle,ffhq,ffhq_00427,full_face,train,-1,-1,-1,-1,0
ffhq_00439,/Users/aryanmalla/PycharmProjects/Skin-Care-AI/dataset_sources/extracted/ffhq_wrinkle/images/Part1/00439.png,ffhq_wrinkle,ffhq,ffhq_00439,full_face,train,-1,-1,-1,-1,-1
ffhq_00445,/Users/aryanmalla/PycharmProjects/Skin-Care-AI/dataset_sources/extracted/ffhq_wrinkle/images/Part1/00445.png,ffhq_wrinkle,ffhq,ffhq_00445,full_face,validation,-1,-1,-1,-1,1
ffhq_00447,/Users/aryanmalla/PycharmProjects/Skin-Care-AI/dataset_sources/extracted/ffhq_wrinkle/images/Part1/00447.png,ffhq_wrinkle,ffhq,ffhq_00447,full_face,train,-1,-1,-1,-1,-1
ffhq_00492,/Users/aryanmalla/PycharmProjects/Skin-Care-AI/dataset_sources/extracted/ffhq_wrinkle/images/Part1/00492.png,ffhq_wrinkle,ffhq,ffhq_00492,full_face,validation,-1,-1,-1,-1,-1
ffhq_00536,/Users/aryanmalla/PycharmProjects/Skin-Care-AI/dataset_sources/extracted/ffhq_wrinkle/images/Part1/00536.png,ffhq_wrinkle,ffhq,ffhq_00536,full_face,test,-1,-1,-1,-1,1
ffhq_00566,/Users/aryanmalla/PycharmProjects/Skin-Care-AI/dataset_sources/extracted/ffhq_wrinkle/images/Part1/00566.png,ffhq_wrinkle,ffhq,ffhq_00566,full_face,train,-1,-1,-1,-1,-1
ffhq_00570,/Users/aryanmalla/PycharmProjects/Skin-Care-AI/dataset_sources/extracted/ffhq_wrinkle/images/Part1/00570.png,ffhq_wrinkle,ffhq,ffhq_00570,full_face,test,-1,-1,-1,-1,-1
ffhq_00652,/Users/aryanmalla/PycharmProjects/Skin-Care-AI/dataset_sources/extracted/ffhq_wrinkle/images/Part1/00652.png,ffhq_wrinkle,ffhq,ffhq_00652,full_face,train,-1,-1,-1,-1,1
ffhq_00656,/Users/aryanmalla/PycharmProjects/Skin-Care-AI/dataset_sources/extracted/ffhq_wrinkle/images/Part1/00656.png,ffhq_wrinkle,ffhq,ffhq_00656,full_face,train,-1,-1,-1,-1,1
ffhq_00675,/Users/aryanmalla/PycharmProjects/Skin-Care-AI/dataset_sources/extracted/ffhq_wrinkle/images/Part1/00675.png,ffhq_wrinkle,ffhq,ffhq_00675,full_face,validation,-1,-1,-1,-1,-1
ffhq_00679,/Users/aryanmalla/PycharmProjects/Skin-Care-AI/dataset_sources/extracted/ffhq_wrinkle/images/Part1/00679.png,ffhq_wrinkle,ffhq,ffhq_00679,full_face,train,-1,-1,-1,-1,1
ffhq_00689,/Users/aryanmalla/PycharmProjects/Skin-Care-AI/dataset_sources/extracted/ffhq_wrinkle/images/Part1/00689.png,ffhq_wrinkle,ffhq,ffhq_00689,full_face,train,-1,-1,-1,-1,1
ffhq_01000,/Users/aryanmalla/PycharmProjects/Skin-Care-AI/dataset_sources/extracted/ffhq_wrinkle/images/Part1/01000.png,ffhq_wrinkle,ffhq,ffhq_01000,full_face,train,-1,-1,-1,-1,1
ffhq_01012,/Users/aryanmalla/PycharmProjects/Skin-Care-AI/dataset_sources/extracted/ffhq_wrinkle/images/Part1/01012.png,ffhq_wrinkle,ffhq,ffhq_01012,full_face,validation,-1,-1,-1,-1,0
ffhq_01014,/Users/aryanmalla/PycharmProjects/Skin-Care-AI/dataset_sources/extracted/ffhq_wrinkle/images/Part1/01014.png,ffhq_wrinkle,ffhq,ffhq_01014,full_face,train,-1,-1,-1,-1,1
ffhq_01018,/Users/aryanmalla/PycharmProjects/Skin-Care-AI/dataset_sources/extracted/ffhq_wrinkle/images/Part1/01018.png,ffhq_wrinkle,ffhq,ffhq_01018,full_face,train,-1,-1,-1,-1,0
ffhq_01031,/Users/aryanmalla/PycharmProjects/Skin-Care-AI/dataset_sources/extracted/ffhq_wrinkle/images/Part1/01031.png,ffhq_wrinkle,ffhq,ffhq_01031,full_face,train,-1,-1,-1,-1,-1
ffhq_01033,/Users/aryanmalla/PycharmProjects/Skin-Care-AI/dataset_sources/extracted/ffhq_wrinkle/images/Part1/01033.png,ffhq_wrinkle,ffhq,ffhq_01033,full_face,train,-1,-1,-1,-1,1
ffhq_01044,/Users/aryanmalla/PycharmProjects/Skin-Care-AI/dataset_sources/extracted/ffhq_wrinkle/images/Part1/01044.png,ffhq_wrinkle,ffhq,ffhq_01044,full_face,train,-1,-1,-1,-1,0
ffhq_01051,/Users/aryanmalla/PycharmProjects/Skin-Care-AI/dataset_sources/extracted/ffhq_wrinkle/images/Part1/01051.png,ffhq_wrinkle,ffhq,ffhq_01051,full_face,train,-1,-1,-1,-1,0
ffhq_01054,/Users/aryanmalla/PycharmProjects/Skin-Care-AI/dataset_sources/extracted/ffhq_wrinkle/images/Part1/01054.png,ffhq_wrinkle,ffhq,ffhq_01054,full_face,train,-1,-1,-1,-1,-1
ffhq_01059,/Users/aryanmalla/PycharmProjects/Skin-Care-AI/dataset_sources/extracted/ffhq_wrinkle/images/Part1/01059.png,ffhq_wrinkle,ffhq,ffhq_01059,full_face,train,-1,-1,-1,-1,0
ffhq_01064,/Users/aryanmalla/PycharmProjects/Skin-Care-AI/dataset_sources/extracted/ffhq_wrinkle/images/Part1/01064.png,ffhq_wrinkle,ffhq,ffhq_01064,full_face,test,-1,-1,-1,-1,1
ffhq_01068,/Users/aryanmalla/PycharmProjects/Skin-Care-AI/dataset_sources/extracted/ffhq_wrinkle/images/Part1/01068.png,ffhq_wrinkle,ffhq,ffhq_01068,full_face,train,-1,-1,-1,-1,-1
ffhq_01080,/Users/aryanmalla/PycharmProjects/Skin-Care-AI/dataset_sources/extracted/ffhq_wrinkle/images/Part1/01080.png,ffhq_wrinkle,ffhq,ffhq_01080,full_face,test,-1,-1,-1,-1,0
ffhq_01084,/Users/aryanmalla/PycharmProjects/Skin-Care-AI/dataset_sources/extracted/ffhq_wrinkle/images/Part1/01084.png,ffhq_wrinkle,ffhq,ffhq_01084,full_face,train,-1,-1,-1,-1,-1
ffhq_01088,/Users/aryanmalla/PycharmProjects/Skin-Care-AI/dataset_sources/extracted/ffhq_wrinkle/images/Part1/01088.png,ffhq_wrinkle,ffhq,ffhq_01088,full_face,train,-1,-1,-1,-1,-1
ffhq_01103,/Users/aryanmalla/PycharmProjects/Skin-Care-AI/dataset_sources/extracted/ffhq_wrinkle/images/Part1/01103.png,ffhq_wrinkle,ffhq,ffhq_01103,full_face,train,-1,-1,-1,-1,0
ffhq_01104,/Users/aryanmalla/PycharmProjects/Skin-Care-AI/dataset_sources/extracted/ffhq_wrinkle/images/Part1/01104.png,ffhq_wrinkle,ffhq,ffhq_01104,full_face,test,-1,-1,-1,-1,-1
ffhq_01126,/Users/aryanmalla/PycharmProjects/Skin-Care-AI/dataset_sources/extracted/ffhq_wrinkle/images/Part1/01126.png,ffhq_wrinkle,ffhq,ffhq_01126,full_face,train,-1,-1,-1,-1,-1
ffhq_01148,/Users/aryanmalla/PycharmProjects/Skin-Care-AI/dataset_sources/extracted/ffhq_wrinkle/images/Part1/01148.png,ffhq_wrinkle,ffhq,ffhq_01148,full_face,test,-1,-1,-1,-1,-1
ffhq_01165,/Users/aryanmalla/PycharmProjects/Skin-Care-AI/dataset_sources/extracted/ffhq_wrinkle/images/Part1/01165.png,ffhq_wrinkle,ffhq,ffhq_01165,full_face,train,-1,-1,-1,-1,0
ffhq_01168,/Users/aryanmalla/PycharmProjects/Skin-Care-AI/dataset_sources/extracted/ffhq_wrinkle/images/Part1/01168.png,ffhq_wrinkle,ffhq,ffhq_01168,full_face,validation,-1,-1,-1,-1,0
ffhq_01171,/Users/aryanmalla/PycharmProjects/Skin-Care-AI/dataset_sources/extracted/ffhq_wrinkle/images/Part1/01171.png,ffhq_wrinkle,ffhq,ffhq_01171,full_face,train,-1,-1,-1,-1,-1
ffhq_01174,/Users/aryanmalla/PycharmProjects/Skin-Care-AI/dataset_sources/extracted/ffhq_wrinkle/images/Part1/01174.png,ffhq_wrinkle,ffhq,ffhq_01174,full_face,test,-1,-1,-1,-1,1
ffhq_01177,/Users/aryanmalla/PycharmProjects/Skin-Care-AI/dataset_sources/extracted/ffhq_wrinkle/images/Part1/01177.png,ffhq_wrinkle,ffhq,ffhq_01177,full_face,validation,-1,-1,-1,-1,-1
ffhq_01179,/Users/aryanmalla/PycharmProjects/Skin-Care-AI/dataset_sources/extracted/ffhq_wrinkle/images/Part1/01179.png,ffhq_wrinkle,ffhq,ffhq_01179,full_face,train,-1,-1,-1,-1,-1
ffhq_01186,/Users/aryanmalla/PycharmProjects/Skin-Care-AI/dataset_sources/extracted/ffhq_wrinkle/images/Part1/01186.png,ffhq_wrinkle,ffhq,ffhq_01186,full_face,validation,-1,-1,-1,-1,0
ffhq_01189,/Users/aryanmalla/PycharmProjects/Skin-Care-AI/dataset_sources/extracted/ffhq_wrinkle/images/Part1/01189.png,ffhq_wrinkle,ffhq,ffhq_01189,full_face,train,-1,-1,-1,-1,0
ffhq_01196,/Users/aryanmalla/PycharmProjects/Skin-Care-AI/dataset_sources/extracted/ffhq_wrinkle/images/Part1/01196.png,ffhq_wrinkle,ffhq,ffhq_01196,full_face,test,-1,-1,-1,-1,0
ffhq_01212,/Users/aryanmalla/PycharmProjects/Skin-Care-AI/dataset_sources/extracted/ffhq_wrinkle/images/Part1/01212.png,ffhq_wrinkle,ffhq,ffhq_01212,full_face,train,-1,-1,-1,-1,0
ffhq_01217,/Users/aryanmalla/PycharmProjects/Skin-Care-AI/dataset_sources/extracted/ffhq_wrinkle/images/Part1/01217.png,ffhq_wrinkle,ffhq,ffhq_01217,full_face,train,-1,-1,-1,-1,-1
ffhq_01224,/Users/aryanmalla/PycharmProjects/Skin-Care-AI/dataset_sources/extracted/ffhq_wrinkle/images/Part1/01224.png,ffhq_wrinkle,ffhq,ffhq_01224,full_face,train,-1,-1,-1,-1,1
ffhq_01238,/Users/aryanmalla/PycharmProjects/Skin-Care-AI/dataset_sources/extracted/ffhq_wrinkle/images/Part1/01238.png,ffhq_wrinkle,ffhq,ffhq_01238,full_face,train,-1,-1,-1,-1,1
ffhq_01248,/Users/aryanmalla/PycharmProjects/Skin-Care-AI/dataset_sources/extracted/ffhq_wrinkle/images/Part1/01248.png,ffhq_wrinkle,ffhq,ffhq_01248,full_face,train,-1,-1,-1,-1,1
ffhq_01273,/Users/aryanmalla/PycharmProjects/Skin-Care-AI/dataset_sources/extracted/ffhq_wrinkle/images/Part1/01273.png,ffhq_wrinkle,ffhq,ffhq_01273,full_face,validation,-1,-1,-1,-1,0
ffhq_01301,/Users/aryanmalla/PycharmProjects/Skin-Care-AI/dataset_sources/extracted/ffhq_wrinkle/images/Part1/01301.png,ffhq_wrinkle,ffhq,ffhq_01301,full_face,train,-1,-1,-1,-1,0
ffhq_01309,/Users/aryanmalla/PycharmProjects/Skin-Care-AI/dataset_sources/extracted/ffhq_wrinkle/images/Part1/01309.png,ffhq_wrinkle,ffhq,ffhq_01309,full_face,train,-1,-1,-1,-1,-1
ffhq_01327,/Users/aryanmalla/PycharmProjects/Skin-Care-AI/dataset_sources/extracted/ffhq_wrinkle/images/Part1/01327.png,ffhq_wrinkle,ffhq,ffhq_01327,full_face,test,-1,-1,-1,-1,0
ffhq_01338,/Users/aryanmalla/PycharmProjects/Skin-Care-AI/dataset_sources/extracted/ffhq_wrinkle/images/Part1/01338.png,ffhq_wrinkle,ffhq,ffhq_01338,full_face,test,-1,-1,-1,-1,1
ffhq_01344,/Users/aryanmalla/PycharmProjects/Skin-Care-AI/dataset_sources/extracted/ffhq_wrinkle/images/Part1/01344.png,ffhq_wrinkle,ffhq,ffhq_01344,full_face,test,-1,-1,-1,-1,1
ffhq_01351,/Users/aryanmalla/PycharmProjects/Skin-Care-AI/dataset_sources/extracted/ffhq_wrinkle/images/Part1/01351.png,ffhq_wrinkle,ffhq,ffhq_01351,full_face,test,-1,-1,-1,-1,0
ffhq_01357,/Users/aryanmalla/PycharmProjects/Skin-Care-AI/dataset_sources/extracted/ffhq_wrinkle/images/Part1/01357.png,ffhq_wrinkle,ffhq,ffhq_01357,full_face,train,-1,-1,-1,-1,0
ffhq_01360,/Users/aryanmalla/PycharmProjects/Skin-Care-AI/dataset_sources/extracted/ffhq_wrinkle/images/Part1/01360.png,ffhq_wrinkle,ffhq,ffhq_01360,full_face,train,-1,-1,-1,-1,0
ffhq_01395,/Users/aryanmalla/PycharmProjects/Skin-Care-AI/dataset_sources/extracted/ffhq_wrinkle/images/Part1/01395.png,ffhq_wrinkle,ffhq,ffhq_01395,full_face,test,-1,-1,-1,-1,0
ffhq_01410,/Users/aryanmalla/PycharmProjects/Skin-Care-AI/dataset_sources/extracted/ffhq_wrinkle/images/Part1/01410.png,ffhq_wrinkle,ffhq,ffhq_01410,full_face,train,-1,-1,-1,-1,1
ffhq_01411,/Users/aryanmalla/PycharmProjects/Skin-Care-AI/dataset_sources/extracted/ffhq_wrinkle/images/Part1/01411.png,ffhq_wrinkle,ffhq,ffhq_01411,full_face,test,-1,-1,-1,-1,-1
ffhq_01421,/Users/aryanmalla/PycharmProjects/Skin-Care-AI/dataset_sources/extracted/ffhq_wrinkle/images/Part1/01421.png,ffhq_wrinkle,ffhq,ffhq_01421,full_face,train,-1,-1,-1,-1,0
ffhq_01423,/Users/aryanmalla/PycharmProjects/Skin-Care-AI/dataset_sources/extracted/ffhq_wrinkle/images/Part1/01423.png,ffhq_wrinkle,ffhq,ffhq_01423,full_face,train,-1,-1,-1,-1,0
ffhq_01447,/Users/aryanmalla/PycharmProjects/Skin-Care-AI/dataset_sources/extracted/ffhq_wrinkle/images/Part1/01447.png,ffhq_wrinkle,ffhq,ffhq_01447,full_face,train,-1,-1,-1,-1,-1
ffhq_01452,/Users/aryanmalla/PycharmProjects/Skin-Care-AI/dataset_sources/extracted/ffhq_wrinkle/images/Part1/01452.png,ffhq_wrinkle,ffhq,ffhq_01452,full_face,test,-1,-1,-1,-1,1
ffhq_01454,/Users/aryanmalla/PycharmProjects/Skin-Care-AI/dataset_sources/extracted/ffhq_wrinkle/images/Part1/01454.png,ffhq_wrinkle,ffhq,ffhq_01454,full_face,train,-1,-1,-1,-1,0
ffhq_01455,/Users/aryanmalla/PycharmProjects/Skin-Care-AI/dataset_sources/extracted/ffhq_wrinkle/images/Part1/01455.png,ffhq_wrinkle,ffhq,ffhq_01455,full_face,train,-1,-1,-1,-1,0
ffhq_01471,/Users/aryanmalla/PycharmProjects/Skin-Care-AI/dataset_sources/extracted/ffhq_wrinkle/images/Part1/01471.png,ffhq_wrinkle,ffhq,ffhq_01471,full_face,validation,-1,-1,-1,-1,-1
ffhq_01481,/Users/aryanmalla/PycharmProjects/Skin-Care-AI/dataset_sources/extracted/ffhq_wrinkle/images/Part1/01481.png,ffhq_wrinkle,ffhq,ffhq_01481,full_face,train,-1,-1,-1,-1,-1
ffhq_01487,/Users/aryanmalla/PycharmProjects/Skin-Care-AI/dataset_sources/extracted/ffhq_wrinkle/images/Part1/01487.png,ffhq_wrinkle,ffhq,ffhq_01487,full_face,validation,-1,-1,-1,-1,0
ffhq_01503,/Users/aryanmalla/PycharmProjects/Skin-Care-AI/dataset_sources/extracted/ffhq_wrinkle/images/Part1/01503.png,ffhq_wrinkle,ffhq,ffhq_01503,full_face,validation,-1,-1,-1,-1,-1
ffhq_01511,/Users/aryanmalla/PycharmProjects/Skin-Care-AI/dataset_sources/extracted/ffhq_wrinkle/images/Part1/01511.png,ffhq_wrinkle,ffhq,ffhq_01511,full_face,validation,-1,-1,-1,-1,-1
ffhq_01513,/Users/aryanmalla/PycharmProjects/Skin-Care-AI/dataset_sources/extracted/ffhq_wrinkle/images/Part1/01513.png,ffhq_wrinkle,ffhq,ffhq_01513,full_face,train,-1,-1,-1,-1,0
ffhq_01514,/Users/aryanmalla/PycharmProjects/Skin-Care-AI/dataset_sources/extracted/ffhq_wrinkle/images/Part1/01514.png,ffhq_wrinkle,ffhq,ffhq_01514,full_face,validation,-1,-1,-1,-1,-1
ffhq_01516,/Users/aryanmalla/PycharmProjects/Skin-Care-AI/dataset_sources/extracted/ffhq_wrinkle/images/Part1/01516.png,ffhq_wrinkle,ffhq,ffhq_01516,full_face,test,-1,-1,-1,-1,0
ffhq_01517,/Users/aryanmalla/PycharmProjects/Skin-Care-AI/dataset_sources/extracted/ffhq_wrinkle/images/Part1/01517.png,ffhq_wrinkle,ffhq,ffhq_01517,full_face,test,-1,-1,-1,-1,-1
ffhq_01524,/Users/aryanmalla/PycharmProjects/Skin-Care-AI/dataset_sources/extracted/ffhq_wrinkle/images/Part1/01524.png,ffhq_wrinkle,ffhq,ffhq_01524,full_face,test,-1,-1,-1,-1,0
ffhq_01533,/Users/aryanmalla/PycharmProjects/Skin-Care-AI/dataset_sources/extracted/ffhq_wrinkle/images/Part1/01533.png,ffhq_wrinkle,ffhq,ffhq_01533,full_face,test,-1,-1,-1,-1,0
ffhq_01548,/Users/aryanmalla/PycharmProjects/Skin-Care-AI/dataset_sources/extracted/ffhq_wrinkle/images/Part1/01548.png,ffhq_wrinkle,ffhq,ffhq_01548,full_face,validation,-1,-1,-1,-1,-1
ffhq_01556,/Users/aryanmalla/PycharmProjects/Skin-Care-AI/dataset_sources/extracted/ffhq_wrinkle/images/Part1/01556.png,ffhq_wrinkle,ffhq,ffhq_01556,full_face,train,-1,-1,-1,-1,1
ffhq_01564,/Users/aryanmalla/PycharmProjects/Skin-Care-AI/dataset_sources/extracted/ffhq_wrinkle/images/Part1/01564.png,ffhq_wrinkle,ffhq,ffhq_01564,full_face,train,-1,-1,-1,-1,-1
ffhq_01574,/Users/aryanmalla/PycharmProjects/Skin-Care-AI/dataset_sources/extracted/ffhq_wrinkle/images/Part1/01574.png,ffhq_wrinkle,ffhq,ffhq_01574,full_face,train,-1,-1,-1,-1,-1
ffhq_01580,/Users/aryanmalla/PycharmProjects/Skin-Care-AI/dataset_sources/extracted/ffhq_wrinkle/images/Part1/01580.png,ffhq_wrinkle,ffhq,ffhq_01580,full_face,test,-1,-1,-1,-1,0
ffhq_01587,/Users/aryanmalla/PycharmProjects/Skin-Care-AI/dataset_sources/extracted/ffhq_wrinkle/images/Part1/01587.png,ffhq_wrinkle,ffhq,ffhq_01587,full_face,test,-1,-1,-1,-1,1
ffhq_01598,/Users/aryanmalla/PycharmProjects/Skin-Care-AI/dataset_sources/extracted/ffhq_wrinkle/images/Part1/01598.png,ffhq_wrinkle,ffhq,ffhq_01598,full_face,validation,-1,-1,-1,-1,-1
ffhq_01600,/Users/aryanmalla/PycharmProjects/Skin-Care-AI/dataset_sources/extracted/ffhq_wrinkle/images/Part1/01600.png,ffhq_wrinkle,ffhq,ffhq_01600,full_face,test,-1,-1,-1,-1,0
ffhq_01601,/Users/aryanmalla/PycharmProjects/Skin-Care-AI/dataset_sources/extracted/ffhq_wrinkle/images/Part1/01601.png,ffhq_wrinkle,ffhq,ffhq_01601,full_face,train,-1,-1,-1,-1,-1
ffhq_01602,/Users/aryanmalla/PycharmProjects/Skin-Care-AI/dataset_sources/extracted/ffhq_wrinkle/images/Part1/01602.png,ffhq_wrinkle,ffhq,ffhq_01602,full_face,train,-1,-1,-1,-1,0
ffhq_01619,/Users/aryanmalla/PycharmProjects/Skin-Care-AI/dataset_sources/extracted/ffhq_wrinkle/images/Part1/01619.png,ffhq_wrinkle,ffhq,ffhq_01619,full_face,validation,-1,-1,-1,-1,0
ffhq_01626,/Users/aryanmalla/PycharmProjects/Skin-Care-AI/dataset_sources/extracted/ffhq_wrinkle/images/Part1/01626.png,ffhq_wrinkle,ffhq,ffhq_01626,full_face,test,-1,-1,-1,-1,1
ffhq_01627,/Users/aryanmalla/PycharmProjects/Skin-Care-AI/dataset_sources/extracted/ffhq_wrinkle/images/Part1/01627.png,ffhq_wrinkle,ffhq,ffhq_01627,full_face,train,-1,-1,-1,-1,0
ffhq_01634,/Users/aryanmalla/PycharmProjects/Skin-Care-AI/dataset_sources/extracted/ffhq_wrinkle/images/Part1/01634.png,ffhq_wrinkle,ffhq,ffhq_01634,full_face,test,-1,-1,-1,-1,-1
ffhq_01639,/Users/aryanmalla/PycharmProjects/Skin-Care-AI/dataset_sources/extracted/ffhq_wrinkle/images/Part1/01639.png,ffhq_wrinkle,ffhq,ffhq_01639,full_face,train,-1,-1,-1,-1,-1
ffhq_01652,/Users/aryanmalla/PycharmProjects/Skin-Care-AI/dataset_sources/extracted/ffhq_wrinkle/images/Part1/01652.png,ffhq_wrinkle,ffhq,ffhq_01652,full_face,test,-1,-1,-1,-1,0
ffhq_01657,/Users/aryanmalla/PycharmProjects/Skin-Care-AI/dataset_sources/extracted/ffhq_wrinkle/images/Part1/01657.png,ffhq_wrinkle,ffhq,ffhq_01657,full_face,validation,-1,-1,-1,-1,0
ffhq_01670,/Users/aryanmalla/PycharmProjects/Skin-Care-AI/dataset_sources/extracted/ffhq_wrinkle/images/Part1/01670.png,ffhq_wrinkle,ffhq,ffhq_01670,full_face,train,-1,-1,-1,-1,0
ffhq_01681,/Users/aryanmalla/PycharmProjects/Skin-Care-AI/dataset_sources/extracted/ffhq_wrinkle/images/Part1/01681.png,ffhq_wrinkle,ffhq,ffhq_01681,full_face,test,-1,-1,-1,-1,0
ffhq_01695,/Users/aryanmalla/PycharmProjects/Skin-Care-AI/dataset_sources/extracted/ffhq_wrinkle/images/Part1/01695.png,ffhq_wrinkle,ffhq,ffhq_01695,full_face,train,-1,-1,-1,-1,0
ffhq_01697,/Users/aryanmalla/PycharmProjects/Skin-Care-AI/dataset_sources/extracted/ffhq_wrinkle/images/Part1/01697.png,ffhq_wrinkle,ffhq,ffhq_01697,full_face,validation,-1,-1,-1,-1,-1
ffhq_01708,/Users/aryanmalla/PycharmProjects/Skin-Care-AI/dataset_sources/extracted/ffhq_wrinkle/images/Part1/01708.png,ffhq_wrinkle,ffhq,ffhq_01708,full_face,test,-1,-1,-1,-1,0
ffhq_01712,/Users/aryanmalla/PycharmProjects/Skin-Care-AI/dataset_sources/extracted/ffhq_wrinkle/images/Part1/01712.png,ffhq_wrinkle,ffhq,ffhq_01712,full_face,train,-1,-1,-1,-1,0
ffhq_01720,/Users/aryanmalla/PycharmProjects/Skin-Care-AI/dataset_sources/extracted/ffhq_wrinkle/images/Part1/01720.png,ffhq_wrinkle,ffhq,ffhq_01720,full_face,test,-1,-1,-1,-1,0
ffhq_01734,/Users/aryanmalla/PycharmProjects/Skin-Care-AI/dataset_sources/extracted/ffhq_wrinkle/images/Part1/01734.png,ffhq_wrinkle,ffhq,ffhq_01734,full_face,train,-1,-1,-1,-1,-1
ffhq_01746,/Users/aryanmalla/PycharmProjects/Skin-Care-AI/dataset_sources/extracted/ffhq_wrinkle/images/Part1/01746.png,ffhq_wrinkle,ffhq,ffhq_01746,full_face,validation,-1,-1,-1,-1,1
ffhq_01753,/Users/aryanmalla/PycharmProjects/Skin-Care-AI/dataset_sources/extracted/ffhq_wrinkle/images/Part1/01753.png,ffhq_wrinkle,ffhq,ffhq_01753,full_face,test,-1,-1,-1,-1,0
ffhq_01760,/Users/aryanmalla/PycharmProjects/Skin-Care-AI/dataset_sources/extracted/ffhq_wrinkle/images/Part1/01760.png,ffhq_wrinkle,ffhq,ffhq_01760,full_face,train,-1,-1,-1,-1,0
ffhq_01763,/Users/aryanmalla/PycharmProjects/Skin-Care-AI/dataset_sources/extracted/ffhq_wrinkle/images/Part1/01763.png,ffhq_wrinkle,ffhq,ffhq_01763,full_face,train,-1,-1,-1,-1,0
ffhq_01770,/Users/aryanmalla/PycharmProjects/Skin-Care-AI/dataset_sources/extracted/ffhq_wrinkle/images/Part1/01770.png,ffhq_wrinkle,ffhq,ffhq_01770,full_face,train,-1,-1,-1,-1,0
ffhq_01788,/Users/aryanmalla/PycharmProjects/Skin-Care-AI/dataset_sources/extracted/ffhq_wrinkle/images/Part1/01788.png,ffhq_wrinkle,ffhq,ffhq_01788,full_face,train,-1,-1,-1,-1,-1
ffhq_01799,/Users/aryanmalla/PycharmProjects/Skin-Care-AI/dataset_sources/extracted/ffhq_wrinkle/images/Part1/01799.png,ffhq_wrinkle,ffhq,ffhq_01799,full_face,validation,-1,-1,-1,-1,0
ffhq_01803,/Users/aryanmalla/PycharmProjects/Skin-Care-AI/dataset_sources/extracted/ffhq_wrinkle/images/Part1/01803.png,ffhq_wrinkle,ffhq,ffhq_01803,full_face,train,-1,-1,-1,-1,1
ffhq_01805,/Users/aryanmalla/PycharmProjects/Skin-Care-AI/dataset_sources/extracted/ffhq_wrinkle/images/Part1/01805.png,ffhq_wrinkle,ffhq,ffhq_01805,full_face,train,-1,-1,-1,-1,0
ffhq_01808,/Users/aryanmalla/PycharmProjects/Skin-Care-AI/dataset_sources/extracted/ffhq_wrinkle/images/Part1/01808.png,ffhq_wrinkle,ffhq,ffhq_01808,full_face,train,-1,-1,-1,-1,-1
ffhq_01822,/Users/aryanmalla/PycharmProjects/Skin-Care-AI/dataset_sources/extracted/ffhq_wrinkle/images/Part1/01822.png,ffhq_wrinkle,ffhq,ffhq_01822,full_face,train,-1,-1,-1,-1,1
ffhq_01827,/Users/aryanmalla/PycharmProjects/Skin-Care-AI/dataset_sources/extracted/ffhq_wrinkle/images/Part1/01827.png,ffhq_wrinkle,ffhq,ffhq_01827,full_face,test,-1,-1,-1,-1,0
ffhq_01828,/Users/aryanmalla/PycharmProjects/Skin-Care-AI/dataset_sources/extracted/ffhq_wrinkle/images/Part1/01828.png,ffhq_wrinkle,ffhq,ffhq_01828,full_face,test,-1,-1,-1,-1,0
ffhq_01868,/Users/aryanmalla/PycharmProjects/Skin-Care-AI/dataset_sources/extracted/ffhq_wrinkle/images/Part1/01868.png,ffhq_wrinkle,ffhq,ffhq_01868,full_face,train,-1,-1,-1,-1,0
ffhq_01890,/Users/aryanmalla/PycharmProjects/Skin-Care-AI/dataset_sources/extracted/ffhq_wrinkle/images/Part1/01890.png,ffhq_wrinkle,ffhq,ffhq_01890,full_face,train,-1,-1,-1,-1,0
ffhq_01897,/Users/aryanmalla/PycharmProjects/Skin-Care-AI/dataset_sources/extracted/ffhq_wrinkle/images/Part1/01897.png,ffhq_wrinkle,ffhq,ffhq_01897,full_face,train,-1,-1,-1,-1,-1
ffhq_01953,/Users/aryanmalla/PycharmProjects/Skin-Care-AI/dataset_sources/extracted/ffhq_wrinkle/images/Part1/01953.png,ffhq_wrinkle,ffhq,ffhq_01953,full_face,train,-1,-1,-1,-1,-1
ffhq_01966,/Users/aryanmalla/PycharmProjects/Skin-Care-AI/dataset_sources/extracted/ffhq_wrinkle/images/Part1/01966.png,ffhq_wrinkle,ffhq,ffhq_01966,full_face,train,-1,-1,-1,-1,0
ffhq_01984,/Users/aryanmalla/PycharmProjects/Skin-Care-AI/dataset_sources/extracted/ffhq_wrinkle/images/Part1/01984.png,ffhq_wrinkle,ffhq,ffhq_01984,full_face,validation,-1,-1,-1,-1,0
ffhq_01994,/Users/aryanmalla/PycharmProjects/Skin-Care-AI/dataset_sources/extracted/ffhq_wrinkle/images/Part1/01994.png,ffhq_wrinkle,ffhq,ffhq_01994,full_face,train,-1,-1,-1,-1,1
ffhq_02011,/Users/aryanmalla/PycharmProjects/Skin-Care-AI/dataset_sources/extracted/ffhq_wrinkle/images/Part1/02011.png,ffhq_wrinkle,ffhq,ffhq_02011,full_face,train,-1,-1,-1,-1,-1
ffhq_02016,/Users/aryanmalla/PycharmProjects/Skin-Care-AI/dataset_sources/extracted/ffhq_wrinkle/images/Part1/02016.png,ffhq_wrinkle,ffhq,ffhq_02016,full_face,train,-1,-1,-1,-1,0
ffhq_02017,/Users/aryanmalla/PycharmProjects/Skin-Care-AI/dataset_sources/extracted/ffhq_wrinkle/images/Part1/02017.png,ffhq_wrinkle,ffhq,ffhq_02017,full_face,test,-1,-1,-1,-1,1
ffhq_02042,/Users/aryanmalla/PycharmProjects/Skin-Care-AI/dataset_sources/extracted/ffhq_wrinkle/images/Part1/02042.png,ffhq_wrinkle,ffhq,ffhq_02042,full_face,train,-1,-1,-1,-1,1
ffhq_02045,/Users/aryanmalla/PycharmProjects/Skin-Care-AI/dataset_sources/extracted/ffhq_wrinkle/images/Part1/02045.png,ffhq_wrinkle,ffhq,ffhq_02045,full_face,train,-1,-1,-1,-1,1
ffhq_03001,/Users/aryanmalla/PycharmProjects/Skin-Care-AI/dataset_sources/extracted/ffhq_wrinkle/images/Part1/03001.png,ffhq_wrinkle,ffhq,ffhq_03001,full_face,test,-1,-1,-1,-1,1
ffhq_03006,/Users/aryanmalla/PycharmProjects/Skin-Care-AI/dataset_sources/extracted/ffhq_wrinkle/images/Part1/03006.png,ffhq_wrinkle,ffhq,ffhq_03006,full_face,train,-1,-1,-1,-1,-1
ffhq_03012,/Users/aryanmalla/PycharmProjects/Skin-Care-AI/dataset_sources/extracted/ffhq_wrinkle/images/Part1/03012.png,ffhq_wrinkle,ffhq,ffhq_03012,full_face,test,-1,-1,-1,-1,-1
ffhq_03013,/Users/aryanmalla/PycharmProjects/Skin-Care-AI/dataset_sources/extracted/ffhq_wrinkle/images/Part1/03013.png,ffhq_wrinkle,ffhq,ffhq_03013,full_face,train,-1,-1,-1,-1,1
ffhq_03018,/Users/aryanmalla/PycharmProjects/Skin-Care-AI/dataset_sources/extracted/ffhq_wrinkle/images/Part1/03018.png,ffhq_wrinkle,ffhq,ffhq_03018,full_face,train,-1,-1,-1,-1,0
ffhq_03020,/Users/aryanmalla/PycharmProjects/Skin-Care-AI/dataset_sources/extracted/ffhq_wrinkle/images/Part1/03020.png,ffhq_wrinkle,ffhq,ffhq_03020,full_face,train,-1,-1,-1,-1,1
ffhq_03025,/Users/aryanmalla/PycharmProjects/Skin-Care-AI/dataset_sources/extracted/ffhq_wrinkle/images/Part1/03025.png,ffhq_wrinkle,ffhq,ffhq_03025,full_face,train,-1,-1,-1,-1,1
ffhq_03027,/Users/aryanmalla/PycharmProjects/Skin-Care-AI/dataset_sources/extracted/ffhq_wrinkle/images/Part1/03027.png,ffhq_wrinkle,ffhq,ffhq_03027,full_face,train,-1,-1,-1,-1,-1
ffhq_03029,/Users/aryanmalla/PycharmProjects/Skin-Care-AI/dataset_sources/extracted/ffhq_wrinkle/images/Part1/03029.png,ffhq_wrinkle,ffhq,ffhq_03029,full_face,validation,-1,-1,-1,-1,0
ffhq_03033,/Users/aryanmalla/PycharmProjects/Skin-Care-AI/dataset_sources/extracted/ffhq_wrinkle/images/Part1/03033.png,ffhq_wrinkle,ffhq,ffhq_03033,full_face,train,-1,-1,-1,-1,1
ffhq_03034,/Users/aryanmalla/PycharmProjects/Skin-Care-AI/dataset_sources/extracted/ffhq_wrinkle/images/Part1/03034.png,ffhq_wrinkle,ffhq,ffhq_03034,full_face,train,-1,-1,-1,-1,1
ffhq_03035,/Users/aryanmalla/PycharmProjects/Skin-Care-AI/dataset_sources/extracted/ffhq_wrinkle/images/Part1/03035.png,ffhq_wrinkle,ffhq,ffhq_03035,full_face,test,-1,-1,-1,-1,1
ffhq_03036,/Users/aryanmalla/PycharmProjects/Skin-Care-AI/dataset_sources/extracted/ffhq_wrinkle/images/Part1/03036.png,ffhq_wrinkle,ffhq,ffhq_03036,full_face,validation,-1,-1,-1,-1,1
ffhq_03039,/Users/aryanmalla/PycharmProjects/Skin-Care-AI/dataset_sources/extracted/ffhq_wrinkle/images/Part1/03039.png,ffhq_wrinkle,ffhq,ffhq_03039,full_face,validation,-1,-1,-1,-1,1
ffhq_03044,/Users/aryanmalla/PycharmProjects/Skin-Care-AI/dataset_sources/extracted/ffhq_wrinkle/images/Part1/03044.png,ffhq_wrinkle,ffhq,ffhq_03044,full_face,validation,-1,-1,-1,-1,-1
ffhq_03049,/Users/aryanmalla/PycharmProjects/Skin-Care-AI/dataset_sources/extracted/ffhq_wrinkle/images/Part1/03049.png,ffhq_wrinkle,ffhq,ffhq_03049,full_face,train,-1,-1,-1,-1,1
ffhq_03053,/Users/aryanmalla/PycharmProjects/Skin-Care-AI/dataset_sources/extracted/ffhq_wrinkle/images/Part1/03053.png,ffhq_wrinkle,ffhq,ffhq_03053,full_face,train,-1,-1,-1,-1,1
ffhq_03055,/Users/aryanmalla/PycharmProjects/Skin-Care-AI/dataset_sources/extracted/ffhq_wrinkle/images/Part1/03055.png,ffhq_wrinkle,ffhq,ffhq_03055,full_face,validation,-1,-1,-1,-1,1
ffhq_03057,/Users/aryanmalla/PycharmProjects/Skin-Care-AI/dataset_sources/extracted/ffhq_wrinkle/images/Part1/03057.png,ffhq_wrinkle,ffhq,ffhq_03057,full_face,train,-1,-1,-1,-1,-1
ffhq_03058,/Users/aryanmalla/PycharmProjects/Skin-Care-AI/dataset_sources/extracted/ffhq_wrinkle/images/Part1/03058.png,ffhq_wrinkle,ffhq,ffhq_03058,full_face,train,-1,-1,-1,-1,-1
ffhq_03059,/Users/aryanmalla/PycharmProjects/Skin-Care-AI/dataset_sources/extracted/ffhq_wrinkle/images/Part1/03059.png,ffhq_wrinkle,ffhq,ffhq_03059,full_face,train,-1,-1,-1,-1,0
ffhq_03062,/Users/aryanmalla/PycharmProjects/Skin-Care-AI/dataset_sources/extracted/ffhq_wrinkle/images/Part1/03062.png,ffhq_wrinkle,ffhq,ffhq_03062,full_face,test,-1,-1,-1,-1,1
ffhq_03063,/Users/aryanmalla/PycharmProjects/Skin-Care-AI/dataset_sources/extracted/ffhq_wrinkle/images/Part1/03063.png,ffhq_wrinkle,ffhq,ffhq_03063,full_face,validation,-1,-1,-1,-1,-1
ffhq_03065,/Users/aryanmalla/PycharmProjects/Skin-Care-AI/dataset_sources/extracted/ffhq_wrinkle/images/Part1/03065.png,ffhq_wrinkle,ffhq,ffhq_03065,full_face,validation,-1,-1,-1,-1,0
ffhq_03068,/Users/aryanmalla/PycharmProjects/Skin-Care-AI/dataset_sources/extracted/ffhq_wrinkle/images/Part1/03068.png,ffhq_wrinkle,ffhq,ffhq_03068,full_face,train,-1,-1,-1,-1,-1
ffhq_03069,/Users/aryanmalla/PycharmProjects/Skin-Care-AI/dataset_sources/extracted/ffhq_wrinkle/images/Part1/03069.png,ffhq_wrinkle,ffhq,ffhq_03069,full_face,validation,-1,-1,-1,-1,-1
ffhq_03071,/Users/aryanmalla/PycharmProjects/Skin-Care-AI/dataset_sources/extracted/ffhq_wrinkle/images/Part1/03071.png,ffhq_wrinkle,ffhq,ffhq_03071,full_face,train,-1,-1,-1,-1,-1
ffhq_03073,/Users/aryanmalla/PycharmProjects/Skin-Care-AI/dataset_sources/extracted/ffhq_wrinkle/images/Part1/03073.png,ffhq_wrinkle,ffhq,ffhq_03073,full_face,validation,-1,-1,-1,-1,-1
ffhq_03076,/Users/aryanmalla/PycharmProjects/Skin-Care-AI/dataset_sources/extracted/ffhq_wrinkle/images/Part1/03076.png,ffhq_wrinkle,ffhq,ffhq_03076,full_face,train,-1,-1,-1,-1,-1
ffhq_03077,/Users/aryanmalla/PycharmProjects/Skin-Care-AI/dataset_sources/extracted/ffhq_wrinkle/images/Part1/03077.png,ffhq_wrinkle,ffhq,ffhq_03077,full_face,train,-1,-1,-1,-1,1
ffhq_03078,/Users/aryanmalla/PycharmProjects/Skin-Care-AI/dataset_sources/extracted/ffhq_wrinkle/images/Part1/03078.png,ffhq_wrinkle,ffhq,ffhq_03078,full_face,train,-1,-1,-1,-1,-1
ffhq_03080,/Users/aryanmalla/PycharmProjects/Skin-Care-AI/dataset_sources/extracted/ffhq_wrinkle/images/Part1/03080.png,ffhq_wrinkle,ffhq,ffhq_03080,full_face,train,-1,-1,-1,-1,-1
ffhq_03082,/Users/aryanmalla/PycharmProjects/Skin-Care-AI/dataset_sources/extracted/ffhq_wrinkle/images/Part1/03082.png,ffhq_wrinkle,ffhq,ffhq_03082,full_face,train,-1,-1,-1,-1,1
ffhq_03084,/Users/aryanmalla/PycharmProjects/Skin-Care-AI/dataset_sources/extracted/ffhq_wrinkle/images/Part1/03084.png,ffhq_wrinkle,ffhq,ffhq_03084,full_face,train,-1,-1,-1,-1,-1
ffhq_03088,/Users/aryanmalla/PycharmProjects/Skin-Care-AI/dataset_sources/extracted/ffhq_wrinkle/images/Part1/03088.png,ffhq_wrinkle,ffhq,ffhq_03088,full_face,validation,-1,-1,-1,-1,-1
ffhq_03099,/Users/aryanmalla/PycharmProjects/Skin-Care-AI/dataset_sources/extracted/ffhq_wrinkle/images/Part1/03099.png,ffhq_wrinkle,ffhq,ffhq_03099,full_face,train,-1,-1,-1,-1,1
ffhq_03102,/Users/aryanmalla/PycharmProjects/Skin-Care-AI/dataset_sources/extracted/ffhq_wrinkle/images/Part1/03102.png,ffhq_wrinkle,ffhq,ffhq_03102,full_face,train,-1,-1,-1,-1,1
ffhq_03110,/Users/aryanmalla/PycharmProjects/Skin-Care-AI/dataset_sources/extracted/ffhq_wrinkle/images/Part1/03110.png,ffhq_wrinkle,ffhq,ffhq_03110,full_face,train,-1,-1,-1,-1,1
ffhq_03111,/Users/aryanmalla/PycharmProjects/Skin-Care-AI/dataset_sources/extracted/ffhq_wrinkle/images/Part1/03111.png,ffhq_wrinkle,ffhq,ffhq_03111,full_face,validation,-1,-1,-1,-1,1
ffhq_03116,/Users/aryanmalla/PycharmProjects/Skin-Care-AI/dataset_sources/extracted/ffhq_wrinkle/images/Part1/03116.png,ffhq_wrinkle,ffhq,ffhq_03116,full_face,test,-1,-1,-1,-1,1
ffhq_03118,/Users/aryanmalla/PycharmProjects/Skin-Care-AI/dataset_sources/extracted/ffhq_wrinkle/images/Part1/03118.png,ffhq_wrinkle,ffhq,ffhq_03118,full_face,train,-1,-1,-1,-1,1
ffhq_03119,/Users/aryanmalla/PycharmProjects/Skin-Care-AI/dataset_sources/extracted/ffhq_wrinkle/images/Part1/03119.png,ffhq_wrinkle,ffhq,ffhq_03119,full_face,train,-1,-1,-1,-1,1
ffhq_03120,/Users/aryanmalla/PycharmProjects/Skin-Care-AI/dataset_sources/extracted/ffhq_wrinkle/images/Part1/03120.png,ffhq_wrinkle,ffhq,ffhq_03120,full_face,train,-1,-1,-1,-1,1
ffhq_03121,/Users/aryanmalla/PycharmProjects/Skin-Care-AI/dataset_sources/extracted/ffhq_wrinkle/images/Part1/03121.png,ffhq_wrinkle,ffhq,ffhq_03121,full_face,test,-1,-1,-1,-1,1
ffhq_03122,/Users/aryanmalla/PycharmProjects/Skin-Care-AI/dataset_sources/extracted/ffhq_wrinkle/images/Part1/03122.png,ffhq_wrinkle,ffhq,ffhq_03122,full_face,validation,-1,-1,-1,-1,1
ffhq_03126,/Users/aryanmalla/PycharmProjects/Skin-Care-AI/dataset_sources/extracted/ffhq_wrinkle/images/Part1/03126.png,ffhq_wrinkle,ffhq,ffhq_03126,full_face,train,-1,-1,-1,-1,1
ffhq_03127,/Users/aryanmalla/PycharmProjects/Skin-Care-AI/dataset_sources/extracted/ffhq_wrinkle/images/Part1/03127.png,ffhq_wrinkle,ffhq,ffhq_03127,full_face,train,-1,-1,-1,-1,-1
ffhq_03128,/Users/aryanmalla/PycharmProjects/Skin-Care-AI/dataset_sources/extracted/ffhq_wrinkle/images/Part1/03128.png,ffhq_wrinkle,ffhq,ffhq_03128,full_face,train,-1,-1,-1,-1,-1
ffhq_03129,/Users/aryanmalla/PycharmProjects/Skin-Care-AI/dataset_sources/extracted/ffhq_wrinkle/images/Part1/03129.png,ffhq_wrinkle,ffhq,ffhq_03129,full_face,train,-1,-1,-1,-1,0
ffhq_03131,/Users/aryanmalla/PycharmProjects/Skin-Care-AI/dataset_sources/extracted/ffhq_wrinkle/images/Part1/03131.png,ffhq_wrinkle,ffhq,ffhq_03131,full_face,test,-1,-1,-1,-1,-1
ffhq_03132,/Users/aryanmalla/PycharmProjects/Skin-Care-AI/dataset_sources/extracted/ffhq_wrinkle/images/Part1/03132.png,ffhq_wrinkle,ffhq,ffhq_03132,full_face,train,-1,-1,-1,-1,-1
ffhq_03133,/Users/aryanmalla/PycharmProjects/Skin-Care-AI/dataset_sources/extracted/ffhq_wrinkle/images/Part1/03133.png,ffhq_wrinkle,ffhq,ffhq_03133,full_face,train,-1,-1,-1,-1,1
ffhq_03134,/Users/aryanmalla/PycharmProjects/Skin-Care-AI/dataset_sources/extracted/ffhq_wrinkle/images/Part1/03134.png,ffhq_wrinkle,ffhq,ffhq_03134,full_face,train,-1,-1,-1,-1,-1
ffhq_03135,/Users/aryanmalla/PycharmProjects/Skin-Care-AI/dataset_sources/extracted/ffhq_wrinkle/images/Part1/03135.png,ffhq_wrinkle,ffhq,ffhq_03135,full_face,train,-1,-1,-1,-1,0
ffhq_03138,/Users/aryanmalla/PycharmProjects/Skin-Care-AI/dataset_sources/extracted/ffhq_wrinkle/images/Part1/03138.png,ffhq_wrinkle,ffhq,ffhq_03138,full_face,train,-1,-1,-1,-1,1
ffhq_03140,/Users/aryanmalla/PycharmProjects/Skin-Care-AI/dataset_sources/extracted/ffhq_wrinkle/images/Part1/03140.png,ffhq_wrinkle,ffhq,ffhq_03140,full_face,train,-1,-1,-1,-1,-1
ffhq_03142,/Users/aryanmalla/PycharmProjects/Skin-Care-AI/dataset_sources/extracted/ffhq_wrinkle/images/Part1/03142.png,ffhq_wrinkle,ffhq,ffhq_03142,full_face,test,-1,-1,-1,-1,-1
ffhq_03143,/Users/aryanmalla/PycharmProjects/Skin-Care-AI/dataset_sources/extracted/ffhq_wrinkle/images/Part1/03143.png,ffhq_wrinkle,ffhq,ffhq_03143,full_face,validation,-1,-1,-1,-1,0
ffhq_03146,/Users/aryanmalla/PycharmProjects/Skin-Care-AI/dataset_sources/extracted/ffhq_wrinkle/images/Part1/03146.png,ffhq_wrinkle,ffhq,ffhq_03146,full_face,train,-1,-1,-1,-1,-1
ffhq_03148,/Users/aryanmalla/PycharmProjects/Skin-Care-AI/dataset_sources/extracted/ffhq_wrinkle/images/Part1/03148.png,ffhq_wrinkle,ffhq,ffhq_03148,full_face,test,-1,-1,-1,-1,-1
ffhq_03149,/Users/aryanmalla/PycharmProjects/Skin-Care-AI/dataset_sources/extracted/ffhq_wrinkle/images/Part1/03149.png,ffhq_wrinkle,ffhq,ffhq_03149,full_face,train,-1,-1,-1,-1,0
ffhq_03150,/Users/aryanmalla/PycharmProjects/Skin-Care-AI/dataset_sources/extracted/ffhq_wrinkle/images/Part1/03150.png,ffhq_wrinkle,ffhq,ffhq_03150,full_face,train,-1,-1,-1,-1,0
ffhq_03151,/Users/aryanmalla/PycharmProjects/Skin-Care-AI/dataset_sources/extracted/ffhq_wrinkle/images/Part1/03151.png,ffhq_wrinkle,ffhq,ffhq_03151,full_face,train,-1,-1,-1,-1,0
ffhq_03154,/Users/aryanmalla/PycharmProjects/Skin-Care-AI/dataset_sources/extracted/ffhq_wrinkle/images/Part1/03154.png,ffhq_wrinkle,ffhq,ffhq_03154,full_face,train,-1,-1,-1,-1,-1
ffhq_03156,/Users/aryanmalla/PycharmProjects/Skin-Care-AI/dataset_sources/extracted/ffhq_wrinkle/images/Part1/03156.png,ffhq_wrinkle,ffhq,ffhq_03156,full_face,test,-1,-1,-1,-1,1
ffhq_03157,/Users/aryanmalla/PycharmProjects/Skin-Care-AI/dataset_sources/extracted/ffhq_wrinkle/images/Part1/03157.png,ffhq_wrinkle,ffhq,ffhq_03157,full_face,train,-1,-1,-1,-1,1
ffhq_03159,/Users/aryanmalla/PycharmProjects/Skin-Care-AI/dataset_sources/extracted/ffhq_wrinkle/images/Part1/03159.png,ffhq_wrinkle,ffhq,ffhq_03159,full_face,train,-1,-1,-1,-1,1
ffhq_03162,/Users/aryanmalla/PycharmProjects/Skin-Care-AI/dataset_sources/extracted/ffhq_wrinkle/images/Part1/03162.png,ffhq_wrinkle,ffhq,ffhq_03162,full_face,train,-1,-1,-1,-1,-1
ffhq_03164,/Users/aryanmalla/PycharmProjects/Skin-Care-AI/dataset_sources/extracted/ffhq_wrinkle/images/Part1/03164.png,ffhq_wrinkle,ffhq,ffhq_03164,full_face,train,-1,-1,-1,-1,0
ffhq_03165,/Users/aryanmalla/PycharmProjects/Skin-Care-AI/dataset_sources/extracted/ffhq_wrinkle/images/Part1/03165.png,ffhq_wrinkle,ffhq,ffhq_03165,full_face,train,-1,-1,-1,-1,0
ffhq_03166,/Users/aryanmalla/PycharmProjects/Skin-Care-AI/dataset_sources/extracted/ffhq_wrinkle/images/Part1/03166.png,ffhq_wrinkle,ffhq,ffhq_03166,full_face,test,-1,-1,-1,-1,-1
ffhq_03167,/Users/aryanmalla/PycharmProjects/Skin-Care-AI/dataset_sources/extracted/ffhq_wrinkle/images/Part1/03167.png,ffhq_wrinkle,ffhq,ffhq_03167,full_face,train,-1,-1,-1,-1,1
ffhq_03173,/Users/aryanmalla/PycharmProjects/Skin-Care-AI/dataset_sources/extracted/ffhq_wrinkle/images/Part1/03173.png,ffhq_wrinkle,ffhq,ffhq_03173,full_face,test,-1,-1,-1,-1,0
ffhq_03175,/Users/aryanmalla/PycharmProjects/Skin-Care-AI/dataset_sources/extracted/ffhq_wrinkle/images/Part1/03175.png,ffhq_wrinkle,ffhq,ffhq_03175,full_face,train,-1,-1,-1,-1,0
ffhq_03176,/Users/aryanmalla/PycharmProjects/Skin-Care-AI/dataset_sources/extracted/ffhq_wrinkle/images/Part1/03176.png,ffhq_wrinkle,ffhq,ffhq_03176,full_face,train,-1,-1,-1,-1,1
ffhq_03177,/Users/aryanmalla/PycharmProjects/Skin-Care-AI/dataset_sources/extracted/ffhq_wrinkle/images/Part1/03177.png,ffhq_wrinkle,ffhq,ffhq_03177,full_face,validation,-1,-1,-1,-1,1
ffhq_03179,/Users/aryanmalla/PycharmProjects/Skin-Care-AI/dataset_sources/extracted/ffhq_wrinkle/images/Part1/03179.png,ffhq_wrinkle,ffhq,ffhq_03179,full_face,train,-1,-1,-1,-1,1
ffhq_03180,/Users/aryanmalla/PycharmProjects/Skin-Care-AI/dataset_sources/extracted/ffhq_wrinkle/images/Part1/03180.png,ffhq_wrinkle,ffhq,ffhq_03180,full_face,validation,-1,-1,-1,-1,0
ffhq_03181,/Users/aryanmalla/PycharmProjects/Skin-Care-AI/dataset_sources/extracted/ffhq_wrinkle/images/Part1/03181.png,ffhq_wrinkle,ffhq,ffhq_03181,full_face,train,-1,-1,-1,-1,0
ffhq_03182,/Users/aryanmalla/PycharmProjects/Skin-Care-AI/dataset_sources/extracted/ffhq_wrinkle/images/Part1/03182.png,ffhq_wrinkle,ffhq,ffhq_03182,full_face,train,-1,-1,-1,-1,-1
ffhq_03183,/Users/aryanmalla/PycharmProjects/Skin-Care-AI/dataset_sources/extracted/ffhq_wrinkle/images/Part1/03183.png,ffhq_wrinkle,ffhq,ffhq_03183,full_face,train,-1,-1,-1,-1,-1
ffhq_03184,/Users/aryanmalla/PycharmProjects/Skin-Care-AI/dataset_sources/extracted/ffhq_wrinkle/images/Part1/03184.png,ffhq_wrinkle,ffhq,ffhq_03184,full_face,test,-1,-1,-1,-1,0
ffhq_03185,/Users/aryanmalla/PycharmProjects/Skin-Care-AI/dataset_sources/extracted/ffhq_wrinkle/images/Part1/03185.png,ffhq_wrinkle,ffhq,ffhq_03185,full_face,train,-1,-1,-1,-1,1
ffhq_03190,/Users/aryanmalla/PycharmProjects/Skin-Care-AI/dataset_sources/extracted/ffhq_wrinkle/images/Part1/03190.png,ffhq_wrinkle,ffhq,ffhq_03190,full_face,validation,-1,-1,-1,-1,1
ffhq_03191,/Users/aryanmalla/PycharmProjects/Skin-Care-AI/dataset_sources/extracted/ffhq_wrinkle/images/Part1/03191.png,ffhq_wrinkle,ffhq,ffhq_03191,full_face,test,-1,-1,-1,-1,1
ffhq_03193,/Users/aryanmalla/PycharmProjects/Skin-Care-AI/dataset_sources/extracted/ffhq_wrinkle/images/Part1/03193.png,ffhq_wrinkle,ffhq,ffhq_03193,full_face,train,-1,-1,-1,-1,1
ffhq_03194,/Users/aryanmalla/PycharmProjects/Skin-Care-AI/dataset_sources/extracted/ffhq_wrinkle/images/Part1/03194.png,ffhq_wrinkle,ffhq,ffhq_03194,full_face,train,-1,-1,-1,-1,0
ffhq_03198,/Users/aryanmalla/PycharmProjects/Skin-Care-AI/dataset_sources/extracted/ffhq_wrinkle/images/Part1/03198.png,ffhq_wrinkle,ffhq,ffhq_03198,full_face,train,-1,-1,-1,-1,-1
ffhq_03199,/Users/aryanmalla/PycharmProjects/Skin-Care-AI/dataset_sources/extracted/ffhq_wrinkle/images/Part1/03199.png,ffhq_wrinkle,ffhq,ffhq_03199,full_face,train,-1,-1,-1,-1,0
ffhq_03200,/Users/aryanmalla/PycharmProjects/Skin-Care-AI/dataset_sources/extracted/ffhq_wrinkle/images/Part1/03200.png,ffhq_wrinkle,ffhq,ffhq_03200,full_face,validation,-1,-1,-1,-1,-1
ffhq_03201,/Users/aryanmalla/PycharmProjects/Skin-Care-AI/dataset_sources/extracted/ffhq_wrinkle/images/Part1/03201.png,ffhq_wrinkle,ffhq,ffhq_03201,full_face,train,-1,-1,-1,-1,0
ffhq_03207,/Users/aryanmalla/PycharmProjects/Skin-Care-AI/dataset_sources/extracted/ffhq_wrinkle/images/Part1/03207.png,ffhq_wrinkle,ffhq,ffhq_03207,full_face,train,-1,-1,-1,-1,-1
ffhq_03208,/Users/aryanmalla/PycharmProjects/Skin-Care-AI/dataset_sources/extracted/ffhq_wrinkle/images/Part1/03208.png,ffhq_wrinkle,ffhq,ffhq_03208,full_face,train,-1,-1,-1,-1,-1
ffhq_03209,/Users/aryanmalla/PycharmProjects/Skin-Care-AI/dataset_sources/extracted/ffhq_wrinkle/images/Part1/03209.png,ffhq_wrinkle,ffhq,ffhq_03209,full_face,train,-1,-1,-1,-1,1
ffhq_03210,/Users/aryanmalla/PycharmProjects/Skin-Care-AI/dataset_sources/extracted/ffhq_wrinkle/images/Part1/03210.png,ffhq_wrinkle,ffhq,ffhq_03210,full_face,validation,-1,-1,-1,-1,-1
ffhq_03212,/Users/aryanmalla/PycharmProjects/Skin-Care-AI/dataset_sources/extracted/ffhq_wrinkle/images/Part1/03212.png,ffhq_wrinkle,ffhq,ffhq_03212,full_face,train,-1,-1,-1,-1,-1
ffhq_03213,/Users/aryanmalla/PycharmProjects/Skin-Care-AI/dataset_sources/extracted/ffhq_wrinkle/images/Part1/03213.png,ffhq_wrinkle,ffhq,ffhq_03213,full_face,train,-1,-1,-1,-1,-1
ffhq_03214,/Users/aryanmalla/PycharmProjects/Skin-Care-AI/dataset_sources/extracted/ffhq_wrinkle/images/Part1/03214.png,ffhq_wrinkle,ffhq,ffhq_03214,full_face,train,-1,-1,-1,-1,-1
ffhq_03215,/Users/aryanmalla/PycharmProjects/Skin-Care-AI/dataset_sources/extracted/ffhq_wrinkle/images/Part1/03215.png,ffhq_wrinkle,ffhq,ffhq_03215,full_face,validation,-1,-1,-1,-1,-1
ffhq_03217,/Users/aryanmalla/PycharmProjects/Skin-Care-AI/dataset_sources/extracted/ffhq_wrinkle/images/Part1/03217.png,ffhq_wrinkle,ffhq,ffhq_03217,full_face,test,-1,-1,-1,-1,-1
ffhq_03218,/Users/aryanmalla/PycharmProjects/Skin-Care-AI/dataset_sources/extracted/ffhq_wrinkle/images/Part1/03218.png,ffhq_wrinkle,ffhq,ffhq_03218,full_face,validation,-1,-1,-1,-1,-1
ffhq_03219,/Users/aryanmalla/PycharmProjects/Skin-Care-AI/dataset_sources/extracted/ffhq_wrinkle/images/Part1/03219.png,ffhq_wrinkle,ffhq,ffhq_03219,full_face,train,-1,-1,-1,-1,1
ffhq_03224,/Users/aryanmalla/PycharmProjects/Skin-Care-AI/dataset_sources/extracted/ffhq_wrinkle/images/Part1/03224.png,ffhq_wrinkle,ffhq,ffhq_03224,full_face,test,-1,-1,-1,-1,1
ffhq_04000,/Users/aryanmalla/PycharmProjects/Skin-Care-AI/dataset_sources/extracted/ffhq_wrinkle/images/Part1/04000.png,ffhq_wrinkle,ffhq,ffhq_04000,full_face,test,-1,-1,-1,-1,0
ffhq_04003,/Users/aryanmalla/PycharmProjects/Skin-Care-AI/dataset_sources/extracted/ffhq_wrinkle/images/Part1/04003.png,ffhq_wrinkle,ffhq,ffhq_04003,full_face,validation,-1,-1,-1,-1,0
ffhq_04004,/Users/aryanmalla/PycharmProjects/Skin-Care-AI/dataset_sources/extracted/ffhq_wrinkle/images/Part1/04004.png,ffhq_wrinkle,ffhq,ffhq_04004,full_face,validation,-1,-1,-1,-1,-1
ffhq_04005,/Users/aryanmalla/PycharmProjects/Skin-Care-AI/dataset_sources/extracted/ffhq_wrinkle/images/Part1/04005.png,ffhq_wrinkle,ffhq,ffhq_04005,full_face,test,-1,-1,-1,-1,0
ffhq_04006,/Users/aryanmalla/PycharmProjects/Skin-Care-AI/dataset_sources/extracted/ffhq_wrinkle/images/Part1/04006.png,ffhq_wrinkle,ffhq,ffhq_04006,full_face,test,-1,-1,-1,-1,-1
ffhq_04007,/Users/aryanmalla/PycharmProjects/Skin-Care-AI/dataset_sources/extracted/ffhq_wrinkle/images/Part1/04007.png,ffhq_wrinkle,ffhq,ffhq_04007,full_face,test,-1,-1,-1,-1,0
ffhq_04008,/Users/aryanmalla/PycharmProjects/Skin-Care-AI/dataset_sources/extracted/ffhq_wrinkle/images/Part1/04008.png,ffhq_wrinkle,ffhq,ffhq_04008,full_face,validation,-1,-1,-1,-1,1
ffhq_04009,/Users/aryanmalla/PycharmProjects/Skin-Care-AI/dataset_sources/extracted/ffhq_wrinkle/images/Part1/04009.png,ffhq_wrinkle,ffhq,ffhq_04009,full_face,test,-1,-1,-1,-1,-1
ffhq_04011,/Users/aryanmalla/PycharmProjects/Skin-Care-AI/dataset_sources/extracted/ffhq_wrinkle/images/Part1/04011.png,ffhq_wrinkle,ffhq,ffhq_04011,full_face,test,-1,-1,-1,-1,1
ffhq_04012,/Users/aryanmalla/PycharmProjects/Skin-Care-AI/dataset_sources/extracted/ffhq_wrinkle/images/Part1/04012.png,ffhq_wrinkle,ffhq,ffhq_04012,full_face,train,-1,-1,-1,-1,-1
ffhq_04014,/Users/aryanmalla/PycharmProjects/Skin-Care-AI/dataset_sources/extracted/ffhq_wrinkle/images/Part1/04014.png,ffhq_wrinkle,ffhq,ffhq_04014,full_face,train,-1,-1,-1,-1,0
ffhq_04015,/Users/aryanmalla/PycharmProjects/Skin-Care-AI/dataset_sources/extracted/ffhq_wrinkle/images/Part1/04015.png,ffhq_wrinkle,ffhq,ffhq_04015,full_face,test,-1,-1,-1,-1,0
ffhq_04017,/Users/aryanmalla/PycharmProjects/Skin-Care-AI/dataset_sources/extracted/ffhq_wrinkle/images/Part1/04017.png,ffhq_wrinkle,ffhq,ffhq_04017,full_face,validation,-1,-1,-1,-1,-1
ffhq_04019,/Users/aryanmalla/PycharmProjects/Skin-Care-AI/dataset_sources/extracted/ffhq_wrinkle/images/Part1/04019.png,ffhq_wrinkle,ffhq,ffhq_04019,full_face,validation,-1,-1,-1,-1,0
ffhq_04020,/Users/aryanmalla/PycharmProjects/Skin-Care-AI/dataset_sources/extracted/ffhq_wrinkle/images/Part1/04020.png,ffhq_wrinkle,ffhq,ffhq_04020,full_face,train,-1,-1,-1,-1,0
ffhq_04023,/Users/aryanmalla/PycharmProjects/Skin-Care-AI/dataset_sources/extracted/ffhq_wrinkle/images/Part1/04023.png,ffhq_wrinkle,ffhq,ffhq_04023,full_face,train,-1,-1,-1,-1,0
ffhq_04024,/Users/aryanmalla/PycharmProjects/Skin-Care-AI/dataset_sources/extracted/ffhq_wrinkle/images/Part1/04024.png,ffhq_wrinkle,ffhq,ffhq_04024,full_face,train,-1,-1,-1,-1,-1
ffhq_04027,/Users/aryanmalla/PycharmProjects/Skin-Care-AI/dataset_sources/extracted/ffhq_wrinkle/images/Part1/04027.png,ffhq_wrinkle,ffhq,ffhq_04027,full_face,train,-1,-1,-1,-1,0
ffhq_04037,/Users/aryanmalla/PycharmProjects/Skin-Care-AI/dataset_sources/extracted/ffhq_wrinkle/images/Part1/04037.png,ffhq_wrinkle,ffhq,ffhq_04037,full_face,validation,-1,-1,-1,-1,0
ffhq_04047,/Users/aryanmalla/PycharmProjects/Skin-Care-AI/dataset_sources/extracted/ffhq_wrinkle/images/Part1/04047.png,ffhq_wrinkle,ffhq,ffhq_04047,full_face,validation,-1,-1,-1,-1,-1
ffhq_04051,/Users/aryanmalla/PycharmProjects/Skin-Care-AI/dataset_sources/extracted/ffhq_wrinkle/images/Part1/04051.png,ffhq_wrinkle,ffhq,ffhq_04051,full_face,test,-1,-1,-1,-1,0
ffhq_04052,/Users/aryanmalla/PycharmProjects/Skin-Care-AI/dataset_sources/extracted/ffhq_wrinkle/images/Part1/04052.png,ffhq_wrinkle,ffhq,ffhq_04052,full_face,train,-1,-1,-1,-1,-1
ffhq_04055,/Users/aryanmalla/PycharmProjects/Skin-Care-AI/dataset_sources/extracted/ffhq_wrinkle/images/Part1/04055.png,ffhq_wrinkle,ffhq,ffhq_04055,full_face,validation,-1,-1,-1,-1,-1
ffhq_04057,/Users/aryanmalla/PycharmProjects/Skin-Care-AI/dataset_sources/extracted/ffhq_wrinkle/images/Part1/04057.png,ffhq_wrinkle,ffhq,ffhq_04057,full_face,validation,-1,-1,-1,-1,0
ffhq_04058,/Users/aryanmalla/PycharmProjects/Skin-Care-AI/dataset_sources/extracted/ffhq_wrinkle/images/Part1/04058.png,ffhq_wrinkle,ffhq,ffhq_04058,full_face,train,-1,-1,-1,-1,-1
ffhq_04059,/Users/aryanmalla/PycharmProjects/Skin-Care-AI/dataset_sources/extracted/ffhq_wrinkle/images/Part1/04059.png,ffhq_wrinkle,ffhq,ffhq_04059,full_face,test,-1,-1,-1,-1,0
ffhq_04060,/Users/aryanmalla/PycharmProjects/Skin-Care-AI/dataset_sources/extracted/ffhq_wrinkle/images/Part1/04060.png,ffhq_wrinkle,ffhq,ffhq_04060,full_face,train,-1,-1,-1,-1,1
ffhq_04061,/Users/aryanmalla/PycharmProjects/Skin-Care-AI/dataset_sources/extracted/ffhq_wrinkle/images/Part1/04061.png,ffhq_wrinkle,ffhq,ffhq_04061,full_face,train,-1,-1,-1,-1,0
ffhq_04064,/Users/aryanmalla/PycharmProjects/Skin-Care-AI/dataset_sources/extracted/ffhq_wrinkle/images/Part1/04064.png,ffhq_wrinkle,ffhq,ffhq_04064,full_face,train,-1,-1,-1,-1,0
ffhq_04068,/Users/aryanmalla/PycharmProjects/Skin-Care-AI/dataset_sources/extracted/ffhq_wrinkle/images/Part1/04068.png,ffhq_wrinkle,ffhq,ffhq_04068,full_face,validation,-1,-1,-1,-1,1
ffhq_04073,/Users/aryanmalla/PycharmProjects/Skin-Care-AI/dataset_sources/extracted/ffhq_wrinkle/images/Part1/04073.png,ffhq_wrinkle,ffhq,ffhq_04073,full_face,train,-1,-1,-1,-1,-1
ffhq_04080,/Users/aryanmalla/PycharmProjects/Skin-Care-AI/dataset_sources/extracted/ffhq_wrinkle/images/Part1/04080.png,ffhq_wrinkle,ffhq,ffhq_04080,full_face,validation,-1,-1,-1,-1,-1
ffhq_04086,/Users/aryanmalla/PycharmProjects/Skin-Care-AI/dataset_sources/extracted/ffhq_wrinkle/images/Part1/04086.png,ffhq_wrinkle,ffhq,ffhq_04086,full_face,train,-1,-1,-1,-1,-1
ffhq_04089,/Users/aryanmalla/PycharmProjects/Skin-Care-AI/dataset_sources/extracted/ffhq_wrinkle/images/Part1/04089.png,ffhq_wrinkle,ffhq,ffhq_04089,full_face,test,-1,-1,-1,-1,-1
ffhq_04094,/Users/aryanmalla/PycharmProjects/Skin-Care-AI/dataset_sources/extracted/ffhq_wrinkle/images/Part1/04094.png,ffhq_wrinkle,ffhq,ffhq_04094,full_face,train,-1,-1,-1,-1,1
ffhq_04095,/Users/aryanmalla/PycharmProjects/Skin-Care-AI/dataset_sources/extracted/ffhq_wrinkle/images/Part1/04095.png,ffhq_wrinkle,ffhq,ffhq_04095,full_face,validation,-1,-1,-1,-1,1
ffhq_04098,/Users/aryanmalla/PycharmProjects/Skin-Care-AI/dataset_sources/extracted/ffhq_wrinkle/images/Part1/04098.png,ffhq_wrinkle,ffhq,ffhq_04098,full_face,train,-1,-1,-1,-1,-1
ffhq_04100,/Users/aryanmalla/PycharmProjects/Skin-Care-AI/dataset_sources/extracted/ffhq_wrinkle/images/Part1/04100.png,ffhq_wrinkle,ffhq,ffhq_04100,full_face,train,-1,-1,-1,-1,-1
ffhq_04101,/Users/aryanmalla/PycharmProjects/Skin-Care-AI/dataset_sources/extracted/ffhq_wrinkle/images/Part1/04101.png,ffhq_wrinkle,ffhq,ffhq_04101,full_face,validation,-1,-1,-1,-1,-1
ffhq_04102,/Users/aryanmalla/PycharmProjects/Skin-Care-AI/dataset_sources/extracted/ffhq_wrinkle/images/Part1/04102.png,ffhq_wrinkle,ffhq,ffhq_04102,full_face,validation,-1,-1,-1,-1,0
ffhq_04107,/Users/aryanmalla/PycharmProjects/Skin-Care-AI/dataset_sources/extracted/ffhq_wrinkle/images/Part1/04107.png,ffhq_wrinkle,ffhq,ffhq_04107,full_face,validation,-1,-1,-1,-1,-1
ffhq_04108,/Users/aryanmalla/PycharmProjects/Skin-Care-AI/dataset_sources/extracted/ffhq_wrinkle/images/Part1/04108.png,ffhq_wrinkle,ffhq,ffhq_04108,full_face,train,-1,-1,-1,-1,-1
ffhq_04109,/Users/aryanmalla/PycharmProjects/Skin-Care-AI/dataset_sources/extracted/ffhq_wrinkle/images/Part1/04109.png,ffhq_wrinkle,ffhq,ffhq_04109,full_face,train,-1,-1,-1,-1,0
ffhq_04111,/Users/aryanmalla/PycharmProjects/Skin-Care-AI/dataset_sources/extracted/ffhq_wrinkle/images/Part1/04111.png,ffhq_wrinkle,ffhq,ffhq_04111,full_face,test,-1,-1,-1,-1,0
ffhq_04112,/Users/aryanmalla/PycharmProjects/Skin-Care-AI/dataset_sources/extracted/ffhq_wrinkle/images/Part1/04112.png,ffhq_wrinkle,ffhq,ffhq_04112,full_face,validation,-1,-1,-1,-1,-1
ffhq_04113,/Users/aryanmalla/PycharmProjects/Skin-Care-AI/dataset_sources/extracted/ffhq_wrinkle/images/Part1/04113.png,ffhq_wrinkle,ffhq,ffhq_04113,full_face,train,-1,-1,-1,-1,0
ffhq_04114,/Users/aryanmalla/PycharmProjects/Skin-Care-AI/dataset_sources/extracted/ffhq_wrinkle/images/Part1/04114.png,ffhq_wrinkle,ffhq,ffhq_04114,full_face,train,-1,-1,-1,-1,0
ffhq_04120,/Users/aryanmalla/PycharmProjects/Skin-Care-AI/dataset_sources/extracted/ffhq_wrinkle/images/Part1/04120.png,ffhq_wrinkle,ffhq,ffhq_04120,full_face,train,-1,-1,-1,-1,0
ffhq_04121,/Users/aryanmalla/PycharmProjects/Skin-Care-AI/dataset_sources/extracted/ffhq_wrinkle/images/Part1/04121.png,ffhq_wrinkle,ffhq,ffhq_04121,full_face,train,-1,-1,-1,-1,1
ffhq_04122,/Users/aryanmalla/PycharmProjects/Skin-Care-AI/dataset_sources/extracted/ffhq_wrinkle/images/Part1/04122.png,ffhq_wrinkle,ffhq,ffhq_04122,full_face,train,-1,-1,-1,-1,0
ffhq_04123,/Users/aryanmalla/PycharmProjects/Skin-Care-AI/dataset_sources/extracted/ffhq_wrinkle/images/Part1/04123.png,ffhq_wrinkle,ffhq,ffhq_04123,full_face,train,-1,-1,-1,-1,1
ffhq_04124,/Users/aryanmalla/PycharmProjects/Skin-Care-AI/dataset_sources/extracted/ffhq_wrinkle/images/Part1/04124.png,ffhq_wrinkle,ffhq,ffhq_04124,full_face,test,-1,-1,-1,-1,0
ffhq_04125,/Users/aryanmalla/PycharmProjects/Skin-Care-AI/dataset_sources/extracted/ffhq_wrinkle/images/Part1/04125.png,ffhq_wrinkle,ffhq,ffhq_04125,full_face,test,-1,-1,-1,-1,-1
ffhq_04129,/Users/aryanmalla/PycharmProjects/Skin-Care-AI/dataset_sources/extracted/ffhq_wrinkle/images/Part1/04129.png,ffhq_wrinkle,ffhq,ffhq_04129,full_face,train,-1,-1,-1,-1,1
ffhq_04132,/Users/aryanmalla/PycharmProjects/Skin-Care-AI/dataset_sources/extracted/ffhq_wrinkle/images/Part1/04132.png,ffhq_wrinkle,ffhq,ffhq_04132,full_face,validation,-1,-1,-1,-1,-1
ffhq_04138,/Users/aryanmalla/PycharmProjects/Skin-Care-AI/dataset_sources/extracted/ffhq_wrinkle/images/Part1/04138.png,ffhq_wrinkle,ffhq,ffhq_04138,full_face,train,-1,-1,-1,-1,-1
ffhq_04141,/Users/aryanmalla/PycharmProjects/Skin-Care-AI/dataset_sources/extracted/ffhq_wrinkle/images/Part1/04141.png,ffhq_wrinkle,ffhq,ffhq_04141,full_face,train,-1,-1,-1,-1,-1
ffhq_04142,/Users/aryanmalla/PycharmProjects/Skin-Care-AI/dataset_sources/extracted/ffhq_wrinkle/images/Part1/04142.png,ffhq_wrinkle,ffhq,ffhq_04142,full_face,train,-1,-1,-1,-1,-1
ffhq_04143,/Users/aryanmalla/PycharmProjects/Skin-Care-AI/dataset_sources/extracted/ffhq_wrinkle/images/Part1/04143.png,ffhq_wrinkle,ffhq,ffhq_04143,full_face,train,-1,-1,-1,-1,1
ffhq_04144,/Users/aryanmalla/PycharmProjects/Skin-Care-AI/dataset_sources/extracted/ffhq_wrinkle/images/Part1/04144.png,ffhq_wrinkle,ffhq,ffhq_04144,full_face,train,-1,-1,-1,-1,1
ffhq_04145,/Users/aryanmalla/PycharmProjects/Skin-Care-AI/dataset_sources/extracted/ffhq_wrinkle/images/Part1/04145.png,ffhq_wrinkle,ffhq,ffhq_04145,full_face,train,-1,-1,-1,-1,0
ffhq_04151,/Users/aryanmalla/PycharmProjects/Skin-Care-AI/dataset_sources/extracted/ffhq_wrinkle/images/Part1/04151.png,ffhq_wrinkle,ffhq,ffhq_04151,full_face,validation,-1,-1,-1,-1,-1
ffhq_04153,/Users/aryanmalla/PycharmProjects/Skin-Care-AI/dataset_sources/extracted/ffhq_wrinkle/images/Part1/04153.png,ffhq_wrinkle,ffhq,ffhq_04153,full_face,validation,-1,-1,-1,-1,1
ffhq_04154,/Users/aryanmalla/PycharmProjects/Skin-Care-AI/dataset_sources/extracted/ffhq_wrinkle/images/Part1/04154.png,ffhq_wrinkle,ffhq,ffhq_04154,full_face,test,-1,-1,-1,-1,0
ffhq_04156,/Users/aryanmalla/PycharmProjects/Skin-Care-AI/dataset_sources/extracted/ffhq_wrinkle/images/Part1/04156.png,ffhq_wrinkle,ffhq,ffhq_04156,full_face,train,-1,-1,-1,-1,0
ffhq_04157,/Users/aryanmalla/PycharmProjects/Skin-Care-AI/dataset_sources/extracted/ffhq_wrinkle/images/Part1/04157.png,ffhq_wrinkle,ffhq,ffhq_04157,full_face,train,-1,-1,-1,-1,-1
ffhq_04158,/Users/aryanmalla/PycharmProjects/Skin-Care-AI/dataset_sources/extracted/ffhq_wrinkle/images/Part1/04158.png,ffhq_wrinkle,ffhq,ffhq_04158,full_face,train,-1,-1,-1,-1,0
ffhq_04161,/Users/aryanmalla/PycharmProjects/Skin-Care-AI/dataset_sources/extracted/ffhq_wrinkle/images/Part1/04161.png,ffhq_wrinkle,ffhq,ffhq_04161,full_face,validation,-1,-1,-1,-1,1
ffhq_04162,/Users/aryanmalla/PycharmProjects/Skin-Care-AI/dataset_sources/extracted/ffhq_wrinkle/images/Part1/04162.png,ffhq_wrinkle,ffhq,ffhq_04162,full_face,train,-1,-1,-1,-1,0
ffhq_04163,/Users/aryanmalla/PycharmProjects/Skin-Care-AI/dataset_sources/extracted/ffhq_wrinkle/images/Part1/04163.png,ffhq_wrinkle,ffhq,ffhq_04163,full_face,train,-1,-1,-1,-1,-1
ffhq_04164,/Users/aryanmalla/PycharmProjects/Skin-Care-AI/dataset_sources/extracted/ffhq_wrinkle/images/Part1/04164.png,ffhq_wrinkle,ffhq,ffhq_04164,full_face,validation,-1,-1,-1,-1,0
ffhq_04165,/Users/aryanmalla/PycharmProjects/Skin-Care-AI/dataset_sources/extracted/ffhq_wrinkle/images/Part1/04165.png,ffhq_wrinkle,ffhq,ffhq_04165,full_face,test,-1,-1,-1,-1,-1
ffhq_04166,/Users/aryanmalla/PycharmProjects/Skin-Care-AI/dataset_sources/extracted/ffhq_wrinkle/images/Part1/04166.png,ffhq_wrinkle,ffhq,ffhq_04166,full_face,validation,-1,-1,-1,-1,1
ffhq_04167,/Users/aryanmalla/PycharmProjects/Skin-Care-AI/dataset_sources/extracted/ffhq_wrinkle/images/Part1/04167.png,ffhq_wrinkle,ffhq,ffhq_04167,full_face,validation,-1,-1,-1,-1,-1
ffhq_04171,/Users/aryanmalla/PycharmProjects/Skin-Care-AI/dataset_sources/extracted/ffhq_wrinkle/images/Part1/04171.png,ffhq_wrinkle,ffhq,ffhq_04171,full_face,test,-1,-1,-1,-1,-1
ffhq_04174,/Users/aryanmalla/PycharmProjects/Skin-Care-AI/dataset_sources/extracted/ffhq_wrinkle/images/Part1/04174.png,ffhq_wrinkle,ffhq,ffhq_04174,full_face,train,-1,-1,-1,-1,0
ffhq_04176,/Users/aryanmalla/PycharmProjects/Skin-Care-AI/dataset_sources/extracted/ffhq_wrinkle/images/Part1/04176.png,ffhq_wrinkle,ffhq,ffhq_04176,full_face,test,-1,-1,-1,-1,-1
ffhq_04179,/Users/aryanmalla/PycharmProjects/Skin-Care-AI/dataset_sources/extracted/ffhq_wrinkle/images/Part1/04179.png,ffhq_wrinkle,ffhq,ffhq_04179,full_face,train,-1,-1,-1,-1,-1
ffhq_04183,/Users/aryanmalla/PycharmProjects/Skin-Care-AI/dataset_sources/extracted/ffhq_wrinkle/images/Part1/04183.png,ffhq_wrinkle,ffhq,ffhq_04183,full_face,validation,-1,-1,-1,-1,0
ffhq_04185,/Users/aryanmalla/PycharmProjects/Skin-Care-AI/dataset_sources/extracted/ffhq_wrinkle/images/Part1/04185.png,ffhq_wrinkle,ffhq,ffhq_04185,full_face,train,-1,-1,-1,-1,1
ffhq_04189,/Users/aryanmalla/PycharmProjects/Skin-Care-AI/dataset_sources/extracted/ffhq_wrinkle/images/Part1/04189.png,ffhq_wrinkle,ffhq,ffhq_04189,full_face,validation,-1,-1,-1,-1,-1
ffhq_04191,/Users/aryanmalla/PycharmProjects/Skin-Care-AI/dataset_sources/extracted/ffhq_wrinkle/images/Part1/04191.png,ffhq_wrinkle,ffhq,ffhq_04191,full_face,train,-1,-1,-1,-1,1
ffhq_04196,/Users/aryanmalla/PycharmProjects/Skin-Care-AI/dataset_sources/extracted/ffhq_wrinkle/images/Part1/04196.png,ffhq_wrinkle,ffhq,ffhq_04196,full_face,train,-1,-1,-1,-1,-1
ffhq_04197,/Users/aryanmalla/PycharmProjects/Skin-Care-AI/dataset_sources/extracted/ffhq_wrinkle/images/Part1/04197.png,ffhq_wrinkle,ffhq,ffhq_04197,full_face,validation,-1,-1,-1,-1,-1
ffhq_04199,/Users/aryanmalla/PycharmProjects/Skin-Care-AI/dataset_sources/extracted/ffhq_wrinkle/images/Part1/04199.png,ffhq_wrinkle,ffhq,ffhq_04199,full_face,train,-1,-1,-1,-1,0
ffhq_04201,/Users/aryanmalla/PycharmProjects/Skin-Care-AI/dataset_sources/extracted/ffhq_wrinkle/images/Part1/04201.png,ffhq_wrinkle,ffhq,ffhq_04201,full_face,test,-1,-1,-1,-1,-1
ffhq_04205,/Users/aryanmalla/PycharmProjects/Skin-Care-AI/dataset_sources/extracted/ffhq_wrinkle/images/Part1/04205.png,ffhq_wrinkle,ffhq,ffhq_04205,full_face,train,-1,-1,-1,-1,1
ffhq_04207,/Users/aryanmalla/PycharmProjects/Skin-Care-AI/dataset_sources/extracted/ffhq_wrinkle/images/Part1/04207.png,ffhq_wrinkle,ffhq,ffhq_04207,full_face,train,-1,-1,-1,-1,-1
ffhq_04208,/Users/aryanmalla/PycharmProjects/Skin-Care-AI/dataset_sources/extracted/ffhq_wrinkle/images/Part1/04208.png,ffhq_wrinkle,ffhq,ffhq_04208,full_face,train,-1,-1,-1,-1,-1
ffhq_04216,/Users/aryanmalla/PycharmProjects/Skin-Care-AI/dataset_sources/extracted/ffhq_wrinkle/images/Part1/04216.png,ffhq_wrinkle,ffhq,ffhq_04216,full_face,test,-1,-1,-1,-1,1
ffhq_04218,/Users/aryanmalla/PycharmProjects/Skin-Care-AI/dataset_sources/extracted/ffhq_wrinkle/images/Part1/04218.png,ffhq_wrinkle,ffhq,ffhq_04218,full_face,train,-1,-1,-1,-1,1
ffhq_04219,/Users/aryanmalla/PycharmProjects/Skin-Care-AI/dataset_sources/extracted/ffhq_wrinkle/images/Part1/04219.png,ffhq_wrinkle,ffhq,ffhq_04219,full_face,validation,-1,-1,-1,-1,-1
ffhq_04224,/Users/aryanmalla/PycharmProjects/Skin-Care-AI/dataset_sources/extracted/ffhq_wrinkle/images/Part1/04224.png,ffhq_wrinkle,ffhq,ffhq_04224,full_face,train,-1,-1,-1,-1,0
ffhq_04225,/Users/aryanmalla/PycharmProjects/Skin-Care-AI/dataset_sources/extracted/ffhq_wrinkle/images/Part1/04225.png,ffhq_wrinkle,ffhq,ffhq_04225,full_face,train,-1,-1,-1,-1,1
ffhq_04227,/Users/aryanmalla/PycharmProjects/Skin-Care-AI/dataset_sources/extracted/ffhq_wrinkle/images/Part1/04227.png,ffhq_wrinkle,ffhq,ffhq_04227,full_face,test,-1,-1,-1,-1,1
ffhq_04232,/Users/aryanmalla/PycharmProjects/Skin-Care-AI/dataset_sources/extracted/ffhq_wrinkle/images/Part1/04232.png,ffhq_wrinkle,ffhq,ffhq_04232,full_face,test,-1,-1,-1,-1,-1
ffhq_04233,/Users/aryanmalla/PycharmProjects/Skin-Care-AI/dataset_sources/extracted/ffhq_wrinkle/images/Part1/04233.png,ffhq_wrinkle,ffhq,ffhq_04233,full_face,train,-1,-1,-1,-1,1
ffhq_04234,/Users/aryanmalla/PycharmProjects/Skin-Care-AI/dataset_sources/extracted/ffhq_wrinkle/images/Part1/04234.png,ffhq_wrinkle,ffhq,ffhq_04234,full_face,train,-1,-1,-1,-1,-1
ffhq_04235,/Users/aryanmalla/PycharmProjects/Skin-Care-AI/dataset_sources/extracted/ffhq_wrinkle/images/Part1/04235.png,ffhq_wrinkle,ffhq,ffhq_04235,full_face,train,-1,-1,-1,-1,0
ffhq_04238,/Users/aryanmalla/PycharmProjects/Skin-Care-AI/dataset_sources/extracted/ffhq_wrinkle/images/Part1/04238.png,ffhq_wrinkle,ffhq,ffhq_04238,full_face,test,-1,-1,-1,-1,0
ffhq_04240,/Users/aryanmalla/PycharmProjects/Skin-Care-AI/dataset_sources/extracted/ffhq_wrinkle/images/Part1/04240.png,ffhq_wrinkle,ffhq,ffhq_04240,full_face,train,-1,-1,-1,-1,1
ffhq_04248,/Users/aryanmalla/PycharmProjects/Skin-Care-AI/dataset_sources/extracted/ffhq_wrinkle/images/Part1/04248.png,ffhq_wrinkle,ffhq,ffhq_04248,full_face,train,-1,-1,-1,-1,1
ffhq_04249,/Users/aryanmalla/PycharmProjects/Skin-Care-AI/dataset_sources/extracted/ffhq_wrinkle/images/Part1/04249.png,ffhq_wrinkle,ffhq,ffhq_04249,full_face,train,-1,-1,-1,-1,0
ffhq_05001,/Users/aryanmalla/PycharmProjects/Skin-Care-AI/dataset_sources/extracted/ffhq_wrinkle/images/Part1/05001.png,ffhq_wrinkle,ffhq,ffhq_05001,full_face,validation,-1,-1,-1,-1,-1
ffhq_05006,/Users/aryanmalla/PycharmProjects/Skin-Care-AI/dataset_sources/extracted/ffhq_wrinkle/images/Part1/05006.png,ffhq_wrinkle,ffhq,ffhq_05006,full_face,test,-1,-1,-1,-1,-1
ffhq_05011,/Users/aryanmalla/PycharmProjects/Skin-Care-AI/dataset_sources/extracted/ffhq_wrinkle/images/Part1/05011.png,ffhq_wrinkle,ffhq,ffhq_05011,full_face,train,-1,-1,-1,-1,0
ffhq_05015,/Users/aryanmalla/PycharmProjects/Skin-Care-AI/dataset_sources/extracted/ffhq_wrinkle/images/Part1/05015.png,ffhq_wrinkle,ffhq,ffhq_05015,full_face,validation,-1,-1,-1,-1,0
ffhq_05017,/Users/aryanmalla/PycharmProjects/Skin-Care-AI/dataset_sources/extracted/ffhq_wrinkle/images/Part1/05017.png,ffhq_wrinkle,ffhq,ffhq_05017,full_face,validation,-1,-1,-1,-1,1
ffhq_05021,/Users/aryanmalla/PycharmProjects/Skin-Care-AI/dataset_sources/extracted/ffhq_wrinkle/images/Part1/05021.png,ffhq_wrinkle,ffhq,ffhq_05021,full_face,test,-1,-1,-1,-1,1
ffhq_05025,/Users/aryanmalla/PycharmProjects/Skin-Care-AI/dataset_sources/extracted/ffhq_wrinkle/images/Part1/05025.png,ffhq_wrinkle,ffhq,ffhq_05025,full_face,train,-1,-1,-1,-1,-1
ffhq_05028,/Users/aryanmalla/PycharmProjects/Skin-Care-AI/dataset_sources/extracted/ffhq_wrinkle/images/Part1/05028.png,ffhq_wrinkle,ffhq,ffhq_05028,full_face,test,-1,-1,-1,-1,0
ffhq_05031,/Users/aryanmalla/PycharmProjects/Skin-Care-AI/dataset_sources/extracted/ffhq_wrinkle/images/Part1/05031.png,ffhq_wrinkle,ffhq,ffhq_05031,full_face,train,-1,-1,-1,-1,0
ffhq_05032,/Users/aryanmalla/PycharmProjects/Skin-Care-AI/dataset_sources/extracted/ffhq_wrinkle/images/Part1/05032.png,ffhq_wrinkle,ffhq,ffhq_05032,full_face,test,-1,-1,-1,-1,1
ffhq_05036,/Users/aryanmalla/PycharmProjects/Skin-Care-AI/dataset_sources/extracted/ffhq_wrinkle/images/Part1/05036.png,ffhq_wrinkle,ffhq,ffhq_05036,full_face,validation,-1,-1,-1,-1,1
ffhq_05037,/Users/aryanmalla/PycharmProjects/Skin-Care-AI/dataset_sources/extracted/ffhq_wrinkle/images/Part1/05037.png,ffhq_wrinkle,ffhq,ffhq_05037,full_face,test,-1,-1,-1,-1,-1
ffhq_05039,/Users/aryanmalla/PycharmProjects/Skin-Care-AI/dataset_sources/extracted/ffhq_wrinkle/images/Part1/05039.png,ffhq_wrinkle,ffhq,ffhq_05039,full_face,test,-1,-1,-1,-1,-1
ffhq_05050,/Users/aryanmalla/PycharmProjects/Skin-Care-AI/dataset_sources/extracted/ffhq_wrinkle/images/Part1/05050.png,ffhq_wrinkle,ffhq,ffhq_05050,full_face,validation,-1,-1,-1,-1,0
ffhq_05051,/Users/aryanmalla/PycharmProjects/Skin-Care-AI/dataset_sources/extracted/ffhq_wrinkle/images/Part1/05051.png,ffhq_wrinkle,ffhq,ffhq_05051,full_face,validation,-1,-1,-1,-1,1
ffhq_05055,/Users/aryanmalla/PycharmProjects/Skin-Care-AI/dataset_sources/extracted/ffhq_wrinkle/images/Part1/05055.png,ffhq_wrinkle,ffhq,ffhq_05055,full_face,train,-1,-1,-1,-1,0
ffhq_05056,/Users/aryanmalla/PycharmProjects/Skin-Care-AI/dataset_sources/extracted/ffhq_wrinkle/images/Part1/05056.png,ffhq_wrinkle,ffhq,ffhq_05056,full_face,validation,-1,-1,-1,-1,-1
ffhq_05063,/Users/aryanmalla/PycharmProjects/Skin-Care-AI/dataset_sources/extracted/ffhq_wrinkle/images/Part1/05063.png,ffhq_wrinkle,ffhq,ffhq_05063,full_face,train,-1,-1,-1,-1,0
ffhq_05070,/Users/aryanmalla/PycharmProjects/Skin-Care-AI/dataset_sources/extracted/ffhq_wrinkle/images/Part1/05070.png,ffhq_wrinkle,ffhq,ffhq_05070,full_face,train,-1,-1,-1,-1,1
ffhq_05074,/Users/aryanmalla/PycharmProjects/Skin-Care-AI/dataset_sources/extracted/ffhq_wrinkle/images/Part1/05074.png,ffhq_wrinkle,ffhq,ffhq_05074,full_face,train,-1,-1,-1,-1,-1
ffhq_05076,/Users/aryanmalla/PycharmProjects/Skin-Care-AI/dataset_sources/extracted/ffhq_wrinkle/images/Part1/05076.png,ffhq_wrinkle,ffhq,ffhq_05076,full_face,train,-1,-1,-1,-1,-1
ffhq_05081,/Users/aryanmalla/PycharmProjects/Skin-Care-AI/dataset_sources/extracted/ffhq_wrinkle/images/Part1/05081.png,ffhq_wrinkle,ffhq,ffhq_05081,full_face,test,-1,-1,-1,-1,-1
ffhq_05084,/Users/aryanmalla/PycharmProjects/Skin-Care-AI/dataset_sources/extracted/ffhq_wrinkle/images/Part1/05084.png,ffhq_wrinkle,ffhq,ffhq_05084,full_face,validation,-1,-1,-1,-1,1
ffhq_05085,/Users/aryanmalla/PycharmProjects/Skin-Care-AI/dataset_sources/extracted/ffhq_wrinkle/images/Part1/05085.png,ffhq_wrinkle,ffhq,ffhq_05085,full_face,train,-1,-1,-1,-1,0
ffhq_05094,/Users/aryanmalla/PycharmProjects/Skin-Care-AI/dataset_sources/extracted/ffhq_wrinkle/images/Part1/05094.png,ffhq_wrinkle,ffhq,ffhq_05094,full_face,test,-1,-1,-1,-1,1
ffhq_05095,/Users/aryanmalla/PycharmProjects/Skin-Care-AI/dataset_sources/extracted/ffhq_wrinkle/images/Part1/05095.png,ffhq_wrinkle,ffhq,ffhq_05095,full_face,validation,-1,-1,-1,-1,-1
ffhq_05102,/Users/aryanmalla/PycharmProjects/Skin-Care-AI/dataset_sources/extracted/ffhq_wrinkle/images/Part1/05102.png,ffhq_wrinkle,ffhq,ffhq_05102,full_face,train,-1,-1,-1,-1,-1
ffhq_05104,/Users/aryanmalla/PycharmProjects/Skin-Care-AI/dataset_sources/extracted/ffhq_wrinkle/images/Part1/05104.png,ffhq_wrinkle,ffhq,ffhq_05104,full_face,test,-1,-1,-1,-1,1
ffhq_05110,/Users/aryanmalla/PycharmProjects/Skin-Care-AI/dataset_sources/extracted/ffhq_wrinkle/images/Part1/05110.png,ffhq_wrinkle,ffhq,ffhq_05110,full_face,train,-1,-1,-1,-1,-1
ffhq_05111,/Users/aryanmalla/PycharmProjects/Skin-Care-AI/dataset_sources/extracted/ffhq_wrinkle/images/Part1/05111.png,ffhq_wrinkle,ffhq,ffhq_05111,full_face,validation,-1,-1,-1,-1,0
ffhq_05113,/Users/aryanmalla/PycharmProjects/Skin-Care-AI/dataset_sources/extracted/ffhq_wrinkle/images/Part1/05113.png,ffhq_wrinkle,ffhq,ffhq_05113,full_face,validation,-1,-1,-1,-1,0
ffhq_05118,/Users/aryanmalla/PycharmProjects/Skin-Care-AI/dataset_sources/extracted/ffhq_wrinkle/images/Part1/05118.png,ffhq_wrinkle,ffhq,ffhq_05118,full_face,validation,-1,-1,-1,-1,-1
ffhq_05123,/Users/aryanmalla/PycharmProjects/Skin-Care-AI/dataset_sources/extracted/ffhq_wrinkle/images/Part1/05123.png,ffhq_wrinkle,ffhq,ffhq_05123,full_face,train,-1,-1,-1,-1,0
ffhq_05126,/Users/aryanmalla/PycharmProjects/Skin-Care-AI/dataset_sources/extracted/ffhq_wrinkle/images/Part1/05126.png,ffhq_wrinkle,ffhq,ffhq_05126,full_face,test,-1,-1,-1,-1,-1
ffhq_05131,/Users/aryanmalla/PycharmProjects/Skin-Care-AI/dataset_sources/extracted/ffhq_wrinkle/images/Part1/05131.png,ffhq_wrinkle,ffhq,ffhq_05131,full_face,train,-1,-1,-1,-1,0
ffhq_05133,/Users/aryanmalla/PycharmProjects/Skin-Care-AI/dataset_sources/extracted/ffhq_wrinkle/images/Part1/05133.png,ffhq_wrinkle,ffhq,ffhq_05133,full_face,train,-1,-1,-1,-1,0
ffhq_05136,/Users/aryanmalla/PycharmProjects/Skin-Care-AI/dataset_sources/extracted/ffhq_wrinkle/images/Part1/05136.png,ffhq_wrinkle,ffhq,ffhq_05136,full_face,train,-1,-1,-1,-1,0
ffhq_05137,/Users/aryanmalla/PycharmProjects/Skin-Care-AI/dataset_sources/extracted/ffhq_wrinkle/images/Part1/05137.png,ffhq_wrinkle,ffhq,ffhq_05137,full_face,train,-1,-1,-1,-1,1
ffhq_05142,/Users/aryanmalla/PycharmProjects/Skin-Care-AI/dataset_sources/extracted/ffhq_wrinkle/images/Part1/05142.png,ffhq_wrinkle,ffhq,ffhq_05142,full_face,train,-1,-1,-1,-1,0
ffhq_05143,/Users/aryanmalla/PycharmProjects/Skin-Care-AI/dataset_sources/extracted/ffhq_wrinkle/images/Part1/05143.png,ffhq_wrinkle,ffhq,ffhq_05143,full_face,test,-1,-1,-1,-1,0
ffhq_05145,/Users/aryanmalla/PycharmProjects/Skin-Care-AI/dataset_sources/extracted/ffhq_wrinkle/images/Part1/05145.png,ffhq_wrinkle,ffhq,ffhq_05145,full_face,train,-1,-1,-1,-1,1
ffhq_05146,/Users/aryanmalla/PycharmProjects/Skin-Care-AI/dataset_sources/extracted/ffhq_wrinkle/images/Part1/05146.png,ffhq_wrinkle,ffhq,ffhq_05146,full_face,train,-1,-1,-1,-1,-1
ffhq_05154,/Users/aryanmalla/PycharmProjects/Skin-Care-AI/dataset_sources/extracted/ffhq_wrinkle/images/Part1/05154.png,ffhq_wrinkle,ffhq,ffhq_05154,full_face,test,-1,-1,-1,-1,-1
ffhq_05158,/Users/aryanmalla/PycharmProjects/Skin-Care-AI/dataset_sources/extracted/ffhq_wrinkle/images/Part1/05158.png,ffhq_wrinkle,ffhq,ffhq_05158,full_face,train,-1,-1,-1,-1,-1
ffhq_05160,/Users/aryanmalla/PycharmProjects/Skin-Care-AI/dataset_sources/extracted/ffhq_wrinkle/images/Part1/05160.png,ffhq_wrinkle,ffhq,ffhq_05160,full_face,train,-1,-1,-1,-1,0
ffhq_05161,/Users/aryanmalla/PycharmProjects/Skin-Care-AI/dataset_sources/extracted/ffhq_wrinkle/images/Part1/05161.png,ffhq_wrinkle,ffhq,ffhq_05161,full_face,test,-1,-1,-1,-1,-1
ffhq_05166,/Users/aryanmalla/PycharmProjects/Skin-Care-AI/dataset_sources/extracted/ffhq_wrinkle/images/Part1/05166.png,ffhq_wrinkle,ffhq,ffhq_05166,full_face,train,-1,-1,-1,-1,1
ffhq_05167,/Users/aryanmalla/PycharmProjects/Skin-Care-AI/dataset_sources/extracted/ffhq_wrinkle/images/Part1/05167.png,ffhq_wrinkle,ffhq,ffhq_05167,full_face,test,-1,-1,-1,-1,-1
ffhq_05171,/Users/aryanmalla/PycharmProjects/Skin-Care-AI/dataset_sources/extracted/ffhq_wrinkle/images/Part1/05171.png,ffhq_wrinkle,ffhq,ffhq_05171,full_face,train,-1,-1,-1,-1,1
ffhq_05178,/Users/aryanmalla/PycharmProjects/Skin-Care-AI/dataset_sources/extracted/ffhq_wrinkle/images/Part1/05178.png,ffhq_wrinkle,ffhq,ffhq_05178,full_face,train,-1,-1,-1,-1,-1
ffhq_05181,/Users/aryanmalla/PycharmProjects/Skin-Care-AI/dataset_sources/extracted/ffhq_wrinkle/images/Part1/05181.png,ffhq_wrinkle,ffhq,ffhq_05181,full_face,train,-1,-1,-1,-1,0
ffhq_05182,/Users/aryanmalla/PycharmProjects/Skin-Care-AI/dataset_sources/extracted/ffhq_wrinkle/images/Part1/05182.png,ffhq_wrinkle,ffhq,ffhq_05182,full_face,train,-1,-1,-1,-1,0
ffhq_05184,/Users/aryanmalla/PycharmProjects/Skin-Care-AI/dataset_sources/extracted/ffhq_wrinkle/images/Part1/05184.png,ffhq_wrinkle,ffhq,ffhq_05184,full_face,train,-1,-1,-1,-1,1
ffhq_05185,/Users/aryanmalla/PycharmProjects/Skin-Care-AI/dataset_sources/extracted/ffhq_wrinkle/images/Part1/05185.png,ffhq_wrinkle,ffhq,ffhq_05185,full_face,validation,-1,-1,-1,-1,0
ffhq_05190,/Users/aryanmalla/PycharmProjects/Skin-Care-AI/dataset_sources/extracted/ffhq_wrinkle/images/Part1/05190.png,ffhq_wrinkle,ffhq,ffhq_05190,full_face,test,-1,-1,-1,-1,-1
ffhq_05191,/Users/aryanmalla/PycharmProjects/Skin-Care-AI/dataset_sources/extracted/ffhq_wrinkle/images/Part1/05191.png,ffhq_wrinkle,ffhq,ffhq_05191,full_face,validation,-1,-1,-1,-1,0
ffhq_05198,/Users/aryanmalla/PycharmProjects/Skin-Care-AI/dataset_sources/extracted/ffhq_wrinkle/images/Part1/05198.png,ffhq_wrinkle,ffhq,ffhq_05198,full_face,train,-1,-1,-1,-1,0
ffhq_05201,/Users/aryanmalla/PycharmProjects/Skin-Care-AI/dataset_sources/extracted/ffhq_wrinkle/images/Part1/05201.png,ffhq_wrinkle,ffhq,ffhq_05201,full_face,validation,-1,-1,-1,-1,-1
ffhq_05203,/Users/aryanmalla/PycharmProjects/Skin-Care-AI/dataset_sources/extracted/ffhq_wrinkle/images/Part1/05203.png,ffhq_wrinkle,ffhq,ffhq_05203,full_face,validation,-1,-1,-1,-1,1
ffhq_05204,/Users/aryanmalla/PycharmProjects/Skin-Care-AI/dataset_sources/extracted/ffhq_wrinkle/images/Part1/05204.png,ffhq_wrinkle,ffhq,ffhq_05204,full_face,train,-1,-1,-1,-1,1
ffhq_05211,/Users/aryanmalla/PycharmProjects/Skin-Care-AI/dataset_sources/extracted/ffhq_wrinkle/images/Part1/05211.png,ffhq_wrinkle,ffhq,ffhq_05211,full_face,test,-1,-1,-1,-1,-1
ffhq_05213,/Users/aryanmalla/PycharmProjects/Skin-Care-AI/dataset_sources/extracted/ffhq_wrinkle/images/Part1/05213.png,ffhq_wrinkle,ffhq,ffhq_05213,full_face,train,-1,-1,-1,-1,0
ffhq_05215,/Users/aryanmalla/PycharmProjects/Skin-Care-AI/dataset_sources/extracted/ffhq_wrinkle/images/Part1/05215.png,ffhq_wrinkle,ffhq,ffhq_05215,full_face,train,-1,-1,-1,-1,-1
ffhq_05219,/Users/aryanmalla/PycharmProjects/Skin-Care-AI/dataset_sources/extracted/ffhq_wrinkle/images/Part1/05219.png,ffhq_wrinkle,ffhq,ffhq_05219,full_face,test,-1,-1,-1,-1,1
ffhq_05220,/Users/aryanmalla/PycharmProjects/Skin-Care-AI/dataset_sources/extracted/ffhq_wrinkle/images/Part1/05220.png,ffhq_wrinkle,ffhq,ffhq_05220,full_face,train,-1,-1,-1,-1,1
ffhq_05221,/Users/aryanmalla/PycharmProjects/Skin-Care-AI/dataset_sources/extracted/ffhq_wrinkle/images/Part1/05221.png,ffhq_wrinkle,ffhq,ffhq_05221,full_face,train,-1,-1,-1,-1,0
ffhq_05222,/Users/aryanmalla/PycharmProjects/Skin-Care-AI/dataset_sources/extracted/ffhq_wrinkle/images/Part1/05222.png,ffhq_wrinkle,ffhq,ffhq_05222,full_face,test,-1,-1,-1,-1,1
ffhq_05224,/Users/aryanmalla/PycharmProjects/Skin-Care-AI/dataset_sources/extracted/ffhq_wrinkle/images/Part1/05224.png,ffhq_wrinkle,ffhq,ffhq_05224,full_face,train,-1,-1,-1,-1,-1
ffhq_05225,/Users/aryanmalla/PycharmProjects/Skin-Care-AI/dataset_sources/extracted/ffhq_wrinkle/images/Part1/05225.png,ffhq_wrinkle,ffhq,ffhq_05225,full_face,train,-1,-1,-1,-1,1
ffhq_05237,/Users/aryanmalla/PycharmProjects/Skin-Care-AI/dataset_sources/extracted/ffhq_wrinkle/images/Part1/05237.png,ffhq_wrinkle,ffhq,ffhq_05237,full_face,validation,-1,-1,-1,-1,-1
ffhq_05241,/Users/aryanmalla/PycharmProjects/Skin-Care-AI/dataset_sources/extracted/ffhq_wrinkle/images/Part1/05241.png,ffhq_wrinkle,ffhq,ffhq_05241,full_face,train,-1,-1,-1,-1,0
ffhq_05245,/Users/aryanmalla/PycharmProjects/Skin-Care-AI/dataset_sources/extracted/ffhq_wrinkle/images/Part1/05245.png,ffhq_wrinkle,ffhq,ffhq_05245,full_face,train,-1,-1,-1,-1,0
ffhq_05248,/Users/aryanmalla/PycharmProjects/Skin-Care-AI/dataset_sources/extracted/ffhq_wrinkle/images/Part1/05248.png,ffhq_wrinkle,ffhq,ffhq_05248,full_face,train,-1,-1,-1,-1,1
ffhq_05253,/Users/aryanmalla/PycharmProjects/Skin-Care-AI/dataset_sources/extracted/ffhq_wrinkle/images/Part1/05253.png,ffhq_wrinkle,ffhq,ffhq_05253,full_face,train,-1,-1,-1,-1,0
ffhq_05258,/Users/aryanmalla/PycharmProjects/Skin-Care-AI/dataset_sources/extracted/ffhq_wrinkle/images/Part1/05258.png,ffhq_wrinkle,ffhq,ffhq_05258,full_face,train,-1,-1,-1,-1,0
ffhq_05259,/Users/aryanmalla/PycharmProjects/Skin-Care-AI/dataset_sources/extracted/ffhq_wrinkle/images/Part1/05259.png,ffhq_wrinkle,ffhq,ffhq_05259,full_face,train,-1,-1,-1,-1,-1
ffhq_05261,/Users/aryanmalla/PycharmProjects/Skin-Care-AI/dataset_sources/extracted/ffhq_wrinkle/images/Part1/05261.png,ffhq_wrinkle,ffhq,ffhq_05261,full_face,test,-1,-1,-1,-1,0
ffhq_05263,/Users/aryanmalla/PycharmProjects/Skin-Care-AI/dataset_sources/extracted/ffhq_wrinkle/images/Part1/05263.png,ffhq_wrinkle,ffhq,ffhq_05263,full_face,train,-1,-1,-1,-1,-1
ffhq_05264,/Users/aryanmalla/PycharmProjects/Skin-Care-AI/dataset_sources/extracted/ffhq_wrinkle/images/Part1/05264.png,ffhq_wrinkle,ffhq,ffhq_05264,full_face,test,-1,-1,-1,-1,1
ffhq_05265,/Users/aryanmalla/PycharmProjects/Skin-Care-AI/dataset_sources/extracted/ffhq_wrinkle/images/Part1/05265.png,ffhq_wrinkle,ffhq,ffhq_05265,full_face,validation,-1,-1,-1,-1,0
ffhq_05267,/Users/aryanmalla/PycharmProjects/Skin-Care-AI/dataset_sources/extracted/ffhq_wrinkle/images/Part1/05267.png,ffhq_wrinkle,ffhq,ffhq_05267,full_face,train,-1,-1,-1,-1,-1
ffhq_05272,/Users/aryanmalla/PycharmProjects/Skin-Care-AI/dataset_sources/extracted/ffhq_wrinkle/images/Part1/05272.png,ffhq_wrinkle,ffhq,ffhq_05272,full_face,train,-1,-1,-1,-1,1
ffhq_05274,/Users/aryanmalla/PycharmProjects/Skin-Care-AI/dataset_sources/extracted/ffhq_wrinkle/images/Part1/05274.png,ffhq_wrinkle,ffhq,ffhq_05274,full_face,validation,-1,-1,-1,-1,0
ffhq_05285,/Users/aryanmalla/PycharmProjects/Skin-Care-AI/dataset_sources/extracted/ffhq_wrinkle/images/Part1/05285.png,ffhq_wrinkle,ffhq,ffhq_05285,full_face,train,-1,-1,-1,-1,0
ffhq_05286,/Users/aryanmalla/PycharmProjects/Skin-Care-AI/dataset_sources/extracted/ffhq_wrinkle/images/Part1/05286.png,ffhq_wrinkle,ffhq,ffhq_05286,full_face,train,-1,-1,-1,-1,1
ffhq_05287,/Users/aryanmalla/PycharmProjects/Skin-Care-AI/dataset_sources/extracted/ffhq_wrinkle/images/Part1/05287.png,ffhq_wrinkle,ffhq,ffhq_05287,full_face,train,-1,-1,-1,-1,1
ffhq_05289,/Users/aryanmalla/PycharmProjects/Skin-Care-AI/dataset_sources/extracted/ffhq_wrinkle/images/Part1/05289.png,ffhq_wrinkle,ffhq,ffhq_05289,full_face,train,-1,-1,-1,-1,1
ffhq_05290,/Users/aryanmalla/PycharmProjects/Skin-Care-AI/dataset_sources/extracted/ffhq_wrinkle/images/Part1/05290.png,ffhq_wrinkle,ffhq,ffhq_05290,full_face,train,-1,-1,-1,-1,0
ffhq_05292,/Users/aryanmalla/PycharmProjects/Skin-Care-AI/dataset_sources/extracted/ffhq_wrinkle/images/Part1/05292.png,ffhq_wrinkle,ffhq,ffhq_05292,full_face,train,-1,-1,-1,-1,0
ffhq_05293,/Users/aryanmalla/PycharmProjects/Skin-Care-AI/dataset_sources/extracted/ffhq_wrinkle/images/Part1/05293.png,ffhq_wrinkle,ffhq,ffhq_05293,full_face,test,-1,-1,-1,-1,0
ffhq_05296,/Users/aryanmalla/PycharmProjects/Skin-Care-AI/dataset_sources/extracted/ffhq_wrinkle/images/Part1/05296.png,ffhq_wrinkle,ffhq,ffhq_05296,full_face,train,-1,-1,-1,-1,-1
ffhq_05297,/Users/aryanmalla/PycharmProjects/Skin-Care-AI/dataset_sources/extracted/ffhq_wrinkle/images/Part1/05297.png,ffhq_wrinkle,ffhq,ffhq_05297,full_face,test,-1,-1,-1,-1,-1
ffhq_05307,/Users/aryanmalla/PycharmProjects/Skin-Care-AI/dataset_sources/extracted/ffhq_wrinkle/images/Part1/05307.png,ffhq_wrinkle,ffhq,ffhq_05307,full_face,test,-1,-1,-1,-1,0
ffhq_05312,/Users/aryanmalla/PycharmProjects/Skin-Care-AI/dataset_sources/extracted/ffhq_wrinkle/images/Part1/05312.png,ffhq_wrinkle,ffhq,ffhq_05312,full_face,test,-1,-1,-1,-1,1
ffhq_05316,/Users/aryanmalla/PycharmProjects/Skin-Care-AI/dataset_sources/extracted/ffhq_wrinkle/images/Part1/05316.png,ffhq_wrinkle,ffhq,ffhq_05316,full_face,train,-1,-1,-1,-1,0
ffhq_05317,/Users/aryanmalla/PycharmProjects/Skin-Care-AI/dataset_sources/extracted/ffhq_wrinkle/images/Part1/05317.png,ffhq_wrinkle,ffhq,ffhq_05317,full_face,train,-1,-1,-1,-1,1
ffhq_05319,/Users/aryanmalla/PycharmProjects/Skin-Care-AI/dataset_sources/extracted/ffhq_wrinkle/images/Part1/05319.png,ffhq_wrinkle,ffhq,ffhq_05319,full_face,train,-1,-1,-1,-1,0
ffhq_05320,/Users/aryanmalla/PycharmProjects/Skin-Care-AI/dataset_sources/extracted/ffhq_wrinkle/images/Part1/05320.png,ffhq_wrinkle,ffhq,ffhq_05320,full_face,validation,-1,-1,-1,-1,0
ffhq_05325,/Users/aryanmalla/PycharmProjects/Skin-Care-AI/dataset_sources/extracted/ffhq_wrinkle/images/Part1/05325.png,ffhq_wrinkle,ffhq,ffhq_05325,full_face,train,-1,-1,-1,-1,0
ffhq_05326,/Users/aryanmalla/PycharmProjects/Skin-Care-AI/dataset_sources/extracted/ffhq_wrinkle/images/Part1/05326.png,ffhq_wrinkle,ffhq,ffhq_05326,full_face,validation,-1,-1,-1,-1,0
ffhq_05329,/Users/aryanmalla/PycharmProjects/Skin-Care-AI/dataset_sources/extracted/ffhq_wrinkle/images/Part1/05329.png,ffhq_wrinkle,ffhq,ffhq_05329,full_face,validation,-1,-1,-1,-1,-1
ffhq_06002,/Users/aryanmalla/PycharmProjects/Skin-Care-AI/dataset_sources/extracted/ffhq_wrinkle/images/Part1/06002.png,ffhq_wrinkle,ffhq,ffhq_06002,full_face,validation,-1,-1,-1,-1,0
ffhq_06004,/Users/aryanmalla/PycharmProjects/Skin-Care-AI/dataset_sources/extracted/ffhq_wrinkle/images/Part1/06004.png,ffhq_wrinkle,ffhq,ffhq_06004,full_face,validation,-1,-1,-1,-1,0
ffhq_06005,/Users/aryanmalla/PycharmProjects/Skin-Care-AI/dataset_sources/extracted/ffhq_wrinkle/images/Part1/06005.png,ffhq_wrinkle,ffhq,ffhq_06005,full_face,validation,-1,-1,-1,-1,-1
ffhq_06006,/Users/aryanmalla/PycharmProjects/Skin-Care-AI/dataset_sources/extracted/ffhq_wrinkle/images/Part1/06006.png,ffhq_wrinkle,ffhq,ffhq_06006,full_face,validation,-1,-1,-1,-1,-1
ffhq_06010,/Users/aryanmalla/PycharmProjects/Skin-Care-AI/dataset_sources/extracted/ffhq_wrinkle/images/Part1/06010.png,ffhq_wrinkle,ffhq,ffhq_06010,full_face,validation,-1,-1,-1,-1,1
ffhq_06011,/Users/aryanmalla/PycharmProjects/Skin-Care-AI/dataset_sources/extracted/ffhq_wrinkle/images/Part1/06011.png,ffhq_wrinkle,ffhq,ffhq_06011,full_face,train,-1,-1,-1,-1,0
ffhq_06013,/Users/aryanmalla/PycharmProjects/Skin-Care-AI/dataset_sources/extracted/ffhq_wrinkle/images/Part1/06013.png,ffhq_wrinkle,ffhq,ffhq_06013,full_face,train,-1,-1,-1,-1,-1
ffhq_06015,/Users/aryanmalla/PycharmProjects/Skin-Care-AI/dataset_sources/extracted/ffhq_wrinkle/images/Part1/06015.png,ffhq_wrinkle,ffhq,ffhq_06015,full_face,train,-1,-1,-1,-1,-1
ffhq_06017,/Users/aryanmalla/PycharmProjects/Skin-Care-AI/dataset_sources/extracted/ffhq_wrinkle/images/Part1/06017.png,ffhq_wrinkle,ffhq,ffhq_06017,full_face,test,-1,-1,-1,-1,1
ffhq_06018,/Users/aryanmalla/PycharmProjects/Skin-Care-AI/dataset_sources/extracted/ffhq_wrinkle/images/Part1/06018.png,ffhq_wrinkle,ffhq,ffhq_06018,full_face,train,-1,-1,-1,-1,-1
ffhq_06019,/Users/aryanmalla/PycharmProjects/Skin-Care-AI/dataset_sources/extracted/ffhq_wrinkle/images/Part1/06019.png,ffhq_wrinkle,ffhq,ffhq_06019,full_face,validation,-1,-1,-1,-1,1
ffhq_06021,/Users/aryanmalla/PycharmProjects/Skin-Care-AI/dataset_sources/extracted/ffhq_wrinkle/images/Part1/06021.png,ffhq_wrinkle,ffhq,ffhq_06021,full_face,train,-1,-1,-1,-1,0
ffhq_06023,/Users/aryanmalla/PycharmProjects/Skin-Care-AI/dataset_sources/extracted/ffhq_wrinkle/images/Part1/06023.png,ffhq_wrinkle,ffhq,ffhq_06023,full_face,train,-1,-1,-1,-1,-1
ffhq_06024,/Users/aryanmalla/PycharmProjects/Skin-Care-AI/dataset_sources/extracted/ffhq_wrinkle/images/Part1/06024.png,ffhq_wrinkle,ffhq,ffhq_06024,full_face,train,-1,-1,-1,-1,-1
ffhq_06026,/Users/aryanmalla/PycharmProjects/Skin-Care-AI/dataset_sources/extracted/ffhq_wrinkle/images/Part1/06026.png,ffhq_wrinkle,ffhq,ffhq_06026,full_face,train,-1,-1,-1,-1,0
ffhq_06027,/Users/aryanmalla/PycharmProjects/Skin-Care-AI/dataset_sources/extracted/ffhq_wrinkle/images/Part1/06027.png,ffhq_wrinkle,ffhq,ffhq_06027,full_face,validation,-1,-1,-1,-1,-1
ffhq_06033,/Users/aryanmalla/PycharmProjects/Skin-Care-AI/dataset_sources/extracted/ffhq_wrinkle/images/Part1/06033.png,ffhq_wrinkle,ffhq,ffhq_06033,full_face,train,-1,-1,-1,-1,-1
ffhq_06034,/Users/aryanmalla/PycharmProjects/Skin-Care-AI/dataset_sources/extracted/ffhq_wrinkle/images/Part1/06034.png,ffhq_wrinkle,ffhq,ffhq_06034,full_face,test,-1,-1,-1,-1,1
ffhq_06041,/Users/aryanmalla/PycharmProjects/Skin-Care-AI/dataset_sources/extracted/ffhq_wrinkle/images/Part1/06041.png,ffhq_wrinkle,ffhq,ffhq_06041,full_face,train,-1,-1,-1,-1,0
ffhq_06042,/Users/aryanmalla/PycharmProjects/Skin-Care-AI/dataset_sources/extracted/ffhq_wrinkle/images/Part1/06042.png,ffhq_wrinkle,ffhq,ffhq_06042,full_face,train,-1,-1,-1,-1,-1
ffhq_06043,/Users/aryanmalla/PycharmProjects/Skin-Care-AI/dataset_sources/extracted/ffhq_wrinkle/images/Part1/06043.png,ffhq_wrinkle,ffhq,ffhq_06043,full_face,train,-1,-1,-1,-1,0
ffhq_06044,/Users/aryanmalla/PycharmProjects/Skin-Care-AI/dataset_sources/extracted/ffhq_wrinkle/images/Part1/06044.png,ffhq_wrinkle,ffhq,ffhq_06044,full_face,validation,-1,-1,-1,-1,1
ffhq_06046,/Users/aryanmalla/PycharmProjects/Skin-Care-AI/dataset_sources/extracted/ffhq_wrinkle/images/Part1/06046.png,ffhq_wrinkle,ffhq,ffhq_06046,full_face,test,-1,-1,-1,-1,0
ffhq_06047,/Users/aryanmalla/PycharmProjects/Skin-Care-AI/dataset_sources/extracted/ffhq_wrinkle/images/Part1/06047.png,ffhq_wrinkle,ffhq,ffhq_06047,full_face,train,-1,-1,-1,-1,0
ffhq_06048,/Users/aryanmalla/PycharmProjects/Skin-Care-AI/dataset_sources/extracted/ffhq_wrinkle/images/Part1/06048.png,ffhq_wrinkle,ffhq,ffhq_06048,full_face,validation,-1,-1,-1,-1,1
ffhq_06049,/Users/aryanmalla/PycharmProjects/Skin-Care-AI/dataset_sources/extracted/ffhq_wrinkle/images/Part1/06049.png,ffhq_wrinkle,ffhq,ffhq_06049,full_face,train,-1,-1,-1,-1,-1
ffhq_06050,/Users/aryanmalla/PycharmProjects/Skin-Care-AI/dataset_sources/extracted/ffhq_wrinkle/images/Part1/06050.png,ffhq_wrinkle,ffhq,ffhq_06050,full_face,test,-1,-1,-1,-1,-1
ffhq_06051,/Users/aryanmalla/PycharmProjects/Skin-Care-AI/dataset_sources/extracted/ffhq_wrinkle/images/Part1/06051.png,ffhq_wrinkle,ffhq,ffhq_06051,full_face,train,-1,-1,-1,-1,0
ffhq_06056,/Users/aryanmalla/PycharmProjects/Skin-Care-AI/dataset_sources/extracted/ffhq_wrinkle/images/Part1/06056.png,ffhq_wrinkle,ffhq,ffhq_06056,full_face,validation,-1,-1,-1,-1,0
ffhq_06057,/Users/aryanmalla/PycharmProjects/Skin-Care-AI/dataset_sources/extracted/ffhq_wrinkle/images/Part1/06057.png,ffhq_wrinkle,ffhq,ffhq_06057,full_face,train,-1,-1,-1,-1,1
ffhq_06058,/Users/aryanmalla/PycharmProjects/Skin-Care-AI/dataset_sources/extracted/ffhq_wrinkle/images/Part1/06058.png,ffhq_wrinkle,ffhq,ffhq_06058,full_face,train,-1,-1,-1,-1,1
ffhq_06059,/Users/aryanmalla/PycharmProjects/Skin-Care-AI/dataset_sources/extracted/ffhq_wrinkle/images/Part1/06059.png,ffhq_wrinkle,ffhq,ffhq_06059,full_face,train,-1,-1,-1,-1,0
ffhq_06060,/Users/aryanmalla/PycharmProjects/Skin-Care-AI/dataset_sources/extracted/ffhq_wrinkle/images/Part1/06060.png,ffhq_wrinkle,ffhq,ffhq_06060,full_face,validation,-1,-1,-1,-1,1
ffhq_06061,/Users/aryanmalla/PycharmProjects/Skin-Care-AI/dataset_sources/extracted/ffhq_wrinkle/images/Part1/06061.png,ffhq_wrinkle,ffhq,ffhq_06061,full_face,test,-1,-1,-1,-1,-1
ffhq_06063,/Users/aryanmalla/PycharmProjects/Skin-Care-AI/dataset_sources/extracted/ffhq_wrinkle/images/Part1/06063.png,ffhq_wrinkle,ffhq,ffhq_06063,full_face,test,-1,-1,-1,-1,-1
ffhq_06064,/Users/aryanmalla/PycharmProjects/Skin-Care-AI/dataset_sources/extracted/ffhq_wrinkle/images/Part1/06064.png,ffhq_wrinkle,ffhq,ffhq_06064,full_face,train,-1,-1,-1,-1,0
ffhq_06065,/Users/aryanmalla/PycharmProjects/Skin-Care-AI/dataset_sources/extracted/ffhq_wrinkle/images/Part1/06065.png,ffhq_wrinkle,ffhq,ffhq_06065,full_face,train,-1,-1,-1,-1,-1
ffhq_06066,/Users/aryanmalla/PycharmProjects/Skin-Care-AI/dataset_sources/extracted/ffhq_wrinkle/images/Part1/06066.png,ffhq_wrinkle,ffhq,ffhq_06066,full_face,test,-1,-1,-1,-1,0
ffhq_06067,/Users/aryanmalla/PycharmProjects/Skin-Care-AI/dataset_sources/extracted/ffhq_wrinkle/images/Part1/06067.png,ffhq_wrinkle,ffhq,ffhq_06067,full_face,validation,-1,-1,-1,-1,-1
ffhq_06069,/Users/aryanmalla/PycharmProjects/Skin-Care-AI/dataset_sources/extracted/ffhq_wrinkle/images/Part1/06069.png,ffhq_wrinkle,ffhq,ffhq_06069,full_face,train,-1,-1,-1,-1,-1
ffhq_06070,/Users/aryanmalla/PycharmProjects/Skin-Care-AI/dataset_sources/extracted/ffhq_wrinkle/images/Part1/06070.png,ffhq_wrinkle,ffhq,ffhq_06070,full_face,train,-1,-1,-1,-1,1
ffhq_06071,/Users/aryanmalla/PycharmProjects/Skin-Care-AI/dataset_sources/extracted/ffhq_wrinkle/images/Part1/06071.png,ffhq_wrinkle,ffhq,ffhq_06071,full_face,train,-1,-1,-1,-1,0
ffhq_06072,/Users/aryanmalla/PycharmProjects/Skin-Care-AI/dataset_sources/extracted/ffhq_wrinkle/images/Part1/06072.png,ffhq_wrinkle,ffhq,ffhq_06072,full_face,train,-1,-1,-1,-1,-1
ffhq_06074,/Users/aryanmalla/PycharmProjects/Skin-Care-AI/dataset_sources/extracted/ffhq_wrinkle/images/Part1/06074.png,ffhq_wrinkle,ffhq,ffhq_06074,full_face,train,-1,-1,-1,-1,-1
ffhq_06076,/Users/aryanmalla/PycharmProjects/Skin-Care-AI/dataset_sources/extracted/ffhq_wrinkle/images/Part1/06076.png,ffhq_wrinkle,ffhq,ffhq_06076,full_face,train,-1,-1,-1,-1,-1
ffhq_06079,/Users/aryanmalla/PycharmProjects/Skin-Care-AI/dataset_sources/extracted/ffhq_wrinkle/images/Part1/06079.png,ffhq_wrinkle,ffhq,ffhq_06079,full_face,train,-1,-1,-1,-1,0
ffhq_06083,/Users/aryanmalla/PycharmProjects/Skin-Care-AI/dataset_sources/extracted/ffhq_wrinkle/images/Part1/06083.png,ffhq_wrinkle,ffhq,ffhq_06083,full_face,train,-1,-1,-1,-1,0
ffhq_06085,/Users/aryanmalla/PycharmProjects/Skin-Care-AI/dataset_sources/extracted/ffhq_wrinkle/images/Part1/06085.png,ffhq_wrinkle,ffhq,ffhq_06085,full_face,train,-1,-1,-1,-1,0
ffhq_06088,/Users/aryanmalla/PycharmProjects/Skin-Care-AI/dataset_sources/extracted/ffhq_wrinkle/images/Part1/06088.png,ffhq_wrinkle,ffhq,ffhq_06088,full_face,test,-1,-1,-1,-1,1
ffhq_06093,/Users/aryanmalla/PycharmProjects/Skin-Care-AI/dataset_sources/extracted/ffhq_wrinkle/images/Part1/06093.png,ffhq_wrinkle,ffhq,ffhq_06093,full_face,train,-1,-1,-1,-1,-1
ffhq_06094,/Users/aryanmalla/PycharmProjects/Skin-Care-AI/dataset_sources/extracted/ffhq_wrinkle/images/Part1/06094.png,ffhq_wrinkle,ffhq,ffhq_06094,full_face,validation,-1,-1,-1,-1,0
ffhq_06095,/Users/aryanmalla/PycharmProjects/Skin-Care-AI/dataset_sources/extracted/ffhq_wrinkle/images/Part1/06095.png,ffhq_wrinkle,ffhq,ffhq_06095,full_face,train,-1,-1,-1,-1,-1
ffhq_06096,/Users/aryanmalla/PycharmProjects/Skin-Care-AI/dataset_sources/extracted/ffhq_wrinkle/images/Part1/06096.png,ffhq_wrinkle,ffhq,ffhq_06096,full_face,test,-1,-1,-1,-1,0
ffhq_06098,/Users/aryanmalla/PycharmProjects/Skin-Care-AI/dataset_sources/extracted/ffhq_wrinkle/images/Part1/06098.png,ffhq_wrinkle,ffhq,ffhq_06098,full_face,validation,-1,-1,-1,-1,0
ffhq_06099,/Users/aryanmalla/PycharmProjects/Skin-Care-AI/dataset_sources/extracted/ffhq_wrinkle/images/Part1/06099.png,ffhq_wrinkle,ffhq,ffhq_06099,full_face,train,-1,-1,-1,-1,-1
ffhq_06100,/Users/aryanmalla/PycharmProjects/Skin-Care-AI/dataset_sources/extracted/ffhq_wrinkle/images/Part1/06100.png,ffhq_wrinkle,ffhq,ffhq_06100,full_face,test,-1,-1,-1,-1,-1
ffhq_06102,/Users/aryanmalla/PycharmProjects/Skin-Care-AI/dataset_sources/extracted/ffhq_wrinkle/images/Part1/06102.png,ffhq_wrinkle,ffhq,ffhq_06102,full_face,train,-1,-1,-1,-1,1
ffhq_06103,/Users/aryanmalla/PycharmProjects/Skin-Care-AI/dataset_sources/extracted/ffhq_wrinkle/images/Part1/06103.png,ffhq_wrinkle,ffhq,ffhq_06103,full_face,train,-1,-1,-1,-1,-1
ffhq_06104,/Users/aryanmalla/PycharmProjects/Skin-Care-AI/dataset_sources/extracted/ffhq_wrinkle/images/Part1/06104.png,ffhq_wrinkle,ffhq,ffhq_06104,full_face,validation,-1,-1,-1,-1,-1
ffhq_06105,/Users/aryanmalla/PycharmProjects/Skin-Care-AI/dataset_sources/extracted/ffhq_wrinkle/images/Part1/06105.png,ffhq_wrinkle,ffhq,ffhq_06105,full_face,test,-1,-1,-1,-1,1
ffhq_06106,/Users/aryanmalla/PycharmProjects/Skin-Care-AI/dataset_sources/extracted/ffhq_wrinkle/images/Part1/06106.png,ffhq_wrinkle,ffhq,ffhq_06106,full_face,test,-1,-1,-1,-1,0
ffhq_06107,/Users/aryanmalla/PycharmProjects/Skin-Care-AI/dataset_sources/extracted/ffhq_wrinkle/images/Part1/06107.png,ffhq_wrinkle,ffhq,ffhq_06107,full_face,validation,-1,-1,-1,-1,-1
ffhq_06108,/Users/aryanmalla/PycharmProjects/Skin-Care-AI/dataset_sources/extracted/ffhq_wrinkle/images/Part1/06108.png,ffhq_wrinkle,ffhq,ffhq_06108,full_face,train,-1,-1,-1,-1,0
ffhq_06109,/Users/aryanmalla/PycharmProjects/Skin-Care-AI/dataset_sources/extracted/ffhq_wrinkle/images/Part1/06109.png,ffhq_wrinkle,ffhq,ffhq_06109,full_face,train,-1,-1,-1,-1,-1
ffhq_06110,/Users/aryanmalla/PycharmProjects/Skin-Care-AI/dataset_sources/extracted/ffhq_wrinkle/images/Part1/06110.png,ffhq_wrinkle,ffhq,ffhq_06110,full_face,train,-1,-1,-1,-1,0
ffhq_06113,/Users/aryanmalla/PycharmProjects/Skin-Care-AI/dataset_sources/extracted/ffhq_wrinkle/images/Part1/06113.png,ffhq_wrinkle,ffhq,ffhq_06113,full_face,train,-1,-1,-1,-1,0
ffhq_06115,/Users/aryanmalla/PycharmProjects/Skin-Care-AI/dataset_sources/extracted/ffhq_wrinkle/images/Part1/06115.png,ffhq_wrinkle,ffhq,ffhq_06115,full_face,train,-1,-1,-1,-1,-1
ffhq_06116,/Users/aryanmalla/PycharmProjects/Skin-Care-AI/dataset_sources/extracted/ffhq_wrinkle/images/Part1/06116.png,ffhq_wrinkle,ffhq,ffhq_06116,full_face,validation,-1,-1,-1,-1,-1
ffhq_06117,/Users/aryanmalla/PycharmProjects/Skin-Care-AI/dataset_sources/extracted/ffhq_wrinkle/images/Part1/06117.png,ffhq_wrinkle,ffhq,ffhq_06117,full_face,train,-1,-1,-1,-1,0
ffhq_06118,/Users/aryanmalla/PycharmProjects/Skin-Care-AI/dataset_sources/extracted/ffhq_wrinkle/images/Part1/06118.png,ffhq_wrinkle,ffhq,ffhq_06118,full_face,test,-1,-1,-1,-1,1
ffhq_06119,/Users/aryanmalla/PycharmProjects/Skin-Care-AI/dataset_sources/extracted/ffhq_wrinkle/images/Part1/06119.png,ffhq_wrinkle,ffhq,ffhq_06119,full_face,test,-1,-1,-1,-1,-1
ffhq_06121,/Users/aryanmalla/PycharmProjects/Skin-Care-AI/dataset_sources/extracted/ffhq_wrinkle/images/Part1/06121.png,ffhq_wrinkle,ffhq,ffhq_06121,full_face,test,-1,-1,-1,-1,-1
ffhq_06122,/Users/aryanmalla/PycharmProjects/Skin-Care-AI/dataset_sources/extracted/ffhq_wrinkle/images/Part1/06122.png,ffhq_wrinkle,ffhq,ffhq_06122,full_face,train,-1,-1,-1,-1,0
ffhq_06123,/Users/aryanmalla/PycharmProjects/Skin-Care-AI/dataset_sources/extracted/ffhq_wrinkle/images/Part1/06123.png,ffhq_wrinkle,ffhq,ffhq_06123,full_face,train,-1,-1,-1,-1,1
ffhq_06124,/Users/aryanmalla/PycharmProjects/Skin-Care-AI/dataset_sources/extracted/ffhq_wrinkle/images/Part1/06124.png,ffhq_wrinkle,ffhq,ffhq_06124,full_face,train,-1,-1,-1,-1,1
ffhq_06126,/Users/aryanmalla/PycharmProjects/Skin-Care-AI/dataset_sources/extracted/ffhq_wrinkle/images/Part1/06126.png,ffhq_wrinkle,ffhq,ffhq_06126,full_face,test,-1,-1,-1,-1,-1
ffhq_06129,/Users/aryanmalla/PycharmProjects/Skin-Care-AI/dataset_sources/extracted/ffhq_wrinkle/images/Part1/06129.png,ffhq_wrinkle,ffhq,ffhq_06129,full_face,train,-1,-1,-1,-1,1
ffhq_06132,/Users/aryanmalla/PycharmProjects/Skin-Care-AI/dataset_sources/extracted/ffhq_wrinkle/images/Part1/06132.png,ffhq_wrinkle,ffhq,ffhq_06132,full_face,validation,-1,-1,-1,-1,0
ffhq_06137,/Users/aryanmalla/PycharmProjects/Skin-Care-AI/dataset_sources/extracted/ffhq_wrinkle/images/Part1/06137.png,ffhq_wrinkle,ffhq,ffhq_06137,full_face,validation,-1,-1,-1,-1,0
ffhq_06140,/Users/aryanmalla/PycharmProjects/Skin-Care-AI/dataset_sources/extracted/ffhq_wrinkle/images/Part1/06140.png,ffhq_wrinkle,ffhq,ffhq_06140,full_face,train,-1,-1,-1,-1,-1
ffhq_06141,/Users/aryanmalla/PycharmProjects/Skin-Care-AI/dataset_sources/extracted/ffhq_wrinkle/images/Part1/06141.png,ffhq_wrinkle,ffhq,ffhq_06141,full_face,train,-1,-1,-1,-1,0
ffhq_06142,/Users/aryanmalla/PycharmProjects/Skin-Care-AI/dataset_sources/extracted/ffhq_wrinkle/images/Part1/06142.png,ffhq_wrinkle,ffhq,ffhq_06142,full_face,validation,-1,-1,-1,-1,1
ffhq_06147,/Users/aryanmalla/PycharmProjects/Skin-Care-AI/dataset_sources/extracted/ffhq_wrinkle/images/Part1/06147.png,ffhq_wrinkle,ffhq,ffhq_06147,full_face,validation,-1,-1,-1,-1,1
ffhq_06148,/Users/aryanmalla/PycharmProjects/Skin-Care-AI/dataset_sources/extracted/ffhq_wrinkle/images/Part1/06148.png,ffhq_wrinkle,ffhq,ffhq_06148,full_face,train,-1,-1,-1,-1,0
ffhq_06149,/Users/aryanmalla/PycharmProjects/Skin-Care-AI/dataset_sources/extracted/ffhq_wrinkle/images/Part1/06149.png,ffhq_wrinkle,ffhq,ffhq_06149,full_face,train,-1,-1,-1,-1,0
ffhq_06152,/Users/aryanmalla/PycharmProjects/Skin-Care-AI/dataset_sources/extracted/ffhq_wrinkle/images/Part1/06152.png,ffhq_wrinkle,ffhq,ffhq_06152,full_face,train,-1,-1,-1,-1,1
ffhq_06154,/Users/aryanmalla/PycharmProjects/Skin-Care-AI/dataset_sources/extracted/ffhq_wrinkle/images/Part1/06154.png,ffhq_wrinkle,ffhq,ffhq_06154,full_face,test,-1,-1,-1,-1,0
ffhq_06161,/Users/aryanmalla/PycharmProjects/Skin-Care-AI/dataset_sources/extracted/ffhq_wrinkle/images/Part1/06161.png,ffhq_wrinkle,ffhq,ffhq_06161,full_face,test,-1,-1,-1,-1,-1
ffhq_06162,/Users/aryanmalla/PycharmProjects/Skin-Care-AI/dataset_sources/extracted/ffhq_wrinkle/images/Part1/06162.png,ffhq_wrinkle,ffhq,ffhq_06162,full_face,validation,-1,-1,-1,-1,0
ffhq_06166,/Users/aryanmalla/PycharmProjects/Skin-Care-AI/dataset_sources/extracted/ffhq_wrinkle/images/Part1/06166.png,ffhq_wrinkle,ffhq,ffhq_06166,full_face,test,-1,-1,-1,-1,0
ffhq_06170,/Users/aryanmalla/PycharmProjects/Skin-Care-AI/dataset_sources/extracted/ffhq_wrinkle/images/Part1/06170.png,ffhq_wrinkle,ffhq,ffhq_06170,full_face,test,-1,-1,-1,-1,0
ffhq_06172,/Users/aryanmalla/PycharmProjects/Skin-Care-AI/dataset_sources/extracted/ffhq_wrinkle/images/Part1/06172.png,ffhq_wrinkle,ffhq,ffhq_06172,full_face,test,-1,-1,-1,-1,0
ffhq_06173,/Users/aryanmalla/PycharmProjects/Skin-Care-AI/dataset_sources/extracted/ffhq_wrinkle/images/Part1/06173.png,ffhq_wrinkle,ffhq,ffhq_06173,full_face,test,-1,-1,-1,-1,-1
ffhq_06174,/Users/aryanmalla/PycharmProjects/Skin-Care-AI/dataset_sources/extracted/ffhq_wrinkle/images/Part1/06174.png,ffhq_wrinkle,ffhq,ffhq_06174,full_face,train,-1,-1,-1,-1,-1
ffhq_06178,/Users/aryanmalla/PycharmProjects/Skin-Care-AI/dataset_sources/extracted/ffhq_wrinkle/images/Part1/06178.png,ffhq_wrinkle,ffhq,ffhq_06178,full_face,test,-1,-1,-1,-1,0
ffhq_06181,/Users/aryanmalla/PycharmProjects/Skin-Care-AI/dataset_sources/extracted/ffhq_wrinkle/images/Part1/06181.png,ffhq_wrinkle,ffhq,ffhq_06181,full_face,test,-1,-1,-1,-1,0
ffhq_06182,/Users/aryanmalla/PycharmProjects/Skin-Care-AI/dataset_sources/extracted/ffhq_wrinkle/images/Part1/06182.png,ffhq_wrinkle,ffhq,ffhq_06182,full_face,train,-1,-1,-1,-1,1
ffhq_06186,/Users/aryanmalla/PycharmProjects/Skin-Care-AI/dataset_sources/extracted/ffhq_wrinkle/images/Part1/06186.png,ffhq_wrinkle,ffhq,ffhq_06186,full_face,test,-1,-1,-1,-1,0
ffhq_06189,/Users/aryanmalla/PycharmProjects/Skin-Care-AI/dataset_sources/extracted/ffhq_wrinkle/images/Part1/06189.png,ffhq_wrinkle,ffhq,ffhq_06189,full_face,train,-1,-1,-1,-1,1
ffhq_06191,/Users/aryanmalla/PycharmProjects/Skin-Care-AI/dataset_sources/extracted/ffhq_wrinkle/images/Part1/06191.png,ffhq_wrinkle,ffhq,ffhq_06191,full_face,test,-1,-1,-1,-1,1
ffhq_06198,/Users/aryanmalla/PycharmProjects/Skin-Care-AI/dataset_sources/extracted/ffhq_wrinkle/images/Part1/06198.png,ffhq_wrinkle,ffhq,ffhq_06198,full_face,train,-1,-1,-1,-1,0
ffhq_06200,/Users/aryanmalla/PycharmProjects/Skin-Care-AI/dataset_sources/extracted/ffhq_wrinkle/images/Part1/06200.png,ffhq_wrinkle,ffhq,ffhq_06200,full_face,train,-1,-1,-1,-1,1
ffhq_07004,/Users/aryanmalla/PycharmProjects/Skin-Care-AI/dataset_sources/extracted/ffhq_wrinkle/images/Part1/07004.png,ffhq_wrinkle,ffhq,ffhq_07004,full_face,test,-1,-1,-1,-1,0
ffhq_07018,/Users/aryanmalla/PycharmProjects/Skin-Care-AI/dataset_sources/extracted/ffhq_wrinkle/images/Part1/07018.png,ffhq_wrinkle,ffhq,ffhq_07018,full_face,train,-1,-1,-1,-1,1
ffhq_07030,/Users/aryanmalla/PycharmProjects/Skin-Care-AI/dataset_sources/extracted/ffhq_wrinkle/images/Part1/07030.png,ffhq_wrinkle,ffhq,ffhq_07030,full_face,test,-1,-1,-1,-1,-1
ffhq_07062,/Users/aryanmalla/PycharmProjects/Skin-Care-AI/dataset_sources/extracted/ffhq_wrinkle/images/Part1/07062.png,ffhq_wrinkle,ffhq,ffhq_07062,full_face,test,-1,-1,-1,-1,0
ffhq_07105,/Users/aryanmalla/PycharmProjects/Skin-Care-AI/dataset_sources/extracted/ffhq_wrinkle/images/Part1/07105.png,ffhq_wrinkle,ffhq,ffhq_07105,full_face,train,-1,-1,-1,-1,0
ffhq_07108,/Users/aryanmalla/PycharmProjects/Skin-Care-AI/dataset_sources/extracted/ffhq_wrinkle/images/Part1/07108.png,ffhq_wrinkle,ffhq,ffhq_07108,full_face,train,-1,-1,-1,-1,0
ffhq_07121,/Users/aryanmalla/PycharmProjects/Skin-Care-AI/dataset_sources/extracted/ffhq_wrinkle/images/Part1/07121.png,ffhq_wrinkle,ffhq,ffhq_07121,full_face,test,-1,-1,-1,-1,0
ffhq_07134,/Users/aryanmalla/PycharmProjects/Skin-Care-AI/dataset_sources/extracted/ffhq_wrinkle/images/Part1/07134.png,ffhq_wrinkle,ffhq,ffhq_07134,full_face,validation,-1,-1,-1,-1,0
ffhq_07139,/Users/aryanmalla/PycharmProjects/Skin-Care-AI/dataset_sources/extracted/ffhq_wrinkle/images/Part1/07139.png,ffhq_wrinkle,ffhq,ffhq_07139,full_face,train,-1,-1,-1,-1,0
ffhq_07145,/Users/aryanmalla/PycharmProjects/Skin-Care-AI/dataset_sources/extracted/ffhq_wrinkle/images/Part1/07145.png,ffhq_wrinkle,ffhq,ffhq_07145,full_face,train,-1,-1,-1,-1,0
ffhq_07148,/Users/aryanmalla/PycharmProjects/Skin-Care-AI/dataset_sources/extracted/ffhq_wrinkle/images/Part1/07148.png,ffhq_wrinkle,ffhq,ffhq_07148,full_face,train,-1,-1,-1,-1,0
ffhq_07155,/Users/aryanmalla/PycharmProjects/Skin-Care-AI/dataset_sources/extracted/ffhq_wrinkle/images/Part1/07155.png,ffhq_wrinkle,ffhq,ffhq_07155,full_face,train,-1,-1,-1,-1,0
ffhq_07173,/Users/aryanmalla/PycharmProjects/Skin-Care-AI/dataset_sources/extracted/ffhq_wrinkle/images/Part1/07173.png,ffhq_wrinkle,ffhq,ffhq_07173,full_face,test,-1,-1,-1,-1,0
ffhq_07174,/Users/aryanmalla/PycharmProjects/Skin-Care-AI/dataset_sources/extracted/ffhq_wrinkle/images/Part1/07174.png,ffhq_wrinkle,ffhq,ffhq_07174,full_face,train,-1,-1,-1,-1,1
ffhq_07176,/Users/aryanmalla/PycharmProjects/Skin-Care-AI/dataset_sources/extracted/ffhq_wrinkle/images/Part1/07176.png,ffhq_wrinkle,ffhq,ffhq_07176,full_face,test,-1,-1,-1,-1,1
ffhq_07177,/Users/aryanmalla/PycharmProjects/Skin-Care-AI/dataset_sources/extracted/ffhq_wrinkle/images/Part1/07177.png,ffhq_wrinkle,ffhq,ffhq_07177,full_face,train,-1,-1,-1,-1,0
ffhq_07187,/Users/aryanmalla/PycharmProjects/Skin-Care-AI/dataset_sources/extracted/ffhq_wrinkle/images/Part1/07187.png,ffhq_wrinkle,ffhq,ffhq_07187,full_face,train,-1,-1,-1,-1,0
ffhq_07192,/Users/aryanmalla/PycharmProjects/Skin-Care-AI/dataset_sources/extracted/ffhq_wrinkle/images/Part1/07192.png,ffhq_wrinkle,ffhq,ffhq_07192,full_face,train,-1,-1,-1,-1,1
ffhq_07193,/Users/aryanmalla/PycharmProjects/Skin-Care-AI/dataset_sources/extracted/ffhq_wrinkle/images/Part1/07193.png,ffhq_wrinkle,ffhq,ffhq_07193,full_face,test,-1,-1,-1,-1,-1
ffhq_07195,/Users/aryanmalla/PycharmProjects/Skin-Care-AI/dataset_sources/extracted/ffhq_wrinkle/images/Part1/07195.png,ffhq_wrinkle,ffhq,ffhq_07195,full_face,test,-1,-1,-1,-1,0
ffhq_07199,/Users/aryanmalla/PycharmProjects/Skin-Care-AI/dataset_sources/extracted/ffhq_wrinkle/images/Part1/07199.png,ffhq_wrinkle,ffhq,ffhq_07199,full_face,validation,-1,-1,-1,-1,-1
ffhq_07221,/Users/aryanmalla/PycharmProjects/Skin-Care-AI/dataset_sources/extracted/ffhq_wrinkle/images/Part1/07221.png,ffhq_wrinkle,ffhq,ffhq_07221,full_face,validation,-1,-1,-1,-1,0
ffhq_07228,/Users/aryanmalla/PycharmProjects/Skin-Care-AI/dataset_sources/extracted/ffhq_wrinkle/images/Part1/07228.png,ffhq_wrinkle,ffhq,ffhq_07228,full_face,train,-1,-1,-1,-1,-1
ffhq_07256,/Users/aryanmalla/PycharmProjects/Skin-Care-AI/dataset_sources/extracted/ffhq_wrinkle/images/Part1/07256.png,ffhq_wrinkle,ffhq,ffhq_07256,full_face,validation,-1,-1,-1,-1,1
ffhq_07265,/Users/aryanmalla/PycharmProjects/Skin-Care-AI/dataset_sources/extracted/ffhq_wrinkle/images/Part1/07265.png,ffhq_wrinkle,ffhq,ffhq_07265,full_face,test,-1,-1,-1,-1,0
ffhq_07267,/Users/aryanmalla/PycharmProjects/Skin-Care-AI/dataset_sources/extracted/ffhq_wrinkle/images/Part1/07267.png,ffhq_wrinkle,ffhq,ffhq_07267,full_face,train,-1,-1,-1,-1,1
ffhq_07291,/Users/aryanmalla/PycharmProjects/Skin-Care-AI/dataset_sources/extracted/ffhq_wrinkle/images/Part1/07291.png,ffhq_wrinkle,ffhq,ffhq_07291,full_face,train,-1,-1,-1,-1,1
ffhq_07292,/Users/aryanmalla/PycharmProjects/Skin-Care-AI/dataset_sources/extracted/ffhq_wrinkle/images/Part1/07292.png,ffhq_wrinkle,ffhq,ffhq_07292,full_face,train,-1,-1,-1,-1,0
ffhq_07296,/Users/aryanmalla/PycharmProjects/Skin-Care-AI/dataset_sources/extracted/ffhq_wrinkle/images/Part1/07296.png,ffhq_wrinkle,ffhq,ffhq_07296,full_face,train,-1,-1,-1,-1,0
ffhq_07304,/Users/aryanmalla/PycharmProjects/Skin-Care-AI/dataset_sources/extracted/ffhq_wrinkle/images/Part1/07304.png,ffhq_wrinkle,ffhq,ffhq_07304,full_face,train,-1,-1,-1,-1,-1
ffhq_07306,/Users/aryanmalla/PycharmProjects/Skin-Care-AI/dataset_sources/extracted/ffhq_wrinkle/images/Part1/07306.png,ffhq_wrinkle,ffhq,ffhq_07306,full_face,train,-1,-1,-1,-1,0
ffhq_07332,/Users/aryanmalla/PycharmProjects/Skin-Care-AI/dataset_sources/extracted/ffhq_wrinkle/images/Part1/07332.png,ffhq_wrinkle,ffhq,ffhq_07332,full_face,train,-1,-1,-1,-1,0
ffhq_07336,/Users/aryanmalla/PycharmProjects/Skin-Care-AI/dataset_sources/extracted/ffhq_wrinkle/images/Part1/07336.png,ffhq_wrinkle,ffhq,ffhq_07336,full_face,train,-1,-1,-1,-1,0
ffhq_07375,/Users/aryanmalla/PycharmProjects/Skin-Care-AI/dataset_sources/extracted/ffhq_wrinkle/images/Part1/07375.png,ffhq_wrinkle,ffhq,ffhq_07375,full_face,train,-1,-1,-1,-1,0
ffhq_07436,/Users/aryanmalla/PycharmProjects/Skin-Care-AI/dataset_sources/extracted/ffhq_wrinkle/images/Part1/07436.png,ffhq_wrinkle,ffhq,ffhq_07436,full_face,train,-1,-1,-1,-1,-1
ffhq_07567,/Users/aryanmalla/PycharmProjects/Skin-Care-AI/dataset_sources/extracted/ffhq_wrinkle/images/Part1/07567.png,ffhq_wrinkle,ffhq,ffhq_07567,full_face,validation,-1,-1,-1,-1,1
ffhq_07591,/Users/aryanmalla/PycharmProjects/Skin-Care-AI/dataset_sources/extracted/ffhq_wrinkle/images/Part1/07591.png,ffhq_wrinkle,ffhq,ffhq_07591,full_face,train,-1,-1,-1,-1,0
ffhq_07592,/Users/aryanmalla/PycharmProjects/Skin-Care-AI/dataset_sources/extracted/ffhq_wrinkle/images/Part1/07592.png,ffhq_wrinkle,ffhq,ffhq_07592,full_face,train,-1,-1,-1,-1,-1
ffhq_07649,/Users/aryanmalla/PycharmProjects/Skin-Care-AI/dataset_sources/extracted/ffhq_wrinkle/images/Part1/07649.png,ffhq_wrinkle,ffhq,ffhq_07649,full_face,train,-1,-1,-1,-1,1
ffhq_07655,/Users/aryanmalla/PycharmProjects/Skin-Care-AI/dataset_sources/extracted/ffhq_wrinkle/images/Part1/07655.png,ffhq_wrinkle,ffhq,ffhq_07655,full_face,train,-1,-1,-1,-1,0
ffhq_07658,/Users/aryanmalla/PycharmProjects/Skin-Care-AI/dataset_sources/extracted/ffhq_wrinkle/images/Part1/07658.png,ffhq_wrinkle,ffhq,ffhq_07658,full_face,test,-1,-1,-1,-1,0
ffhq_07694,/Users/aryanmalla/PycharmProjects/Skin-Care-AI/dataset_sources/extracted/ffhq_wrinkle/images/Part1/07694.png,ffhq_wrinkle,ffhq,ffhq_07694,full_face,train,-1,-1,-1,-1,-1
ffhq_07717,/Users/aryanmalla/PycharmProjects/Skin-Care-AI/dataset_sources/extracted/ffhq_wrinkle/images/Part1/07717.png,ffhq_wrinkle,ffhq,ffhq_07717,full_face,test,-1,-1,-1,-1,0
ffhq_07738,/Users/aryanmalla/PycharmProjects/Skin-Care-AI/dataset_sources/extracted/ffhq_wrinkle/images/Part1/07738.png,ffhq_wrinkle,ffhq,ffhq_07738,full_face,train,-1,-1,-1,-1,0
ffhq_07748,/Users/aryanmalla/PycharmProjects/Skin-Care-AI/dataset_sources/extracted/ffhq_wrinkle/images/Part1/07748.png,ffhq_wrinkle,ffhq,ffhq_07748,full_face,train,-1,-1,-1,-1,0
ffhq_07750,/Users/aryanmalla/PycharmProjects/Skin-Care-AI/dataset_sources/extracted/ffhq_wrinkle/images/Part1/07750.png,ffhq_wrinkle,ffhq,ffhq_07750,full_face,train,-1,-1,-1,-1,0
ffhq_07757,/Users/aryanmalla/PycharmProjects/Skin-Care-AI/dataset_sources/extracted/ffhq_wrinkle/images/Part1/07757.png,ffhq_wrinkle,ffhq,ffhq_07757,full_face,train,-1,-1,-1,-1,0
ffhq_07769,/Users/aryanmalla/PycharmProjects/Skin-Care-AI/dataset_sources/extracted/ffhq_wrinkle/images/Part1/07769.png,ffhq_wrinkle,ffhq,ffhq_07769,full_face,train,-1,-1,-1,-1,0
ffhq_07798,/Users/aryanmalla/PycharmProjects/Skin-Care-AI/dataset_sources/extracted/ffhq_wrinkle/images/Part1/07798.png,ffhq_wrinkle,ffhq,ffhq_07798,full_face,train,-1,-1,-1,-1,0
ffhq_07814,/Users/aryanmalla/PycharmProjects/Skin-Care-AI/dataset_sources/extracted/ffhq_wrinkle/images/Part1/07814.png,ffhq_wrinkle,ffhq,ffhq_07814,full_face,validation,-1,-1,-1,-1,0
ffhq_07816,/Users/aryanmalla/PycharmProjects/Skin-Care-AI/dataset_sources/extracted/ffhq_wrinkle/images/Part1/07816.png,ffhq_wrinkle,ffhq,ffhq_07816,full_face,validation,-1,-1,-1,-1,1
ffhq_07819,/Users/aryanmalla/PycharmProjects/Skin-Care-AI/dataset_sources/extracted/ffhq_wrinkle/images/Part1/07819.png,ffhq_wrinkle,ffhq,ffhq_07819,full_face,train,-1,-1,-1,-1,0
ffhq_07820,/Users/aryanmalla/PycharmProjects/Skin-Care-AI/dataset_sources/extracted/ffhq_wrinkle/images/Part1/07820.png,ffhq_wrinkle,ffhq,ffhq_07820,full_face,train,-1,-1,-1,-1,0
ffhq_07821,/Users/aryanmalla/PycharmProjects/Skin-Care-AI/dataset_sources/extracted/ffhq_wrinkle/images/Part1/07821.png,ffhq_wrinkle,ffhq,ffhq_07821,full_face,train,-1,-1,-1,-1,0
ffhq_07822,/Users/aryanmalla/PycharmProjects/Skin-Care-AI/dataset_sources/extracted/ffhq_wrinkle/images/Part1/07822.png,ffhq_wrinkle,ffhq,ffhq_07822,full_face,train,-1,-1,-1,-1,-1
ffhq_07824,/Users/aryanmalla/PycharmProjects/Skin-Care-AI/dataset_sources/extracted/ffhq_wrinkle/images/Part1/07824.png,ffhq_wrinkle,ffhq,ffhq_07824,full_face,train,-1,-1,-1,-1,-1
ffhq_07825,/Users/aryanmalla/PycharmProjects/Skin-Care-AI/dataset_sources/extracted/ffhq_wrinkle/images/Part1/07825.png,ffhq_wrinkle,ffhq,ffhq_07825,full_face,train,-1,-1,-1,-1,1
ffhq_07829,/Users/aryanmalla/PycharmProjects/Skin-Care-AI/dataset_sources/extracted/ffhq_wrinkle/images/Part1/07829.png,ffhq_wrinkle,ffhq,ffhq_07829,full_face,train,-1,-1,-1,-1,0
ffhq_07833,/Users/aryanmalla/PycharmProjects/Skin-Care-AI/dataset_sources/extracted/ffhq_wrinkle/images/Part1/07833.png,ffhq_wrinkle,ffhq,ffhq_07833,full_face,test,-1,-1,-1,-1,0
ffhq_07834,/Users/aryanmalla/PycharmProjects/Skin-Care-AI/dataset_sources/extracted/ffhq_wrinkle/images/Part1/07834.png,ffhq_wrinkle,ffhq,ffhq_07834,full_face,validation,-1,-1,-1,-1,0
ffhq_07836,/Users/aryanmalla/PycharmProjects/Skin-Care-AI/dataset_sources/extracted/ffhq_wrinkle/images/Part1/07836.png,ffhq_wrinkle,ffhq,ffhq_07836,full_face,validation,-1,-1,-1,-1,0
ffhq_07839,/Users/aryanmalla/PycharmProjects/Skin-Care-AI/dataset_sources/extracted/ffhq_wrinkle/images/Part1/07839.png,ffhq_wrinkle,ffhq,ffhq_07839,full_face,train,-1,-1,-1,-1,0
ffhq_07844,/Users/aryanmalla/PycharmProjects/Skin-Care-AI/dataset_sources/extracted/ffhq_wrinkle/images/Part1/07844.png,ffhq_wrinkle,ffhq,ffhq_07844,full_face,test,-1,-1,-1,-1,-1
ffhq_07847,/Users/aryanmalla/PycharmProjects/Skin-Care-AI/dataset_sources/extracted/ffhq_wrinkle/images/Part1/07847.png,ffhq_wrinkle,ffhq,ffhq_07847,full_face,validation,-1,-1,-1,-1,0
ffhq_07850,/Users/aryanmalla/PycharmProjects/Skin-Care-AI/dataset_sources/extracted/ffhq_wrinkle/images/Part1/07850.png,ffhq_wrinkle,ffhq,ffhq_07850,full_face,validation,-1,-1,-1,-1,1
ffhq_07851,/Users/aryanmalla/PycharmProjects/Skin-Care-AI/dataset_sources/extracted/ffhq_wrinkle/images/Part1/07851.png,ffhq_wrinkle,ffhq,ffhq_07851,full_face,train,-1,-1,-1,-1,-1
ffhq_07852,/Users/aryanmalla/PycharmProjects/Skin-Care-AI/dataset_sources/extracted/ffhq_wrinkle/images/Part1/07852.png,ffhq_wrinkle,ffhq,ffhq_07852,full_face,train,-1,-1,-1,-1,-1
ffhq_07853,/Users/aryanmalla/PycharmProjects/Skin-Care-AI/dataset_sources/extracted/ffhq_wrinkle/images/Part1/07853.png,ffhq_wrinkle,ffhq,ffhq_07853,full_face,test,-1,-1,-1,-1,-1
ffhq_07854,/Users/aryanmalla/PycharmProjects/Skin-Care-AI/dataset_sources/extracted/ffhq_wrinkle/images/Part1/07854.png,ffhq_wrinkle,ffhq,ffhq_07854,full_face,train,-1,-1,-1,-1,-1
ffhq_07862,/Users/aryanmalla/PycharmProjects/Skin-Care-AI/dataset_sources/extracted/ffhq_wrinkle/images/Part1/07862.png,ffhq_wrinkle,ffhq,ffhq_07862,full_face,train,-1,-1,-1,-1,0
ffhq_07865,/Users/aryanmalla/PycharmProjects/Skin-Care-AI/dataset_sources/extracted/ffhq_wrinkle/images/Part1/07865.png,ffhq_wrinkle,ffhq,ffhq_07865,full_face,train,-1,-1,-1,-1,0
ffhq_07867,/Users/aryanmalla/PycharmProjects/Skin-Care-AI/dataset_sources/extracted/ffhq_wrinkle/images/Part1/07867.png,ffhq_wrinkle,ffhq,ffhq_07867,full_face,train,-1,-1,-1,-1,-1
ffhq_07871,/Users/aryanmalla/PycharmProjects/Skin-Care-AI/dataset_sources/extracted/ffhq_wrinkle/images/Part1/07871.png,ffhq_wrinkle,ffhq,ffhq_07871,full_face,test,-1,-1,-1,-1,0
ffhq_07874,/Users/aryanmalla/PycharmProjects/Skin-Care-AI/dataset_sources/extracted/ffhq_wrinkle/images/Part1/07874.png,ffhq_wrinkle,ffhq,ffhq_07874,full_face,train,-1,-1,-1,-1,0
ffhq_07878,/Users/aryanmalla/PycharmProjects/Skin-Care-AI/dataset_sources/extracted/ffhq_wrinkle/images/Part1/07878.png,ffhq_wrinkle,ffhq,ffhq_07878,full_face,test,-1,-1,-1,-1,0
ffhq_07880,/Users/aryanmalla/PycharmProjects/Skin-Care-AI/dataset_sources/extracted/ffhq_wrinkle/images/Part1/07880.png,ffhq_wrinkle,ffhq,ffhq_07880,full_face,test,-1,-1,-1,-1,-1
ffhq_07881,/Users/aryanmalla/PycharmProjects/Skin-Care-AI/dataset_sources/extracted/ffhq_wrinkle/images/Part1/07881.png,ffhq_wrinkle,ffhq,ffhq_07881,full_face,test,-1,-1,-1,-1,-1
ffhq_07882,/Users/aryanmalla/PycharmProjects/Skin-Care-AI/dataset_sources/extracted/ffhq_wrinkle/images/Part1/07882.png,ffhq_wrinkle,ffhq,ffhq_07882,full_face,test,-1,-1,-1,-1,-1
ffhq_07885,/Users/aryanmalla/PycharmProjects/Skin-Care-AI/dataset_sources/extracted/ffhq_wrinkle/images/Part1/07885.png,ffhq_wrinkle,ffhq,ffhq_07885,full_face,train,-1,-1,-1,-1,-1
ffhq_07893,/Users/aryanmalla/PycharmProjects/Skin-Care-AI/dataset_sources/extracted/ffhq_wrinkle/images/Part1/07893.png,ffhq_wrinkle,ffhq,ffhq_07893,full_face,test,-1,-1,-1,-1,-1
ffhq_07894,/Users/aryanmalla/PycharmProjects/Skin-Care-AI/dataset_sources/extracted/ffhq_wrinkle/images/Part1/07894.png,ffhq_wrinkle,ffhq,ffhq_07894,full_face,train,-1,-1,-1,-1,0
ffhq_07895,/Users/aryanmalla/PycharmProjects/Skin-Care-AI/dataset_sources/extracted/ffhq_wrinkle/images/Part1/07895.png,ffhq_wrinkle,ffhq,ffhq_07895,full_face,test,-1,-1,-1,-1,0
ffhq_07896,/Users/aryanmalla/PycharmProjects/Skin-Care-AI/dataset_sources/extracted/ffhq_wrinkle/images/Part1/07896.png,ffhq_wrinkle,ffhq,ffhq_07896,full_face,test,-1,-1,-1,-1,-1
ffhq_07906,/Users/aryanmalla/PycharmProjects/Skin-Care-AI/dataset_sources/extracted/ffhq_wrinkle/images/Part1/07906.png,ffhq_wrinkle,ffhq,ffhq_07906,full_face,validation,-1,-1,-1,-1,0
ffhq_07907,/Users/aryanmalla/PycharmProjects/Skin-Care-AI/dataset_sources/extracted/ffhq_wrinkle/images/Part1/07907.png,ffhq_wrinkle,ffhq,ffhq_07907,full_face,train,-1,-1,-1,-1,-1
ffhq_07908,/Users/aryanmalla/PycharmProjects/Skin-Care-AI/dataset_sources/extracted/ffhq_wrinkle/images/Part1/07908.png,ffhq_wrinkle,ffhq,ffhq_07908,full_face,train,-1,-1,-1,-1,0
ffhq_07909,/Users/aryanmalla/PycharmProjects/Skin-Care-AI/dataset_sources/extracted/ffhq_wrinkle/images/Part1/07909.png,ffhq_wrinkle,ffhq,ffhq_07909,full_face,train,-1,-1,-1,-1,0
ffhq_07911,/Users/aryanmalla/PycharmProjects/Skin-Care-AI/dataset_sources/extracted/ffhq_wrinkle/images/Part1/07911.png,ffhq_wrinkle,ffhq,ffhq_07911,full_face,train,-1,-1,-1,-1,-1
ffhq_07914,/Users/aryanmalla/PycharmProjects/Skin-Care-AI/dataset_sources/extracted/ffhq_wrinkle/images/Part1/07914.png,ffhq_wrinkle,ffhq,ffhq_07914,full_face,train,-1,-1,-1,-1,0
ffhq_07917,/Users/aryanmalla/PycharmProjects/Skin-Care-AI/dataset_sources/extracted/ffhq_wrinkle/images/Part1/07917.png,ffhq_wrinkle,ffhq,ffhq_07917,full_face,train,-1,-1,-1,-1,1
ffhq_07919,/Users/aryanmalla/PycharmProjects/Skin-Care-AI/dataset_sources/extracted/ffhq_wrinkle/images/Part1/07919.png,ffhq_wrinkle,ffhq,ffhq_07919,full_face,train,-1,-1,-1,-1,0
ffhq_07928,/Users/aryanmalla/PycharmProjects/Skin-Care-AI/dataset_sources/extracted/ffhq_wrinkle/images/Part1/07928.png,ffhq_wrinkle,ffhq,ffhq_07928,full_face,train,-1,-1,-1,-1,1
ffhq_07932,/Users/aryanmalla/PycharmProjects/Skin-Care-AI/dataset_sources/extracted/ffhq_wrinkle/images/Part1/07932.png,ffhq_wrinkle,ffhq,ffhq_07932,full_face,train,-1,-1,-1,-1,0
ffhq_07940,/Users/aryanmalla/PycharmProjects/Skin-Care-AI/dataset_sources/extracted/ffhq_wrinkle/images/Part1/07940.png,ffhq_wrinkle,ffhq,ffhq_07940,full_face,train,-1,-1,-1,-1,0
ffhq_07948,/Users/aryanmalla/PycharmProjects/Skin-Care-AI/dataset_sources/extracted/ffhq_wrinkle/images/Part1/07948.png,ffhq_wrinkle,ffhq,ffhq_07948,full_face,validation,-1,-1,-1,-1,-1
ffhq_07950,/Users/aryanmalla/PycharmProjects/Skin-Care-AI/dataset_sources/extracted/ffhq_wrinkle/images/Part1/07950.png,ffhq_wrinkle,ffhq,ffhq_07950,full_face,validation,-1,-1,-1,-1,-1
ffhq_07952,/Users/aryanmalla/PycharmProjects/Skin-Care-AI/dataset_sources/extracted/ffhq_wrinkle/images/Part1/07952.png,ffhq_wrinkle,ffhq,ffhq_07952,full_face,validation,-1,-1,-1,-1,0
ffhq_07953,/Users/aryanmalla/PycharmProjects/Skin-Care-AI/dataset_sources/extracted/ffhq_wrinkle/images/Part1/07953.png,ffhq_wrinkle,ffhq,ffhq_07953,full_face,train,-1,-1,-1,-1,1
ffhq_07955,/Users/aryanmalla/PycharmProjects/Skin-Care-AI/dataset_sources/extracted/ffhq_wrinkle/images/Part1/07955.png,ffhq_wrinkle,ffhq,ffhq_07955,full_face,train,-1,-1,-1,-1,0
ffhq_07960,/Users/aryanmalla/PycharmProjects/Skin-Care-AI/dataset_sources/extracted/ffhq_wrinkle/images/Part1/07960.png,ffhq_wrinkle,ffhq,ffhq_07960,full_face,train,-1,-1,-1,-1,0
ffhq_07966,/Users/aryanmalla/PycharmProjects/Skin-Care-AI/dataset_sources/extracted/ffhq_wrinkle/images/Part1/07966.png,ffhq_wrinkle,ffhq,ffhq_07966,full_face,test,-1,-1,-1,-1,1
ffhq_07970,/Users/aryanmalla/PycharmProjects/Skin-Care-AI/dataset_sources/extracted/ffhq_wrinkle/images/Part1/07970.png,ffhq_wrinkle,ffhq,ffhq_07970,full_face,train,-1,-1,-1,-1,-1
ffhq_07973,/Users/aryanmalla/PycharmProjects/Skin-Care-AI/dataset_sources/extracted/ffhq_wrinkle/images/Part1/07973.png,ffhq_wrinkle,ffhq,ffhq_07973,full_face,train,-1,-1,-1,-1,0
ffhq_07990,/Users/aryanmalla/PycharmProjects/Skin-Care-AI/dataset_sources/extracted/ffhq_wrinkle/images/Part1/07990.png,ffhq_wrinkle,ffhq,ffhq_07990,full_face,train,-1,-1,-1,-1,0
ffhq_07992,/Users/aryanmalla/PycharmProjects/Skin-Care-AI/dataset_sources/extracted/ffhq_wrinkle/images/Part1/07992.png,ffhq_wrinkle,ffhq,ffhq_07992,full_face,train,-1,-1,-1,-1,0
ffhq_08001,/Users/aryanmalla/PycharmProjects/Skin-Care-AI/dataset_sources/extracted/ffhq_wrinkle/images/Part1/08001.png,ffhq_wrinkle,ffhq,ffhq_08001,full_face,train,-1,-1,-1,-1,1
ffhq_08004,/Users/aryanmalla/PycharmProjects/Skin-Care-AI/dataset_sources/extracted/ffhq_wrinkle/images/Part1/08004.png,ffhq_wrinkle,ffhq,ffhq_08004,full_face,train,-1,-1,-1,-1,-1
ffhq_08011,/Users/aryanmalla/PycharmProjects/Skin-Care-AI/dataset_sources/extracted/ffhq_wrinkle/images/Part1/08011.png,ffhq_wrinkle,ffhq,ffhq_08011,full_face,train,-1,-1,-1,-1,-1
ffhq_08014,/Users/aryanmalla/PycharmProjects/Skin-Care-AI/dataset_sources/extracted/ffhq_wrinkle/images/Part1/08014.png,ffhq_wrinkle,ffhq,ffhq_08014,full_face,train,-1,-1,-1,-1,0
ffhq_08015,/Users/aryanmalla/PycharmProjects/Skin-Care-AI/dataset_sources/extracted/ffhq_wrinkle/images/Part1/08015.png,ffhq_wrinkle,ffhq,ffhq_08015,full_face,train,-1,-1,-1,-1,-1
ffhq_08017,/Users/aryanmalla/PycharmProjects/Skin-Care-AI/dataset_sources/extracted/ffhq_wrinkle/images/Part1/08017.png,ffhq_wrinkle,ffhq,ffhq_08017,full_face,train,-1,-1,-1,-1,0
ffhq_08021,/Users/aryanmalla/PycharmProjects/Skin-Care-AI/dataset_sources/extracted/ffhq_wrinkle/images/Part1/08021.png,ffhq_wrinkle,ffhq,ffhq_08021,full_face,validation,-1,-1,-1,-1,0
ffhq_08023,/Users/aryanmalla/PycharmProjects/Skin-Care-AI/dataset_sources/extracted/ffhq_wrinkle/images/Part1/08023.png,ffhq_wrinkle,ffhq,ffhq_08023,full_face,train,-1,-1,-1,-1,0
ffhq_08030,/Users/aryanmalla/PycharmProjects/Skin-Care-AI/dataset_sources/extracted/ffhq_wrinkle/images/Part1/08030.png,ffhq_wrinkle,ffhq,ffhq_08030,full_face,validation,-1,-1,-1,-1,0
ffhq_08031,/Users/aryanmalla/PycharmProjects/Skin-Care-AI/dataset_sources/extracted/ffhq_wrinkle/images/Part1/08031.png,ffhq_wrinkle,ffhq,ffhq_08031,full_face,train,-1,-1,-1,-1,0
ffhq_08032,/Users/aryanmalla/PycharmProjects/Skin-Care-AI/dataset_sources/extracted/ffhq_wrinkle/images/Part1/08032.png,ffhq_wrinkle,ffhq,ffhq_08032,full_face,test,-1,-1,-1,-1,0
ffhq_08033,/Users/aryanmalla/PycharmProjects/Skin-Care-AI/dataset_sources/extracted/ffhq_wrinkle/images/Part1/08033.png,ffhq_wrinkle,ffhq,ffhq_08033,full_face,train,-1,-1,-1,-1,1
ffhq_08035,/Users/aryanmalla/PycharmProjects/Skin-Care-AI/dataset_sources/extracted/ffhq_wrinkle/images/Part1/08035.png,ffhq_wrinkle,ffhq,ffhq_08035,full_face,test,-1,-1,-1,-1,1
ffhq_08040,/Users/aryanmalla/PycharmProjects/Skin-Care-AI/dataset_sources/extracted/ffhq_wrinkle/images/Part1/08040.png,ffhq_wrinkle,ffhq,ffhq_08040,full_face,test,-1,-1,-1,-1,0
ffhq_08041,/Users/aryanmalla/PycharmProjects/Skin-Care-AI/dataset_sources/extracted/ffhq_wrinkle/images/Part1/08041.png,ffhq_wrinkle,ffhq,ffhq_08041,full_face,validation,-1,-1,-1,-1,0
ffhq_08044,/Users/aryanmalla/PycharmProjects/Skin-Care-AI/dataset_sources/extracted/ffhq_wrinkle/images/Part1/08044.png,ffhq_wrinkle,ffhq,ffhq_08044,full_face,test,-1,-1,-1,-1,-1
ffhq_08045,/Users/aryanmalla/PycharmProjects/Skin-Care-AI/dataset_sources/extracted/ffhq_wrinkle/images/Part1/08045.png,ffhq_wrinkle,ffhq,ffhq_08045,full_face,train,-1,-1,-1,-1,-1
ffhq_08046,/Users/aryanmalla/PycharmProjects/Skin-Care-AI/dataset_sources/extracted/ffhq_wrinkle/images/Part1/08046.png,ffhq_wrinkle,ffhq,ffhq_08046,full_face,test,-1,-1,-1,-1,0
ffhq_08052,/Users/aryanmalla/PycharmProjects/Skin-Care-AI/dataset_sources/extracted/ffhq_wrinkle/images/Part1/08052.png,ffhq_wrinkle,ffhq,ffhq_08052,full_face,train,-1,-1,-1,-1,-1
ffhq_08053,/Users/aryanmalla/PycharmProjects/Skin-Care-AI/dataset_sources/extracted/ffhq_wrinkle/images/Part1/08053.png,ffhq_wrinkle,ffhq,ffhq_08053,full_face,train,-1,-1,-1,-1,-1
ffhq_08054,/Users/aryanmalla/PycharmProjects/Skin-Care-AI/dataset_sources/extracted/ffhq_wrinkle/images/Part1/08054.png,ffhq_wrinkle,ffhq,ffhq_08054,full_face,train,-1,-1,-1,-1,0
ffhq_08056,/Users/aryanmalla/PycharmProjects/Skin-Care-AI/dataset_sources/extracted/ffhq_wrinkle/images/Part1/08056.png,ffhq_wrinkle,ffhq,ffhq_08056,full_face,validation,-1,-1,-1,-1,-1
ffhq_08059,/Users/aryanmalla/PycharmProjects/Skin-Care-AI/dataset_sources/extracted/ffhq_wrinkle/images/Part1/08059.png,ffhq_wrinkle,ffhq,ffhq_08059,full_face,train,-1,-1,-1,-1,-1
ffhq_08061,/Users/aryanmalla/PycharmProjects/Skin-Care-AI/dataset_sources/extracted/ffhq_wrinkle/images/Part1/08061.png,ffhq_wrinkle,ffhq,ffhq_08061,full_face,train,-1,-1,-1,-1,0
ffhq_08066,/Users/aryanmalla/PycharmProjects/Skin-Care-AI/dataset_sources/extracted/ffhq_wrinkle/images/Part1/08066.png,ffhq_wrinkle,ffhq,ffhq_08066,full_face,train,-1,-1,-1,-1,-1
ffhq_08067,/Users/aryanmalla/PycharmProjects/Skin-Care-AI/dataset_sources/extracted/ffhq_wrinkle/images/Part1/08067.png,ffhq_wrinkle,ffhq,ffhq_08067,full_face,validation,-1,-1,-1,-1,0
ffhq_08068,/Users/aryanmalla/PycharmProjects/Skin-Care-AI/dataset_sources/extracted/ffhq_wrinkle/images/Part1/08068.png,ffhq_wrinkle,ffhq,ffhq_08068,full_face,train,-1,-1,-1,-1,1
ffhq_08072,/Users/aryanmalla/PycharmProjects/Skin-Care-AI/dataset_sources/extracted/ffhq_wrinkle/images/Part1/08072.png,ffhq_wrinkle,ffhq,ffhq_08072,full_face,test,-1,-1,-1,-1,0
ffhq_08073,/Users/aryanmalla/PycharmProjects/Skin-Care-AI/dataset_sources/extracted/ffhq_wrinkle/images/Part1/08073.png,ffhq_wrinkle,ffhq,ffhq_08073,full_face,train,-1,-1,-1,-1,0
ffhq_08075,/Users/aryanmalla/PycharmProjects/Skin-Care-AI/dataset_sources/extracted/ffhq_wrinkle/images/Part1/08075.png,ffhq_wrinkle,ffhq,ffhq_08075,full_face,train,-1,-1,-1,-1,1
ffhq_08083,/Users/aryanmalla/PycharmProjects/Skin-Care-AI/dataset_sources/extracted/ffhq_wrinkle/images/Part1/08083.png,ffhq_wrinkle,ffhq,ffhq_08083,full_face,train,-1,-1,-1,-1,-1
ffhq_08085,/Users/aryanmalla/PycharmProjects/Skin-Care-AI/dataset_sources/extracted/ffhq_wrinkle/images/Part1/08085.png,ffhq_wrinkle,ffhq,ffhq_08085,full_face,train,-1,-1,-1,-1,0
ffhq_08088,/Users/aryanmalla/PycharmProjects/Skin-Care-AI/dataset_sources/extracted/ffhq_wrinkle/images/Part1/08088.png,ffhq_wrinkle,ffhq,ffhq_08088,full_face,validation,-1,-1,-1,-1,0
ffhq_08089,/Users/aryanmalla/PycharmProjects/Skin-Care-AI/dataset_sources/extracted/ffhq_wrinkle/images/Part1/08089.png,ffhq_wrinkle,ffhq,ffhq_08089,full_face,train,-1,-1,-1,-1,0
ffhq_08091,/Users/aryanmalla/PycharmProjects/Skin-Care-AI/dataset_sources/extracted/ffhq_wrinkle/images/Part1/08091.png,ffhq_wrinkle,ffhq,ffhq_08091,full_face,validation,-1,-1,-1,-1,1
ffhq_08093,/Users/aryanmalla/PycharmProjects/Skin-Care-AI/dataset_sources/extracted/ffhq_wrinkle/images/Part1/08093.png,ffhq_wrinkle,ffhq,ffhq_08093,full_face,train,-1,-1,-1,-1,0
ffhq_08094,/Users/aryanmalla/PycharmProjects/Skin-Care-AI/dataset_sources/extracted/ffhq_wrinkle/images/Part1/08094.png,ffhq_wrinkle,ffhq,ffhq_08094,full_face,test,-1,-1,-1,-1,0
ffhq_08096,/Users/aryanmalla/PycharmProjects/Skin-Care-AI/dataset_sources/extracted/ffhq_wrinkle/images/Part1/08096.png,ffhq_wrinkle,ffhq,ffhq_08096,full_face,train,-1,-1,-1,-1,-1
ffhq_08097,/Users/aryanmalla/PycharmProjects/Skin-Care-AI/dataset_sources/extracted/ffhq_wrinkle/images/Part1/08097.png,ffhq_wrinkle,ffhq,ffhq_08097,full_face,validation,-1,-1,-1,-1,0
ffhq_08099,/Users/aryanmalla/PycharmProjects/Skin-Care-AI/dataset_sources/extracted/ffhq_wrinkle/images/Part1/08099.png,ffhq_wrinkle,ffhq,ffhq_08099,full_face,train,-1,-1,-1,-1,0
ffhq_08100,/Users/aryanmalla/PycharmProjects/Skin-Care-AI/dataset_sources/extracted/ffhq_wrinkle/images/Part1/08100.png,ffhq_wrinkle,ffhq,ffhq_08100,full_face,train,-1,-1,-1,-1,0
ffhq_08102,/Users/aryanmalla/PycharmProjects/Skin-Care-AI/dataset_sources/extracted/ffhq_wrinkle/images/Part1/08102.png,ffhq_wrinkle,ffhq,ffhq_08102,full_face,validation,-1,-1,-1,-1,0
ffhq_08103,/Users/aryanmalla/PycharmProjects/Skin-Care-AI/dataset_sources/extracted/ffhq_wrinkle/images/Part1/08103.png,ffhq_wrinkle,ffhq,ffhq_08103,full_face,validation,-1,-1,-1,-1,0
ffhq_08105,/Users/aryanmalla/PycharmProjects/Skin-Care-AI/dataset_sources/extracted/ffhq_wrinkle/images/Part1/08105.png,ffhq_wrinkle,ffhq,ffhq_08105,full_face,train,-1,-1,-1,-1,0
ffhq_08111,/Users/aryanmalla/PycharmProjects/Skin-Care-AI/dataset_sources/extracted/ffhq_wrinkle/images/Part1/08111.png,ffhq_wrinkle,ffhq,ffhq_08111,full_face,train,-1,-1,-1,-1,0
ffhq_08113,/Users/aryanmalla/PycharmProjects/Skin-Care-AI/dataset_sources/extracted/ffhq_wrinkle/images/Part1/08113.png,ffhq_wrinkle,ffhq,ffhq_08113,full_face,validation,-1,-1,-1,-1,-1
ffhq_08115,/Users/aryanmalla/PycharmProjects/Skin-Care-AI/dataset_sources/extracted/ffhq_wrinkle/images/Part1/08115.png,ffhq_wrinkle,ffhq,ffhq_08115,full_face,train,-1,-1,-1,-1,1
ffhq_08116,/Users/aryanmalla/PycharmProjects/Skin-Care-AI/dataset_sources/extracted/ffhq_wrinkle/images/Part1/08116.png,ffhq_wrinkle,ffhq,ffhq_08116,full_face,train,-1,-1,-1,-1,-1
ffhq_08123,/Users/aryanmalla/PycharmProjects/Skin-Care-AI/dataset_sources/extracted/ffhq_wrinkle/images/Part1/08123.png,ffhq_wrinkle,ffhq,ffhq_08123,full_face,train,-1,-1,-1,-1,-1
ffhq_08127,/Users/aryanmalla/PycharmProjects/Skin-Care-AI/dataset_sources/extracted/ffhq_wrinkle/images/Part1/08127.png,ffhq_wrinkle,ffhq,ffhq_08127,full_face,test,-1,-1,-1,-1,0
ffhq_08133,/Users/aryanmalla/PycharmProjects/Skin-Care-AI/dataset_sources/extracted/ffhq_wrinkle/images/Part1/08133.png,ffhq_wrinkle,ffhq,ffhq_08133,full_face,train,-1,-1,-1,-1,1
ffhq_08136,/Users/aryanmalla/PycharmProjects/Skin-Care-AI/dataset_sources/extracted/ffhq_wrinkle/images/Part1/08136.png,ffhq_wrinkle,ffhq,ffhq_08136,full_face,validation,-1,-1,-1,-1,-1
ffhq_08138,/Users/aryanmalla/PycharmProjects/Skin-Care-AI/dataset_sources/extracted/ffhq_wrinkle/images/Part1/08138.png,ffhq_wrinkle,ffhq,ffhq_08138,full_face,validation,-1,-1,-1,-1,0
ffhq_08144,/Users/aryanmalla/PycharmProjects/Skin-Care-AI/dataset_sources/extracted/ffhq_wrinkle/images/Part1/08144.png,ffhq_wrinkle,ffhq,ffhq_08144,full_face,test,-1,-1,-1,-1,-1
ffhq_08147,/Users/aryanmalla/PycharmProjects/Skin-Care-AI/dataset_sources/extracted/ffhq_wrinkle/images/Part1/08147.png,ffhq_wrinkle,ffhq,ffhq_08147,full_face,test,-1,-1,-1,-1,0
ffhq_08152,/Users/aryanmalla/PycharmProjects/Skin-Care-AI/dataset_sources/extracted/ffhq_wrinkle/images/Part1/08152.png,ffhq_wrinkle,ffhq,ffhq_08152,full_face,train,-1,-1,-1,-1,1
ffhq_08155,/Users/aryanmalla/PycharmProjects/Skin-Care-AI/dataset_sources/extracted/ffhq_wrinkle/images/Part1/08155.png,ffhq_wrinkle,ffhq,ffhq_08155,full_face,test,-1,-1,-1,-1,0
ffhq_08158,/Users/aryanmalla/PycharmProjects/Skin-Care-AI/dataset_sources/extracted/ffhq_wrinkle/images/Part1/08158.png,ffhq_wrinkle,ffhq,ffhq_08158,full_face,train,-1,-1,-1,-1,1
ffhq_08162,/Users/aryanmalla/PycharmProjects/Skin-Care-AI/dataset_sources/extracted/ffhq_wrinkle/images/Part1/08162.png,ffhq_wrinkle,ffhq,ffhq_08162,full_face,validation,-1,-1,-1,-1,0
ffhq_08168,/Users/aryanmalla/PycharmProjects/Skin-Care-AI/dataset_sources/extracted/ffhq_wrinkle/images/Part1/08168.png,ffhq_wrinkle,ffhq,ffhq_08168,full_face,validation,-1,-1,-1,-1,-1
ffhq_08169,/Users/aryanmalla/PycharmProjects/Skin-Care-AI/dataset_sources/extracted/ffhq_wrinkle/images/Part1/08169.png,ffhq_wrinkle,ffhq,ffhq_08169,full_face,train,-1,-1,-1,-1,-1
ffhq_08173,/Users/aryanmalla/PycharmProjects/Skin-Care-AI/dataset_sources/extracted/ffhq_wrinkle/images/Part1/08173.png,ffhq_wrinkle,ffhq,ffhq_08173,full_face,test,-1,-1,-1,-1,0
ffhq_08174,/Users/aryanmalla/PycharmProjects/Skin-Care-AI/dataset_sources/extracted/ffhq_wrinkle/images/Part1/08174.png,ffhq_wrinkle,ffhq,ffhq_08174,full_face,test,-1,-1,-1,-1,0
ffhq_08177,/Users/aryanmalla/PycharmProjects/Skin-Care-AI/dataset_sources/extracted/ffhq_wrinkle/images/Part1/08177.png,ffhq_wrinkle,ffhq,ffhq_08177,full_face,validation,-1,-1,-1,-1,1
ffhq_08178,/Users/aryanmalla/PycharmProjects/Skin-Care-AI/dataset_sources/extracted/ffhq_wrinkle/images/Part1/08178.png,ffhq_wrinkle,ffhq,ffhq_08178,full_face,test,-1,-1,-1,-1,0
ffhq_08182,/Users/aryanmalla/PycharmProjects/Skin-Care-AI/dataset_sources/extracted/ffhq_wrinkle/images/Part1/08182.png,ffhq_wrinkle,ffhq,ffhq_08182,full_face,test,-1,-1,-1,-1,-1
ffhq_08184,/Users/aryanmalla/PycharmProjects/Skin-Care-AI/dataset_sources/extracted/ffhq_wrinkle/images/Part1/08184.png,ffhq_wrinkle,ffhq,ffhq_08184,full_face,test,-1,-1,-1,-1,-1
ffhq_08187,/Users/aryanmalla/PycharmProjects/Skin-Care-AI/dataset_sources/extracted/ffhq_wrinkle/images/Part1/08187.png,ffhq_wrinkle,ffhq,ffhq_08187,full_face,train,-1,-1,-1,-1,0
ffhq_08188,/Users/aryanmalla/PycharmProjects/Skin-Care-AI/dataset_sources/extracted/ffhq_wrinkle/images/Part1/08188.png,ffhq_wrinkle,ffhq,ffhq_08188,full_face,train,-1,-1,-1,-1,-1
ffhq_08190,/Users/aryanmalla/PycharmProjects/Skin-Care-AI/dataset_sources/extracted/ffhq_wrinkle/images/Part1/08190.png,ffhq_wrinkle,ffhq,ffhq_08190,full_face,train,-1,-1,-1,-1,0
ffhq_08192,/Users/aryanmalla/PycharmProjects/Skin-Care-AI/dataset_sources/extracted/ffhq_wrinkle/images/Part1/08192.png,ffhq_wrinkle,ffhq,ffhq_08192,full_face,train,-1,-1,-1,-1,0
ffhq_08196,/Users/aryanmalla/PycharmProjects/Skin-Care-AI/dataset_sources/extracted/ffhq_wrinkle/images/Part1/08196.png,ffhq_wrinkle,ffhq,ffhq_08196,full_face,train,-1,-1,-1,-1,0
ffhq_08201,/Users/aryanmalla/PycharmProjects/Skin-Care-AI/dataset_sources/extracted/ffhq_wrinkle/images/Part1/08201.png,ffhq_wrinkle,ffhq,ffhq_08201,full_face,train,-1,-1,-1,-1,-1
ffhq_08207,/Users/aryanmalla/PycharmProjects/Skin-Care-AI/dataset_sources/extracted/ffhq_wrinkle/images/Part1/08207.png,ffhq_wrinkle,ffhq,ffhq_08207,full_face,test,-1,-1,-1,-1,0
ffhq_08208,/Users/aryanmalla/PycharmProjects/Skin-Care-AI/dataset_sources/extracted/ffhq_wrinkle/images/Part1/08208.png,ffhq_wrinkle,ffhq,ffhq_08208,full_face,validation,-1,-1,-1,-1,-1
ffhq_08209,/Users/aryanmalla/PycharmProjects/Skin-Care-AI/dataset_sources/extracted/ffhq_wrinkle/images/Part1/08209.png,ffhq_wrinkle,ffhq,ffhq_08209,full_face,train,-1,-1,-1,-1,0
ffhq_08210,/Users/aryanmalla/PycharmProjects/Skin-Care-AI/dataset_sources/extracted/ffhq_wrinkle/images/Part1/08210.png,ffhq_wrinkle,ffhq,ffhq_08210,full_face,train,-1,-1,-1,-1,0
ffhq_08211,/Users/aryanmalla/PycharmProjects/Skin-Care-AI/dataset_sources/extracted/ffhq_wrinkle/images/Part1/08211.png,ffhq_wrinkle,ffhq,ffhq_08211,full_face,validation,-1,-1,-1,-1,0
ffhq_08212,/Users/aryanmalla/PycharmProjects/Skin-Care-AI/dataset_sources/extracted/ffhq_wrinkle/images/Part1/08212.png,ffhq_wrinkle,ffhq,ffhq_08212,full_face,train,-1,-1,-1,-1,0
ffhq_08214,/Users/aryanmalla/PycharmProjects/Skin-Care-AI/dataset_sources/extracted/ffhq_wrinkle/images/Part1/08214.png,ffhq_wrinkle,ffhq,ffhq_08214,full_face,train,-1,-1,-1,-1,-1
ffhq_08219,/Users/aryanmalla/PycharmProjects/Skin-Care-AI/dataset_sources/extracted/ffhq_wrinkle/images/Part1/08219.png,ffhq_wrinkle,ffhq,ffhq_08219,full_face,train,-1,-1,-1,-1,-1
ffhq_08222,/Users/aryanmalla/PycharmProjects/Skin-Care-AI/dataset_sources/extracted/ffhq_wrinkle/images/Part1/08222.png,ffhq_wrinkle,ffhq,ffhq_08222,full_face,validation,-1,-1,-1,-1,-1
ffhq_08224,/Users/aryanmalla/PycharmProjects/Skin-Care-AI/dataset_sources/extracted/ffhq_wrinkle/images/Part1/08224.png,ffhq_wrinkle,ffhq,ffhq_08224,full_face,test,-1,-1,-1,-1,0
ffhq_08225,/Users/aryanmalla/PycharmProjects/Skin-Care-AI/dataset_sources/extracted/ffhq_wrinkle/images/Part1/08225.png,ffhq_wrinkle,ffhq,ffhq_08225,full_face,train,-1,-1,-1,-1,-1
ffhq_08229,/Users/aryanmalla/PycharmProjects/Skin-Care-AI/dataset_sources/extracted/ffhq_wrinkle/images/Part1/08229.png,ffhq_wrinkle,ffhq,ffhq_08229,full_face,train,-1,-1,-1,-1,-1
ffhq_08230,/Users/aryanmalla/PycharmProjects/Skin-Care-AI/dataset_sources/extracted/ffhq_wrinkle/images/Part1/08230.png,ffhq_wrinkle,ffhq,ffhq_08230,full_face,train,-1,-1,-1,-1,0
ffhq_08235,/Users/aryanmalla/PycharmProjects/Skin-Care-AI/dataset_sources/extracted/ffhq_wrinkle/images/Part1/08235.png,ffhq_wrinkle,ffhq,ffhq_08235,full_face,train,-1,-1,-1,-1,0
ffhq_08236,/Users/aryanmalla/PycharmProjects/Skin-Care-AI/dataset_sources/extracted/ffhq_wrinkle/images/Part1/08236.png,ffhq_wrinkle,ffhq,ffhq_08236,full_face,train,-1,-1,-1,-1,0
ffhq_08239,/Users/aryanmalla/PycharmProjects/Skin-Care-AI/dataset_sources/extracted/ffhq_wrinkle/images/Part1/08239.png,ffhq_wrinkle,ffhq,ffhq_08239,full_face,train,-1,-1,-1,-1,0
ffhq_08247,/Users/aryanmalla/PycharmProjects/Skin-Care-AI/dataset_sources/extracted/ffhq_wrinkle/images/Part1/08247.png,ffhq_wrinkle,ffhq,ffhq_08247,full_face,train,-1,-1,-1,-1,-1
ffhq_08250,/Users/aryanmalla/PycharmProjects/Skin-Care-AI/dataset_sources/extracted/ffhq_wrinkle/images/Part1/08250.png,ffhq_wrinkle,ffhq,ffhq_08250,full_face,train,-1,-1,-1,-1,0
ffhq_08251,/Users/aryanmalla/PycharmProjects/Skin-Care-AI/dataset_sources/extracted/ffhq_wrinkle/images/Part1/08251.png,ffhq_wrinkle,ffhq,ffhq_08251,full_face,train,-1,-1,-1,-1,0
ffhq_08254,/Users/aryanmalla/PycharmProjects/Skin-Care-AI/dataset_sources/extracted/ffhq_wrinkle/images/Part1/08254.png,ffhq_wrinkle,ffhq,ffhq_08254,full_face,train,-1,-1,-1,-1,-1
ffhq_08255,/Users/aryanmalla/PycharmProjects/Skin-Care-AI/dataset_sources/extracted/ffhq_wrinkle/images/Part1/08255.png,ffhq_wrinkle,ffhq,ffhq_08255,full_face,train,-1,-1,-1,-1,0
ffhq_08257,/Users/aryanmalla/PycharmProjects/Skin-Care-AI/dataset_sources/extracted/ffhq_wrinkle/images/Part1/08257.png,ffhq_wrinkle,ffhq,ffhq_08257,full_face,train,-1,-1,-1,-1,1
ffhq_08260,/Users/aryanmalla/PycharmProjects/Skin-Care-AI/dataset_sources/extracted/ffhq_wrinkle/images/Part1/08260.png,ffhq_wrinkle,ffhq,ffhq_08260,full_face,train,-1,-1,-1,-1,0
ffhq_08267,/Users/aryanmalla/PycharmProjects/Skin-Care-AI/dataset_sources/extracted/ffhq_wrinkle/images/Part1/08267.png,ffhq_wrinkle,ffhq,ffhq_08267,full_face,train,-1,-1,-1,-1,-1
ffhq_08268,/Users/aryanmalla/PycharmProjects/Skin-Care-AI/dataset_sources/extracted/ffhq_wrinkle/images/Part1/08268.png,ffhq_wrinkle,ffhq,ffhq_08268,full_face,train,-1,-1,-1,-1,1
ffhq_08278,/Users/aryanmalla/PycharmProjects/Skin-Care-AI/dataset_sources/extracted/ffhq_wrinkle/images/Part1/08278.png,ffhq_wrinkle,ffhq,ffhq_08278,full_face,test,-1,-1,-1,-1,0
ffhq_08279,/Users/aryanmalla/PycharmProjects/Skin-Care-AI/dataset_sources/extracted/ffhq_wrinkle/images/Part1/08279.png,ffhq_wrinkle,ffhq,ffhq_08279,full_face,train,-1,-1,-1,-1,0
ffhq_08281,/Users/aryanmalla/PycharmProjects/Skin-Care-AI/dataset_sources/extracted/ffhq_wrinkle/images/Part1/08281.png,ffhq_wrinkle,ffhq,ffhq_08281,full_face,test,-1,-1,-1,-1,-1
ffhq_08283,/Users/aryanmalla/PycharmProjects/Skin-Care-AI/dataset_sources/extracted/ffhq_wrinkle/images/Part1/08283.png,ffhq_wrinkle,ffhq,ffhq_08283,full_face,train,-1,-1,-1,-1,0
ffhq_09005,/Users/aryanmalla/PycharmProjects/Skin-Care-AI/dataset_sources/extracted/ffhq_wrinkle/images/Part1/09005.png,ffhq_wrinkle,ffhq,ffhq_09005,full_face,test,-1,-1,-1,-1,1
ffhq_09009,/Users/aryanmalla/PycharmProjects/Skin-Care-AI/dataset_sources/extracted/ffhq_wrinkle/images/Part1/09009.png,ffhq_wrinkle,ffhq,ffhq_09009,full_face,test,-1,-1,-1,-1,-1
ffhq_09010,/Users/aryanmalla/PycharmProjects/Skin-Care-AI/dataset_sources/extracted/ffhq_wrinkle/images/Part1/09010.png,ffhq_wrinkle,ffhq,ffhq_09010,full_face,train,-1,-1,-1,-1,0
ffhq_09017,/Users/aryanmalla/PycharmProjects/Skin-Care-AI/dataset_sources/extracted/ffhq_wrinkle/images/Part1/09017.png,ffhq_wrinkle,ffhq,ffhq_09017,full_face,test,-1,-1,-1,-1,1
ffhq_09019,/Users/aryanmalla/PycharmProjects/Skin-Care-AI/dataset_sources/extracted/ffhq_wrinkle/images/Part1/09019.png,ffhq_wrinkle,ffhq,ffhq_09019,full_face,train,-1,-1,-1,-1,-1
ffhq_09023,/Users/aryanmalla/PycharmProjects/Skin-Care-AI/dataset_sources/extracted/ffhq_wrinkle/images/Part1/09023.png,ffhq_wrinkle,ffhq,ffhq_09023,full_face,train,-1,-1,-1,-1,0
ffhq_09026,/Users/aryanmalla/PycharmProjects/Skin-Care-AI/dataset_sources/extracted/ffhq_wrinkle/images/Part1/09026.png,ffhq_wrinkle,ffhq,ffhq_09026,full_face,validation,-1,-1,-1,-1,1
ffhq_09027,/Users/aryanmalla/PycharmProjects/Skin-Care-AI/dataset_sources/extracted/ffhq_wrinkle/images/Part1/09027.png,ffhq_wrinkle,ffhq,ffhq_09027,full_face,train,-1,-1,-1,-1,1
ffhq_09028,/Users/aryanmalla/PycharmProjects/Skin-Care-AI/dataset_sources/extracted/ffhq_wrinkle/images/Part1/09028.png,ffhq_wrinkle,ffhq,ffhq_09028,full_face,train,-1,-1,-1,-1,-1
ffhq_09031,/Users/aryanmalla/PycharmProjects/Skin-Care-AI/dataset_sources/extracted/ffhq_wrinkle/images/Part1/09031.png,ffhq_wrinkle,ffhq,ffhq_09031,full_face,train,-1,-1,-1,-1,0
ffhq_09033,/Users/aryanmalla/PycharmProjects/Skin-Care-AI/dataset_sources/extracted/ffhq_wrinkle/images/Part1/09033.png,ffhq_wrinkle,ffhq,ffhq_09033,full_face,validation,-1,-1,-1,-1,1
ffhq_09035,/Users/aryanmalla/PycharmProjects/Skin-Care-AI/dataset_sources/extracted/ffhq_wrinkle/images/Part1/09035.png,ffhq_wrinkle,ffhq,ffhq_09035,full_face,train,-1,-1,-1,-1,1
ffhq_09040,/Users/aryanmalla/PycharmProjects/Skin-Care-AI/dataset_sources/extracted/ffhq_wrinkle/images/Part1/09040.png,ffhq_wrinkle,ffhq,ffhq_09040,full_face,train,-1,-1,-1,-1,1
ffhq_09043,/Users/aryanmalla/PycharmProjects/Skin-Care-AI/dataset_sources/extracted/ffhq_wrinkle/images/Part1/09043.png,ffhq_wrinkle,ffhq,ffhq_09043,full_face,train,-1,-1,-1,-1,-1
ffhq_09046,/Users/aryanmalla/PycharmProjects/Skin-Care-AI/dataset_sources/extracted/ffhq_wrinkle/images/Part1/09046.png,ffhq_wrinkle,ffhq,ffhq_09046,full_face,test,-1,-1,-1,-1,-1
ffhq_09048,/Users/aryanmalla/PycharmProjects/Skin-Care-AI/dataset_sources/extracted/ffhq_wrinkle/images/Part1/09048.png,ffhq_wrinkle,ffhq,ffhq_09048,full_face,validation,-1,-1,-1,-1,-1
ffhq_09049,/Users/aryanmalla/PycharmProjects/Skin-Care-AI/dataset_sources/extracted/ffhq_wrinkle/images/Part1/09049.png,ffhq_wrinkle,ffhq,ffhq_09049,full_face,validation,-1,-1,-1,-1,1
ffhq_09051,/Users/aryanmalla/PycharmProjects/Skin-Care-AI/dataset_sources/extracted/ffhq_wrinkle/images/Part1/09051.png,ffhq_wrinkle,ffhq,ffhq_09051,full_face,test,-1,-1,-1,-1,1
ffhq_09052,/Users/aryanmalla/PycharmProjects/Skin-Care-AI/dataset_sources/extracted/ffhq_wrinkle/images/Part1/09052.png,ffhq_wrinkle,ffhq,ffhq_09052,full_face,validation,-1,-1,-1,-1,1
ffhq_09054,/Users/aryanmalla/PycharmProjects/Skin-Care-AI/dataset_sources/extracted/ffhq_wrinkle/images/Part1/09054.png,ffhq_wrinkle,ffhq,ffhq_09054,full_face,train,-1,-1,-1,-1,1
ffhq_09055,/Users/aryanmalla/PycharmProjects/Skin-Care-AI/dataset_sources/extracted/ffhq_wrinkle/images/Part1/09055.png,ffhq_wrinkle,ffhq,ffhq_09055,full_face,train,-1,-1,-1,-1,0
ffhq_09060,/Users/aryanmalla/PycharmProjects/Skin-Care-AI/dataset_sources/extracted/ffhq_wrinkle/images/Part1/09060.png,ffhq_wrinkle,ffhq,ffhq_09060,full_face,train,-1,-1,-1,-1,1
ffhq_09071,/Users/aryanmalla/PycharmProjects/Skin-Care-AI/dataset_sources/extracted/ffhq_wrinkle/images/Part1/09071.png,ffhq_wrinkle,ffhq,ffhq_09071,full_face,train,-1,-1,-1,-1,1
ffhq_09072,/Users/aryanmalla/PycharmProjects/Skin-Care-AI/dataset_sources/extracted/ffhq_wrinkle/images/Part1/09072.png,ffhq_wrinkle,ffhq,ffhq_09072,full_face,train,-1,-1,-1,-1,-1
ffhq_09073,/Users/aryanmalla/PycharmProjects/Skin-Care-AI/dataset_sources/extracted/ffhq_wrinkle/images/Part1/09073.png,ffhq_wrinkle,ffhq,ffhq_09073,full_face,validation,-1,-1,-1,-1,0
ffhq_09074,/Users/aryanmalla/PycharmProjects/Skin-Care-AI/dataset_sources/extracted/ffhq_wrinkle/images/Part1/09074.png,ffhq_wrinkle,ffhq,ffhq_09074,full_face,train,-1,-1,-1,-1,1
ffhq_09075,/Users/aryanmalla/PycharmProjects/Skin-Care-AI/dataset_sources/extracted/ffhq_wrinkle/images/Part1/09075.png,ffhq_wrinkle,ffhq,ffhq_09075,full_face,validation,-1,-1,-1,-1,1
ffhq_09082,/Users/aryanmalla/PycharmProjects/Skin-Care-AI/dataset_sources/extracted/ffhq_wrinkle/images/Part1/09082.png,ffhq_wrinkle,ffhq,ffhq_09082,full_face,validation,-1,-1,-1,-1,1
ffhq_09084,/Users/aryanmalla/PycharmProjects/Skin-Care-AI/dataset_sources/extracted/ffhq_wrinkle/images/Part1/09084.png,ffhq_wrinkle,ffhq,ffhq_09084,full_face,train,-1,-1,-1,-1,-1
ffhq_09088,/Users/aryanmalla/PycharmProjects/Skin-Care-AI/dataset_sources/extracted/ffhq_wrinkle/images/Part1/09088.png,ffhq_wrinkle,ffhq,ffhq_09088,full_face,validation,-1,-1,-1,-1,1
ffhq_09093,/Users/aryanmalla/PycharmProjects/Skin-Care-AI/dataset_sources/extracted/ffhq_wrinkle/images/Part1/09093.png,ffhq_wrinkle,ffhq,ffhq_09093,full_face,train,-1,-1,-1,-1,0
ffhq_09100,/Users/aryanmalla/PycharmProjects/Skin-Care-AI/dataset_sources/extracted/ffhq_wrinkle/images/Part1/09100.png,ffhq_wrinkle,ffhq,ffhq_09100,full_face,validation,-1,-1,-1,-1,1
ffhq_09104,/Users/aryanmalla/PycharmProjects/Skin-Care-AI/dataset_sources/extracted/ffhq_wrinkle/images/Part1/09104.png,ffhq_wrinkle,ffhq,ffhq_09104,full_face,train,-1,-1,-1,-1,-1
ffhq_09111,/Users/aryanmalla/PycharmProjects/Skin-Care-AI/dataset_sources/extracted/ffhq_wrinkle/images/Part1/09111.png,ffhq_wrinkle,ffhq,ffhq_09111,full_face,train,-1,-1,-1,-1,1
ffhq_09112,/Users/aryanmalla/PycharmProjects/Skin-Care-AI/dataset_sources/extracted/ffhq_wrinkle/images/Part1/09112.png,ffhq_wrinkle,ffhq,ffhq_09112,full_face,train,-1,-1,-1,-1,1
ffhq_09114,/Users/aryanmalla/PycharmProjects/Skin-Care-AI/dataset_sources/extracted/ffhq_wrinkle/images/Part1/09114.png,ffhq_wrinkle,ffhq,ffhq_09114,full_face,test,-1,-1,-1,-1,1
ffhq_09115,/Users/aryanmalla/PycharmProjects/Skin-Care-AI/dataset_sources/extracted/ffhq_wrinkle/images/Part1/09115.png,ffhq_wrinkle,ffhq,ffhq_09115,full_face,validation,-1,-1,-1,-1,1
ffhq_09117,/Users/aryanmalla/PycharmProjects/Skin-Care-AI/dataset_sources/extracted/ffhq_wrinkle/images/Part1/09117.png,ffhq_wrinkle,ffhq,ffhq_09117,full_face,test,-1,-1,-1,-1,1
ffhq_09118,/Users/aryanmalla/PycharmProjects/Skin-Care-AI/dataset_sources/extracted/ffhq_wrinkle/images/Part1/09118.png,ffhq_wrinkle,ffhq,ffhq_09118,full_face,train,-1,-1,-1,-1,1
ffhq_09123,/Users/aryanmalla/PycharmProjects/Skin-Care-AI/dataset_sources/extracted/ffhq_wrinkle/images/Part1/09123.png,ffhq_wrinkle,ffhq,ffhq_09123,full_face,validation,-1,-1,-1,-1,-1
ffhq_09126,/Users/aryanmalla/PycharmProjects/Skin-Care-AI/dataset_sources/extracted/ffhq_wrinkle/images/Part1/09126.png,ffhq_wrinkle,ffhq,ffhq_09126,full_face,validation,-1,-1,-1,-1,0
ffhq_09127,/Users/aryanmalla/PycharmProjects/Skin-Care-AI/dataset_sources/extracted/ffhq_wrinkle/images/Part1/09127.png,ffhq_wrinkle,ffhq,ffhq_09127,full_face,train,-1,-1,-1,-1,1
ffhq_09129,/Users/aryanmalla/PycharmProjects/Skin-Care-AI/dataset_sources/extracted/ffhq_wrinkle/images/Part1/09129.png,ffhq_wrinkle,ffhq,ffhq_09129,full_face,train,-1,-1,-1,-1,1
ffhq_09131,/Users/aryanmalla/PycharmProjects/Skin-Care-AI/dataset_sources/extracted/ffhq_wrinkle/images/Part1/09131.png,ffhq_wrinkle,ffhq,ffhq_09131,full_face,train,-1,-1,-1,-1,1
ffhq_09133,/Users/aryanmalla/PycharmProjects/Skin-Care-AI/dataset_sources/extracted/ffhq_wrinkle/images/Part1/09133.png,ffhq_wrinkle,ffhq,ffhq_09133,full_face,validation,-1,-1,-1,-1,-1
ffhq_09135,/Users/aryanmalla/PycharmProjects/Skin-Care-AI/dataset_sources/extracted/ffhq_wrinkle/images/Part1/09135.png,ffhq_wrinkle,ffhq,ffhq_09135,full_face,train,-1,-1,-1,-1,1
ffhq_09138,/Users/aryanmalla/PycharmProjects/Skin-Care-AI/dataset_sources/extracted/ffhq_wrinkle/images/Part1/09138.png,ffhq_wrinkle,ffhq,ffhq_09138,full_face,test,-1,-1,-1,-1,0
ffhq_09145,/Users/aryanmalla/PycharmProjects/Skin-Care-AI/dataset_sources/extracted/ffhq_wrinkle/images/Part1/09145.png,ffhq_wrinkle,ffhq,ffhq_09145,full_face,train,-1,-1,-1,-1,-1
ffhq_09150,/Users/aryanmalla/PycharmProjects/Skin-Care-AI/dataset_sources/extracted/ffhq_wrinkle/images/Part1/09150.png,ffhq_wrinkle,ffhq,ffhq_09150,full_face,validation,-1,-1,-1,-1,-1
ffhq_09153,/Users/aryanmalla/PycharmProjects/Skin-Care-AI/dataset_sources/extracted/ffhq_wrinkle/images/Part1/09153.png,ffhq_wrinkle,ffhq,ffhq_09153,full_face,test,-1,-1,-1,-1,-1
ffhq_09156,/Users/aryanmalla/PycharmProjects/Skin-Care-AI/dataset_sources/extracted/ffhq_wrinkle/images/Part1/09156.png,ffhq_wrinkle,ffhq,ffhq_09156,full_face,train,-1,-1,-1,-1,1
ffhq_09157,/Users/aryanmalla/PycharmProjects/Skin-Care-AI/dataset_sources/extracted/ffhq_wrinkle/images/Part1/09157.png,ffhq_wrinkle,ffhq,ffhq_09157,full_face,validation,-1,-1,-1,-1,1
ffhq_09160,/Users/aryanmalla/PycharmProjects/Skin-Care-AI/dataset_sources/extracted/ffhq_wrinkle/images/Part1/09160.png,ffhq_wrinkle,ffhq,ffhq_09160,full_face,validation,-1,-1,-1,-1,-1
ffhq_09161,/Users/aryanmalla/PycharmProjects/Skin-Care-AI/dataset_sources/extracted/ffhq_wrinkle/images/Part1/09161.png,ffhq_wrinkle,ffhq,ffhq_09161,full_face,test,-1,-1,-1,-1,-1
ffhq_09162,/Users/aryanmalla/PycharmProjects/Skin-Care-AI/dataset_sources/extracted/ffhq_wrinkle/images/Part1/09162.png,ffhq_wrinkle,ffhq,ffhq_09162,full_face,train,-1,-1,-1,-1,1
ffhq_09163,/Users/aryanmalla/PycharmProjects/Skin-Care-AI/dataset_sources/extracted/ffhq_wrinkle/images/Part1/09163.png,ffhq_wrinkle,ffhq,ffhq_09163,full_face,train,-1,-1,-1,-1,1
ffhq_09164,/Users/aryanmalla/PycharmProjects/Skin-Care-AI/dataset_sources/extracted/ffhq_wrinkle/images/Part1/09164.png,ffhq_wrinkle,ffhq,ffhq_09164,full_face,test,-1,-1,-1,-1,0
ffhq_09165,/Users/aryanmalla/PycharmProjects/Skin-Care-AI/dataset_sources/extracted/ffhq_wrinkle/images/Part1/09165.png,ffhq_wrinkle,ffhq,ffhq_09165,full_face,validation,-1,-1,-1,-1,1
ffhq_09169,/Users/aryanmalla/PycharmProjects/Skin-Care-AI/dataset_sources/extracted/ffhq_wrinkle/images/Part1/09169.png,ffhq_wrinkle,ffhq,ffhq_09169,full_face,train,-1,-1,-1,-1,-1
ffhq_09171,/Users/aryanmalla/PycharmProjects/Skin-Care-AI/dataset_sources/extracted/ffhq_wrinkle/images/Part1/09171.png,ffhq_wrinkle,ffhq,ffhq_09171,full_face,validation,-1,-1,-1,-1,1
ffhq_09172,/Users/aryanmalla/PycharmProjects/Skin-Care-AI/dataset_sources/extracted/ffhq_wrinkle/images/Part1/09172.png,ffhq_wrinkle,ffhq,ffhq_09172,full_face,validation,-1,-1,-1,-1,-1
ffhq_09173,/Users/aryanmalla/PycharmProjects/Skin-Care-AI/dataset_sources/extracted/ffhq_wrinkle/images/Part1/09173.png,ffhq_wrinkle,ffhq,ffhq_09173,full_face,train,-1,-1,-1,-1,-1
ffhq_09175,/Users/aryanmalla/PycharmProjects/Skin-Care-AI/dataset_sources/extracted/ffhq_wrinkle/images/Part1/09175.png,ffhq_wrinkle,ffhq,ffhq_09175,full_face,train,-1,-1,-1,-1,1
ffhq_09177,/Users/aryanmalla/PycharmProjects/Skin-Care-AI/dataset_sources/extracted/ffhq_wrinkle/images/Part1/09177.png,ffhq_wrinkle,ffhq,ffhq_09177,full_face,test,-1,-1,-1,-1,-1
ffhq_09182,/Users/aryanmalla/PycharmProjects/Skin-Care-AI/dataset_sources/extracted/ffhq_wrinkle/images/Part1/09182.png,ffhq_wrinkle,ffhq,ffhq_09182,full_face,train,-1,-1,-1,-1,-1
ffhq_09183,/Users/aryanmalla/PycharmProjects/Skin-Care-AI/dataset_sources/extracted/ffhq_wrinkle/images/Part1/09183.png,ffhq_wrinkle,ffhq,ffhq_09183,full_face,train,-1,-1,-1,-1,-1
ffhq_09187,/Users/aryanmalla/PycharmProjects/Skin-Care-AI/dataset_sources/extracted/ffhq_wrinkle/images/Part1/09187.png,ffhq_wrinkle,ffhq,ffhq_09187,full_face,train,-1,-1,-1,-1,1
ffhq_09190,/Users/aryanmalla/PycharmProjects/Skin-Care-AI/dataset_sources/extracted/ffhq_wrinkle/images/Part1/09190.png,ffhq_wrinkle,ffhq,ffhq_09190,full_face,train,-1,-1,-1,-1,-1
ffhq_09192,/Users/aryanmalla/PycharmProjects/Skin-Care-AI/dataset_sources/extracted/ffhq_wrinkle/images/Part1/09192.png,ffhq_wrinkle,ffhq,ffhq_09192,full_face,validation,-1,-1,-1,-1,1
ffhq_09193,/Users/aryanmalla/PycharmProjects/Skin-Care-AI/dataset_sources/extracted/ffhq_wrinkle/images/Part1/09193.png,ffhq_wrinkle,ffhq,ffhq_09193,full_face,train,-1,-1,-1,-1,1
ffhq_09194,/Users/aryanmalla/PycharmProjects/Skin-Care-AI/dataset_sources/extracted/ffhq_wrinkle/images/Part1/09194.png,ffhq_wrinkle,ffhq,ffhq_09194,full_face,train,-1,-1,-1,-1,-1
ffhq_09197,/Users/aryanmalla/PycharmProjects/Skin-Care-AI/dataset_sources/extracted/ffhq_wrinkle/images/Part1/09197.png,ffhq_wrinkle,ffhq,ffhq_09197,full_face,train,-1,-1,-1,-1,1
ffhq_09198,/Users/aryanmalla/PycharmProjects/Skin-Care-AI/dataset_sources/extracted/ffhq_wrinkle/images/Part1/09198.png,ffhq_wrinkle,ffhq,ffhq_09198,full_face,train,-1,-1,-1,-1,1
ffhq_09200,/Users/aryanmalla/PycharmProjects/Skin-Care-AI/dataset_sources/extracted/ffhq_wrinkle/images/Part1/09200.png,ffhq_wrinkle,ffhq,ffhq_09200,full_face,train,-1,-1,-1,-1,1
ffhq_09201,/Users/aryanmalla/PycharmProjects/Skin-Care-AI/dataset_sources/extracted/ffhq_wrinkle/images/Part1/09201.png,ffhq_wrinkle,ffhq,ffhq_09201,full_face,train,-1,-1,-1,-1,-1
ffhq_09203,/Users/aryanmalla/PycharmProjects/Skin-Care-AI/dataset_sources/extracted/ffhq_wrinkle/images/Part1/09203.png,ffhq_wrinkle,ffhq,ffhq_09203,full_face,test,-1,-1,-1,-1,0
ffhq_09205,/Users/aryanmalla/PycharmProjects/Skin-Care-AI/dataset_sources/extracted/ffhq_wrinkle/images/Part1/09205.png,ffhq_wrinkle,ffhq,ffhq_09205,full_face,train,-1,-1,-1,-1,-1
ffhq_09210,/Users/aryanmalla/PycharmProjects/Skin-Care-AI/dataset_sources/extracted/ffhq_wrinkle/images/Part1/09210.png,ffhq_wrinkle,ffhq,ffhq_09210,full_face,train,-1,-1,-1,-1,1
ffhq_09213,/Users/aryanmalla/PycharmProjects/Skin-Care-AI/dataset_sources/extracted/ffhq_wrinkle/images/Part1/09213.png,ffhq_wrinkle,ffhq,ffhq_09213,full_face,train,-1,-1,-1,-1,1
ffhq_09216,/Users/aryanmalla/PycharmProjects/Skin-Care-AI/dataset_sources/extracted/ffhq_wrinkle/images/Part1/09216.png,ffhq_wrinkle,ffhq,ffhq_09216,full_face,test,-1,-1,-1,-1,1
ffhq_09217,/Users/aryanmalla/PycharmProjects/Skin-Care-AI/dataset_sources/extracted/ffhq_wrinkle/images/Part1/09217.png,ffhq_wrinkle,ffhq,ffhq_09217,full_face,train,-1,-1,-1,-1,1
ffhq_09219,/Users/aryanmalla/PycharmProjects/Skin-Care-AI/dataset_sources/extracted/ffhq_wrinkle/images/Part1/09219.png,ffhq_wrinkle,ffhq,ffhq_09219,full_face,train,-1,-1,-1,-1,1
ffhq_09220,/Users/aryanmalla/PycharmProjects/Skin-Care-AI/dataset_sources/extracted/ffhq_wrinkle/images/Part1/09220.png,ffhq_wrinkle,ffhq,ffhq_09220,full_face,test,-1,-1,-1,-1,1
ffhq_09225,/Users/aryanmalla/PycharmProjects/Skin-Care-AI/dataset_sources/extracted/ffhq_wrinkle/images/Part1/09225.png,ffhq_wrinkle,ffhq,ffhq_09225,full_face,train,-1,-1,-1,-1,-1
ffhq_09226,/Users/aryanmalla/PycharmProjects/Skin-Care-AI/dataset_sources/extracted/ffhq_wrinkle/images/Part1/09226.png,ffhq_wrinkle,ffhq,ffhq_09226,full_face,train,-1,-1,-1,-1,-1
ffhq_09228,/Users/aryanmalla/PycharmProjects/Skin-Care-AI/dataset_sources/extracted/ffhq_wrinkle/images/Part1/09228.png,ffhq_wrinkle,ffhq,ffhq_09228,full_face,train,-1,-1,-1,-1,-1
ffhq_09231,/Users/aryanmalla/PycharmProjects/Skin-Care-AI/dataset_sources/extracted/ffhq_wrinkle/images/Part1/09231.png,ffhq_wrinkle,ffhq,ffhq_09231,full_face,train,-1,-1,-1,-1,1
ffhq_09233,/Users/aryanmalla/PycharmProjects/Skin-Care-AI/dataset_sources/extracted/ffhq_wrinkle/images/Part1/09233.png,ffhq_wrinkle,ffhq,ffhq_09233,full_face,train,-1,-1,-1,-1,0
ffhq_09237,/Users/aryanmalla/PycharmProjects/Skin-Care-AI/dataset_sources/extracted/ffhq_wrinkle/images/Part1/09237.png,ffhq_wrinkle,ffhq,ffhq_09237,full_face,train,-1,-1,-1,-1,1
ffhq_09238,/Users/aryanmalla/PycharmProjects/Skin-Care-AI/dataset_sources/extracted/ffhq_wrinkle/images/Part1/09238.png,ffhq_wrinkle,ffhq,ffhq_09238,full_face,train,-1,-1,-1,-1,0
ffhq_09245,/Users/aryanmalla/PycharmProjects/Skin-Care-AI/dataset_sources/extracted/ffhq_wrinkle/images/Part1/09245.png,ffhq_wrinkle,ffhq,ffhq_09245,full_face,train,-1,-1,-1,-1,1
ffhq_09251,/Users/aryanmalla/PycharmProjects/Skin-Care-AI/dataset_sources/extracted/ffhq_wrinkle/images/Part1/09251.png,ffhq_wrinkle,ffhq,ffhq_09251,full_face,validation,-1,-1,-1,-1,-1
ffhq_09252,/Users/aryanmalla/PycharmProjects/Skin-Care-AI/dataset_sources/extracted/ffhq_wrinkle/images/Part1/09252.png,ffhq_wrinkle,ffhq,ffhq_09252,full_face,validation,-1,-1,-1,-1,0
ffhq_09258,/Users/aryanmalla/PycharmProjects/Skin-Care-AI/dataset_sources/extracted/ffhq_wrinkle/images/Part1/09258.png,ffhq_wrinkle,ffhq,ffhq_09258,full_face,validation,-1,-1,-1,-1,-1
ffhq_09263,/Users/aryanmalla/PycharmProjects/Skin-Care-AI/dataset_sources/extracted/ffhq_wrinkle/images/Part1/09263.png,ffhq_wrinkle,ffhq,ffhq_09263,full_face,validation,-1,-1,-1,-1,1
ffhq_09266,/Users/aryanmalla/PycharmProjects/Skin-Care-AI/dataset_sources/extracted/ffhq_wrinkle/images/Part1/09266.png,ffhq_wrinkle,ffhq,ffhq_09266,full_face,train,-1,-1,-1,-1,1
ffhq_09269,/Users/aryanmalla/PycharmProjects/Skin-Care-AI/dataset_sources/extracted/ffhq_wrinkle/images/Part1/09269.png,ffhq_wrinkle,ffhq,ffhq_09269,full_face,test,-1,-1,-1,-1,1
ffhq_09272,/Users/aryanmalla/PycharmProjects/Skin-Care-AI/dataset_sources/extracted/ffhq_wrinkle/images/Part1/09272.png,ffhq_wrinkle,ffhq,ffhq_09272,full_face,train,-1,-1,-1,-1,0
ffhq_09278,/Users/aryanmalla/PycharmProjects/Skin-Care-AI/dataset_sources/extracted/ffhq_wrinkle/images/Part1/09278.png,ffhq_wrinkle,ffhq,ffhq_09278,full_face,train,-1,-1,-1,-1,-1
ffhq_09285,/Users/aryanmalla/PycharmProjects/Skin-Care-AI/dataset_sources/extracted/ffhq_wrinkle/images/Part1/09285.png,ffhq_wrinkle,ffhq,ffhq_09285,full_face,train,-1,-1,-1,-1,-1
ffhq_09294,/Users/aryanmalla/PycharmProjects/Skin-Care-AI/dataset_sources/extracted/ffhq_wrinkle/images/Part1/09294.png,ffhq_wrinkle,ffhq,ffhq_09294,full_face,validation,-1,-1,-1,-1,-1
ffhq_09297,/Users/aryanmalla/PycharmProjects/Skin-Care-AI/dataset_sources/extracted/ffhq_wrinkle/images/Part1/09297.png,ffhq_wrinkle,ffhq,ffhq_09297,full_face,validation,-1,-1,-1,-1,-1
ffhq_09301,/Users/aryanmalla/PycharmProjects/Skin-Care-AI/dataset_sources/extracted/ffhq_wrinkle/images/Part1/09301.png,ffhq_wrinkle,ffhq,ffhq_09301,full_face,test,-1,-1,-1,-1,-1
ffhq_10000,/Users/aryanmalla/PycharmProjects/Skin-Care-AI/dataset_sources/extracted/ffhq_wrinkle/images/Part2/10000.png,ffhq_wrinkle,ffhq,ffhq_10000,full_face,validation,-1,-1,-1,-1,-1
ffhq_10004,/Users/aryanmalla/PycharmProjects/Skin-Care-AI/dataset_sources/extracted/ffhq_wrinkle/images/Part2/10004.png,ffhq_wrinkle,ffhq,ffhq_10004,full_face,train,-1,-1,-1,-1,1
ffhq_10005,/Users/aryanmalla/PycharmProjects/Skin-Care-AI/dataset_sources/extracted/ffhq_wrinkle/images/Part2/10005.png,ffhq_wrinkle,ffhq,ffhq_10005,full_face,train,-1,-1,-1,-1,-1
ffhq_10007,/Users/aryanmalla/PycharmProjects/Skin-Care-AI/dataset_sources/extracted/ffhq_wrinkle/images/Part2/10007.png,ffhq_wrinkle,ffhq,ffhq_10007,full_face,train,-1,-1,-1,-1,-1
ffhq_10010,/Users/aryanmalla/PycharmProjects/Skin-Care-AI/dataset_sources/extracted/ffhq_wrinkle/images/Part2/10010.png,ffhq_wrinkle,ffhq,ffhq_10010,full_face,train,-1,-1,-1,-1,1
ffhq_10012,/Users/aryanmalla/PycharmProjects/Skin-Care-AI/dataset_sources/extracted/ffhq_wrinkle/images/Part2/10012.png,ffhq_wrinkle,ffhq,ffhq_10012,full_face,validation,-1,-1,-1,-1,1
ffhq_10013,/Users/aryanmalla/PycharmProjects/Skin-Care-AI/dataset_sources/extracted/ffhq_wrinkle/images/Part2/10013.png,ffhq_wrinkle,ffhq,ffhq_10013,full_face,test,-1,-1,-1,-1,1
ffhq_10015,/Users/aryanmalla/PycharmProjects/Skin-Care-AI/dataset_sources/extracted/ffhq_wrinkle/images/Part2/10015.png,ffhq_wrinkle,ffhq,ffhq_10015,full_face,train,-1,-1,-1,-1,1
ffhq_10017,/Users/aryanmalla/PycharmProjects/Skin-Care-AI/dataset_sources/extracted/ffhq_wrinkle/images/Part2/10017.png,ffhq_wrinkle,ffhq,ffhq_10017,full_face,test,-1,-1,-1,-1,-1
ffhq_10020,/Users/aryanmalla/PycharmProjects/Skin-Care-AI/dataset_sources/extracted/ffhq_wrinkle/images/Part2/10020.png,ffhq_wrinkle,ffhq,ffhq_10020,full_face,train,-1,-1,-1,-1,-1
ffhq_10022,/Users/aryanmalla/PycharmProjects/Skin-Care-AI/dataset_sources/extracted/ffhq_wrinkle/images/Part2/10022.png,ffhq_wrinkle,ffhq,ffhq_10022,full_face,train,-1,-1,-1,-1,1
ffhq_10025,/Users/aryanmalla/PycharmProjects/Skin-Care-AI/dataset_sources/extracted/ffhq_wrinkle/images/Part2/10025.png,ffhq_wrinkle,ffhq,ffhq_10025,full_face,validation,-1,-1,-1,-1,1
ffhq_10034,/Users/aryanmalla/PycharmProjects/Skin-Care-AI/dataset_sources/extracted/ffhq_wrinkle/images/Part2/10034.png,ffhq_wrinkle,ffhq,ffhq_10034,full_face,train,-1,-1,-1,-1,1
ffhq_10035,/Users/aryanmalla/PycharmProjects/Skin-Care-AI/dataset_sources/extracted/ffhq_wrinkle/images/Part2/10035.png,ffhq_wrinkle,ffhq,ffhq_10035,full_face,validation,-1,-1,-1,-1,1
ffhq_10038,/Users/aryanmalla/PycharmProjects/Skin-Care-AI/dataset_sources/extracted/ffhq_wrinkle/images/Part2/10038.png,ffhq_wrinkle,ffhq,ffhq_10038,full_face,train,-1,-1,-1,-1,1
ffhq_10041,/Users/aryanmalla/PycharmProjects/Skin-Care-AI/dataset_sources/extracted/ffhq_wrinkle/images/Part2/10041.png,ffhq_wrinkle,ffhq,ffhq_10041,full_face,train,-1,-1,-1,-1,1
ffhq_10044,/Users/aryanmalla/PycharmProjects/Skin-Care-AI/dataset_sources/extracted/ffhq_wrinkle/images/Part2/10044.png,ffhq_wrinkle,ffhq,ffhq_10044,full_face,train,-1,-1,-1,-1,1
ffhq_10045,/Users/aryanmalla/PycharmProjects/Skin-Care-AI/dataset_sources/extracted/ffhq_wrinkle/images/Part2/10045.png,ffhq_wrinkle,ffhq,ffhq_10045,full_face,validation,-1,-1,-1,-1,1
ffhq_10047,/Users/aryanmalla/PycharmProjects/Skin-Care-AI/dataset_sources/extracted/ffhq_wrinkle/images/Part2/10047.png,ffhq_wrinkle,ffhq,ffhq_10047,full_face,train,-1,-1,-1,-1,1
ffhq_10051,/Users/aryanmalla/PycharmProjects/Skin-Care-AI/dataset_sources/extracted/ffhq_wrinkle/images/Part2/10051.png,ffhq_wrinkle,ffhq,ffhq_10051,full_face,test,-1,-1,-1,-1,1
ffhq_10052,/Users/aryanmalla/PycharmProjects/Skin-Care-AI/dataset_sources/extracted/ffhq_wrinkle/images/Part2/10052.png,ffhq_wrinkle,ffhq,ffhq_10052,full_face,train,-1,-1,-1,-1,1
ffhq_10054,/Users/aryanmalla/PycharmProjects/Skin-Care-AI/dataset_sources/extracted/ffhq_wrinkle/images/Part2/10054.png,ffhq_wrinkle,ffhq,ffhq_10054,full_face,train,-1,-1,-1,-1,1
ffhq_10064,/Users/aryanmalla/PycharmProjects/Skin-Care-AI/dataset_sources/extracted/ffhq_wrinkle/images/Part2/10064.png,ffhq_wrinkle,ffhq,ffhq_10064,full_face,train,-1,-1,-1,-1,-1
ffhq_10069,/Users/aryanmalla/PycharmProjects/Skin-Care-AI/dataset_sources/extracted/ffhq_wrinkle/images/Part2/10069.png,ffhq_wrinkle,ffhq,ffhq_10069,full_face,train,-1,-1,-1,-1,-1
ffhq_10071,/Users/aryanmalla/PycharmProjects/Skin-Care-AI/dataset_sources/extracted/ffhq_wrinkle/images/Part2/10071.png,ffhq_wrinkle,ffhq,ffhq_10071,full_face,validation,-1,-1,-1,-1,1
ffhq_10074,/Users/aryanmalla/PycharmProjects/Skin-Care-AI/dataset_sources/extracted/ffhq_wrinkle/images/Part2/10074.png,ffhq_wrinkle,ffhq,ffhq_10074,full_face,validation,-1,-1,-1,-1,-1
ffhq_10080,/Users/aryanmalla/PycharmProjects/Skin-Care-AI/dataset_sources/extracted/ffhq_wrinkle/images/Part2/10080.png,ffhq_wrinkle,ffhq,ffhq_10080,full_face,train,-1,-1,-1,-1,-1
ffhq_10084,/Users/aryanmalla/PycharmProjects/Skin-Care-AI/dataset_sources/extracted/ffhq_wrinkle/images/Part2/10084.png,ffhq_wrinkle,ffhq,ffhq_10084,full_face,train,-1,-1,-1,-1,1
ffhq_10085,/Users/aryanmalla/PycharmProjects/Skin-Care-AI/dataset_sources/extracted/ffhq_wrinkle/images/Part2/10085.png,ffhq_wrinkle,ffhq,ffhq_10085,full_face,test,-1,-1,-1,-1,1
ffhq_10087,/Users/aryanmalla/PycharmProjects/Skin-Care-AI/dataset_sources/extracted/ffhq_wrinkle/images/Part2/10087.png,ffhq_wrinkle,ffhq,ffhq_10087,full_face,train,-1,-1,-1,-1,1
ffhq_10092,/Users/aryanmalla/PycharmProjects/Skin-Care-AI/dataset_sources/extracted/ffhq_wrinkle/images/Part2/10092.png,ffhq_wrinkle,ffhq,ffhq_10092,full_face,train,-1,-1,-1,-1,1
ffhq_10098,/Users/aryanmalla/PycharmProjects/Skin-Care-AI/dataset_sources/extracted/ffhq_wrinkle/images/Part2/10098.png,ffhq_wrinkle,ffhq,ffhq_10098,full_face,train,-1,-1,-1,-1,1
ffhq_10101,/Users/aryanmalla/PycharmProjects/Skin-Care-AI/dataset_sources/extracted/ffhq_wrinkle/images/Part2/10101.png,ffhq_wrinkle,ffhq,ffhq_10101,full_face,test,-1,-1,-1,-1,-1
ffhq_10105,/Users/aryanmalla/PycharmProjects/Skin-Care-AI/dataset_sources/extracted/ffhq_wrinkle/images/Part2/10105.png,ffhq_wrinkle,ffhq,ffhq_10105,full_face,train,-1,-1,-1,-1,-1
ffhq_10110,/Users/aryanmalla/PycharmProjects/Skin-Care-AI/dataset_sources/extracted/ffhq_wrinkle/images/Part2/10110.png,ffhq_wrinkle,ffhq,ffhq_10110,full_face,train,-1,-1,-1,-1,1
ffhq_10113,/Users/aryanmalla/PycharmProjects/Skin-Care-AI/dataset_sources/extracted/ffhq_wrinkle/images/Part2/10113.png,ffhq_wrinkle,ffhq,ffhq_10113,full_face,train,-1,-1,-1,-1,1
ffhq_10116,/Users/aryanmalla/PycharmProjects/Skin-Care-AI/dataset_sources/extracted/ffhq_wrinkle/images/Part2/10116.png,ffhq_wrinkle,ffhq,ffhq_10116,full_face,test,-1,-1,-1,-1,0
ffhq_10121,/Users/aryanmalla/PycharmProjects/Skin-Care-AI/dataset_sources/extracted/ffhq_wrinkle/images/Part2/10121.png,ffhq_wrinkle,ffhq,ffhq_10121,full_face,test,-1,-1,-1,-1,-1
ffhq_10124,/Users/aryanmalla/PycharmProjects/Skin-Care-AI/dataset_sources/extracted/ffhq_wrinkle/images/Part2/10124.png,ffhq_wrinkle,ffhq,ffhq_10124,full_face,train,-1,-1,-1,-1,1
ffhq_10133,/Users/aryanmalla/PycharmProjects/Skin-Care-AI/dataset_sources/extracted/ffhq_wrinkle/images/Part2/10133.png,ffhq_wrinkle,ffhq,ffhq_10133,full_face,test,-1,-1,-1,-1,1
ffhq_10134,/Users/aryanmalla/PycharmProjects/Skin-Care-AI/dataset_sources/extracted/ffhq_wrinkle/images/Part2/10134.png,ffhq_wrinkle,ffhq,ffhq_10134,full_face,train,-1,-1,-1,-1,1
ffhq_10135,/Users/aryanmalla/PycharmProjects/Skin-Care-AI/dataset_sources/extracted/ffhq_wrinkle/images/Part2/10135.png,ffhq_wrinkle,ffhq,ffhq_10135,full_face,train,-1,-1,-1,-1,1
ffhq_10144,/Users/aryanmalla/PycharmProjects/Skin-Care-AI/dataset_sources/extracted/ffhq_wrinkle/images/Part2/10144.png,ffhq_wrinkle,ffhq,ffhq_10144,full_face,test,-1,-1,-1,-1,1
ffhq_10147,/Users/aryanmalla/PycharmProjects/Skin-Care-AI/dataset_sources/extracted/ffhq_wrinkle/images/Part2/10147.png,ffhq_wrinkle,ffhq,ffhq_10147,full_face,test,-1,-1,-1,-1,1
ffhq_10149,/Users/aryanmalla/PycharmProjects/Skin-Care-AI/dataset_sources/extracted/ffhq_wrinkle/images/Part2/10149.png,ffhq_wrinkle,ffhq,ffhq_10149,full_face,train,-1,-1,-1,-1,-1
ffhq_10155,/Users/aryanmalla/PycharmProjects/Skin-Care-AI/dataset_sources/extracted/ffhq_wrinkle/images/Part2/10155.png,ffhq_wrinkle,ffhq,ffhq_10155,full_face,train,-1,-1,-1,-1,1
ffhq_10159,/Users/aryanmalla/PycharmProjects/Skin-Care-AI/dataset_sources/extracted/ffhq_wrinkle/images/Part2/10159.png,ffhq_wrinkle,ffhq,ffhq_10159,full_face,test,-1,-1,-1,-1,1
ffhq_10171,/Users/aryanmalla/PycharmProjects/Skin-Care-AI/dataset_sources/extracted/ffhq_wrinkle/images/Part2/10171.png,ffhq_wrinkle,ffhq,ffhq_10171,full_face,validation,-1,-1,-1,-1,1
ffhq_10175,/Users/aryanmalla/PycharmProjects/Skin-Care-AI/dataset_sources/extracted/ffhq_wrinkle/images/Part2/10175.png,ffhq_wrinkle,ffhq,ffhq_10175,full_face,train,-1,-1,-1,-1,1
ffhq_10180,/Users/aryanmalla/PycharmProjects/Skin-Care-AI/dataset_sources/extracted/ffhq_wrinkle/images/Part2/10180.png,ffhq_wrinkle,ffhq,ffhq_10180,full_face,train,-1,-1,-1,-1,1
ffhq_10190,/Users/aryanmalla/PycharmProjects/Skin-Care-AI/dataset_sources/extracted/ffhq_wrinkle/images/Part2/10190.png,ffhq_wrinkle,ffhq,ffhq_10190,full_face,train,-1,-1,-1,-1,1
ffhq_10191,/Users/aryanmalla/PycharmProjects/Skin-Care-AI/dataset_sources/extracted/ffhq_wrinkle/images/Part2/10191.png,ffhq_wrinkle,ffhq,ffhq_10191,full_face,train,-1,-1,-1,-1,-1
ffhq_10193,/Users/aryanmalla/PycharmProjects/Skin-Care-AI/dataset_sources/extracted/ffhq_wrinkle/images/Part2/10193.png,ffhq_wrinkle,ffhq,ffhq_10193,full_face,test,-1,-1,-1,-1,1
ffhq_10201,/Users/aryanmalla/PycharmProjects/Skin-Care-AI/dataset_sources/extracted/ffhq_wrinkle/images/Part2/10201.png,ffhq_wrinkle,ffhq,ffhq_10201,full_face,train,-1,-1,-1,-1,1
ffhq_10203,/Users/aryanmalla/PycharmProjects/Skin-Care-AI/dataset_sources/extracted/ffhq_wrinkle/images/Part2/10203.png,ffhq_wrinkle,ffhq,ffhq_10203,full_face,validation,-1,-1,-1,-1,-1
ffhq_10205,/Users/aryanmalla/PycharmProjects/Skin-Care-AI/dataset_sources/extracted/ffhq_wrinkle/images/Part2/10205.png,ffhq_wrinkle,ffhq,ffhq_10205,full_face,validation,-1,-1,-1,-1,1
ffhq_10208,/Users/aryanmalla/PycharmProjects/Skin-Care-AI/dataset_sources/extracted/ffhq_wrinkle/images/Part2/10208.png,ffhq_wrinkle,ffhq,ffhq_10208,full_face,test,-1,-1,-1,-1,-1
ffhq_10209,/Users/aryanmalla/PycharmProjects/Skin-Care-AI/dataset_sources/extracted/ffhq_wrinkle/images/Part2/10209.png,ffhq_wrinkle,ffhq,ffhq_10209,full_face,train,-1,-1,-1,-1,1
ffhq_10210,/Users/aryanmalla/PycharmProjects/Skin-Care-AI/dataset_sources/extracted/ffhq_wrinkle/images/Part2/10210.png,ffhq_wrinkle,ffhq,ffhq_10210,full_face,train,-1,-1,-1,-1,1
ffhq_10213,/Users/aryanmalla/PycharmProjects/Skin-Care-AI/dataset_sources/extracted/ffhq_wrinkle/images/Part2/10213.png,ffhq_wrinkle,ffhq,ffhq_10213,full_face,train,-1,-1,-1,-1,1
ffhq_10216,/Users/aryanmalla/PycharmProjects/Skin-Care-AI/dataset_sources/extracted/ffhq_wrinkle/images/Part2/10216.png,ffhq_wrinkle,ffhq,ffhq_10216,full_face,train,-1,-1,-1,-1,-1
ffhq_10221,/Users/aryanmalla/PycharmProjects/Skin-Care-AI/dataset_sources/extracted/ffhq_wrinkle/images/Part2/10221.png,ffhq_wrinkle,ffhq,ffhq_10221,full_face,train,-1,-1,-1,-1,1
ffhq_10234,/Users/aryanmalla/PycharmProjects/Skin-Care-AI/dataset_sources/extracted/ffhq_wrinkle/images/Part2/10234.png,ffhq_wrinkle,ffhq,ffhq_10234,full_face,train,-1,-1,-1,-1,1
ffhq_10239,/Users/aryanmalla/PycharmProjects/Skin-Care-AI/dataset_sources/extracted/ffhq_wrinkle/images/Part2/10239.png,ffhq_wrinkle,ffhq,ffhq_10239,full_face,validation,-1,-1,-1,-1,1
ffhq_10242,/Users/aryanmalla/PycharmProjects/Skin-Care-AI/dataset_sources/extracted/ffhq_wrinkle/images/Part2/10242.png,ffhq_wrinkle,ffhq,ffhq_10242,full_face,validation,-1,-1,-1,-1,-1
ffhq_10249,/Users/aryanmalla/PycharmProjects/Skin-Care-AI/dataset_sources/extracted/ffhq_wrinkle/images/Part2/10249.png,ffhq_wrinkle,ffhq,ffhq_10249,full_face,train,-1,-1,-1,-1,-1
ffhq_10252,/Users/aryanmalla/PycharmProjects/Skin-Care-AI/dataset_sources/extracted/ffhq_wrinkle/images/Part2/10252.png,ffhq_wrinkle,ffhq,ffhq_10252,full_face,test,-1,-1,-1,-1,1
ffhq_10256,/Users/aryanmalla/PycharmProjects/Skin-Care-AI/dataset_sources/extracted/ffhq_wrinkle/images/Part2/10256.png,ffhq_wrinkle,ffhq,ffhq_10256,full_face,train,-1,-1,-1,-1,-1
ffhq_10258,/Users/aryanmalla/PycharmProjects/Skin-Care-AI/dataset_sources/extracted/ffhq_wrinkle/images/Part2/10258.png,ffhq_wrinkle,ffhq,ffhq_10258,full_face,test,-1,-1,-1,-1,1
ffhq_10259,/Users/aryanmalla/PycharmProjects/Skin-Care-AI/dataset_sources/extracted/ffhq_wrinkle/images/Part2/10259.png,ffhq_wrinkle,ffhq,ffhq_10259,full_face,validation,-1,-1,-1,-1,-1
ffhq_10275,/Users/aryanmalla/PycharmProjects/Skin-Care-AI/dataset_sources/extracted/ffhq_wrinkle/images/Part2/10275.png,ffhq_wrinkle,ffhq,ffhq_10275,full_face,train,-1,-1,-1,-1,1
ffhq_10276,/Users/aryanmalla/PycharmProjects/Skin-Care-AI/dataset_sources/extracted/ffhq_wrinkle/images/Part2/10276.png,ffhq_wrinkle,ffhq,ffhq_10276,full_face,validation,-1,-1,-1,-1,-1
ffhq_10278,/Users/aryanmalla/PycharmProjects/Skin-Care-AI/dataset_sources/extracted/ffhq_wrinkle/images/Part2/10278.png,ffhq_wrinkle,ffhq,ffhq_10278,full_face,validation,-1,-1,-1,-1,1
ffhq_10280,/Users/aryanmalla/PycharmProjects/Skin-Care-AI/dataset_sources/extracted/ffhq_wrinkle/images/Part2/10280.png,ffhq_wrinkle,ffhq,ffhq_10280,full_face,test,-1,-1,-1,-1,-1
ffhq_10282,/Users/aryanmalla/PycharmProjects/Skin-Care-AI/dataset_sources/extracted/ffhq_wrinkle/images/Part2/10282.png,ffhq_wrinkle,ffhq,ffhq_10282,full_face,validation,-1,-1,-1,-1,1
ffhq_10285,/Users/aryanmalla/PycharmProjects/Skin-Care-AI/dataset_sources/extracted/ffhq_wrinkle/images/Part2/10285.png,ffhq_wrinkle,ffhq,ffhq_10285,full_face,test,-1,-1,-1,-1,-1
ffhq_10286,/Users/aryanmalla/PycharmProjects/Skin-Care-AI/dataset_sources/extracted/ffhq_wrinkle/images/Part2/10286.png,ffhq_wrinkle,ffhq,ffhq_10286,full_face,train,-1,-1,-1,-1,1
ffhq_10287,/Users/aryanmalla/PycharmProjects/Skin-Care-AI/dataset_sources/extracted/ffhq_wrinkle/images/Part2/10287.png,ffhq_wrinkle,ffhq,ffhq_10287,full_face,train,-1,-1,-1,-1,1
ffhq_10292,/Users/aryanmalla/PycharmProjects/Skin-Care-AI/dataset_sources/extracted/ffhq_wrinkle/images/Part2/10292.png,ffhq_wrinkle,ffhq,ffhq_10292,full_face,train,-1,-1,-1,-1,1
ffhq_10293,/Users/aryanmalla/PycharmProjects/Skin-Care-AI/dataset_sources/extracted/ffhq_wrinkle/images/Part2/10293.png,ffhq_wrinkle,ffhq,ffhq_10293,full_face,validation,-1,-1,-1,-1,-1
ffhq_10299,/Users/aryanmalla/PycharmProjects/Skin-Care-AI/dataset_sources/extracted/ffhq_wrinkle/images/Part2/10299.png,ffhq_wrinkle,ffhq,ffhq_10299,full_face,train,-1,-1,-1,-1,-1
ffhq_10303,/Users/aryanmalla/PycharmProjects/Skin-Care-AI/dataset_sources/extracted/ffhq_wrinkle/images/Part2/10303.png,ffhq_wrinkle,ffhq,ffhq_10303,full_face,test,-1,-1,-1,-1,1
ffhq_10307,/Users/aryanmalla/PycharmProjects/Skin-Care-AI/dataset_sources/extracted/ffhq_wrinkle/images/Part2/10307.png,ffhq_wrinkle,ffhq,ffhq_10307,full_face,test,-1,-1,-1,-1,-1
ffhq_10309,/Users/aryanmalla/PycharmProjects/Skin-Care-AI/dataset_sources/extracted/ffhq_wrinkle/images/Part2/10309.png,ffhq_wrinkle,ffhq,ffhq_10309,full_face,test,-1,-1,-1,-1,-1
ffhq_10317,/Users/aryanmalla/PycharmProjects/Skin-Care-AI/dataset_sources/extracted/ffhq_wrinkle/images/Part2/10317.png,ffhq_wrinkle,ffhq,ffhq_10317,full_face,train,-1,-1,-1,-1,-1
ffhq_10318,/Users/aryanmalla/PycharmProjects/Skin-Care-AI/dataset_sources/extracted/ffhq_wrinkle/images/Part2/10318.png,ffhq_wrinkle,ffhq,ffhq_10318,full_face,train,-1,-1,-1,-1,1
ffhq_10323,/Users/aryanmalla/PycharmProjects/Skin-Care-AI/dataset_sources/extracted/ffhq_wrinkle/images/Part2/10323.png,ffhq_wrinkle,ffhq,ffhq_10323,full_face,train,-1,-1,-1,-1,1
ffhq_10326,/Users/aryanmalla/PycharmProjects/Skin-Care-AI/dataset_sources/extracted/ffhq_wrinkle/images/Part2/10326.png,ffhq_wrinkle,ffhq,ffhq_10326,full_face,train,-1,-1,-1,-1,1
ffhq_10329,/Users/aryanmalla/PycharmProjects/Skin-Care-AI/dataset_sources/extracted/ffhq_wrinkle/images/Part2/10329.png,ffhq_wrinkle,ffhq,ffhq_10329,full_face,train,-1,-1,-1,-1,0
ffhq_10334,/Users/aryanmalla/PycharmProjects/Skin-Care-AI/dataset_sources/extracted/ffhq_wrinkle/images/Part2/10334.png,ffhq_wrinkle,ffhq,ffhq_10334,full_face,train,-1,-1,-1,-1,1
ffhq_10338,/Users/aryanmalla/PycharmProjects/Skin-Care-AI/dataset_sources/extracted/ffhq_wrinkle/images/Part2/10338.png,ffhq_wrinkle,ffhq,ffhq_10338,full_face,test,-1,-1,-1,-1,0
ffhq_10341,/Users/aryanmalla/PycharmProjects/Skin-Care-AI/dataset_sources/extracted/ffhq_wrinkle/images/Part2/10341.png,ffhq_wrinkle,ffhq,ffhq_10341,full_face,train,-1,-1,-1,-1,1
ffhq_10353,/Users/aryanmalla/PycharmProjects/Skin-Care-AI/dataset_sources/extracted/ffhq_wrinkle/images/Part2/10353.png,ffhq_wrinkle,ffhq,ffhq_10353,full_face,train,-1,-1,-1,-1,1
ffhq_10360,/Users/aryanmalla/PycharmProjects/Skin-Care-AI/dataset_sources/extracted/ffhq_wrinkle/images/Part2/10360.png,ffhq_wrinkle,ffhq,ffhq_10360,full_face,train,-1,-1,-1,-1,1
ffhq_10376,/Users/aryanmalla/PycharmProjects/Skin-Care-AI/dataset_sources/extracted/ffhq_wrinkle/images/Part2/10376.png,ffhq_wrinkle,ffhq,ffhq_10376,full_face,train,-1,-1,-1,-1,-1
ffhq_10387,/Users/aryanmalla/PycharmProjects/Skin-Care-AI/dataset_sources/extracted/ffhq_wrinkle/images/Part2/10387.png,ffhq_wrinkle,ffhq,ffhq_10387,full_face,train,-1,-1,-1,-1,1
ffhq_10389,/Users/aryanmalla/PycharmProjects/Skin-Care-AI/dataset_sources/extracted/ffhq_wrinkle/images/Part2/10389.png,ffhq_wrinkle,ffhq,ffhq_10389,full_face,test,-1,-1,-1,-1,-1
ffhq_10392,/Users/aryanmalla/PycharmProjects/Skin-Care-AI/dataset_sources/extracted/ffhq_wrinkle/images/Part2/10392.png,ffhq_wrinkle,ffhq,ffhq_10392,full_face,train,-1,-1,-1,-1,1
ffhq_10403,/Users/aryanmalla/PycharmProjects/Skin-Care-AI/dataset_sources/extracted/ffhq_wrinkle/images/Part2/10403.png,ffhq_wrinkle,ffhq,ffhq_10403,full_face,test,-1,-1,-1,-1,1
ffhq_10414,/Users/aryanmalla/PycharmProjects/Skin-Care-AI/dataset_sources/extracted/ffhq_wrinkle/images/Part2/10414.png,ffhq_wrinkle,ffhq,ffhq_10414,full_face,train,-1,-1,-1,-1,1
ffhq_10415,/Users/aryanmalla/PycharmProjects/Skin-Care-AI/dataset_sources/extracted/ffhq_wrinkle/images/Part2/10415.png,ffhq_wrinkle,ffhq,ffhq_10415,full_face,train,-1,-1,-1,-1,1
ffhq_10416,/Users/aryanmalla/PycharmProjects/Skin-Care-AI/dataset_sources/extracted/ffhq_wrinkle/images/Part2/10416.png,ffhq_wrinkle,ffhq,ffhq_10416,full_face,validation,-1,-1,-1,-1,1
ffhq_10421,/Users/aryanmalla/PycharmProjects/Skin-Care-AI/dataset_sources/extracted/ffhq_wrinkle/images/Part2/10421.png,ffhq_wrinkle,ffhq,ffhq_10421,full_face,validation,-1,-1,-1,-1,1
ffhq_10422,/Users/aryanmalla/PycharmProjects/Skin-Care-AI/dataset_sources/extracted/ffhq_wrinkle/images/Part2/10422.png,ffhq_wrinkle,ffhq,ffhq_10422,full_face,train,-1,-1,-1,-1,1
ffhq_21007,/Users/aryanmalla/PycharmProjects/Skin-Care-AI/dataset_sources/extracted/ffhq_wrinkle/images/Part3/21007.png,ffhq_wrinkle,ffhq,ffhq_21007,full_face,test,-1,-1,-1,-1,1
ffhq_21008,/Users/aryanmalla/PycharmProjects/Skin-Care-AI/dataset_sources/extracted/ffhq_wrinkle/images/Part3/21008.png,ffhq_wrinkle,ffhq,ffhq_21008,full_face,train,-1,-1,-1,-1,1
ffhq_21015,/Users/aryanmalla/PycharmProjects/Skin-Care-AI/dataset_sources/extracted/ffhq_wrinkle/images/Part3/21015.png,ffhq_wrinkle,ffhq,ffhq_21015,full_face,validation,-1,-1,-1,-1,1
ffhq_21022,/Users/aryanmalla/PycharmProjects/Skin-Care-AI/dataset_sources/extracted/ffhq_wrinkle/images/Part3/21022.png,ffhq_wrinkle,ffhq,ffhq_21022,full_face,train,-1,-1,-1,-1,0
ffhq_21024,/Users/aryanmalla/PycharmProjects/Skin-Care-AI/dataset_sources/extracted/ffhq_wrinkle/images/Part3/21024.png,ffhq_wrinkle,ffhq,ffhq_21024,full_face,train,-1,-1,-1,-1,1
ffhq_21026,/Users/aryanmalla/PycharmProjects/Skin-Care-AI/dataset_sources/extracted/ffhq_wrinkle/images/Part3/21026.png,ffhq_wrinkle,ffhq,ffhq_21026,full_face,train,-1,-1,-1,-1,-1
ffhq_21030,/Users/aryanmalla/PycharmProjects/Skin-Care-AI/dataset_sources/extracted/ffhq_wrinkle/images/Part3/21030.png,ffhq_wrinkle,ffhq,ffhq_21030,full_face,validation,-1,-1,-1,-1,1
ffhq_21032,/Users/aryanmalla/PycharmProjects/Skin-Care-AI/dataset_sources/extracted/ffhq_wrinkle/images/Part3/21032.png,ffhq_wrinkle,ffhq,ffhq_21032,full_face,test,-1,-1,-1,-1,1
ffhq_21033,/Users/aryanmalla/PycharmProjects/Skin-Care-AI/dataset_sources/extracted/ffhq_wrinkle/images/Part3/21033.png,ffhq_wrinkle,ffhq,ffhq_21033,full_face,validation,-1,-1,-1,-1,1
ffhq_21035,/Users/aryanmalla/PycharmProjects/Skin-Care-AI/dataset_sources/extracted/ffhq_wrinkle/images/Part3/21035.png,ffhq_wrinkle,ffhq,ffhq_21035,full_face,test,-1,-1,-1,-1,1
