id,name,sku_code,brand_name,price,discount_percent,avg_rating,rating_count,review_count,sold_out,has_variants,image_url
110457,FAIRY SKIN TINTED SUNSCREEN SPF 50 PA ++++ SHEER COVERAGE- 50 GM,JEEV-HB-1AB188,FAIRY SKIN,1495,13.713,4.6,32,16,False,False,https://stod.jeevee.com/whetstone-products/jeevee_erp/2026-06-04/a4/a4d6a24c2dcdb6186ab9c18f71d73f36cec74f76
66180,MINIMALIST LIGHT FLUID SPF 50 FACE SUNSCREEN - 50ML,JEEV-HB-6F9250,MINIMALIST,801,4.994,4.5,31,16,False,False,https://stod.jeevee.com/whetstone-products/jeevee_erp/2026-05-28/3c/3c813dba6b591a047b749fef222228e11c96a0db
28131,MINIMALIST 10% VITAMIN B5 GEL FACE MOISTURIZER 50G,JEEV-HB-5A9EB9,MINIMALIST,561,4.999,4.6,132,63,False,False,https://stod.jeevee.com/whetstone-products/jeevee_erp/2026-05-28/fc/fcf957a13ba2f0cebfd13a9fd5196474357f8f7d
38695,CHEMIST AT PLAY EXFOLIATING BODY WASH 236ML,JEEV-HB-F58001,CHEMIST AT PLAY,638.4,6.999,4.7,45,11,False,False,https://stod.jeevee.com/whetstone-products/jeevee_erp/2026-04-21/2c/2cbcb1f0d9ec815193a463cc50c64bbde5de1fa6
34904,BEAUTY OF JOSEON SPF 50 RELIEF SUN CREAM: RICE + PROBIOTICS - 50ML,JEEV-HB-66966B,BEAUTY OF JOSEON,2385,12.369,4.9,91,37,False,False,https://stod.jeevee.com/whetstone-products/jeevee_erp/2025-10-08/85/85554ef8653c0778fa72572981b94eb169943d13
28081,MINIMALIST Vitamin C 10% Face Serum 30ml,JEEV-HB-C7D64E,MINIMALIST,1118.4,4.999,4.5,128,52,False,False,https://stod.jeevee.com/whetstone-products/jeevee_erp/2025-09-23/7f/7f4acf02119e6b58b12f69bdc318d9af974734c5
38351,PLUM RICE WATER & NIACINAMIDE 2% HYBRID SUNSCREEN 50 GM,JEEV-HB-9EFD9C,PLUM,639,10,4.4,63,21,False,False,https://stod.jeevee.com/whetstone-products/jeevee_erp/2026-06-22/22/22c4bb4770ca3f6fc628ff1bd21db8d1d00e357b
28091,MINIMALIST SUNSCREEN CREAM SPF 50 LIGHTWEIGHT 50GM,JEEV-HB-D575D1,MINIMALIST,641,5.001,4.4,162,76,False,False,https://stod.jeevee.com/whetstone-products/jeevee_erp/2026-05-28/1e/1e6425fbe343b2eea3489e5c29b3fb9a79ee1c1d
1264,KLEIDA SKIN LIGHTENING MOISTURISER 100GM,JEEV-HB-C07CFD,KLEIDA,1195,6.999,4.4,125,50,False,False,https://stod.jeevee.com/whetstone-products/jeevee_erp/2025-11-24/e9/e99a558c0d24a501ee7f1e08ca61f5c0f721217b
25443,MAMAEARTH RICE FACE WASH WITH RICE WATER & NIACINAMIDE 100ML,JEEV-HB-9B432C,MAMAEARTH,430.4,8,4.4,58,27,False,False,https://stod.jeevee.com/whetstone-products/jeevee_erp/2026-04-21/e6/e6edb91835aefb3c1f22b46ab3a8094babd54e0a
127988,MAMAEARTH RICE WATER DEWY FACE TONER & 4% NIACINAMIDE 150ML,JEEV-HB-6D9C1C,MAMAEARTH,686.4,7.999,4.8,5,1,False,False,https://stod.jeevee.com/whetstone-products/jeevee_erp/2026-04-21/ea/ea3b7c6b6c3e3604697964aa1c25460aa8701ee6
82326,MEDICUBE – PDRN PINK COLLAGEN GEL MASK [28G X 1 SHEET],JEEV-HB-04F874,MEDICUBE,700,7.143,5,4,1,False,False,https://stod.jeevee.com/whetstone-products/jeevee_erp/2025-03-14/9d/9d7e95be6c84636051934be11dba48c73b123376
22262,CHEMIST AT PLAY BRIGHTENING BODY WASH - 236ML (3% CAMU CAMU & ALPHA ARBUTIN),JEEV-HB-C4E16A,CHEMIST AT PLAY,558.4,7,4.3,14,4,False,False,https://stod.jeevee.com/whetstone-products/jeevee_erp/2024-01-25/03/03316df6ebd2e694719db8641bbc6a338803a281
20583,COSRX – ADVANCED SNAIL 96 MUCIN POWER ESSENCE 100ML,JEEV-HB-90403D,COSRX,2480,11.694,4.7,244,96,False,False,https://stod.jeevee.com/whetstone-products/jeevee_erp/2025-02-04/13/13c9f6469fdf0199f899c43845e6f2b6e562d0db
897,FIXDERMA SHADOW SPF 50+ CREAM 75GM,JEEV-HB-0CB663,FIXDERMA,880,14.772,4.6,204,70,False,False,https://stod.jeevee.com/whetstone-products/jeevee_erp/2025-05-29/f4/f49e7e14935118a5bbc59cde9e411614974a6594
28132,MINIMALIST 2% SALICYLIC ACID FACE WASH FOR OILY SKIN 100ML,JEEV-HB-6253F1,MINIMALIST,478.4,5,4.6,139,70,False,False,https://stod.jeevee.com/whetstone-products/jeevee_erp/2026-05-28/01/01bd404ce2903afbd7f747e1c937138fc8b1d5b9
28090,MINIMALIST 16% VITAMIN C FACE SERUM 20ML,JEEV-HB-AE4903,MINIMALIST,961,5,4.6,80,34,False,False,https://stod.jeevee.com/whetstone-products/jeevee_erp/2023-01-12/72/72bff61bcc20958517f2e9e0bb0c46e813f1077d
38703,CHEMIST AT PLAY EXFOLIATING BODY SCRUB 75GM,JEEV-HB-A78365,CHEMIST AT PLAY,558.4,7,4.4,20,8,False,False,https://stod.jeevee.com/whetstone-products/jeevee_erp/2024-01-25/df/dfdfed787d0067781915ff1a2255c1f701df5b38
85407,PILGRIM KOREAN RICE WATER HYDRA GLOW MOISTURIZER - 100GM,JEEV-HB-975594,PILGRIM,632,7.999,4.5,12,4,False,False,https://stod.jeevee.com/whetstone-products/jeevee_erp/2025-05-07/08/081c20a6972a92da1149455cd3b2b66f0c7d0c44
1263,KLEIDA FOAMING FACEWASH - 100GM,JEEV-HB-D91CAE,KLEIDA,645,7.001,4.5,85,29,False,False,https://stod.jeevee.com/whetstone-products/jeevee_erp/2026-01-30/e1/e11aa99cfcf2f4f679f83861cf12ea7dc3c16fac
10606,"THE DERMA CO 10% NIACINAMIDE SERUM, 30ML",JEEV-HB-BA993E,THE DERMA CO,959,8,4.6,268,95,False,False,https://stod.jeevee.com/whetstone-products/jeevee_erp/2026-06-28/b6/b6a24174c1e8cb5b2026ddfb50c86321378cc7a7
28082,MINIMALIST 2% SALICYLIC ACID SERUM 30ML,JEEV-HB-BA2319,MINIMALIST,881,5.001,4.5,91,42,False,False,https://stod.jeevee.com/whetstone-products/jeevee_erp/2025-10-14/b3/b31e3a0bbcdbfd2376f21362034f099b24367bb9
44798,THE DERMA CO 1% HYALURONIC SUNSCREEN AQUA GEL 80G,JEEV-HB-B5DB73,THE DERMA CO,1038.4,8.001,4.8,28,13,False,False,https://stod.jeevee.com/whetstone-products/jeevee_erp/2026-06-28/65/659953c5efbbc94674fc81d6ff6aa5430b7e8c12
28508,MINIMALIST MARULA OIL 5% FACE MOISTURIZER FOR DRY SKIN 50G,JEEV-HB-C69533,MINIMALIST,481,4.999,4.7,59,25,False,False,https://stod.jeevee.com/whetstone-products/jeevee_erp/2023-02-12/ad/ad260a4358a448037f730c663941da7c7d3e87a1
28087,MINIMALIST 0.3% RETINOL FACE SERUM 30ML,JEEV-HB-0045CB,MINIMALIST,959,5,4.6,116,44,False,False,https://stod.jeevee.com/whetstone-products/jeevee_erp/2023-01-12/c8/c836cef3187c1dfe44727e3d567e088077bb48c8
21691,"THE DERMA CO. 10% VITAMIN C FACE SERUM, 30ML",JEEV-HB-B82847,THE DERMA CO,1039,8,4.3,174,62,False,False,https://stod.jeevee.com/whetstone-products/jeevee_erp/2026-04-21/0d/0dc7184913d2b409d300df941ed7ccdecfc4578d
109540,PILGRIM KOREAN RICE WATER HYDRA GLOW GEL FACEWASH -100ML,JEEV-HB-B01946,PILGRIM,392,7.999,5,2,0,False,False,https://stod.jeevee.com/whetstone-products/jeevee_erp/2026-06-28/3f/3f547e24db48da94bf48b17d52f6e5364e17c5af
145056,CETAPHIL CANADA GENTLE SKIN CLEANSER 250ML,JEEV-HB-423FAC,CETAPHIL,1325,5,0,0,0,False,False,https://stod.jeevee.com/whetstone-products/jeevee_erp/2026-06-03/b6/b664f9fcdb040d8049f11ec17176a626909a84da
69982,PILGRIM 5 CERAMIDES BARRIER REPAIR MOISTURIZER - 100G,JEEV-HB-3442DA,PILGRIM,632,7.999,4.7,44,17,False,False,https://stod.jeevee.com/whetstone-products/jeevee_erp/2025-10-14/b6/b625dde6e27599e7e23c3e928ca353390be86dfe
145057,CETAPHIL CANADA GENTLE SKIN CLEANSER 500ML,JEEV-HB-F616FB,CETAPHIL,2190,5,5,1,0,False,False,https://stod.jeevee.com/whetstone-products/jeevee_erp/2026-06-03/9b/9ba164b81b8b1317dc0b031b4d7e7d48f2a53060
38780,AXIS-Y DARK SPOT CORRECTING GLOW SERUM 50ML,JEEV-HB-41B51B,AXIS-Y,2300,6.522,4.6,24,9,False,False,https://stod.jeevee.com/whetstone-products/jeevee_erp/2024-02-07/15/153fc9991cb5a07ad8c402ae2363d2f42ae22951
78359,MAMAEARTH RICE LIGHT MOISTURIZING CREAM 200 G,JEEV-HB-91584C,MAMAEARTH,638.4,8.001,5,6,4,False,False,https://stod.jeevee.com/whetstone-products/jeevee_erp/2026-04-21/8c/8c8d720e083f145ab6dcbbddaad88526f9f1b7ba
66121,PILGRIM 10% VITAMIN C FACE SERUM FOR TRIPLE GLOW+++ 30ML,JEEV-HB-F9E858,PILGRIM,1032,8,4.9,15,7,False,False,https://stod.jeevee.com/whetstone-products/jeevee_erp/2026-04-21/e0/e0d871373f8ffb5fc4157f1a03f3acd2a79b7a56
40947,PILGRIM 2% NIACINAMIDE GLOW SUNSCREEN SPF 50 PA+++ - 50G,JEEV-HB-5E871E,PILGRIM,712,8,4.2,22,7,False,False,https://stod.jeevee.com/whetstone-products/jeevee_erp/2025-11-24/7c/7c46e781a811719a0dc852d4ae8207b17dffe66d
127989,MAMAEARTH RICE OIL FREE FACE MOISTURIZER 80GM,JEEV-HB-3D4122,MAMAEARTH,510.4,8,4,3,1,False,False,https://stod.jeevee.com/whetstone-products/jeevee_erp/2026-03-17/79/792fe009f421dadaf5b214489b34880dea4172e9
109847,CHEMIST AT PLAY ODOUR CONTROL BODY WASH-236ML,JEEV-HB-8CDD79,CHEMIST AT PLAY,638.4,7,5,2,1,False,False,https://stod.jeevee.com/whetstone-products/jeevee_erp/2025-11-25/2e/2e02ce66937e232043adf5ad2f59e5da81a2d282
145060,CETAPHIL CANADA MOISTURIZING CREAM 453G,JEEV-HB-7B8F78,CETAPHIL,3100,5,0,0,0,False,False,https://stod.jeevee.com/whetstone-products/jeevee_erp/2026-06-03/c8/c81445ffa32d4f69ace7138687c7587c020d9954
34205,DR. SHETH’S CERAMIDE & VITAMIN C OIL-FREE MOISTURIZER - 50G,JEEV-HB-52BABE,DR. SHETH'S,558.4,7.999,4.5,54,17,False,False,https://stod.jeevee.com/whetstone-products/jeevee_erp/2026-04-21/55/55599d3cbc2b9b9911e195e9e42b1a5046bbd200
41230,DR. SHETH’S CERAMIDE & VITAMIN C SUNSCREEN-80G,JEEV-HB-5D41A7,DR. SHETH'S,1119.45,8,4.8,6,1,False,False,https://stod.jeevee.com/whetstone-products/jeevee_erp/2026-04-21/93/935e0b9c912a128c9a7aa78ce8d634a68fa8e4a1
40212,ANUA HEARTLEAF PORE CONTROL CLEANSING OIL- 200ML,JEEV-HB-D6D961,ANUA,3100,7.097,4.9,12,5,False,False,https://stod.jeevee.com/whetstone-products/jeevee_erp/2024-05-05/be/be99870ff440acdefce84c7a8e1efe2e5849e4c8
7617,"SUNPLAY SKIN AQUA CLEAR WHITE GEL, 55GM",JEEV-HB-9DC5A8,SUNPLAY,1075,,4.7,25,7,False,False,https://stod.jeevee.com/whetstone-products/jeevee_erp/2026-04-21/82/82b5d8faab1c8dea704914da5cc136f005ab8133
1144,Cetaphil Moisturising Cream (250g),JEEV-HB-F9B232,CETAPHIL,2398.4,5,4.5,91,36,False,False,https://stod.jeevee.com/whetstone-products/jeevee_erp/2022-10-20/ea/ea1d73cce35b40b99b54f1870f11ffb61b33ce76
25208,HADA LABO ADVANCED NOURISH CLEANSING OIL 200ML,JEEV-HB-CA186A,HADA LABO,1750,20,4.2,24,15,False,False,https://stod.jeevee.com/whetstone-products/jeevee_erp/2026-04-21/ef/ef0c8874b70f070bdec9d4324890d50b6956013a
28262,MINIMALIST MULTI PEPTIDE NIGHT FACE SERUM 30 ML,JEEV-HB-D56E5E,MINIMALIST,1118.4,4.999,4.7,43,14,False,False,https://stod.jeevee.com/whetstone-products/jeevee_erp/2023-01-31/d5/d50b83908080843cce1ca4e9dd3d85b87dbaba74
34443,AQUALOGICA GLOW+ DEWY GEL SUNSCREEN WITH SPF 50+ PA++++ - 80G,JEEV-HB-198233,AQUALOGICA,959,6.999,4.3,32,19,False,False,https://stod.jeevee.com/whetstone-products/jeevee_erp/2026-05-17/ef/eff6482777ac91362637215e76538d828719b5ee
44791,AQUALOGICA 5 BARRIER + HYDRA GEL MOISTURIZER 200GM,JEEV-HB-B77584,AQUALOGICA,799,7.001,4.3,16,9,False,False,https://stod.jeevee.com/whetstone-products/jeevee_erp/2026-04-21/6a/6a7969bac298ab6ba26fc82fd3ce1599b9d1c149
31533,THE DERMA CO C-CINAMIDE RADIANCE SUNSCREEN AQUA GEL 50G,JEEV-HB-8CA219,THE DERMA CO,799,8.001,4.5,39,13,False,False,https://stod.jeevee.com/whetstone-products/jeevee_erp/2023-05-11/3c/3c2384b0813e8c28b0c8926039ef59fb555785f8
145058,CETAPHIL CANADA OILY SKIN CLEANSER 500ML,JEEV-HB-B3A769,CETAPHIL,2340,5,0,0,0,False,False,https://stod.jeevee.com/whetstone-products/jeevee_erp/2026-06-03/69/690f099e73876b369bc59a5f2f74f3e1c71381ab
41617,MAMAEARTH RICE WATER DEWY SUNSCREEN 50 G,JEEV-HB-840B28,MAMAEARTH,719.07,8,5,2,0,False,False,https://stod.jeevee.com/whetstone-products/jeevee_erp/2024-06-02/4d/4d25d4cbe4d29a26be20c5b812e7eee835580558
85601,SUNSCOOP CERAMIDES & RICE WATER GEL SUNSCREEN SPF 50+ PA++ 45G,JEEV-HB-19F7B6,SUNSCOOP,718,23.398,4.7,3,3,False,False,https://stod.jeevee.com/whetstone-products/jeevee_erp/2025-05-14/39/39184f60c16b13d49812e1f28b2f3307c09761dd
109431,PLUM 2% NIACINAMIDE & RICE WATER SPF 50 PA+++ SUNSCREEN-80G,JEEV-HB-8A2900,PLUM,958,10,3.7,6,5,False,False,https://stod.jeevee.com/whetstone-products/jeevee_erp/2026-04-21/ec/ec157ed0ac0439f86c5ce666833034fdc20c279b
145059,CETAPHIL CANADA DA ULTRA HYDRATING LOTION 473ML,JEEV-HB-DF791C,CETAPHIL,3300,5,0,0,0,False,False,https://stod.jeevee.com/whetstone-products/jeevee_erp/2026-06-03/f7/f73c1b1b74ca98b95857090792f000fbf1f3bada
79057,PILGRIM 99% ALOE VERA GEL - 200G,JEEV-HB-FC0D07,PILGRIM,440,8,0,0,0,False,False,https://stod.jeevee.com/whetstone-products/jeevee_erp/2025-02-04/39/3942ab4e8d8931e1a3142c004c92cadb198b7a8f
40494,PILGRIM VITAMIN C GEL FACE WASH - 100ML,JEEV-HB-9F6C42,PILGRIM,400,8,4.3,3,1,False,False,https://stod.jeevee.com/whetstone-products/jeevee_erp/2026-02-18/9d/9d37dfcc8693a6d326207661361519f27aadceaa
71686,MAMAEARTH NOURISHING TINTED NATURAL LIP BALM - VIT E & STRAWBERRY,JEEV-HB-AD42DF,MAMAEARTH,318,8.002,4.7,3,1,False,False,https://stod.jeevee.com/whetstone-products/jeevee_erp/2024-12-05/da/da6699d4b2c6765255bc4217c3a6291c5341cd01
145055,CETAPHIL CANADA MOISTURIZING LOTION 250ML,JEEV-HB-767E11,CETAPHIL,1965,5,0,0,0,False,False,https://stod.jeevee.com/whetstone-products/jeevee_erp/2026-06-01/b7/b7063a1fea7cead5c555ff10696286cf5261534b
40936,PILGRIM 1% HYALURONIC ACID AQUA SUNSCREEN GEL SPF 50 PA++++ -50G,JEEV-HB-495ED8,PILGRIM,632,7.999,3.7,6,2,False,False,https://stod.jeevee.com/whetstone-products/jeevee_erp/2026-03-20/7f/7f265caea869a000c50a2d5c71654a5fb1b63ec8
41233,DR. SHETH'S MINERAL SUNSCREEN WITH SPF 50+ & PA+++ 50GM,JEEV-HB-AD4A7D,DR. SHETH'S,1119.45,8,4.8,4,1,False,False,https://stod.jeevee.com/whetstone-products/jeevee_erp/2026-04-21/44/448adfad3c64527ce557ef5270afb12c6a0a5c61
38446,CHEMIST AT PLAY HYDRATING AND ANTI-AGING UNDEREYE CREAM - 15GM,JEEV-HB-BE25B0,CHEMIST AT PLAY,558.4,7,4.1,21,10,False,False,https://stod.jeevee.com/whetstone-products/jeevee_erp/2026-03-19/e0/e0537cd58c8355d6a77d9103bcdd220f9f8e581a
10618,"THE DERMA CO 0.3% RETINOL FACE SERUM, 30ML",JEEV-HB-EF5F71,THE DERMA CO,1280,8,4.4,57,16,False,False,https://stod.jeevee.com/whetstone-products/jeevee_erp/2026-04-21/76/76c1c31b17bc51ffcd64a170a2cf9c27d0a6a14b
9261,"PLUM CANDY MELTS VEGAN LIP BALM - MELON BUBBLE YUM, 12G",JEEV-HB-F96277,PLUM,472,10,4.8,8,1,False,False,https://stod.jeevee.com/whetstone-products/jeevee_erp/2026-04-21/fc/fc2aabbc1e96456c09c2cb9fdc73de2e857cae82
46964,CHEMIST AT PLAY EXFOLIATING TONER - 150ML,JEEV-HB-2AFE33,CHEMIST AT PLAY,719,7,3.8,4,2,False,False,https://stod.jeevee.com/whetstone-products/jeevee_erp/2024-09-06/65/657262ba633c21bce35b11cdf4db8efb2cf008e5
131927,CHEMIST AT PLAY HYDRATING AND ANTI-AGING UNDEREYE CREAM 15GM,JEEV-HB-D8232E,CHEMIST AT PLAY,558.4,7,5,1,0,False,False,https://stod.jeevee.com/whetstone-products/jeevee_erp/2026-04-07/e0/e0537cd58c8355d6a77d9103bcdd220f9f8e581a
89285,MAMAEARTH RICE DEWY BRIGHT FACE PACK 200 G,JEEV-HB-8A04D5,MAMAEARTH,798.4,8.001,5,1,1,False,False,https://stod.jeevee.com/whetstone-products/jeevee_erp/2025-07-01/dd/dd94db03ed6a97ff27ca0b241201dd4c8d9a2b74
131928,PILGRIM ARGAN SERUM 100ML,JEEV-HB-B76121,PILGRIM,800,7.999,4,1,1,False,False,https://stod.jeevee.com/whetstone-products/jeevee_erp/2026-04-07/d3/d37bd89b267d3efde7cb2dfede448606cf9815eb
82125,K-SECRET SEOUL 1988 SERUM: RETINAL LIPSOME 2% + BLACK GINSENG-30ML/1.01FL.OZ,JEEV-HB-4DDF38,K-SECRET,3300,10,3.2,4,3,False,False,https://stod.jeevee.com/whetstone-products/jeevee_erp/2025-03-09/77/772c7c3a47b4e0e0dca1577493fb65e44918147f
43482,ANUA NIACINAMIDE 10% + TXA 4% DARK SPOT SERUM-30ML,JEEV-HB-5E4B7C,ANUA,3160,12.025,4.6,19,6,True,False,https://stod.jeevee.com/whetstone-products/jeevee_erp/2025-05-05/80/80f8c5eab90a1cf314058e9d1a610f8a705043d1
87909,DR. ALTHEA – 345 RELIEF CREAM - 50ML,JEEV-HB-B27A66,DR. ALTHEA,3840,15.364,5,3,2,True,False,https://stod.jeevee.com/whetstone-products/jeevee_erp/2025-06-16/87/8713909c1cd5cdef1f37dcd5c54894b551250ef2
87007,ANUA AZELAIC ACID 10 HYALURON REDNESS SOOTHING SERUM - 30ML,JEEV-HB-E467A9,ANUA,3250,11.077,5,7,0,True,False,https://stod.jeevee.com/whetstone-products/jeevee_erp/2025-05-21/f5/f59b87121a2c909ff6fe909e954d3aeab6b656cf
70033,MEDICUBE COLLAGEN JELLY CREAM - 110ML,JEEV-HB-A23050,MEDICUBE,3500,10,5,5,4,True,False,https://stod.jeevee.com/whetstone-products/jeevee_erp/2024-11-26/13/13db45d7032eb9ca2218ca5a19fb2b2e4c6e3668
82145,"K-SECRET SEOUL 1988 EYE CREAM :RETINAL LIPOSOME 4%,FERMENTED BEAN, 30ML",JEEV-HB-C9D491,K-SECRET,2800,12.5,5,7,5,True,False,https://stod.jeevee.com/whetstone-products/jeevee_erp/2025-03-09/85/85996c47317c26d00d2efd2a3d09e4b464da1bea
26840,"DR.JK 4 VITA-C COLLAGEN SUNSCREEN CREAM, 200ML",JEEV-HB-5F5C3C,PAX MOLY,1650,39.697,4.5,260,117,True,False,https://stod.jeevee.com/whetstone-products/jeevee_erp/2024-08-13/83/834291943db243b33d3a8437429c40d797e200cc
2395,Cetaphil Moisturizing Cream (80G),JEEV-HB-76BBCC,CETAPHIL,1070.4,5.001,4.6,91,31,True,False,https://stod.jeevee.com/whetstone-products/jeevee_erp/2025-12-01/bc/bc76e94f19a6673d1020ac01cca2d9dd23cd81b3
82311,MEDICUBE AGE-R BOOSTER PRO (BLACK),JEEV-HB-D90070,MEDICUBE,49000,22.451,0,0,0,True,False,https://stod.jeevee.com/whetstone-products/jeevee_erp/2025-03-14/e2/e2dd8050a20b38487500e7f2582a96eb201cb483
8978,DR JK1 SUNSCREEN LOTION SPF50+++ 200 ML,JEEV-HB-95BEFB,PAX MOLY,1600,42.188,4.5,550,262,True,False,https://stod.jeevee.com/whetstone-products/jeevee_erp/2024-08-13/95/95a3cb93bcc854ccf2d666cd6994af79cf1652eb
70023,I'M FROM RICE TONER - 150ML,JEEV-HB-1497B9,I'M FROM,3900,24.359,5,4,1,True,False,https://stod.jeevee.com/whetstone-products/jeevee_erp/2024-11-26/d3/d39e7020daed58920c1369569777ba3dba61e6a2
130477,MEDICOS SUPER UV SUN BLOCK SPF-50+ -60ML,JEEV-HB-F83A3C,MEDICOS,1275,,0,0,0,True,False,https://stod.jeevee.com/whetstone-products/jeevee_erp/2026-04-21/9c/9c1b335246d09fc9939edb653bdbeeeb1cd5a058
32037,Cetaphil Canada Gentle Skin Cleanser (20OZ-591ml),JEEV-HB-110844,CETAPHIL,3300,5,4,1,0,True,False,https://stod.jeevee.com/whetstone-products/jeevee_erp/2023-08-27/d2/d20867105bb47767b08172bb62a3252bb2180a45
20591,COSRX- ACNE PIMPLE MASTER PATCH,JEEV-HB-13C156,COSRX,515,7.767,4.1,88,38,False,False,https://stod.jeevee.com/whetstone-products/jeevee_erp/2025-05-04/02/02b83920ac080278a196c801a9872589c75c0a6e
87350,SKIN1004 MADAGASCAR CENTELLA TONE BRIGHTENING CAPSULE AMPOULE-100ML,JEEV-HB-D6E27A,SKIN1004,2900,10.689,4.8,33,10,False,False,https://stod.jeevee.com/whetstone-products/jeevee_erp/2025-06-04/b1/b1f3498499a5f9e2ca5a9455c7d09d48f7a6ca52
86821,CELIMAX THE VITA-A RETINAL SHOT TIGHTENING BOOSTER - 15ML,JEEV-HB-3673CD,CELIMAX,2650,6.792,5,2,0,False,False,https://stod.jeevee.com/whetstone-products/jeevee_erp/2025-05-21/15/1562c5cfeb0eed68c7c40ad74688bc35ba5a2394
105524,DOT & KEY STRAWBERRY DEW TINTED SUNSCREEN SPF 50+ PA++++ - 02 WARM IVORY- 50ML,JEEV-HB-273DEA,DOT & KEY,878.4,10.001,4.9,9,5,False,False,https://stod.jeevee.com/whetstone-products/jeevee_erp/2025-10-16/6f/6f2d62d3b029d170bdd96fcb730ac431f0a697f3
42363,UBIYA DERMA SKIN THERAPY MOISTURIZER CREAM- 80GM,JEEV-HB-EFC757,UBIYA DERMA,1075,5.023,0,0,0,False,False,https://stod.jeevee.com/whetstone-products/jeevee_erp/2025-02-24/4d/4dba1a0228237f70376d29299b22ca3f18ebfde1
29789,PLUM RICE WATER & NIACINAMIDE 3% TONER 150ML,JEEV-HB-FAB169,PLUM,704,10,4.5,68,28,False,False,https://stod.jeevee.com/whetstone-products/jeevee_erp/2026-04-21/90/90eba919c44413cbf739a7ca3711af882e0d7233
14867,FIXDERMA SHADOW SPF 50+ GEL 75GM,JEEV-HB-9382CD,FIXDERMA,1000,13.001,4.7,195,63,False,False,https://stod.jeevee.com/whetstone-products/jeevee_erp/2024-02-14/90/90246ad0c7a8d29ddd74f592133a4de67e76328a
28097,MINIMALIST 2% ALPHA ARBUTIN SERUM 30ML,JEEV-HB-F119B9,MINIMALIST,879,5.001,4.4,91,37,False,False,https://stod.jeevee.com/whetstone-products/jeevee_erp/2023-01-13/7e/7eebe8134a3af46e7a5f556ec78991b435992edd
28080,MINIMALIST 10% NIACINAMIDE FACE SERUM 30ML,JEEV-HB-EEEFED,MINIMALIST,961,5,4.6,157,65,False,False,https://stod.jeevee.com/whetstone-products/jeevee_erp/2026-06-17/02/02e7c196963165312acf6cf1b4d48cc9c9422eaa
28504,MINIMALIST GENTLE CLEANSER OAT EXTRACT FOR SENSITIVE SKIN 120ML,JEEV-HB-EB41A0,MINIMALIST,481,4.999,4.7,55,27,False,False,https://stod.jeevee.com/whetstone-products/jeevee_erp/2023-02-12/8d/8d24ff58296d2e3b0585d40ea5fc0a3d1ca30d7b
70040,PURITO SEOUL MIGHTY BAMBOO PANTHENOL CREAM 100ML,JEEV-HB-1136C6,PURITO,2650,6.792,4.9,7,3,False,False,https://stod.jeevee.com/whetstone-products/jeevee_erp/2024-11-26/97/970e5b560a9f9243bd18f297c40b4c1de652c1d0
28266,MINIMALIST 3% TRANEXAMIC ACID FACE SERUM 30ML,JEEV-HB-4C5E5A,MINIMALIST,1041,5,4.4,38,18,False,False,https://stod.jeevee.com/whetstone-products/jeevee_erp/2023-01-31/98/98b44613578b98e3f20e42b2ad266b316ff752a3
14016,GARNIER SKIN ACTIVE MICELLAR WATER - 400 ML,JEEV-HB-D1D5D6,GARNIER,1100,13.636,4,2,2,False,False,https://stod.jeevee.com/whetstone-products/jeevee_erp/2025-07-11/73/73e7b0b4ff8e1270438b9a7b47373024cf938063
105523,DOT & KEY  STRAWBERRY DEW TINTED SUNSCREEN SPF 50+ PA++++ - 01 PORCELAIN - 50ML,JEEV-HB-AC999C,DOT & KEY,878.4,10.001,5,6,1,False,False,https://stod.jeevee.com/whetstone-products/jeevee_erp/2025-10-16/a3/a321f684f7ba7dcec69e26a41ebb23bf7451c924
30199,BIODERMA ATODERM CREME ULTRA NOURISHING 200ML,JEEV-HB-8F6300,BIODERMA,2200,5,4.9,12,4,False,False,https://stod.jeevee.com/whetstone-products/jeevee_erp/2025-11-09/83/83c07d3c6d8504964b916da17e769c922b8bf32c
28093,MINIMALIST 5% NIACINAMIDE DAY AND NIGHT FACE SERUM 30ML,JEEV-HB-811FA7,MINIMALIST,958.4,5,4.5,48,24,False,False,https://stod.jeevee.com/whetstone-products/jeevee_erp/2023-01-13/9f/9fb26947c8f56197f7bff59364444ab8fb95440c
39168,THE DERMA CO 2% NIACINAMIDE GENTLE SKIN CLEANSER- 125 ML,JEEV-HB-2F374D,THE DERMA CO,478.4,8,4.6,37,15,False,False,https://stod.jeevee.com/whetstone-products/jeevee_erp/2026-06-03/a0/a00f600bc889013e6f4b242f806686236d23b3a1
42358,UBIYA DERMA 5 IN 1 FACIAL SERUM- 30ML,JEEV-HB-146CB6,UBIYA DERMA,1775,5,0,0,0,False,False,https://stod.jeevee.com/whetstone-products/jeevee_erp/2025-02-24/d4/d46b7192555c592cba15b1e23b1abc2a47e4fd69
89289,UBIYA DERMA 1% HYALURONIC ACID SUNCREEN AQUA-GEL 50GM,JEEV-HB-F0C4A0,UBIYA DERMA,1118,,0,0,0,False,False,https://stod.jeevee.com/whetstone-products/jeevee_erp/2025-07-01/96/96d67560147334566647a0e01f7a823e6b7eb4a8
66623,DOT & KEY BARRIER REPAIR FACE WASH- 100 ML,JEEV-HB-93E2CF,DOT & KEY,398.4,10.001,4.1,8,4,False,False,https://stod.jeevee.com/whetstone-products/jeevee_erp/2026-04-30/19/1967729f541207a1b7d2152f2e4f587621cbe54d
38965,ACMIST MOISTURIZING CREAM GEL- 100 GM,JEEV-HB-0C168D,BRINTON,1192,6.963,4.7,32,12,False,False,https://stod.jeevee.com/whetstone-products/jeevee_erp/2024-03-01/e1/e1693c01bfa0efe7ee6d4bb1e0e5ad881fa34ae5
31235,FURR BY PEE SAFE ACNE RELIEF PATCHES (30 PATCHES),JEEV-HB-20B002,PEESAFE,478.4,5,3.6,11,5,False,False,https://stod.jeevee.com/whetstone-products/jeevee_erp/2023-05-05/c5/c5ae5a705fa100700992c8241166e6282b18decb
1757,"ACNEMOIST CREAM - FOR ACNE PRONE SKIN, 60GM",JEEV-HB-4DA0E3,CURATIO,719.2,5.006,4.6,159,64,False,False,https://stod.jeevee.com/whetstone-products/jeevee_erp/2024-03-22/c3/c3f3c46d4a27a87286147e9945f68e81da4590eb
2719,ACNE DERMA FACEWASH GEL 60GM,JEEV-HB-43A508,PIL,243.04,9.996,4.6,342,128,False,False,https://stod.jeevee.com/whetstone-products/jeevee_erp/2022-09-18/62/62709980b1c8e51c2be83e1fc99ca9488214020c
20587,COSRX ADVANCED SNAIL 92 ALL IN ONE CREAM 100 GM,JEEV-HB-74A820,COSRX,2800,14.643,4.7,66,26,False,False,https://stod.jeevee.com/whetstone-products/jeevee_erp/2022-01-26/77/7771b538e71c0faf7ce0bf6df8122563a8e0301f
66620,DOT & KEY BARRIER REPAIR FACE CREAM- 100 GM,JEEV-HB-5801B1,DOT & KEY,632,10,4.8,6,2,False,False,https://stod.jeevee.com/whetstone-products/jeevee_erp/2025-10-27/88/885c04fe1f8d64bf38648f4effd008be498ac3d3
143145,MISSHA AIRY FIT SHEET MASK # RICE,JEEV-HB-4C2F44,MISSHA,140,10.711,0,0,0,False,False,https://stod.jeevee.com/whetstone-products/jeevee_erp/2026-05-24/a0/a084bab102d03842ed03bc160e9f6d00fd7c9392
87676,SKIN1004 MADAGASCAR CENTELLA POREMIZING CLARIFYING MASK 23ML,JEEV-HB-52FD7E,SKIN1004,350,8.569,4.8,6,2,False,False,https://stod.jeevee.com/whetstone-products/jeevee_erp/2025-06-03/94/942ebfc884437d36dfb6dc7c5560fd608bc53d3d
85333,THE FACE SHOP REAL NATURE FACE SHEET MASK 20G- CUCUMBER,JEEV-HB-370328,THE FACE SHOP,150,9.997,4.5,2,0,False,False,https://stod.jeevee.com/whetstone-products/jeevee_erp/2025-05-02/4b/4bc059b8251a3ee3bdbea5b5e7b38f34d1ca8a4a
24476,JINA ALCHEMY ABOVE & BEYOND FACIAL OIL 50ML,JEEV-HB-B53605,JINA  ALCHEMY,1000,10,4.3,13,6,False,False,https://stod.jeevee.com/whetstone-products/jeevee_erp/2023-03-05/a8/a8fac2e783fa1c583a248ce111c7bf42052d1a8d
70011,ANUA - RICE 70 GLOW MILKY TONER- 250ML,JEEV-HB-701DFE,ANUA,3150,5.714,5,2,0,False,False,https://stod.jeevee.com/whetstone-products/jeevee_erp/2024-11-26/bb/bb638d48e7bd0a4997d3befdae522c8afe56b53a
105525,DOT & KEY STRAWBERRY DEW TINTED SUNSCREEN SPF 50+ PA++++ - 03 SAND - 50ML,JEEV-HB-54FA5E,DOT & KEY,878.4,10.001,5,9,3,False,False,https://stod.jeevee.com/whetstone-products/jeevee_erp/2025-10-16/01/0116c7f961abfbb955a1464ef5909f164231166c
2645,FIXDERMA MOISTURISING LOTION 150ML,JEEV-HB-B62165,FIXDERMA,536,10.263,4.5,118,41,False,False,https://stod.jeevee.com/whetstone-products/jeevee_erp/2022-03-30/70/70fb02d275ebb23626479864399490f6ad8e65c5
85331,THE FACE SHOP REAL NATURE FACE SHEET MASK 20G- AVOCADO,JEEV-HB-7014E3,THE FACE SHOP,150,9.997,5,3,0,False,False,https://stod.jeevee.com/whetstone-products/jeevee_erp/2025-05-02/4d/4de53450e3a23d59a40c7d23cc6cca51c9faa75a
1547,ACMIST MOISTURIZING CREAM GEL 50G,JEEV-HB-ABE982,BRINTON,697.6,6.107,4.7,222,71,False,False,https://stod.jeevee.com/whetstone-products/jeevee_erp/2022-09-18/2f/2f45315fbeac4cf627cbb041a3c57dd6b47598ef
72861,ACNES CLEAR PATCH (24 PATCHES),JEEV-HB-832893,ACNES,390,,4.1,7,1,False,False,https://stod.jeevee.com/whetstone-products/jeevee_erp/2024-12-09/b7/b79dc9c17d2fcc303a472ba41902047084fde873
34922,UV DOUX SPF 50+ & PA+++ MINERAL BASED SUNSCREEN GEL 50GM,JEEV-HB-AFEB82,BRINTON,1518,5.006,4.5,12,5,False,False,https://stod.jeevee.com/whetstone-products/jeevee_erp/2023-10-01/37/37577b4af139cbc4ebcfd28d8b412e2a7240e544
42622,SKIN1004 MADAGASCAR CENTELLA LIGHT CLEANSING OIL- 200ML,JEEV-HB-F1443A,SKIN1004,2550,5.883,0,0,0,False,False,https://stod.jeevee.com/whetstone-products/jeevee_erp/2024-06-26/34/34562aabbe5ef0e97432f274f64a0089dec90b4e
82421,WISHCARE 5% NIACINAMIDE OIL BALANCE FLUID SUNSCREEN SPF50 PA++++ - 50GM,JEEV-HB-D4AB38,WISHCARE,799,4.999,4.7,3,2,False,False,https://stod.jeevee.com/whetstone-products/jeevee_erp/2025-03-23/ee/ee1c79b3ce53d58982c54af3065afe2f7cfc00b3
131434,DOT & KEY DEW TINTED SUNSCREEN SPF 50+ PA+++ | ROSE 01A -50ML,JEEV-HB-E57E54,DOT & KEY,878.4,10.001,0,0,0,False,False,https://stod.jeevee.com/whetstone-products/jeevee_erp/2026-04-05/7c/7c4d5501ad6985be426167072c305bc5b6d4207b
134133,DOT & KEY WATERMELON COOLING SUNSCREEN SPF 50+ PA++++ -50G,JEEV-HB-61E6FC,DOT & KEY,712,10,0,0,0,False,False,https://stod.jeevee.com/whetstone-products/jeevee_erp/2026-04-13/18/189d666a528779f26f55cbc26f441021433c0439
21690,"THE DERMA CO. 1% HYALURONIC SUNSCREEN AQUA GEL, 50GM",JEEV-HB-FDED9D,THE DERMA CO,799,8.001,4.7,226,104,False,False,https://stod.jeevee.com/whetstone-products/jeevee_erp/2025-11-24/80/80e457993cc4d2df549e2ca4ba992688a975e18e
39166,THE DERMA CO 2% NIACINAMIDE OILY SKIN CLEANSER- 125 ML,JEEV-HB-814617,THE DERMA CO,478.4,8,4.6,23,7,False,False,https://stod.jeevee.com/whetstone-products/jeevee_erp/2024-03-26/d6/d6a7a6c4878e4b970bc4cf44c5e7be1af456faa4
129006,DOT & KEY BLUEBERRY HYDRATE BARRIER REPAIR MOISTURIZER- 100G,JEEV-HB-F986AE,DOT & KEY,638.4,10.001,4.3,3,2,False,False,https://stod.jeevee.com/whetstone-products/jeevee_erp/2026-03-24/af/af4f805409444193fd500ec15030373f5109ba39
143141,MISSHA AIRY FIT SHEET MASK # GREEN TEA,JEEV-HB-71ED16,MISSHA,140,10.711,0,0,0,False,False,https://stod.jeevee.com/whetstone-products/jeevee_erp/2026-05-24/90/90d261838bcb5db88e1aac37b05168663f089d81
2344,BIODERMA PHOTODERM SPF 50+ AQUA FLUID 40ML,JEEV-HB-F0F5BC,BIODERMA,500,0,3,6,2,False,False,https://stod.jeevee.com/whetstone-products/jeevee_erp/2025-06-15/11/119e0488779e4597b78261af7fb67cb8afe4b767
143143,MISSHA AIRY FIT SHEET MASK # PEARL,JEEV-HB-E8099C,MISSHA,140,10.711,0,0,0,False,False,https://stod.jeevee.com/whetstone-products/jeevee_erp/2026-05-24/d3/d3796fd9ec7ad1205f45748fb306c9d37244294b
111230,NATURE REPUBLIC REAL NATURE SHEET MASK ALOE-23ML,JEEV-HB-086FC5,NATURE REPUBLIC,155,16.133,0,0,0,False,False,https://stod.jeevee.com/whetstone-products/jeevee_erp/2025-12-15/69/693669a22342a0fb22abae2d58cfc5aebb04f03a
44795,THE DERMA CO 2% SALI-CINAMIDE ANTI-ACNE FACE WASH 80ML,JEEV-HB-67F0FA,THE DERMA CO,398.4,8.001,4.8,15,3,False,False,https://stod.jeevee.com/whetstone-products/jeevee_erp/2026-03-12/e9/e943e85f9b42f1d5ee63ae18f086f2b8e3f197e0
2717,"UV DOUX SUNSCREEN GEL, SPF 50+, 100GM WITH FREE FACE CLEANSER 125ML",JEEV-HB-8CB384,BRINTON,2384,6.93,4.7,135,48,False,False,https://stod.jeevee.com/whetstone-products/jeevee_erp/2026-03-30/20/20efd193bd402c9d21b2669b6a18fd08c0d76b8a
70036,MEDICUBE COLLAGEN OVERNIGHT WRAPPING PEEL OFF FACIAL MASK - 75ML,JEEV-HB-7767C9,MEDICUBE,3800,7.895,4,5,1,False,False,https://stod.jeevee.com/whetstone-products/jeevee_erp/2024-11-26/15/15e2a0f47efd7d5c14167bf3025bda04c10849f1
25216,"PLUM MANDARIN & VITAMIN C FOAMING FACE WASH, 110ML",JEEV-HB-E8D0FB,PLUM,600,9.999,4.2,6,3,False,False,https://stod.jeevee.com/whetstone-products/jeevee_erp/2022-08-14/21/2161097a6fce86ff952f5f78c66f52a093977014
135981,CETAPHIL MOISTURISING CREAM FOR DRY & SENSITIVE SKIN 100 G,JEEV-HB-2CD516,CETAPHIL,1438.4,5,0,0,0,False,False,https://stod.jeevee.com/whetstone-products/jeevee_erp/2026-04-26/38/3883e0c3e77d1cc0a1d0361227be3405e6409976
85322,THE FACE SHOP REAL NATURE FACE SHEET MASK 20G- HONEY,JEEV-HB-5593E3,THE FACE SHOP,150,9.997,4.8,4,0,False,False,https://stod.jeevee.com/whetstone-products/jeevee_erp/2025-05-02/94/94f273294233d5c5bf0b601f10798e34a8db1ff9
27191,THE DERMA CO 5% NIACINAMIDE DAILY FACE SERUM 30ML,JEEV-HB-DA793B,THE DERMA CO,799,8.001,4.7,12,5,False,False,https://stod.jeevee.com/whetstone-products/jeevee_erp/2022-11-28/ab/abd38349ff46ab9a8a1cc102e6480539310f31ff
27273,SUNPLAY SKIN AQUA MOISTURIZING SERUM 75ML,JEEV-HB-9BF7A6,SUNPLAY,475,,4.4,16,4,False,False,https://stod.jeevee.com/whetstone-products/jeevee_erp/2025-07-17/c5/c579a9c518e95995cfd17d5749bf883ae8545c99
3082,"UV DOUX SUNSCREEN GEL, SPF 50+, 50GM",JEEV-HB-7DC076,BRINTON,1278.4,5,4.7,149,64,False,False,https://stod.jeevee.com/whetstone-products/jeevee_erp/2023-05-11/b8/b8cecf16dbb96d8d8114a7c252f390f4fb4dafe6
28086,MINIMALIST 0.3% CERAMIDE MOISTURIZING GEL CREAM 50G,JEEV-HB-4A9578,MINIMALIST,961,5,4.6,28,9,False,False,https://stod.jeevee.com/whetstone-products/jeevee_erp/2025-11-20/0f/0f11848d89b1cb16aa7be3ef939258d6f387d3c6
40583,PILGRIM WHITE LOTUS NATURAL FACE MIST & TONER- 100ML,JEEV-HB-A1566B,PILGRIM,480,7.999,5,1,0,False,False,https://stod.jeevee.com/whetstone-products/jeevee_erp/2026-03-18/63/63b2dbef52a7cb9485f8011c834c5d02be7f8ff1
90088,SKIN1004 MADAGASCAR CENTELLA AMPOULE FOAM 125ML,JEEV-HB-C41C98,SKIN1004,2100,7.143,5,2,2,False,False,https://stod.jeevee.com/whetstone-products/jeevee_erp/2025-07-10/31/3107cd60aaec5ffc9630b019cdcc6c55859d6f79
28098,"MINIMALIST PHA 3% ALCOHOL FREE FACE TONER, 150 ML",JEEV-HB-62BD4B,MINIMALIST,638.4,5,4.4,49,23,False,False,https://stod.jeevee.com/whetstone-products/jeevee_erp/2023-01-13/35/35d77475339e90265fbd4d57e966da6713bc22d4
42618,ANUA PEACH 77 NIACIN ESSENCE TONER-250 ML,JEEV-HB-E72CF8,ANUA,3150,6.984,4.8,6,4,False,False,https://stod.jeevee.com/whetstone-products/jeevee_erp/2026-06-28/73/73621d9fb59497649ef97806eba7f4bd51d6fdf9
19901,THE DERMA CO 1% SALICYLIC ACID GEL FACE WASH 100ML,JEEV-HB-CF66F0,THE DERMA CO,479,8,4.4,187,80,False,False,https://stod.jeevee.com/whetstone-products/jeevee_erp/2022-11-06/d9/d99d803b64c94fa51c41c5094359423895aeb7aa
38764,ANUA HEARTLEAF 77+ SOOTHING TONER - 250 ML,JEEV-HB-EA80D3,ANUA,3150,37.46,4.8,24,16,False,False,https://stod.jeevee.com/whetstone-products/jeevee_erp/2026-06-24/e2/e28e2afb6e31f01d6654426eb88d2db6a6a83008
71339,PLUM 2% NIACINAMIDE & RICE WATER SIMPLY BRIGHT FACE WASH - 100G,JEEV-HB-CB74E8,PLUM,478.4,9.999,4.6,7,2,False,False,https://stod.jeevee.com/whetstone-products/jeevee_erp/2024-11-29/18/180f788d1682f21c197383cc53208b22d1775206
143140,MISSHA AIRY FIT SHEET MASK # CUCUMBER,JEEV-HB-9926A6,MISSHA,140,10.711,0,0,0,False,False,https://stod.jeevee.com/whetstone-products/jeevee_erp/2026-05-24/42/42316ce1c3d69e6aeac2a2fd1b78c5603eab7f4f
47190,SKIN1004 MADAGASCAR CENTELLA HYALU-CICA SILKY FIT SUN STICK - 20GM,JEEV-HB-D274E9,SKIN1004,2450,6.939,5,1,1,False,False,https://stod.jeevee.com/whetstone-products/jeevee_erp/2024-09-10/cd/cdbf780beebff572730118dc1880b70f98539126
38781,MINIMALIST VITAMIN K +RETINAL 01% EYECREAM- 14G,JEEV-HB-85336D,MINIMALIST,801,5,4.1,13,4,False,False,https://stod.jeevee.com/whetstone-products/jeevee_erp/2024-09-21/76/76515a0737b7fcd848a13e6eab35f142e730d8f6
77603,DOT & KEY BLUEBERRY HYDRATE BARRIER SPF 50+ PA++++ SUNSCREEN 50G,JEEV-HB-E8A146,DOT & KEY,712,10,5,3,1,False,False,https://stod.jeevee.com/whetstone-products/jeevee_erp/2026-06-01/55/55c172a219e3266ce3a6b60c20af6d6eea50ed78
103174,PLUM RICE WATER & NIACINAMIDE CLEAR MOISTURE GEL CREAM -50 GM,JEEV-HB-AB23E8,PLUM,840,9.999,5,2,2,False,False,https://stod.jeevee.com/whetstone-products/jeevee_erp/2025-10-07/fd/fd69c08b8bab0fca66b211f3a5597d1115a48daf
40309,PILGRIM FRENCH RED VINE & RETINOL YOUTHFUL GLOW NIGHT CREME- 50G,JEEV-HB-98D97C,PILGRIM,1040,7.999,5,1,0,False,False,https://stod.jeevee.com/whetstone-products/jeevee_erp/2026-03-18/ab/ab38b7ec942f78cf0d5c48b8089a857ff6e05d31
66631,DOT & KEY STRAWBERRY DEW SUNSCREEN STICK SPF 50* PA++- 20G,JEEV-HB-B03ED1,DOT & KEY,952,10,2.3,3,1,False,False,https://stod.jeevee.com/whetstone-products/jeevee_erp/2024-10-24/c2/c266bfc16a5667c4e25b8a6105226ef72f0dceb0
85332,THE FACE SHOP REAL NATURE FACE SHEET MASK 20G- SHEA BUTTER,JEEV-HB-0C8414,THE FACE SHOP,150,9.997,5,1,0,False,False,https://stod.jeevee.com/whetstone-products/jeevee_erp/2025-05-02/88/886b1025a7f937cc9342e2f3611ecce558ace9ad
39167,THE DERMA CO 4% CERAMIDE BARRIER REPAIR MOISTURIZER- 50 GM,JEEV-HB-05B388,THE DERMA CO,366,8,4.7,28,15,False,False,https://stod.jeevee.com/whetstone-products/jeevee_erp/2025-03-12/27/27e15826fece18fa41be51a205a2e2385f4bb571
85337,THE FACE SHOP THE SOLUTION DOUBLE-UP PORE CARE MASK,JEEV-HB-E831A8,THE FACE SHOP,290,6.897,0,0,0,False,False,https://stod.jeevee.com/whetstone-products/jeevee_erp/2025-05-04/87/8708744a346f9c24b4f78dac9e638b3b083e99d2
27738,COSRX SALICYLIC ACID DAILY GENTLE CLEANSER 150ML,JEEV-HB-74A31B,COSRX,1650,12.121,4.5,20,13,False,False,https://stod.jeevee.com/whetstone-products/jeevee_erp/2022-12-30/24/24cba917778fb4f06d23d414b0082d44211448d2
66625,DOT & KEY CICA FACE WASH- 100 ML,JEEV-HB-CB16FC,DOT & KEY,398.4,10.001,5,9,4,False,False,https://stod.jeevee.com/whetstone-products/jeevee_erp/2024-10-27/41/418a560b9cca79f74dce731e4a34c83c9b978020
85317,THE FACE SHOP REAL NATURE FACE SHEET MASK 20G- POMEGRANATE,JEEV-HB-596E13,THE FACE SHOP,150,9.997,5,1,0,False,False,https://stod.jeevee.com/whetstone-products/jeevee_erp/2025-05-02/c2/c2352be627cdd639dcd6790a8ecb4c7028d28591
82400,WISHCARE CERAMIDE LIP BALM WITH SPF 50 PA+++ (TINTED) - 5GM,JEEV-HB-6D90FB,WISHCARE,479,4.999,4.5,4,0,False,False,https://stod.jeevee.com/whetstone-products/jeevee_erp/2025-03-23/70/70783011ee820f7e12b42eb423fa501de6424d5b
66642,DOT & KEY CICA +NIACINAMIDE OIL - FREE MOISTURIZER- 60 ML,JEEV-HB-E59A55,DOT & KEY,792,9.999,5,2,1,False,False,https://stod.jeevee.com/whetstone-products/jeevee_erp/2025-01-07/e8/e8ffb933bf7910209fe481bdd3eb22ccd0f47a0c
131433,[8906147702390] DOT & KEY STRAWBERRY DEW SUNSCREEN IN-VIVO TESTED SPF 50+ PA+++ -80ML,JEEV-HB-B223EF,DOT & KEY,958.4,10,5,2,1,False,False,https://stod.jeevee.com/whetstone-products/jeevee_erp/2026-04-05/f0/f011db6417cbf4dd9a3f09acef80507c7726349f
66624,DOT & KEY VITAMIN C SUNSCREEN- 50 GM,JEEV-HB-562E83,DOT & KEY,712,10,4.8,8,5,False,False,https://stod.jeevee.com/whetstone-products/jeevee_erp/2024-10-25/0c/0c4e15090892f1b94641c76790d5cc51801e03dc
82402,WISHCARE CERAMIDE LIP BALM WITH SPF 50 PA+++ (UNTINTED) - 5GM,JEEV-HB-2907B4,WISHCARE,479,4.999,4.5,2,2,False,False,https://stod.jeevee.com/whetstone-products/jeevee_erp/2025-03-23/6c/6c953c400d9568ad085adb2c42f255840b013b8c
94079,"JUMISO SNAIL MUCIN 88 + PEPTIDE FACIAL CREAM, 100ML",JEEV-HB-02AF3C,JUMISO,2350,2.128,0,0,0,False,False,https://stod.jeevee.com/whetstone-products/jeevee_erp/2025-08-10/d8/d80ab59c2b474eea24c11238a8b792d4a7f9ba10
2544,GLUTAFINE FACEWASH 70GM,JEEV-HB-11CA9B,ETHICARE,680,6.999,4.6,45,14,False,False,https://stod.jeevee.com/whetstone-products/jeevee_erp/2022-08-14/ab/ab96a0b25a1ea26cb6a3bf53c4e29cf64c0fb1a9
24012,CHEMIST AT PLAY ACNE CONTROL BODY WASH WITH CERAMIDES 3% PENTAVITIN + 1% SALICYLIC ACID,JEEV-HB-E42CE5-236M,CHEMIST AT PLAY,638.4,7,4.5,15,7,False,True,https://stod.jeevee.com/whetstone-products/jeevee_erp/2025-08-07/e7/e7f3ab23e50593bd01453f4403a97399c477a17f
42624,SKIN1004 MADAGASCAR CENTELLA  AMPOULE- 30ML,JEEV-HB-3BD6FF,SKIN1004,1350,8.888,4.8,6,2,False,False,https://stod.jeevee.com/whetstone-products/jeevee_erp/2024-06-26/03/03e8fad69f3dd6c8f96da8823ce2af18fe89aa8e
85334,THE FACE SHOP THE SOLUTION BRIGHTENING MASK,JEEV-HB-9227F5,THE FACE SHOP,290,6.897,4.3,3,0,False,False,https://stod.jeevee.com/whetstone-products/jeevee_erp/2025-05-02/04/04f77901450ed84115cc59f20e049a7c29cb6475
87785,SKIN1004 MADAGASCAR CENTELLA POREMIZING DEEP CLEANSING FOAM 125ML,JEEV-HB-F4C034,SKIN1004,2050,7.805,5,3,1,False,False,https://stod.jeevee.com/whetstone-products/jeevee_erp/2025-06-10/f8/f8ce7b327aae8fe33ba483289bae273a48d0ba8f
40508,PILGRIM 24K GOLD GEL FACE WASH- 80ML,JEEV-HB-33C358,PILGRIM,632,7.999,0,0,0,False,False,https://stod.jeevee.com/whetstone-products/jeevee_erp/2026-03-18/e3/e38c8d414beea083564d5b507699cb9819daedd0
1726,CEUTICOZ UVICOZ SUNSCREEN LOTION SPF 50+ 50ML,JEEV-HB-74F275,CEUTICOZ,1200,5,4.6,44,14,False,False,https://stod.jeevee.com/whetstone-products/jeevee_erp/2025-11-21/8b/8b06f9e4c8a18ba15ad4591fcfc2d810543ed80b
111235,NATURE REPUBLIC REAL NATURE SHEET MASK SHEA BUTTER-23ML,JEEV-HB-C9C47C,NATURE REPUBLIC,155,16.133,0,0,0,False,False,https://stod.jeevee.com/whetstone-products/jeevee_erp/2025-12-15/5e/5e937a7eff0bc5c52d6ed1be88bee491bb94ec62
131430,PILGRIM 5% NIACINAMIDE HYDRA GLOW SUNSCREEN SPF 50+ PA++++-50ML,JEEV-HB-BB0118,PILGRIM,792,8,0,0,0,False,False,https://stod.jeevee.com/whetstone-products/jeevee_erp/2026-06-28/ef/efb353db49cb33fac923e312b9c220e3e36c6842
38482,SUNSCOOP HYDRATING FLUID SUNSCREEN WITH SPF 60 PA++++(125ML),JEEV-HB-69453C,SUNSCOOP,798.4,18.588,5,3,0,False,False,https://stod.jeevee.com/whetstone-products/jeevee_erp/2023-12-24/8a/8a952789ff2c03d3997fe90e7d074252de2851e2
101983,PLUM VANILLA CARAMELLO BODY LOTION-400ML,JEEV-HB-65CFAF,PLUM,762,10.001,4.7,13,5,False,False,https://stod.jeevee.com/whetstone-products/jeevee_erp/2025-09-17/28/28455baa1c38fdf61ea950c657981310b790ede0
81314,"CHEMIST AT PLAY CERAMIDES, KOJIC LIP BALM SPF 50 PA++++ CHOCOLATE",JEEV-HB-B61688,CHEMIST AT PLAY,559,7,5,1,1,False,False,https://stod.jeevee.com/whetstone-products/jeevee_erp/2025-03-02/1f/1fe523597247c0f604580840fb41c7e5aa953c2a
66628,DOT & KEY WATERMELON SUNSCREEN- 50 GM,JEEV-HB-E1C902,DOT & KEY,712,10,4.8,8,1,False,False,https://stod.jeevee.com/whetstone-products/jeevee_erp/2024-10-25/fe/fec097455eb6745fbcd4454df243389e9bb0caf9
134134,CETAPHIL MOISTURISING LOTION (118 ML),JEEV-HB-4E68E6,CETAPHIL,1262.4,5,5,1,0,False,False,https://stod.jeevee.com/whetstone-products/jeevee_erp/2026-04-13/d6/d6afda489ab743b5f02b447de53b5a232c2434d9
27701,COSRX HYALURONIC ACID INTENSIVE CREAM 100ML,JEEV-HB-59E1E6,COSRX,3150,6.984,4.7,14,9,False,False,https://stod.jeevee.com/whetstone-products/jeevee_erp/2022-12-29/c1/c10619768973297081af07c11452afa3b31dccbc
12545,THE DERMA CO 2% SALICYLIC CLAY MASK 50G,JEEV-HB-A8591D,THE DERMA CO,799,8.001,4.7,48,16,False,False,https://stod.jeevee.com/whetstone-products/jeevee_erp/2023-05-17/62/62c87b75f305abce4f8b08f0df8b76e8d1999803
41040,AQUALOGICA RADIANCE+ DEWY SUNSCREEN 80G,JEEV-HB-FE722D,AQUALOGICA,958.4,7,3.7,7,3,False,False,https://stod.jeevee.com/whetstone-products/jeevee_erp/2024-06-11/83/83d953de7adc823685f757f2750c6cce831c81dc
47543,THE FACE SHOP REAL NATURE FACE SHEET MASK RED GINSENG,JEEV-HB-0DAC5A,THE FACE SHOP,150,,0,0,0,False,False,https://stod.jeevee.com/whetstone-products/jeevee_erp/2024-09-13/f8/f8d2d5abbca8fb6e90e674266ae92ca77e490547
27200,THE DERMA CO 5% VITAMIN C OIL-FREE DAILY FACE MOISTURIZER 100G,JEEV-HB-A8933B,THE DERMA CO,559,7.999,4.4,8,3,False,False,https://stod.jeevee.com/whetstone-products/jeevee_erp/2026-06-28/94/947b7a36b27c85b1fea8fbdf1e17a51702e36069
41041,AQUALOGICA DETAN+ DEWY SUNSCREEN 80G,JEEV-HB-EFAE19,AQUALOGICA,958.4,7,4.9,8,3,False,False,https://stod.jeevee.com/whetstone-products/jeevee_erp/2024-05-21/1e/1e8d1087b3a384e515b6f4c2b77c895958f3bdeb
66652,DOT & KEY CICA CALMING MATTIFYING SUNSCREEN SPF 50+ PA++++ -80 GM,JEEV-HB-00D72D,DOT & KEY,952,10,0,0,0,False,False,https://stod.jeevee.com/whetstone-products/jeevee_erp/2024-10-24/34/344269c746557248d70c030b402af5ded4e27ccb
129151,PLUM CERASENSETM MILKY TONER WITH ACAI & NMF 1% - 100ML,JEEV-HB-7772BC,PLUM,878.4,10.001,0,0,0,False,False,https://stod.jeevee.com/whetstone-products/jeevee_erp/2026-03-26/58/584971e140bcf2e2bafe71935425387f9c8eb7b3
128627,FAIRY SKIN PREMIUM BRIGHTENING SUNSCREEN-50G,JEEV-HB-2CC5DC,FAIRY SKIN,1250,5.04,3.7,3,3,False,False,https://stod.jeevee.com/whetstone-products/jeevee_erp/2026-03-24/53/5372128e435e185951324a295a38b486f167afd6
143146,MISSHA AIRY FIT SHEET MASK # SHEA BUTTER,JEEV-HB-84F3A4,MISSHA,140,10.711,0,0,0,False,False,https://stod.jeevee.com/whetstone-products/jeevee_erp/2026-05-24/8a/8afe8b3b49b971c028f3c6e5f58dc282a56ba113
46086,LIPIDZ- LIPID REPLENISHING CREAM 100GM,JEEV-HB-930DA0,ETHICARE,799,6.258,4.8,5,2,False,False,https://stod.jeevee.com/whetstone-products/jeevee_erp/2026-02-08/b1/b1dc2f826f99b241a44fad4378b02695b273242e
7620,"SUNPLAY SKIN AQUA SILKY WHITE GEL, 70GM",JEEV-HB-6AA368,SUNPLAY,975,,4.7,24,9,False,False,https://stod.jeevee.com/whetstone-products/jeevee_erp/2025-11-25/0e/0eaa42f0980d8bb2b7ad8135dadf7e621b37f34f
30720,BIODERMA SENSIBIO H2O MICELLAR WATER,JEEV-HB-91DB98-100 ,BIODERMA,1090,5.046,4.8,28,8,False,True,https://stod.jeevee.com/whetstone-products/jeevee_erp/2023-04-24/4b/4bc17e2bb6d0fa0174488f85a7eab4bd2efba432
90087,SKIN1004 MADAGASCAR CENTELLA POREMIZING FRESH AMPOULE 100ML,JEEV-HB-5F7FD5,SKIN1004,2450,4.081,5,2,1,False,False,https://stod.jeevee.com/whetstone-products/jeevee_erp/2025-07-10/91/91f1798f7aa4a35e2ac6e1a2e4e5356e627e8db6
7994,DUVITIN CREAM 100GM,JEEV-HB-6229EC,CEUTICOZ,784,7.909,4.6,46,22,False,False,https://stod.jeevee.com/whetstone-products/jeevee_erp/2025-03-23/d3/d33f1391a5b319b11c014c0a21c21ba9332a1c9e
10621,THE DERMA CO 2% SALICYLIC ACID FACE SERUM- 30ml,JEEV-HB-2456CA,THE DERMA CO,878.4,8,4.5,154,53,False,False,https://stod.jeevee.com/whetstone-products/jeevee_erp/2021-04-19/2d/2d01eea08340777022d7e2d12b3361d127bcdc94
39288,SKIN1004 MADAGASCAR CENTELLA HYALU-CICA MOISTURE CREAM 75ML,JEEV-HB-7F5A90,SKIN1004,2850,7.018,0,0,0,False,False,https://stod.jeevee.com/whetstone-products/jeevee_erp/2024-03-29/04/04f1baee7151cdaec62f54a0515b73bcc4b7ae43
39734,THE DERMA CO. 2% KOJIC ACID FACE SERUM-30ML,JEEV-HB-933AC0-30 M,THE DERMA CO,958.4,8,4.2,89,34,False,True,https://stod.jeevee.com/whetstone-products/jeevee_erp/2022-04-11/3e/3eb2a6e424efa6488b4e43d3b0454883f0eab479
7614,"SUNPLAY SKIN AQUA TONE UP UV ESSENCE, 50GM (LAVENDER)",JEEV-HB-A9BA9F,SUNPLAY,1020,,4.2,22,10,False,False,https://stod.jeevee.com/whetstone-products/jeevee_erp/2025-07-10/28/2861510fb0175f4fc12c8d73ead2fd230aa1e414
104493,UV DOUX BLUE LIGHT TINTED SUNSCREEN GEL SPF 50 PA+++ 100GM,JEEV-HB-56DF41,BRINTON,2224,6.34,5,1,0,False,False,https://stod.jeevee.com/whetstone-products/jeevee_erp/2025-10-13/a1/a11826638c1e0148009cc0b41fa84f352e7248f0
11028,BIODERMA PIGMENTBIO FOAMING CREAM T200ML,JEEV-HB-611A26,BIODERMA,900,2.777,4.5,2,2,False,False,https://stod.jeevee.com/whetstone-products/jeevee_erp/2023-04-24/55/550349c5a65d6330ca1eb608b092b25e3f870c08
39165,THE DERMA CO 2% SALICYLIC ACID FACE SERUM- 10 ML,JEEV-HB-6D67BA,THE DERMA CO,398.4,8.001,4.2,13,5,False,False,https://stod.jeevee.com/whetstone-products/jeevee_erp/2024-03-26/31/31f56467e1f63ae963b1b678d66ebfd66c51c102
42621,ISNTREE HYALURONIC ACID WATERY SUN GEL- 50ML,JEEV-HB-4DCA2E,ISNTREE,2750,7.273,1,1,1,False,False,https://stod.jeevee.com/whetstone-products/jeevee_erp/2024-06-26/d0/d0de54ca4fcd32f78b5145cf5a5e369fec164a4c
20585,COSRX ALOE SOOTHING SUNSCREEN -50ML,JEEV-HB-E2EF75,COSRX,2150,7.907,4.8,14,6,False,False,https://stod.jeevee.com/whetstone-products/jeevee_erp/2022-01-26/af/af545bfed5e2dc0f3d6352a1f03c6923332b7d22
28092,MINIMALIST 2% HYALURONIC ACID + PGA SERUM 30ML,JEEV-HB-DF4B51,MINIMALIST,961,5,4.6,54,23,False,False,https://stod.jeevee.com/whetstone-products/jeevee_erp/2023-01-12/5d/5d69fc51e68cb7f2394bdaf20c67d3515473478a
66630,DOT & KEY CICA NIACINAMIDE SUNSCREEN- 50 GM,JEEV-HB-61B085,DOT & KEY,712,10,5,2,1,False,False,https://stod.jeevee.com/whetstone-products/jeevee_erp/2024-10-25/20/20c9521d7118d0ca9de92d74a108fb0b57836bc6
85335,THE FACE SHOP THE SOLUTION MOISTURIZING MASK,JEEV-HB-FF08A2,THE FACE SHOP,290,6.897,5,1,0,False,False,https://stod.jeevee.com/whetstone-products/jeevee_erp/2025-05-02/84/84fbfcda521779a24e1a95ef120fb7d0b2513bee
27240,AQUALOGICA RADIANCE+ DEWY GEL SUNSCREEN WITH SPF 50+ PA++++- 50G,JEEV-HB-7BD9EA,AQUALOGICA,719,7,4.4,129,66,False,False,https://stod.jeevee.com/whetstone-products/jeevee_erp/2026-05-17/4e/4e70dbed34a5958c2d797894ae8a384aefc99bd8
14313,"PLUM GREEN TEA OIL FREE MOISTURIZER, 50ML",JEEV-HB-4821D9,PLUM,753,10,4.7,35,20,False,False,https://stod.jeevee.com/whetstone-products/jeevee_erp/2025-01-10/b7/b72ad4f326380561642f85ebae6c99482f70fae8
39284,SKIN1004 MADAGASCAR CENTELLA SOOTHING CREAM 75ML,JEEV-HB-8665C7,SKIN1004,2850,7.018,5,3,0,False,False,https://stod.jeevee.com/whetstone-products/jeevee_erp/2024-03-29/14/147dfa1972e4c360efab6e031df3fc12ca0ab980
94098,SOME BY MI 30 DAYS MIRACLE CLEAR SPOT PATCH,JEEV-HB-D89C25,SOME BY MI,850,11.764,0,0,0,False,False,https://stod.jeevee.com/whetstone-products/jeevee_erp/2025-08-10/1e/1eb1975c3efd042480e260756171051d258005aa
111231,NATURE REPUBLIC REAL NATURE SHEET MASK AVOCADO-23ML,JEEV-HB-79465C,NATURE REPUBLIC,155,16.133,5,1,0,False,False,https://stod.jeevee.com/whetstone-products/jeevee_erp/2025-12-15/3c/3ca861f23e204b54bfdc491d3b333a66ee0a8add
143125,ELIZAVECCA CENTELLA DEEP POWER RINGER MASK PACK 1 SHEET,JEEV-HB-DA4225,ELIZAVECCA,114,13.154,0,0,0,False,False,https://stod.jeevee.com/whetstone-products/jeevee_erp/2026-05-24/78/78689c8a07f6dbda8dd158258589321f107b201a
143127,ELIZAVECCA FRUITS DEEP POWER RINGER MASK PACK 1 SHEET,JEEV-HB-835AA0,ELIZAVECCA,114,13.154,0,0,0,False,False,https://stod.jeevee.com/whetstone-products/jeevee_erp/2026-05-24/ee/ee410f0af1ff594137bd9c38d53e28d9d955444a
48912,BEAUTY OF JOSEON GLOW REPLENISHING RICE MILK- 150 ML,JEEV-HB-F3BE25,BEAUTY OF JOSEON,2950,6.78,4.6,9,4,False,False,https://stod.jeevee.com/whetstone-products/jeevee_erp/2024-09-18/7c/7c599381b3c94bad2976b29b0625fd63b8f441e4
66622,DOT & KEY LIP BALM STRAWBERRY CRUSH- 12 GM,JEEV-HB-91037B,DOT & KEY,398.4,10.001,3.5,4,2,False,False,https://stod.jeevee.com/whetstone-products/jeevee_erp/2024-10-24/6c/6c30da30705b0c0ee0616ea0d27286b7e9e2ecb1
109433,PLUM BODYLOVIN' MARSHMALLOW MELT BODY LOTION-400 ML,JEEV-HB-4F5F75,PLUM,792,9.999,4.7,3,2,False,False,https://stod.jeevee.com/whetstone-products/jeevee_erp/2025-11-16/ab/abbe3370c6d640488834d75b1c43e6cf08c982a4
145279,CETAPHIL OILY SKIN CLEANSER WITH VITAMIN B5 - 118 ML,JEEV-HB-E65AED,CETAPHIL,1198,5,0,0,0,False,False,https://stod.jeevee.com/whetstone-products/jeevee_erp/2026-06-02/2c/2c32938d631e4c13f9e3a907816b69922378d4d3
189,Cetaphil DAM Daily Advance Ultra Hydrating Lotion (100g),JEEV-HB-20254F,CETAPHIL,1224,5,4.4,63,30,False,False,https://stod.jeevee.com/whetstone-products/jeevee_erp/2026-04-26/73/73f2062cdac4abe57a352d3b7cfa18307c037c31
74632,DOT & KEY WATERMELON BODY SUNSCREEN SPRAY SPF 50+ PA+++ 110ML,JEEV-HB-E0B367,DOT & KEY,952,9.979,4,2,1,False,False,https://stod.jeevee.com/whetstone-products/jeevee_erp/2025-12-18/61/61db191b5c196846c4d5d8a626d9992e8f53aa2f
85013,THE DERMA CO 1% HYALURONIC SUNSCREEN HYDRATING GEL - 50G,JEEV-HB-CC1E44,THE DERMA CO,799,8.001,4.5,2,0,False,False,https://stod.jeevee.com/whetstone-products/jeevee_erp/2025-04-22/bb/bbba676934be9318b424236db67999b1ae2b91c6
102416,LAKME PEACH MILK SOFT CREME MOISTURIZER FOR FACE 50 G,JEEV-HB-B7B163,LAKME,248,4.998,5,1,1,False,False,https://stod.jeevee.com/whetstone-products/jeevee_erp/2025-09-19/94/9490c4c25f735d9744a0005234284376798e352f
26107,THE DERMA CO 1% HYALURONIC TINTED SUNSCREEN GEL 50G,JEEV-HB-1EC515,THE DERMA CO,1119,8.001,4.5,60,28,False,False,https://stod.jeevee.com/whetstone-products/jeevee_erp/2022-09-20/ea/eaf452927dc34ea33ecc3189e69a667e8846266f
1925,HYALU GEL 30GM,JEEV-HB-443445,ETHICARE,520,7.002,4.6,189,82,False,False,https://stod.jeevee.com/whetstone-products/jeevee_erp/2023-04-28/15/15d234f0a8efd7cb100083c583ac1488feac8ff0
14600,PLUM BODYLOVIN' VANILLA VIBES BODY OIL (200 ML),JEEV-HB-3D91FC,PLUM,920,10,4.9,9,4,False,False,https://stod.jeevee.com/whetstone-products/jeevee_erp/2021-08-23/58/5857ffd85d193a69aee7ce7bfad34e61c00582f5
82303,PURITO SEOUL MIGHTY BAMBOO PANTHENOL CLEANSER 150ML,JEEV-HB-64189E,PURITO,1750,,5,1,1,False,False,https://stod.jeevee.com/whetstone-products/jeevee_erp/2025-03-14/9e/9eeb9e9116c38a5a452f6863f442b401c9c08fb0
47171,BATH AND BODY WORKS LOTION 236ML- YOURE THE ONE,JEEV-HB-880F73,BATH & BODY WORKS,1900,7.895,5,1,0,False,False,https://stod.jeevee.com/whetstone-products/jeevee_erp/2024-09-13/7e/7e1f41809a6325a07066bb1a550e7d978190a71b
111236,NATURE REPUBLIC REAL NATURE SHEET MASK TOMATO-23ML,JEEV-HB-866B57,NATURE REPUBLIC,155,16.133,5,1,0,False,False,https://stod.jeevee.com/whetstone-products/jeevee_erp/2025-12-15/0e/0efecca7842747da3d7c941965f13dcd593feaa5
20592,COSRX- CLEAR FIT MASTER PATCH,JEEV-HB-6CC197,COSRX,600,8.332,3.8,5,1,False,False,https://stod.jeevee.com/whetstone-products/jeevee_erp/2022-01-26/ef/efa4abc1430e8e2daf0688b652998e338ac8a752
76415,DOT & KEY SPF 50+ BARRIER REPAIR LIP BALM COCOA NUDE,JEEV-HB-5AC451,DOT & KEY,401.4,9.999,3.5,2,2,False,False,https://stod.jeevee.com/whetstone-products/jeevee_erp/2025-01-10/c0/c07bddc2de92a879f393cdde495a8a712c90a91a
149102,COSRX SALICYLIC ACID DAILY GENTLE CLEANSER - 50ML,JEEV-HB-76FF89,COSRX,850,8.823,0,0,0,False,False,https://stod.jeevee.com/whetstone-products/jeevee_erp/2026-06-25/9a/9aa2182f2dd959ad760bec4923ef0bc3bc91ccc9
66627,DOT & KEY WATERMELON FACE WASH- 100 ML,JEEV-HB-C54519,DOT & KEY,398.4,10.001,3.5,4,3,False,False,https://stod.jeevee.com/whetstone-products/jeevee_erp/2024-10-24/5f/5f02fb2a97b2d107d40f3110d4b24d59dcef65d2
86819,JUMISO SNAIL MUCIN 95+ PEPTIDE FACIAL ESSENCE - 140ML,JEEV-HB-CEFE90,JUMISO,3200,7.813,4.7,3,0,False,False,https://stod.jeevee.com/whetstone-products/jeevee_erp/2025-05-21/9a/9a09aad509c589e6be46e2e7b72a506f0dea5ea1
111228,NATURE REPUBLIC REAL NATURE MASK SHEET/ ORANGE-23ML,JEEV-HB-E93BEF,NATURE REPUBLIC,155,16.133,0,0,0,False,False,https://stod.jeevee.com/whetstone-products/jeevee_erp/2025-12-15/8c/8cb3c52a036076d304a2ba3d75b327fa566c5a08
143144,MISSHA AIRY FIT SHEET MASK # POMEGRANATE,JEEV-HB-DF5913,MISSHA,140,10.711,0,0,0,False,False,https://stod.jeevee.com/whetstone-products/jeevee_erp/2026-05-24/d0/d06d05da2c9dc4cac91e55ad52a1820dc570f6b7
49489,THE PUREST SOLUTIONS POSTBIOTIC PURIFYING OIL CLEANSER- 150 ML,JEEV-HB-060860,THE PUREST SOLUTIONS,2650,5,0,0,0,False,False,https://stod.jeevee.com/whetstone-products/jeevee_erp/2024-09-20/38/38deaef7fa4894dc062104799cd775a95039ba09
1907,BIODERMA PHOTODERM SPF 50+ CREAM 40ML,JEEV-HB-036922,BIODERMA,500,0,2.5,4,3,False,False,https://stod.jeevee.com/whetstone-products/jeevee_erp/2025-06-16/29/290f755f14b557b96bbdeba24de97f51fc310853
43483,TIRTIR-MILK SKIN LIGHT TONER – 150ML,JEEV-HB-4A873A,TIRTIR,3850,10.39,0,0,0,False,False,https://stod.jeevee.com/whetstone-products/jeevee_erp/2025-03-26/0d/0d1a851a311940f956a3ec3a9348867261495ace
70013,ANUA 7 RICE CERAMIDE HYDRATING BARRIER SERUM - 50ML,JEEV-HB-C27D13,ANUA,3395,12.518,5,1,0,False,False,https://stod.jeevee.com/whetstone-products/jeevee_erp/2024-11-26/7d/7dc456f4be58404e9e6d6b7f020ac34ec329bbe7
15968,PLUM RICE WATER & 10% NIACINAMIDE SERUM,JEEV-HB-E2B1B3-30 M,PLUM,1055,10,4.5,31,12,False,True,https://stod.jeevee.com/whetstone-products/jeevee_erp/2021-09-29/af/afb98547c5854270faa0b1953ae0a4caab414aad
46967,CHEMIST AT PLAY EXFOLIATING FACE SCRUB - 100GM,JEEV-HB-EF52E6,CHEMIST AT PLAY,558.4,7,4,2,1,False,False,https://stod.jeevee.com/whetstone-products/jeevee_erp/2024-09-06/cc/cc9929c6fd2c4180132613b2fa2eaa737996097b
26457,UV DOUX BLUE LIGHT SUNSCREEN GEL SPF 50 PA+++ 50GM,JEEV-HB-E92E4F,BRINTON,1408,6.321,4.7,23,6,False,False,https://stod.jeevee.com/whetstone-products/jeevee_erp/2024-08-13/b5/b51fcf32df0214fa89fce40978ed6d94b5e62d5e
47541,SKIN1004 MADAGASCAR CENTELLA POREMIZING QUICK CLAY STICK MASK-27G,JEEV-HB-4D0165,SKIN1004,2850,7.018,5,2,2,False,False,https://stod.jeevee.com/whetstone-products/jeevee_erp/2024-09-13/8e/8e110a68b2655564e598eec8626ac7aef651da41
130510,CETAPHIL GENTLE SKIN CLEANSER CLASSIC 236ML,JEEV-HB-CB1373,CETAPHIL,1278.4,5,0,0,0,False,False,https://stod.jeevee.com/whetstone-products/jeevee_erp/2026-04-01/68/68337d4d800f2507332b5ad90ccc3c3261a89099
111227,NATURE REPUBLIC REAL NATURE MASK SHEET/ CHAMOMILE-23ML,JEEV-HB-D09D62,NATURE REPUBLIC,155,16.133,5,2,1,False,False,https://stod.jeevee.com/whetstone-products/jeevee_erp/2025-12-15/b3/b3623b1ba1eddb1c695a750f072e1586eb0ff441
145592,GATSBY PERFECT CLEANSING SCRUB FACEWASH-120 ML,JEEV-HB-BE3F32,GATSBY,465,,0,0,0,False,False,https://stod.jeevee.com/whetstone-products/jeevee_erp/2026-06-07/f4/f48295dad011d0c7194d5015b8d8e2ef3db00ffd
118430,ORIFLAME OPT OPTIMALS DAILY GLOW MULTI-PROTECTOR SPF50-30ML,JEEV-HB-4A1C0C,ORIFLAME,1390,0,0,0,0,False,False,https://stod.jeevee.com/whetstone-products/jeevee_erp/2026-01-19/fa/fa0053d4c0c7fd00c4743d709327203395487164
40591,PILGRIM ARGAN OIL HAIR SERUM - 100ML,JEEV-HB-2E6239,PILGRIM,800,7.999,4.3,6,2,False,False,https://stod.jeevee.com/whetstone-products/jeevee_erp/2024-05-17/d3/d37bd89b267d3efde7cb2dfede448606cf9815eb
39283,SKIN1004 MADAGASCAR CENTELLA TONING TONER 210ML,JEEV-HB-8D2E5F,SKIN1004,2650,7.547,4,1,0,False,False,https://stod.jeevee.com/whetstone-products/jeevee_erp/2024-03-29/26/26ce8fbaec17c5391be55f121151f0e94e8e0615
44792,THE DERMA CO. 1% KOJIC ACID DAILY FACE WASH- 100ML,JEEV-HB-7AE09F,THE DERMA CO,478.4,8,4.1,8,5,False,False,https://stod.jeevee.com/whetstone-products/jeevee_erp/2024-07-31/08/08fbf0ad22e503db98b5d6980682d0ed7c7b311b
10605,"THE DERMA CO 20% VITAMIN C SERUM, 20ML",JEEV-HB-80250E,THE DERMA CO,1440,8,4.2,56,16,False,False,https://stod.jeevee.com/whetstone-products/jeevee_erp/2026-01-21/de/de91b4e150ee6985f8cd0028a12ab56ae7d43708
94545,THE DERMA CO 1% HYALURONIC SUNSCREEN OIL FREE GEL 50GM,JEEV-HB-BB90B9,THE DERMA CO,798.4,8.001,4.5,4,3,False,False,https://stod.jeevee.com/whetstone-products/jeevee_erp/2025-08-11/05/0518f78fc68518fa384a09d73aa92cd9ae48e2fd
143637,NATURE REPUBLIC REAL NATURE MASK SHEET/ TEA TREE,JEEV-HB-AF055D,NATURE REPUBLIC,155,12.904,0,0,0,False,False,https://stod.jeevee.com/whetstone-products/jeevee_erp/2026-05-27/66/661fd36a2b8f319a114defa79fbdee5201f99440
149941,DERMA ESSENTIA ACZETA SERUM 30ML,JEEV-HB-557A16,DERMA ESSENTIA,1180,5,0,0,0,False,False,https://stod.jeevee.com/whetstone-products/jeevee_erp/2026-06-28/05/05e272d05e00cf12b4cde3ab64198c173ff6b3fd
42623,SKIN1004 CENTELLA TONE BRIGHTNING BOOSTING TONER- 210ML,JEEV-HB-B9033D,SKIN1004,2650,7.547,0,0,0,False,False,https://stod.jeevee.com/whetstone-products/jeevee_erp/2024-06-26/a0/a0f48942295cc2d8044b9ede91e3ebc7cd562746
141070,PILGRIM KOREAN RICE WATER HYDRA GLOW MOISTURIZER-8g,JEEV-HB-9C766B,PILGRIM,160,,0,0,0,False,False,https://stod.jeevee.com/whetstone-products/jeevee_erp/2026-05-12/87/87888c168448be98f54653973ac2dce0e8e92353
78800,SWEATNIL ANTI-PERSPIRANT ROLL ON 50ML (WITH DEPIGMENTATION),JEEV-HB-64F111,ETHICARE,880,5.999,5,3,3,False,False,https://stod.jeevee.com/whetstone-products/jeevee_erp/2025-01-29/6e/6e1f5b536ea127e7e4182e0128057fae27f8bdbe
39053,JMSOLUTION WATER LUMINOUS S.O.S RINGER MASK PREMIUM -1 SHEET,JEEV-HB-3D2B2C,JMSOLUTION,299,66.89,5,2,1,False,False,https://stod.jeevee.com/whetstone-products/jeevee_erp/2024-03-15/db/dbbe20530d6ed78f0d9479ce228e5dd7b0be5c29
47184,COSRX ULTRA LIGHT INVISIBLE SUNSCREEN- 50 ML,JEEV-HB-5370D9,COSRX,2200,5,0,0,0,False,False,https://stod.jeevee.com/whetstone-products/jeevee_erp/2024-09-12/9a/9ac27566c78480fffd57a808d0dca94cfb151d08
49532,AQUALOGICA ILLUMINATE+ HYDRA GEL MOISTURIZER - 200G,JEEV-HB-A22B35,AQUALOGICA,799,7.001,5,4,1,False,False,https://stod.jeevee.com/whetstone-products/jeevee_erp/2024-09-20/25/25845641be1dcbff50ce95e1954d77b506adf444
69782,THE DERMA CO SNAIL PEPTIDE 96 UNDER EYE CREAM- 15 GM,JEEV-HB-126187,THE DERMA CO,638.4,8.001,5,3,0,False,False,https://stod.jeevee.com/whetstone-products/jeevee_erp/2024-11-22/2d/2d1e6d4007c582d8ee80d67e2e970906e46c4d7d
90081,ANUA 3 CERAMIDE PANTHENOL MOISTURE BARRIER CREAM 100ML,JEEV-HB-5F806B,ANUA,3000,7.333,0,0,0,False,False,https://stod.jeevee.com/whetstone-products/jeevee_erp/2025-07-10/2e/2ecb322c1139ea331c5ea7a7c53b9ff22a65bfa2
40307,PILGRIM RED VINE FACE MIST & TONER WITH NIACINAMIDE & ALOE- 100ML,JEEV-HB-9D3D71,PILGRIM,480,7.999,0,0,0,False,False,https://stod.jeevee.com/whetstone-products/jeevee_erp/2026-03-20/58/58e1296a3e1e6a79bdce2873bd6a5a6a10bf5cf3
8856,LIPIDZ- LIPID REPLENISHING CREAM 50GM,JEEV-HB-AC8F9F,ETHICARE,480,7.001,4.7,46,18,False,False,https://stod.jeevee.com/whetstone-products/jeevee_erp/2021-02-14/76/76553baa505c51fa91a16a5c6b89b7b48df56464
46845,COSRX THE 6 PEPTIDE SKIN BOOSTER 150ML,JEEV-HB-138C5D,COSRX,3390,15.192,5,2,2,False,False,https://stod.jeevee.com/whetstone-products/jeevee_erp/2024-09-05/99/99209dc19fb4e03f60f4823cf1c8328316ee1d95
47557,ROUND LAB DOKDO TONER - 200ML,JEEV-HB-09B7B8,ROUND LAB,2000,7.5,5,1,0,False,False,https://stod.jeevee.com/whetstone-products/jeevee_erp/2024-09-13/d1/d1a614b790be08920a52d826b4d4a214ad70a2c3
85336,"ANUA PEACH 70 NIACIN SERUM, 30ML",JEEV-HB-EFA3EF,ANUA,2980,16.443,0,0,0,False,False,https://stod.jeevee.com/whetstone-products/jeevee_erp/2025-07-01/72/72ff51045ea25d9f714c7ecfaadccec2f88a9343
85406,PILGRIM KOREAN WHITE LOTUS TINTED SUNSCREEN SPF 50+ PA++++ 50 ML,JEEV-HB-3F2D92,PILGRIM,793,8,3.4,12,6,False,False,https://stod.jeevee.com/whetstone-products/jeevee_erp/2025-05-07/af/af1b7b9cc5e71c15f58a171fc04b6b37f369fddc
131428,MINIMALIST B12 + REPAIR COMPLEX 5.5% FACE MOISTURIZER-50G,JEEV-HB-DA4ED2,MINIMALIST,639,5.001,4,1,0,False,False,https://stod.jeevee.com/whetstone-products/jeevee_erp/2026-04-05/5e/5e9f132326064ca81fdf0506a8f07caf73a38022
31361,PLUM GREEN TEA ALCOHOL- FREE FRAGRANCE FREE TONER 200ML,JEEV-HB-41B8DF,PLUM,672,10,4.5,6,3,False,False,https://stod.jeevee.com/whetstone-products/jeevee_erp/2025-12-15/c4/c4d70118a4ba7f76899da62cd51950c3dee42892
94662,ANUA HEARTLEAF SILKY MOISTURE SUN CREAM – SPF 50+ PA++++,JEEV-HB-03FF13,ANUA,3150,6.984,5,1,1,False,False,https://stod.jeevee.com/whetstone-products/jeevee_erp/2025-08-13/8b/8b24cb7cf38d47d8d1f0e44459e45be2f47abecf
14324,PLUM MANDARIN & 15 % VITAMIN C SERUM- 20ML,JEEV-HB-0A7B4A-20 M,PLUM,880,10.001,4.3,143,54,False,True,https://stod.jeevee.com/whetstone-products/jeevee_erp/2024-08-13/db/dbb7cda7c74d0088cc1f6aaec450a94798bd7bc7
2461,NIVEA SOFT CREAM- 50ML,JEEV-HB-A20901,NIVEA,190,2.998,4,3,1,False,False,https://stod.jeevee.com/whetstone-products/product/2020-05-02/2461/512/2020_05_025ead91892efca_1588433289.jpg
2329,BIODERMA SEBIUM GEL MOUSSANT 200ML,JEEV-HB-D2DD22,BIODERMA,2200,5.454,5,5,4,False,False,https://stod.jeevee.com/whetstone-products/jeevee_erp/2021-10-08/2e/2e2294fdf87b6dfedf6a53aecb5c6016f9280db1
31790,MINIMALIST 2% SALICYLIC ACID + LHA BODY WASH 200ML,JEEV-HB-99F326,MINIMALIST,558.4,5,5,10,5,False,False,https://stod.jeevee.com/whetstone-products/jeevee_erp/2023-05-19/2a/2ada5153e1f833e878c3d90e1a18bbb5109a50f4
69786,THE DERMA CO 5% NIA-CERAMIDE MATTIFYING MOISTURIZER- 100 GM,JEEV-HB-86E9F0,THE DERMA CO,718.4,8,4.7,6,1,False,False,https://stod.jeevee.com/whetstone-products/jeevee_erp/2026-06-28/38/38412ddfa955098c8014721ffd1d0c7b8392df60
66626,DOT & KEY VITAMIN C MOISTURIZER- 60 ML,JEEV-HB-47F8D7,DOT & KEY,792,9.999,3.7,3,1,False,False,https://stod.jeevee.com/whetstone-products/jeevee_erp/2024-10-24/e1/e14833a71678fcab2134d970958c77234d3c182f
139132,DOT & KEY DRAGON FRUIT BOUNCE SUNSCREEN SPF 50+ PA++++50 GM,JEEV-HB-72D971,DOT & KEY,712,10,0,0,0,False,False,https://stod.jeevee.com/whetstone-products/jeevee_erp/2026-04-30/ba/ba0d983ef00f66a3eee4167fe91759575a6d01f6
5586,DERMAMOIST LOTION - 250 ML,JEEV-HB-CF4354,PIL,1142,7,5,8,2,False,False,https://stod.jeevee.com/whetstone-products/jeevee_erp/2026-02-10/0b/0bffeadf6b8baf51e20f1468efd6b0d3beb9b9a5
11165,KLEIDA AGE ERASE SERUM 30ML,JEEV-HB-72B11A,KLEIDA,1985,7,4.1,9,2,False,False,https://stod.jeevee.com/whetstone-products/jeevee_erp/2021-07-08/c6/c606ac2575f4a1410d834fda6a99c00a0fa390f1
128035,MINIMALIST COPPER PEPTIDE+ PDRN 1.25%- 10ML,JEEV-HB-F3237B,MINIMALIST,1118,5,0,0,0,False,False,https://stod.jeevee.com/whetstone-products/jeevee_erp/2026-03-15/e6/e68af9fdac46f8f94e3ddb8222ee85a7e31de8f8
37606,FIXDERMA NON DRYING CLEANSER-75 GM,JEEV-HB-C6A712,FIXDERMA,392,7.999,4.6,10,4,False,False,https://stod.jeevee.com/whetstone-products/jeevee_erp/2025-12-08/4e/4ef2665d5c248c85a9a745f84d948db62745bd43
87343,SKIN1004 MADAGASCAR CENTELLA ASIATICA AMPOULE - 100ML,JEEV-HB-879F85,SKIN1004,3250,8.308,0,0,0,False,False,https://stod.jeevee.com/whetstone-products/jeevee_erp/2025-05-25/2e/2ed7400187913eb59684f896ea6bcdfc1b061387
34631,PLUM GREEN TEA PORE CLEANSING FACE WASH 100 GM,JEEV-HB-87C08F,PLUM,456,9.999,4.5,11,4,False,False,https://stod.jeevee.com/whetstone-products/jeevee_erp/2023-09-21/d6/d662ea64c30c20d3712dd79794d957f1c6ba8928
44801,THE DERMA CO 1% KOJIC ACID LIP BALM- 4G,JEEV-HB-46CCFE,THE DERMA CO,526.4,8.001,4.6,17,7,False,False,https://stod.jeevee.com/whetstone-products/jeevee_erp/2024-07-30/9e/9edb2830a019aa364b1811b6596d9d55781d0928
143126,ELIZAVECCA EGF DEEP POWER RINGER MASK PACK 1 SHEET,JEEV-HB-079A11,ELIZAVECCA,114,13.154,0,0,0,False,False,https://stod.jeevee.com/whetstone-products/jeevee_erp/2026-05-24/89/895151bf17db26acbf5e050e3ec60a0b405ba518
7068,"HADA LABO ADVANCED NOURISH CLEANSER, 80 GM",JEEV-HB-887267,HADA LABO,500,20.001,4.3,39,20,False,False,https://stod.jeevee.com/whetstone-products/jeevee_erp/2025-11-25/09/09091f6fd72dad292502d8079d83ce1c0cd755f5
12222,MOISTCOM MOISTURISING CREAM GEL - 100ML,JEEV-HB-91D143,PSC DERMA,690,6.999,4.3,72,32,False,False,https://stod.jeevee.com/whetstone-products/jeevee_erp/2022-09-19/d9/d9ed1bd6cc9118f11d8f670e96cce6409be3ad29
36042,ETHISUN SUNSCREEN-200GM,JEEV-HB-8643C0,ETHICARE,880,10.001,3.6,7,3,False,False,https://stod.jeevee.com/whetstone-products/jeevee_erp/2026-05-22/fe/fe17c9005151cea3fbe75b504493dfde2cdc1503
131435,DOT & KEY DEW TINTED SUNSCREEN SPF 50+ PA+++ | PEONY 00 -50ML,JEEV-HB-0721FA,DOT & KEY,878.4,10.001,0,0,0,False,False,https://stod.jeevee.com/whetstone-products/jeevee_erp/2026-04-05/7c/7c4d5501ad6985be426167072c305bc5b6d4207b
100970,UBIYA DERMA EYE REVIVE+ : UNDER EYE GEL,JEEV-HB-7ED1AE,UBIYA DERMA,1438,5.007,0,0,0,False,False,https://stod.jeevee.com/whetstone-products/jeevee_erp/2025-09-08/42/42ed75e20ec14373e378538d645fc67950142cea
24900,THE DERMA CO 5% VITAMIN C DAILY FACE SERUM 30ML,JEEV-HB-974279,THE DERMA CO,879,8,4.2,11,1,False,False,https://stod.jeevee.com/whetstone-products/jeevee_erp/2022-07-31/7a/7a081490869660f73da9b196b380e68b67293865
28088,MINIMALIST SPF 60 SUNSCREEN 50G,JEEV-HB-A614BD,MINIMALIST,958.4,5,4.3,39,14,False,False,https://stod.jeevee.com/whetstone-products/jeevee_erp/2023-01-12/21/210be6e15c0ed0f7b5e9a5487621f2cdc7b9318a
11903,"MELANO CC BRIGHTENING ESSENCE, 20ML",JEEV-HB-B1ABF8,MELANO CC,1850,30,3.8,20,10,False,False,https://stod.jeevee.com/whetstone-products/jeevee_erp/2025-11-16/b3/b39a7ade8d8f9fb822e5ce4d7abd78395e378765
22623,THE DERMA CO. 1% SALICYLIC ACID OIL-FREE FACE MOISTURIZER 50G,JEEV-HB-FB159D,THE DERMA CO,559,7.999,4.5,53,16,False,False,https://stod.jeevee.com/whetstone-products/jeevee_erp/2022-04-12/77/77fe749ceafe5d55a4b0396fda1fcab014ad5a10
66639,DOT & KEY VITAMIN C + E SUPER BRIGHT GEL FACE WASH - 100ML,JEEV-HB-27666A,DOT & KEY,398.4,10.001,4.8,5,0,False,False,https://stod.jeevee.com/whetstone-products/jeevee_erp/2024-10-24/d7/d717d900f04152aa250b2b4d226dde17e212623f
38696,CHEMIST AT PLAY OIL AND ACNE CONTROL FACE WASH 100ML,JEEV-HB-C9A8E7,CHEMIST AT PLAY,478.4,6.999,4.2,12,5,False,False,https://stod.jeevee.com/whetstone-products/jeevee_erp/2024-01-25/24/245805e43904da6bcca18a2de814a96b7137a363
45626,"SIMPLE MICELLAR CLEANSING WATER, KIND TO SKIN- 200ML",JEEV-HB-CAD536,SIMPLE,648,4,4.5,4,2,False,False,https://stod.jeevee.com/whetstone-products/jeevee_erp/2024-08-15/0f/0f29a20931a3ac321d7a8e73c80d8febc7d87496
39285,SKIN1004 MADAGASCAR CENTELLA CREAM 75ML,JEEV-HB-5E0A51,SKIN1004,3150,7.937,0,0,0,False,False,https://stod.jeevee.com/whetstone-products/jeevee_erp/2024-04-08/5b/5bac5dbbb3bc7fdde12d69604e0f718a3abcb52b
111253,SKIN1004 MADAGASCAR CENTELLA POREMIZING FRESH AMPOULE - 50ML,JEEV-HB-8A1840,SKIN1004,2050,7.805,5,1,0,False,False,https://stod.jeevee.com/whetstone-products/jeevee_erp/2025-12-15/22/22e6969a048a8e076f8ddc74548d3e7125da15bb
14326,PLUM BULGARIAN VALLEY ROSE WATER TONER,JEEV-HB-67F43A-100,PLUM,408,9.998,4.1,8,4,False,True,https://stod.jeevee.com/whetstone-products/jeevee_erp/2021-08-12/ad/ad5b45fc244ea9a224f9fb55dd1b143190f0b496
7623,SUNPLAY UV WHITENING- 70 ML,JEEV-HB-4812B7,SUNPLAY,875,,4.4,19,7,False,False,https://stod.jeevee.com/whetstone-products/jeevee_erp/2020-12-15/d7/d7cd2e931667b02297bf15393c5184fe764077f2
27202,THE DERMA CO KOJIC ACID + GLUTATHIONE DAILY SYNDET SOAP 75G X 2,JEEV-HB-C68639,THE DERMA CO,478.4,8,4.8,5,2,False,False,https://stod.jeevee.com/whetstone-products/jeevee_erp/2022-11-28/98/9875ebdf9fab5c30249875d4aff8fba8701e163a
87308,THE DERMA CO 2.5% BENZOYL PEROXIDE GEL FACE WASH - 100ML,JEEV-HB-1C275C,THE DERMA CO,479,8,4.8,5,1,False,False,https://stod.jeevee.com/whetstone-products/jeevee_erp/2025-05-25/c7/c7d8c3927f482fb4dabd423f12b0333f38f61a0c
109429,PLUM BODYLOVIN' VANILLA VIBES BODY WASH- 240ML,JEEV-HB-81BA4D,PLUM,608,9.999,5,1,0,False,False,https://stod.jeevee.com/whetstone-products/jeevee_erp/2025-11-16/76/767caf4872f9b4668ae95be700634007e578f19b
142620,DOT & KEY BARRIER REPAIR MOISTURIZER CERAMIDE + HYALURONIC ACID 120GM,JEEV-HB-E34199,DOT & KEY,680,10,0,0,0,False,False,https://stod.jeevee.com/whetstone-products/jeevee_erp/2026-05-20/5d/5de4deb2ccdb628043e93893039b3d8bd762a788
143129,ELIZAVECCA RED GINSENG DEEP POWER RINGER MASK PACK 1 SHEET,JEEV-HB-98C0E2,ELIZAVECCA,114,13.154,0,0,0,False,False,https://stod.jeevee.com/whetstone-products/jeevee_erp/2026-05-24/78/78fa0b68a1ec3ff5e439bc6d195d752c0bc1ebc8
143130,ELIZAVECCA TEA TREE DEEP POWER RINGER MASK PACK 1 SHEET,JEEV-HB-20D114,ELIZAVECCA,114,13.154,0,0,0,False,False,https://stod.jeevee.com/whetstone-products/jeevee_erp/2026-05-24/2c/2ca4bcd5d416fc8019c88c070e4ae7e6ecd541e6
66621,DOT & KEY LIP BALM SPF 50 - 12 GM (COCOA MINT),JEEV-HB-E5F7E1,DOT & KEY,398.4,10.001,3.7,7,2,False,False,https://stod.jeevee.com/whetstone-products/jeevee_erp/2026-04-16/c5/c55ae1feab5ee1c499d8689ddc71a654be3fcdf5
66640,DOT & KEY RETINOL NIGHT CREAM- 60 ML,JEEV-HB-3DC0E2,DOT & KEY,958.4,10,4.5,2,0,False,False,https://stod.jeevee.com/whetstone-products/jeevee_erp/2025-10-28/42/4280c5381b5cc294a547dfd0750007831893f34f
109852,CHEMIST AT PLAY CHERRY LIP JELLY SPF 50 PA++++ GLOSSY LIP BALM-10GM,JEEV-HB-C622C6,CHEMIST AT PLAY,558.4,7,0,0,0,False,False,https://stod.jeevee.com/whetstone-products/jeevee_erp/2025-11-25/97/977dcaf0b99ad354e89952062b0346cddd4a3c0f
143142,MISSHA AIRY FIT SHEET MASK # HONEY,JEEV-HB-849D70,MISSHA,140,10.711,5,1,1,False,False,https://stod.jeevee.com/whetstone-products/jeevee_erp/2026-05-24/72/725436724c9ee0e289880643514bd1ab4a11423f
943,FIXDERMA STRAWBERRY FACEWASH 75ML,JEEV-HB-39DA0A,FIXDERMA,360,8.331,4.5,36,10,False,False,https://stod.jeevee.com/whetstone-products/jeevee_erp/2024-05-27/60/60156421bb713a58ad6a9073e800df4b2d91df4a
27176,THE DERMA CO PORE MINIMIZING PRIMING SUNSCREEN 50GM,JEEV-HB-FBF27B,THE DERMA CO,718.4,8,4.5,65,25,False,False,https://stod.jeevee.com/whetstone-products/jeevee_erp/2022-11-25/5b/5bec55ffc2b80fdaff3c420ff0836e3a01a4e0a1
39289,SKIN1004 MADAGASCAR CENTELLA POREMIZING LIGHT GEL CREAM 75ML,JEEV-HB-9E54D6,SKIN1004,2450,8.163,5,1,1,False,False,https://stod.jeevee.com/whetstone-products/jeevee_erp/2024-04-08/99/9906627ea183d0c3245d41982b4206bcf4cbc811
111222,ARENCIA FRESH GREEN RICE MOCHI CLEANSER-120G,JEEV-HB-A921E9,ARENCIA,2900,7.241,5,2,1,False,False,https://stod.jeevee.com/whetstone-products/jeevee_erp/2025-12-17/b3/b3f7c96cb46ab95b8cdb8da2957cbc7a71d4e4f1
129156,PLUM BODYLOVIN VANILLA CARAMELLO BODY LOTION- 200ML,JEEV-HB-FD912B,PLUM,478.4,9.999,0,0,0,False,False,https://stod.jeevee.com/whetstone-products/jeevee_erp/2026-04-02/e4/e4955ee33a2c272306a734aa59a838ba03480695
47539,ANUA HEARTLEAF SUCCINIC MOISTURE CLEANSING FOAM - 150ML,JEEV-HB-68B9FA,ANUA,2150,4.651,0,0,0,False,False,https://stod.jeevee.com/whetstone-products/jeevee_erp/2025-11-16/c3/c32d738e0e7fcb69f85305ee6b350c4f05d76e80
7605,HADA LABO PERFECT TRANEXAMIC ACID WHITE CLEANSER- 80 GM,JEEV-HB-909177,HADA LABO,550,20.001,4.6,38,15,False,False,https://stod.jeevee.com/whetstone-products/jeevee_erp/2025-01-09/4f/4f43e93a9a2b9fb0d6bffcb556ebdbc2a7c19ea1
22650,THE DERMA CO. 15% AHA+1% BHA BEGINNER FACE PEELING SOLUTION 30ML,JEEV-HB-C1BF04,THE DERMA CO,799,8.001,4.4,65,36,False,False,https://stod.jeevee.com/whetstone-products/jeevee_erp/2022-04-12/aa/aaea0cbe0ef89e77dbf71bb57500ec4ec395f7a6
80957,UBIYA DERMA AGELESS CREAM - 50GM,JEEV-HB-04CFA2,UBIYA DERMA,1867,50.027,2,1,1,False,False,https://stod.jeevee.com/whetstone-products/jeevee_erp/2025-04-11/07/075e6a713747087530b681653e2ea2fb3f44fff2
139625,DOT & KEY MELTIE STRAWBERRY GLAZE LIP BALM SPF 50+++-4G,JEEV-HB-6E57AE,DOT & KEY,398,10.051,0,0,0,False,False,https://stod.jeevee.com/whetstone-products/jeevee_erp/2026-05-04/8d/8df97fed87c166308bd3ec8b547af2591ec84970
3081,EKRAN SOFT SPF 50+ GEL 50GM,JEEV-HB-55365E,KLM,1216,7.073,4.6,35,13,False,False,https://stod.jeevee.com/whetstone-products/jeevee_erp/2022-09-19/85/85c205ce31cdfd9aea5d30a2fc95cfd64f869447
41047,THE DERMA CO 7% GLYCOLIC ACID HYDRATING TONER - 150ML,JEEV-HB-C60FC7,THE DERMA CO,798.4,8.001,4.8,8,2,False,False,https://stod.jeevee.com/whetstone-products/jeevee_erp/2024-05-21/29/29f91213f65094022f816856f3007d4560217bd9
44790,AQUALOGICA GLOW + HYDRA GEL MOISTURIZER 200GM,JEEV-HB-0B421F,AQUALOGICA,799,7.001,4.6,5,0,False,False,https://stod.jeevee.com/whetstone-products/jeevee_erp/2024-07-30/04/049c8b817c317f5f4ca448db380ca05678dc69e1
66644,DOT & KEY RICE WATER HYDRATING TONER- 150 ML,JEEV-HB-0E78B2,DOT & KEY,632,10,5,6,2,False,False,https://stod.jeevee.com/whetstone-products/jeevee_erp/2024-10-24/fa/fa3d81e73de3f820ddfeec358d0127890ce5b2f8
27363,HUMEDA HYALURONIC ACID SERUM 30 ML,JEEV-HB-FEA5E4,HUMEDA,1350,5,4.6,14,3,False,False,https://stod.jeevee.com/whetstone-products/jeevee_erp/2022-12-06/74/74a22a5baec01200b20421e8b8ec09f200e15a1f
34449,SINOZ 24K GOLD BEAUTY SERUM 30ML,JEEV-HB-738D89,SINOZ,1850,7,4,2,1,False,False,https://stod.jeevee.com/whetstone-products/jeevee_erp/2023-09-10/0e/0ed2da4286694864bc29da80944b3d6ee9588237
4912,GLUTACOM-C CREAM 30GM,JEEV-HB-13206B,PSC DERMA,990.4,7.008,3.4,11,4,False,False,https://stod.jeevee.com/whetstone-products/jeevee_erp/2020-09-20/9f/9f63a9a88f85c258c0d9f709d381ee307a114791
34151,DR. SHETH’S HALDI & HYALURONIC ACID SERUM - 30ML,JEEV-HB-DA24A2,DR. SHETH'S,798.4,8.001,4.3,6,4,False,False,https://stod.jeevee.com/whetstone-products/jeevee_erp/2023-08-24/f2/f27ed713b33514515b9fb7d5c79b439b52b19c68
5508,LIPZ MOISTURIZER WITH SPF 15 - 9 GM,JEEV-HB-83A5BB,ETHICARE,250,7.001,4.3,65,28,False,False,https://stod.jeevee.com/whetstone-products/jeevee_erp/2020-10-22/2a/2a8b8a4fec7e141f21c0d69c5aea44ca5be3c7ce
143128,ELIZAVECCA HONEY DEEP POWER RINGER MASK PACK 1 SHEET,JEEV-HB-9822EB,ELIZAVECCA,114,13.154,0,0,0,False,False,https://stod.jeevee.com/whetstone-products/jeevee_erp/2026-05-24/d5/d529fb242582f72fc949d9c679d0e7b13faa8ccb
370,ETHIGLO FACE WASH 70GM,JEEV-HB-4C1C25,ETHICARE,560,7.143,4.2,23,9,False,False,https://stod.jeevee.com/whetstone-products/jeevee_erp/2025-04-02/dc/dc7cb6411f7d0dc697ed91c4b4ae65652cbf4d8c
34196,DR. SHETH’S CERAMIDE & VITAMIN C SUNSCREEN-50GM,JEEV-HB-59FB8B,DR. SHETH'S,798.4,8.001,4.2,33,13,False,False,https://stod.jeevee.com/whetstone-products/jeevee_erp/2025-10-30/04/04ca99e029049fb2e71fa559e9c95b372d8fcdca
35128,THE ORDINARY ALPHA ARBUTIN 2% + HA 30ML,JEEV-HB-4C8E2B,THE ORDINARY,3000,11.667,4.7,3,3,False,False,https://stod.jeevee.com/whetstone-products/jeevee_erp/2023-10-04/93/9370ef162b90005b14f0c72ec8531d5947adc9b3
41783,TWACHA CAFFEINE LIP BALM 12GM,JEEV-HB-7D62BB,TWACHA,399,5.013,4.6,18,7,False,False,https://stod.jeevee.com/whetstone-products/jeevee_erp/2024-06-04/8b/8b36455c32f0f2ff6ced8b657c3f130716020c82
105526,DOT & KEY  STRAWBERRY DEW TINTED SUNSCREEN SPF 50+ PA++++ - 05 BEIGE- 50ML,JEEV-HB-2FCC8B,DOT & KEY,878.4,10.001,5,2,0,False,False,https://stod.jeevee.com/whetstone-products/jeevee_erp/2026-01-18/e6/e68ee26bc93dbb246ae682c02daec31691e4dbf1
134127,DOT & KEY VITAMIN C + E SUPER BRIGHT SUNSCREEN SPF 50+ PA++++-80G,JEEV-HB-6805DC,DOT & KEY,952,10,0,0,0,False,False,https://stod.jeevee.com/whetstone-products/jeevee_erp/2026-05-06/99/996011b00690a558f19e2e0fb7553492bd15ff37
143147,SKINFOOD SUOS VIDE MASK SHEET (BROCCOLI),JEEV-HB-665F0A,SKINFOOD,136,11.766,0,0,0,False,False,https://stod.jeevee.com/whetstone-products/jeevee_erp/2026-05-25/a7/a7ea4ef10af22170733a8efd01b095f4d26b6ec4
28265,MINIMALIST RETINOL 0.6% MID-STRENGTH ANTI AGING FACE SERUM 30ML,JEEV-HB-02D27A,MINIMALIST,1041,5,4.2,11,3,False,False,https://stod.jeevee.com/whetstone-products/jeevee_erp/2023-01-31/50/50a970275f34767caa7662a32d3c637f0dbe17ae
76413,DOT & KEY SPF 50+ BARRIER REPAIR LIP BALM STRAWBERRY RED,JEEV-HB-D0A351,DOT & KEY,400.4,10.002,4.5,2,0,False,False,https://stod.jeevee.com/whetstone-products/jeevee_erp/2025-01-10/33/332e5e2ce6784cd05bb2f53e42cdef18c072252b
143150,SKINFOOD SUOS VIDE MASK SHEET (TOMATO),JEEV-HB-C3FB1A,SKINFOOD,136,11.766,0,0,0,False,False,https://stod.jeevee.com/whetstone-products/jeevee_erp/2026-05-25/b2/b2df8eb562da9abe0aab96d07aeca3091ee6f960
143149,SKINFOOD SUOS VIDE MASK SHEET (PAPRIKA),JEEV-HB-9DC52D,SKINFOOD,136,11.766,0,0,0,False,False,https://stod.jeevee.com/whetstone-products/jeevee_erp/2026-05-25/1b/1b0ffb51748f518c871850d1cb6ad865cd556ffe
34172,SUNPLAY SKIN AQUA UV MOISTURE MILK 30G,JEEV-HB-1F29AE,SUNPLAY,599,,4.1,15,6,False,False,https://stod.jeevee.com/whetstone-products/jeevee_erp/2025-12-21/b3/b392f4ce53b3547f5df05a92eb3c7df9aeb861f3
85115,"SUNSCOOP KIDS 100% MINERAL SUNSCREEN LOTION SPF 30+ PA++++, 75ML",JEEV-HB-735F9F,SUNSCOOP,878.4,20.425,5,1,1,False,False,https://stod.jeevee.com/whetstone-products/jeevee_erp/2025-04-23/b8/b8087e761e8278f406e2a1e6e9a523a9fec83e63
143148,SKINFOOD SUOS VIDE MASK SHEET (CABBAGE),JEEV-HB-316DCD,SKINFOOD,136,11.766,0,0,0,False,False,https://stod.jeevee.com/whetstone-products/jeevee_erp/2026-05-25/37/3750b53b97fbd2481157116163c36b1eceb02c62
25708,"SIMPLE KIND TO SKIN REPLENISHING RICH MOISTURISER, 125ML",JEEV-HB-8FC4A2,SIMPLE,760,15.001,4.5,15,6,False,False,https://stod.jeevee.com/whetstone-products/jeevee_erp/2022-09-05/d1/d1ef91aa5592d877b28881a1b5700b7bf08a2fb7
12552,"THE DERMA CO 2% ALPHA ARBUTIN FACE SERUM, 30ML",JEEV-HB-FA9717,THE DERMA CO,799,8.001,4.6,54,15,False,False,https://stod.jeevee.com/whetstone-products/jeevee_erp/2021-07-11/49/499d7b8f0ba8b94ba7ec3b5a707c347e04dc583f
27735,COSRX LOW PH GOOD MORNING GEL CLEANSER 150ML,JEEV-HB-6712C0,COSRX,1650,,4.5,12,4,False,False,https://stod.jeevee.com/whetstone-products/jeevee_erp/2022-12-30/55/55b9b01c37d458968c0e03fde174fef64d4cb853
28268,MINIMALIST 10% AHA BHA EXFOLIATING SERUM 30ML,JEEV-HB-E6D92A,MINIMALIST,959,5,4.5,15,4,False,False,https://stod.jeevee.com/whetstone-products/jeevee_erp/2023-01-31/81/8166942e1c3fac9ac548cb603cedb8a3e12b6dc4
31787,MINIMALIST CERAMIDES LIP BALM WITH SPF 30 - 8 G,JEEV-HB-848D4B,MINIMALIST,478.4,5,4.7,22,15,False,False,https://stod.jeevee.com/whetstone-products/jeevee_erp/2025-03-18/0a/0a1837ef18ee56b26a242e801c33974945791b84
38783,MINIMALIST L-ASCORBIC ACID 08%LIP TREATMENT BALM- 12G,JEEV-HB-E67316,MINIMALIST,641,5.001,4.2,10,2,False,False,https://stod.jeevee.com/whetstone-products/jeevee_erp/2024-02-08/12/12d4d25bf7cb2ff6da12a9ac3d1136a1ca0247c4
21276,PLUM MANDARIN & VITAMIN C 1.5% TONER 100ML,JEEV-HB-C5F4C4,PLUM,680,10,4,7,1,False,False,https://stod.jeevee.com/whetstone-products/jeevee_erp/2022-02-15/90/90d5a8dfbaffff14253b5848648236609701f944
34149,DR. SHETH’S TEA TREE & LACTIC ACID BODY LOTION - 200ML,JEEV-HB-F7FAFE,DR. SHETH'S,478.4,8,4.7,15,6,False,False,https://stod.jeevee.com/whetstone-products/jeevee_erp/2023-08-24/84/84a17b5e09d8bd64f163016f78b21aa6657c8a78
143151,THE SAEM NATURAL CHARCOAL MASK SHEET,JEEV-HB-CDCB82,THE SAEM,169,11.246,0,0,0,False,False,https://stod.jeevee.com/whetstone-products/jeevee_erp/2026-05-25/c3/c3fd94579e6d41740790606b45230a8e05f40191
5340,BIODERMA ATODERM INTENSIVE BAUME 200ML,JEEV-HB-58A1BD,BIODERMA,3290,5.015,4.8,4,3,False,False,https://stod.jeevee.com/whetstone-products/jeevee_erp/2021-12-13/f4/f4dfd552fd86c76ad24b38523f1a96c7f37d64f9
111232,NATURE REPUBLIC REAL NATURE SHEET MASK BAMBOO-23ML,JEEV-HB-773922,NATURE REPUBLIC,155,16.133,0,0,0,False,False,https://stod.jeevee.com/whetstone-products/jeevee_erp/2025-12-15/a3/a3cf010e0dc218a7b0d46a472e6c339bc662706a
150017,CETAPHIL GENTLE SKIN CLEANSER CLASSIC 118ML,JEEV-HB-AB4C88,CETAPHIL,734,,0,0,0,False,False,https://stod.jeevee.com/whetstone-products/jeevee_erp/2026-06-29/4c/4cc6eee79f53d4abe6ddf6fc49ae8da1365bcb49
8974,"ALIC FACE WASH, 100ML",JEEV-HB-1B0EE4,ALIC,480,7.001,4.5,44,19,False,False,https://stod.jeevee.com/whetstone-products/jeevee_erp/2022-09-19/66/669c3718660e294fe2f0d902b7e4c314550d055d
1627,UVICOZ AQUA GEL 60GM,JEEV-HB-144AF9,CEUTICOZ,880,10.93,4.5,55,25,False,False,https://stod.jeevee.com/whetstone-products/jeevee_erp/2026-02-27/cc/ccab48070b46358be1ec953dd6656b0e880fcfbd
26111,THE DERMA CO 1% SALICYLIC ACID FOAMING DAILY FACE WASH 100ML,JEEV-HB-8AEF19,THE DERMA CO,559,7.999,4.3,20,11,False,False,https://stod.jeevee.com/whetstone-products/jeevee_erp/2022-09-20/d0/d04f0ac9456c839b0afdc28ce490bcfd50cb6340
40488,PILGRIM TEA TREE LIGHT NON-OILY MOISTURIZER - 80G,JEEV-HB-136BD0,PILGRIM,440,8,3.8,4,1,False,False,https://stod.jeevee.com/whetstone-products/jeevee_erp/2026-05-11/69/69c66f2c75c86d1473549cd9555b3d817fff7f12
42359,UBIYA DERMA HYDRATING CREAM- 80GM,JEEV-HB-C11455,UBIYA DERMA,1090,4.954,5,1,1,False,False,https://stod.jeevee.com/whetstone-products/jeevee_erp/2026-07-01/fb/fb35a84f8e0d7e7e478101f0f283a6f8ab4bae8c
128267,HYPHEN HYDRATING CERAMIDE TONER ESSENCE - 100ML,JEEV-HB-3423D5,HYPHEN,792,4.999,5,3,1,False,False,https://stod.jeevee.com/whetstone-products/jeevee_erp/2026-03-16/b3/b3a457c64e1b48ab569a107b97b4c1ba9445e31a
27228,AQUALOGICA RADIANCE+ FACE WASH 100ML,JEEV-HB-3FC026,AQUALOGICA,399,7.001,4.7,19,5,False,False,https://stod.jeevee.com/whetstone-products/jeevee_erp/2022-12-01/1e/1e123987994ae9ec12805b4c08f54d4e508b348d
74831,MAMAEARTH RICE WATER HYDRATING BODY LOTION-400ML,JEEV-HB-3BD6F1,MAMAEARTH,750.4,7.999,5,3,0,False,False,https://stod.jeevee.com/whetstone-products/jeevee_erp/2024-12-27/17/17454713dd9566e316196551e823218f0ff984e9
7069,"HADA LABO ADVANCED NOURISH CREAM, 50 GM",JEEV-HB-BE112D,HADA LABO,1150,20,4.4,10,5,False,False,https://stod.jeevee.com/whetstone-products/jeevee_erp/2026-05-29/1b/1bdf1fd5880f176b39de22ad2b907fbe085c8c55
34445,SINOZ EYE CONTOUR CREAM 15ML,JEEV-HB-94888D,SINOZ,1350,5,3.3,3,1,False,False,https://stod.jeevee.com/whetstone-products/jeevee_erp/2023-09-10/71/7160987a366b9a08bac3e0580aded6edc9fe4df4
2452,NIVEA MILK LOTION 125ML,JEEV-HB-DB16FD,NIVEA,250,3.001,4,3,1,False,False,https://stod.jeevee.com/whetstone-products/product/2020-05-02/2452/512/2020_05_025ead90e061310_1588433120.jpg
112494,LISAP LIGHT SCALE CARE SPRAY ANTI‑GIALLO 125 ML,JEEV-HB-E92C99,LISAP ,850,,0,0,0,False,False,https://stod.jeevee.com/whetstone-products/jeevee_erp/2025-12-22/07/07a84385b787e2c47207a3c571289b973a6528d8
38668,RENEW NIACINAMIDE SERUM 30ML,JEEV-HB-C65842,PSC DERMA,1560,7,4.3,3,2,False,False,https://stod.jeevee.com/whetstone-products/jeevee_erp/2024-01-21/74/74eaf8cdc9f592454198554859f45e2cebe3ed3e
85605,"CHEMIST AT PLAY HYDRATING BODY WASH WITH HYALU.ACID & COCONUT OIL, 236ML",JEEV-HB-00D929,CHEMIST AT PLAY,558.4,7,4.5,4,0,False,False,https://stod.jeevee.com/whetstone-products/jeevee_erp/2025-05-14/8b/8b60d90cf2c5b5c9aee46156b08f7d4454bca3a5
109430,PLUM BODYLOVIN' VANILLA CARAMELLO BODY WASH-240 ML,JEEV-HB-62F9DF,PLUM,608,9.999,2,1,1,False,False,https://stod.jeevee.com/whetstone-products/jeevee_erp/2025-11-16/c2/c256e0210f8ff071e95df50fe09eb8a4997a1287
25687,Cetaphil Sun SPF 50+ Light Gel Very High Protection (50ml),JEEV-HB-E7E462,CETAPHIL,2150,5,4.6,7,3,False,False,https://stod.jeevee.com/whetstone-products/jeevee_erp/2022-09-05/6c/6c78553a6ab3b7f82f22b44d65c72c911b0dced8
39306,"BEAUTY OF JOSEON REVIVE EYE SERUM, GINSENG + RETINAL 30ML",JEEV-HB-0EFB46,BEAUTY OF JOSEON,2240,11.384,5,6,4,False,False,https://stod.jeevee.com/whetstone-products/jeevee_erp/2024-04-01/c1/c1defb62976ae123ddb4357142cecd3ceaff1d1e
105522,DOT & KEY POMEGRANATE & PEPTIDE YOUTH RESTORE MOISTURIZER SPF 30 60ML,JEEV-HB-6EB87D,DOT & KEY,792,9.999,2,1,1,False,False,https://stod.jeevee.com/whetstone-products/jeevee_erp/2025-10-16/56/56e9e75e38e42c5dcecdb3f9020936faaa378081
7607,"HADA LABO PRO ANTI AGING CREAM, 50GM",JEEV-HB-152F3D,HADA LABO,1500,20,4.3,18,6,False,False,https://stod.jeevee.com/whetstone-products/jeevee_erp/2025-01-13/b3/b3e271e88af1a204824ea1240cd046751f7f3bc9
10607,"THE DERMA CO 0.1% RETINOL SERUM, 30ML",JEEV-HB-11B41D,THE DERMA CO,1119,8.001,4.5,70,25,False,False,https://stod.jeevee.com/whetstone-products/jeevee_erp/2021-07-29/c2/c293c86f8f1af35889b3671b9e97df7509f37e91
12549,"THE DERMA CO 10% NIACINAMIDE SERUM, 10ML",JEEV-HB-983F1A,THE DERMA CO,399,8.001,4.4,136,51,False,False,https://stod.jeevee.com/whetstone-products/jeevee_erp/2023-10-11/40/40987a32cc725a13966ba41eef81600dc6192ae0
22611,THE DERMA CO. 1% SALICYLIC ACID GEL FACE WASH 30ML,JEEV-HB-AE0F64,THE DERMA CO,239,8,4.5,21,8,False,False,https://stod.jeevee.com/whetstone-products/jeevee_erp/2022-11-28/5c/5cd7871e5cdf3f593c0d554c722241ac156e612f
143165,BEAUTY OF JOSEON DYNASTY CREAM- 100ML,JEEV-HB-DFA4D7,BEAUTY OF JOSEON,4125,11.515,0,0,0,False,False,https://stod.jeevee.com/whetstone-products/jeevee_erp/2026-05-25/e9/e9e9a8005c7057afd2df21a6b865f43349ffea5d
40444,PILGRIM 2% HYALURONIC ACID HYDRATION SUPER SERUM - 30ML,JEEV-HB-A5A1C0,PILGRIM,872,7.999,5,2,2,False,False,https://stod.jeevee.com/whetstone-products/jeevee_erp/2024-05-17/b1/b156fcd2d5cc1b5c35b3c14fb770e99fb7c8a591
140974,SOSKIN MICELLAR WATER 250ML,JEEV-HB-829650,SOSKIN,1700,5,0,0,0,False,False,https://stod.jeevee.com/whetstone-products/jeevee_erp/2026-05-11/e9/e909393c8f6fde7fccb5c727d17b4b792f48898c
2136,UV DOUX GOLD SUNSCREEN SPF50 50GM,JEEV-HB-C45A80,BRINTON,1916.18,7.01,4.8,18,7,False,False,https://stod.jeevee.com/whetstone-products/product/2020-04-18/2136/512/2020_04_185e9a8c0cddb58_1587186700.jpg
87013,AXIS-Y VEGAN COLLAGEN EYE SERUM - 10ML,JEEV-HB-DA238D,AXIS-Y,2600,13.461,5,1,0,False,False,https://stod.jeevee.com/whetstone-products/jeevee_erp/2025-05-21/b6/b63ba4baf8955ce6fdc2d40e66163fae915d8269
5756,UV DOUX SUNSCREEN SPF30 LOTION 50GM,JEEV-HB-8199C2,BRINTON,958.4,6.197,4.5,18,8,False,False,https://stod.jeevee.com/whetstone-products/jeevee_erp/2020-11-01/d3/d3520feb8fdee2d273c122a527079ac0e29d825a
81080,DR. ALTHEA 147 BARRIER FACIAL CREAM 50ML,JEEV-HB-E41BA8,DR. ALTHEA,3825,15.033,5,1,0,False,False,https://stod.jeevee.com/whetstone-products/jeevee_erp/2025-02-25/13/13e4e40c5eac57d2210a1f1481418784d19188cc
89288,UBIYA DERMA 1% KOJIC ACID COMPLEX SUNCREEN AQUA-GEL 50GM,JEEV-HB-FE64E4,UBIYA DERMA,1118,5,0,0,0,False,False,https://stod.jeevee.com/whetstone-products/jeevee_erp/2025-07-01/65/65deb51bf7e86b94d298f3b95737d1c0baf92e88
10608,"THE DERMA CO CERAMIDE + HA INTENSE MOISTURIZER, 50GM",JEEV-HB-081379,THE DERMA CO,559,7.999,4.5,81,36,False,False,https://stod.jeevee.com/whetstone-products/jeevee_erp/2021-04-19/7a/7a468c043d863d9079debd4dac589b48948b59b6
89233,BELLA VITA WHITE OUD SHOWER GEL- 250 ML,JEEV-HB-9B2E64,BELLA VITA,318.4,5.001,4,2,1,False,False,https://stod.jeevee.com/whetstone-products/jeevee_erp/2025-06-27/9c/9c6778326cba1596b7807bee3b66d777e8ba5929
114362,"UV DOUX AQUA MOISTURISER FOR 48-HOUR HYDRATION, 100GM",JEEV-HB-07AB92,BRINTON,712,5.196,5,1,0,False,False,https://stod.jeevee.com/whetstone-products/jeevee_erp/2025-12-29/a9/a956bfb7ba5b42fdd43d75ce8bf6bb9fc3f3ce58
143152,THE SAEM NATURAL HONEY MASK SHEET,JEEV-HB-FB17A1,THE SAEM,169,11.246,0,0,0,False,False,https://stod.jeevee.com/whetstone-products/jeevee_erp/2026-05-25/2d/2d2e4476c71cfc0ee06b7b0b9cb708d953596d80
45624,SIMPLE DAILY MICELLAR GEL WASH- 150ML,JEEV-HB-6D3CF7,SIMPLE,720,10,0,0,0,False,False,https://stod.jeevee.com/whetstone-products/jeevee_erp/2024-08-15/ae/aeaf87713c677c637d400571c596eac9d6c9385c
7981,EPISHINE SERUM 30ML,JEEV-HB-FAEE04,ETHICARE,3185,10,4.3,15,5,False,False,https://stod.jeevee.com/whetstone-products/jeevee_erp/2025-07-25/35/35c2278da52be3fdd707020f1af78c138bcf0383
87195,ENCHANTEUR ROMANTIC PERFUMED SHOWER GEL - 550ML,JEEV-HB-069472,ENCHANTEUR,675,,0,0,0,False,False,https://stod.jeevee.com/whetstone-products/jeevee_erp/2025-05-23/08/0801fa67773637848f76db8ebcbc9de2dbd3077f
2268,D-WASH FACIAL WASH 70ML,JEEV-HB-8EF6B8,ETHICARE,798.4,7,4.5,14,6,False,False,https://stod.jeevee.com/whetstone-products/jeevee_erp/2022-08-09/87/8713316243f349f94211a3a2d09824163dae9ae4
5801,NIVEA MEN EXTRA WHITE FOAM 100ML,JEEV-HB-E07B00,NIVEA,450,3.001,5,1,1,False,False,https://stod.jeevee.com/whetstone-products/jeevee_erp/2024-06-21/bf/bf367d9a9c6746ccfd1606b3741cd9ebdd566c9a
20140,THE ORDINARY HYALURONIC ACID 2%+B5 30ML,JEEV-HB-F30E74,THE ORDINARY,2250,7.422,4.8,8,4,False,False,https://stod.jeevee.com/whetstone-products/jeevee_erp/2026-01-14/ec/eca58c1b1e66454b930146d2ec3930a599bf0fa3
30937,ATOMIST SKIN BARRIER REPAIR CREAM - 125 GM,JEEV-HB-1594A6,BRINTON,958.4,6.197,5,10,6,False,False,https://stod.jeevee.com/whetstone-products/jeevee_erp/2023-04-28/c4/c44c44c4b29cc8ce29520c6cb6b214948495c76f
25158,HYDRASUN MOISTURISING SUNSCREEN CREAM 50G,JEEV-HB-EB41CD,ETHICARE,798.04,5,5,3,1,False,False,https://stod.jeevee.com/whetstone-products/jeevee_erp/2022-08-08/2b/2b9ad06c0632b1016cf91cc467040d1629e964bf
28505,MINIMALIST NIACINAMIDE 5% BODY LOTION 180G,JEEV-HB-1E54F1,MINIMALIST,479,4.999,4.8,16,8,False,False,https://stod.jeevee.com/whetstone-products/jeevee_erp/2023-02-12/a5/a55d0b88ebf18185282cc0c305fa29dcb6098971
40199,THE DERMA CO. 2% KOJIC ACID FACE SERUM-10 ML,JEEV-HB-E59BF3,THE DERMA CO,398.4,8.001,4.3,18,9,False,False,https://stod.jeevee.com/whetstone-products/jeevee_erp/2024-05-05/d1/d1ff781b5c32d9e5af73cc1e91c72f3fcc587db7
110456,[8906147702246] DOT & KEY STRAWBERRY + NIACINAMIDE MOISTURIZER-80G,JEEV-HB-086A60,DOT & KEY,638.4,10.001,5,2,2,False,False,https://stod.jeevee.com/whetstone-products/jeevee_erp/2025-12-05/c5/c5bf4a95c317e4aa9af9b382a2dd1714b47b0857
24563,THE ORDINARY RETINOL 0.5% IN SQUALANE 30ML,JEEV-HB-4887DE,THE ORDINARY,2200,10.455,4.4,9,1,False,False,https://stod.jeevee.com/whetstone-products/jeevee_erp/2026-01-14/d8/d868c154f1c06651efe243c78b15403aa6d05687
33199,"THE DERMA CO 1% HYALURONIC TINTED SUNSCREEN GEL,30GM",JEEV-HB-9D2CEE,THE DERMA CO,799,8.001,4,24,9,False,False,https://stod.jeevee.com/whetstone-products/jeevee_erp/2023-07-10/10/102e62d3e05c7d869e60e9228860ed35339c43f3
34200,DR. SHETH'S HALDI & HYALURONIC ACID SUNSCREEN - 50GM,JEEV-HB-A209AD,DR. SHETH'S,798.4,8.001,4,9,5,False,False,https://stod.jeevee.com/whetstone-products/jeevee_erp/2023-08-27/a0/a0e2c9414ca68abf036044a30ccf2524c0b7688a
67142,SUNPLAY SKIN AQUA TONE UP UV ESSENCE (LATTE BEIGE),JEEV-HB-42065E,SUNPLAY,1020,,4.8,4,3,False,False,https://stod.jeevee.com/whetstone-products/jeevee_erp/2025-07-10/32/325432e0d644c75bb58a18e45c4c9f2a9f9a2b81
108852,"ISNTREE GREEN TEA FRESH TONER, 200ML",JEEV-HB-60297C,ISNTREE,2300,19.565,5,1,0,False,False,https://stod.jeevee.com/whetstone-products/jeevee_erp/2025-11-09/31/31d02a1466bb4cf9a10a3eac99120270daffd2d6
38996,COXIR BLACK SNAIL COLLAGEN EMULSION- 100ML,JEEV-HB-E5E091,COXIR,2450,5,0,0,0,False,False,https://stod.jeevee.com/whetstone-products/jeevee_erp/2024-03-06/ac/ac037fd0b79cd149576d2af54b7f787a7c5d8d09
34459,SINOZ CLEANSING CLAY FACE MASK 50 ML,JEEV-HB-0560F5,SINOZ,1800,5,0,0,0,False,False,https://stod.jeevee.com/whetstone-products/jeevee_erp/2023-09-10/d4/d436d12ac4880c7e057323cda86439df9e8672bf
105827,"BANILA CO CLEAN IT ZERO CLEANSING BALM, 100ML",JEEV-HB-D3A52B,Banila Co,3200,35.938,0,0,0,False,False,https://stod.jeevee.com/whetstone-products/jeevee_erp/2025-10-19/ec/ec19fd8e0c02d8f5ff03f369681625ab997cb704
9364,"LIPZLITE - LIP LIGHTENING CREAM, 15GM",JEEV-HB-D55FEB,ETHICARE,480,7.001,3.4,36,17,False,False,https://stod.jeevee.com/whetstone-products/jeevee_erp/2021-03-15/5b/5bbd2574e98cfd62e06519988fa91ff740f986b0
45627,SIMPLE SOOTHING FACIAL TONER (WITH VITAMIN B5)- 200ML,JEEV-HB-6ECD9F,SIMPLE,736,4.001,1,1,0,False,False,https://stod.jeevee.com/whetstone-products/jeevee_erp/2024-08-15/a9/a96e176366ea91acc2e5b5107a3209ec68f86a08
39791,PLUM CANDY MELTS STRAWBERRY SORBET TINTED LIP BALM- 4.5 GM,JEEV-HB-35D318,PLUM,319,10,3.8,9,4,False,False,https://stod.jeevee.com/whetstone-products/jeevee_erp/2024-04-29/c3/c3c67af576e677850d6445bcde6ea56e69a085d1
72860,HADA LABO PERFECT WHITE TRANEXAMIC ACID LOTION 170ML,JEEV-HB-2F03BB,HADA LABO,1390,20,5,4,2,False,False,https://stod.jeevee.com/whetstone-products/jeevee_erp/2024-12-09/38/3813981ab6db02e1c95e471e7a970a2b0d0dd373
76411,DOT & KEY SPF 50+ BARRIER REPAIR LIP BALM - CHERRY CRIMSON,JEEV-HB-4676A5,DOT & KEY,399.4,9.999,4.3,3,2,False,False,https://stod.jeevee.com/whetstone-products/jeevee_erp/2025-01-10/4a/4a9ff7d4145128919fdb1afbeb5e93905182c2bc
85405,PILGRIM KOREAN ALOE COOLING FLUID SUNSCREEN SPF 50+ PA++++ 50ML,JEEV-HB-D147AF,PILGRIM,793,8,0,0,0,False,False,https://stod.jeevee.com/whetstone-products/jeevee_erp/2025-05-07/8c/8caf7fa939718fd0065336c6e8a5aa5d97f58cb6
942,FIXDERMA STRALLIUM STRETCH MARK CREAM 75GM,JEEV-HB-AFD1E9,FIXDERMA,880,8,4.6,7,2,False,False,https://stod.jeevee.com/whetstone-products/jeevee_erp/2024-05-24/83/8340ff7b2cad45f8e5baa745e8662c9eeb24f1ea
2116,KLEIDA SUNSAFE INVISIBLE SUNSCREEN SPF PA +++ 50+-50GM,JEEV-HB-8DE94D,KLEIDA,980,7,4.2,36,13,False,False,https://stod.jeevee.com/whetstone-products/jeevee_erp/2026-02-27/c3/c3cf73fb83ac3120cfe19d914f12991151285068
25198,"SUNPLAY SKIN AQUA UV SUNSCREEN WHITENING LOTION, 150GM",JEEV-HB-A7402E,SUNPLAY,1090,,2.7,7,2,False,False,https://stod.jeevee.com/whetstone-products/jeevee_erp/2024-10-24/21/218cedd2a83c408494227bdee22449e77674ad81
80483,AQUALOGICA BARRIER + REPAIR SUNSCREEN 80G,JEEV-HB-B3B6B8,AQUALOGICA,959,6.999,5,2,1,False,False,https://stod.jeevee.com/whetstone-products/jeevee_erp/2025-02-18/94/94f56ed25205368a0571a3e0af1dcb35695bc07d
145281,CETAPHIL MOISTURISING LOTION 236 ML,JEEV-HB-A9A329,CETAPHIL,2078,5,0,0,0,False,False,https://stod.jeevee.com/whetstone-products/jeevee_erp/2026-06-02/4e/4e2368e76b1af6a3220e027e89259c1c222d9b7b
38988,COXIR BLACK SNAIL COLLAGEN CREAM- 30ML,JEEV-HB-0EED03,COXIR,1990,5,0,0,0,False,False,https://stod.jeevee.com/whetstone-products/jeevee_erp/2024-03-05/a9/a97037cd4aff8c51f29199a0073df4de37965736
6050,"ACNES WHITENING FACIAL CLEANSER, 100 GM",JEEV-HB-C4DE94,ACNES,425,,4.7,6,1,False,False,https://stod.jeevee.com/whetstone-products/jeevee_erp/2025-01-17/d6/d6726391a336eb9d218680abcbf627d1c6ad58f4
110497,PLUM GOODNESS LILY MISS SUNSHINE SUNSCREEN BODY LOTION SPF 35 PA+++ | - 200 ML,JEEV-HB-D55DC7,PLUM,680,10,0,0,0,False,False,https://stod.jeevee.com/whetstone-products/jeevee_erp/2025-12-08/ae/ae06bd2c0a25476a155493464e2e212400d00f3d
15969,PLUM BAKUCHIOL & 1% RETINOL SERUM,JEEV-HB-85EBFC-20 M,PLUM,880,10.001,4.6,31,7,False,True,https://stod.jeevee.com/whetstone-products/jeevee_erp/2021-09-29/85/8517f3cbca01194503d67e02fb01618dc409e2c8
28263,MINIMALIST GRANACTIVE RETINOID 02% FACE CREAM LIQUID 30ML,JEEV-HB-16138B,MINIMALIST,1118.4,4.999,4.4,31,11,False,False,https://stod.jeevee.com/whetstone-products/jeevee_erp/2025-03-16/3e/3e8f74db514e271e63832d48aa996896a3a86e55
66654,DOT & KEY MANGO DETAN GEL FACE WASH - 100 ML,JEEV-HB-97496D,DOT & KEY,398.4,10.001,4.8,4,3,False,False,https://stod.jeevee.com/whetstone-products/jeevee_erp/2024-10-24/4a/4ac30fcb379a079d5560f42ff025444be7c86cab
94082,"MEDICUBE PDRN PINK COLLAGEN CAPSULE CREAM, 55GM",JEEV-HB-D8B25E,MEDICUBE,4120,15.048,5,1,1,False,False,https://stod.jeevee.com/whetstone-products/jeevee_erp/2025-08-10/2b/2b108ba4d9da615e3d10dd6a78eadfeaf9b894be
27272,ACNES TRIO ACTIV SEALING GEL 18G,JEEV-HB-400B5C,ACNES,430,,3.7,6,3,False,False,https://stod.jeevee.com/whetstone-products/jeevee_erp/2024-12-17/45/457da35df2be9d60c87c1caa0afaa44db7bc5add
66649,DOT & KEY HYALURONIC & CERAMIDE DAILY HYDRATING SHOWER GEL-250 ML,JEEV-HB-8AB0E3,DOT & KEY,558.4,10.001,0,0,0,False,False,https://stod.jeevee.com/whetstone-products/jeevee_erp/2024-10-24/3e/3e564fdeee37b9402491d411c53714681f486346
105828,SKIN1004 MADAGASCAR CENTELLA TONE BRIGHTENING TONE UP SUNSCREEN 50ML,JEEV-HB-693672,SKIN1004,2495,16.232,3.7,3,1,False,False,https://stod.jeevee.com/whetstone-products/jeevee_erp/2025-10-19/f6/f6ea362a7f3989b4ab5636737823eb8c07d76caa
123096,BEAUTY OF JOSEON GLOW SERUM : PROPOLIS+NIACINAMIDE 60ML,JEEV-HB-1849C4,BEAUTY OF JOSEON,3500,21.429,0,0,0,False,False,https://stod.jeevee.com/whetstone-products/jeevee_erp/2026-02-11/3c/3c4eebc81c367c255d52aeec33b7b20b5be3f6de
31620,MAMAEARTH VITAMIN C DAILY GLOW FACE SERUM- 30 ML,JEEV-HB-4D6568,MAMAEARTH,639,8,4.1,18,7,False,False,https://stod.jeevee.com/whetstone-products/jeevee_erp/2023-05-16/53/5382887ece18bb792a320bbed38395f209987e12
40501,PILGRIM 1% VITAMIN C TONER- 100ML,JEEV-HB-FAE6FC,PILGRIM,480,7.999,3.7,6,1,False,False,https://stod.jeevee.com/whetstone-products/jeevee_erp/2026-03-20/a1/a135ba003b65028f5279df5b743cd549f1596172
41237,DR. SHETH’S CERAMIDE & VITAMIN C LONG-LASTING SUNSCREEN - 50GM,JEEV-HB-00F1EB,DR. SHETH'S,1119.45,8,0,0,0,False,False,https://stod.jeevee.com/whetstone-products/jeevee_erp/2024-05-26/90/909567f6362e98d663812c423cb6760ba10a3ced
96815,THE PUREST SOLUTIONS YOUTH RADIANT RENEWAL RETINOL SERUM 30ML,JEEV-HB-5343CB,THE PUREST SOLUTIONS,3400,5,0,0,0,False,False,https://stod.jeevee.com/whetstone-products/jeevee_erp/2025-08-21/95/9594cd8b6415099e510107bbf399528054425644
101736,LAKME BLUSH AND GLOW FRUITYLICIOUS SHEET MASK LEMON FRESH - 25ML,JEEV-HB-A09865,LAKME,160,5,5,1,0,False,False,https://stod.jeevee.com/whetstone-products/jeevee_erp/2025-09-16/d3/d3d5d8404783779e2dc117dcbfa719635b641230
2531,NIVEA LIPCARE CHERRY 4.8GM,JEEV-HB-42ED98,NIVEA,375,3.001,4.8,6,1,False,False,https://stod.jeevee.com/whetstone-products/jeevee_erp/2020-11-02/c6/c653217e494199bf96ff90154fe500f62fceded5
29708,THE PUREST SOLUTIONS HYDRATING GENTLE FACIAL CLEANSER- 200ML.,JEEV-HB-7E4E27,THE PUREST SOLUTIONS,2550,5,5,3,1,False,False,https://stod.jeevee.com/whetstone-products/jeevee_erp/2023-04-02/64/64fb2e76ab2d8c32b0cb015385c695af480d57d0
10642,HUMEDA RICH MOISTURIZING CREME 200GM,JEEV-HB-4F6B7B,HUMEDA,885,5,4.2,16,8,False,False,https://stod.jeevee.com/whetstone-products/jeevee_erp/2021-04-23/71/71f6feae461d200d0408b463f6ebc047d73c8b7b
15581,"KLEIDA NICE 10% NIACINAMIDE + 1% ZINC, 30ML",JEEV-HB-B7DCAB,KLEIDA,1645,7,4.4,18,6,False,False,https://stod.jeevee.com/whetstone-products/jeevee_erp/2024-03-22/d2/d277a638af5e295b885bc360afaccfc804780e0b
35780,"CEUTICOZ CLEAR ZINC TINTED SUNSCREEN GEL SPF 50- BRONZE, 50GM",JEEV-HB-E447CF,CEUTICOZ,1520,5,4.6,7,4,False,False,https://stod.jeevee.com/whetstone-products/jeevee_erp/2023-10-18/ab/abb7ebc3149d8d415579eac1a89ecfc6dc612fcb
41043,AQUALOGICA ILLUMINATE+ DEWY SUNSCREEN 80G,JEEV-HB-D110BE,AQUALOGICA,958.4,7,4,3,1,False,False,https://stod.jeevee.com/whetstone-products/jeevee_erp/2024-05-21/28/28dc19e0899dea3af740ed860765ac3694da660b
41854,AQUALOGICA DETAN+ DEWY SUNSCREEN SPRAY 100ML,JEEV-HB-9CB03D,AQUALOGICA,958.4,7,4.4,5,0,False,False,https://stod.jeevee.com/whetstone-products/jeevee_erp/2024-06-07/e9/e9a6a81adddd418c3caa0c16e255b72a20b6b053
5687,ACROSS FACE WASH - 75 ML,JEEV-HB-890690,DERMAWIN,400,7,4.6,8,4,False,False,https://stod.jeevee.com/whetstone-products/jeevee_erp/2020-10-30/c1/c104e96cf3a3c3d935617807ff4ae44acb1043d3
13854,FIXDERMA NIGRIFIX CREAM 100GM,JEEV-HB-757941,FIXDERMA,1240,8,4.1,46,10,False,False,https://stod.jeevee.com/whetstone-products/jeevee_erp/2021-07-21/8f/8fa2e78249f8304983c3cd8b123d42ab2726797a
32072,COSRX FULL FIT PROPOLIS SYNERGY TONER 150ML,JEEV-HB-0E07A9,COSRX,2200,6.818,4.4,17,10,False,False,https://stod.jeevee.com/whetstone-products/jeevee_erp/2023-06-12/c9/c92a5e2a3fc6430f5aa1a1ead6f62a50b07a37e5
87357,NUMBUZIN NO.3 SKIN SOFTENING SERUM - 50ML,JEEV-HB-D1805A,NUMBUZIN,3500,31.429,5,1,0,False,False,https://stod.jeevee.com/whetstone-products/jeevee_erp/2025-05-25/19/19ecc2027b37fa2cd3611101d856aa5e771b626c
87358,NUMBUZIN NO.4 COLLAGEN 73% PUDDING SERUM - 50ML,JEEV-HB-1BABCA,NUMBUZIN,4000,37.5,5,1,0,False,False,https://stod.jeevee.com/whetstone-products/jeevee_erp/2025-05-25/ee/eeefa0908c1d1311fd14672cf55b263838793d53
139133,DOT & KEY BARRIER REPAIR OIL-FREE MOISTURIZER 50GM,JEEV-HB-547CD7,DOT & KEY,639,10,5,1,1,False,False,https://stod.jeevee.com/whetstone-products/jeevee_erp/2026-04-30/2c/2cad92772f07eaafb4391d5bfae25bdeaa413a2b
8033,DOUX 24 MOISTURIZER 100GM,JEEV-HB-9B5B26,BRINTON,638.4,6.172,4.3,103,42,False,False,https://stod.jeevee.com/whetstone-products/jeevee_erp/2023-01-01/e3/e3125490afcb15d1595ea5f13ee042deb5ce6954
34204,DR. SHETH’S CENTELLA & NIACINAMIDE & ACNE CONTROL SUNSCREEN-50GM,JEEV-HB-E3066B,DR. SHETH'S,1118.4,7.999,3.7,9,4,False,False,https://stod.jeevee.com/whetstone-products/jeevee_erp/2023-08-27/97/97418bc7b09b4394eb7c64d9419c10d39a6de16d
41045,THE DERMA CO 4% UREA DEEP MOISTURIZING CREAM - 100GM,JEEV-HB-B65E84,THE DERMA CO,526.4,8.001,4,7,4,False,False,https://stod.jeevee.com/whetstone-products/jeevee_erp/2024-05-21/37/37673e3e4a9d98db91cd4a562dee83d6bf9298b1
10447,"BEARDO CHARCOAL BODY WASH, 200ML",JEEV-HB-F5FCFB,BEARDO,478.4,5,4.1,15,10,False,False,https://stod.jeevee.com/whetstone-products/jeevee_erp/2024-01-08/1d/1df3a443bb4462a9144c9bd9c8b9221ac759660e
2287,ACNEVON FACE WASH 250GM,JEEV-HB-321270,BIOROME,630,7.142,4.8,11,4,False,False,https://stod.jeevee.com/whetstone-products/jeevee_erp/2020-07-12/4b/4b1a43d8e4e0cbeca72217d441946a352c3a70a7
116976,NOVO REFRESHING AROMA HAND CREAM [02 DEWY]-45G,JEEV-HB-3F1D5D,NOVO,480,10,0,0,0,False,False,https://stod.jeevee.com/whetstone-products/jeevee_erp/2026-01-14/49/49849deea9172287b62f8db13b674ba7fe084db8
6054,"ACNES CREAMY FACE WASH, 100 GM",JEEV-HB-A42E26,ACNES,425,,0,0,0,False,False,https://stod.jeevee.com/whetstone-products/jeevee_erp/2020-11-09/fd/fda987d68e80e31189056e49b55b8e463ec308c5
7619,"SUNPLAY SKIN AQUA SILKY WHITE GEL, 30GM",JEEV-HB-6F1D76,SUNPLAY,499,,4.3,19,7,False,False,https://stod.jeevee.com/whetstone-products/jeevee_erp/2025-11-20/26/26e4dbe96e2547d7dcba1648c3c650016e7f505a
131059,PLUM NIACINAMIDE SKINCARE TRIO MINI KIT,JEEV-HB-98B77B,PLUM,638,10,0,0,0,False,False,https://stod.jeevee.com/whetstone-products/jeevee_erp/2026-04-03/78/78f4cb5764d8917e25d1e96e411fe00708df4c7d
146209,THE FACE SHOP SOLUTION MASK SHEET 1PC [SOOTHING],JEEV-HB-AB9A63,THE FACE SHOP,290,6.897,0,0,0,False,False,https://stod.jeevee.com/whetstone-products/jeevee_erp/2026-06-09/e3/e3985eb8370b3338281a6046e0879c2855730fc5
25183,SEBOGEL SALICYLIC ACID & NICOTINAMIDE GEL 30GM,JEEV-HB-CDDF8D,ETHICARE,440,5,4.4,42,17,False,False,https://stod.jeevee.com/whetstone-products/jeevee_erp/2022-08-08/35/357c85baff8b655b5124220e32c7a5be731a16a7
29110,ACNES VITAMIN CLEANSER 150GM,JEEV-HB-D2255B,ACNES,575,,5,2,2,False,False,https://stod.jeevee.com/whetstone-products/jeevee_erp/2026-05-29/26/266c56253ced82488a79e55c8354c50fc5ff5dd9
123097,PURITO SEOUL OAT IN GENTLE EXFOLIATING FACE CLEANSER 150ML,JEEV-HB-CC2233,PURITO,2590,7.722,0,0,0,False,False,https://stod.jeevee.com/whetstone-products/jeevee_erp/2026-02-11/82/825a0763310537dc0297313bce674816b0639134
145007,LAKME 9TO5 SUN EXPERT TINTED MATTE SUNSCREEN SPF50 100ML,JEEV-HB-48738E,LAKME,1070.4,,0,0,0,False,False,https://stod.jeevee.com/whetstone-products/jeevee_erp/2026-06-01/3f/3ffd3372058aaf069b913ecc44d5c8d5d0d2a162
66634,DOT & KEY LIP BALM CHERRY POP- 12 GM,JEEV-HB-309690,DOT & KEY,398.4,10.001,4.8,5,1,False,False,https://stod.jeevee.com/whetstone-products/jeevee_erp/2024-10-24/85/85c280e33feab9b9606288449eae8c8d9baca01d
116971,FRUDIA MY ORCHARD HAND CREAM [CITRON]-30G,JEEV-HB-022681,FRUDIA,480,10,0,0,0,False,False,https://stod.jeevee.com/whetstone-products/jeevee_erp/2026-01-14/d7/d7a5404b8307c51b90655f06232486c5a2b9b394
22607,THE DERMA CO. 3% VITAMIN E FACE MOISTURIZER 100G,JEEV-HB-B49922,THE DERMA CO,559,7.999,4.4,72,27,False,False,https://stod.jeevee.com/whetstone-products/jeevee_erp/2022-04-11/77/77fd85b631ab930271a9315ea9ac981562c8055e
66653,DOT & KEY MANGO DETAN CLAY MASK - 70 GM,JEEV-HB-167114,DOT & KEY,798.4,10.001,3.5,2,1,False,False,https://stod.jeevee.com/whetstone-products/jeevee_erp/2024-10-24/54/54e32ef069c9fb993030c646ec334766ebf91962
103173,PLUM CICA & HYALURONIC ACID AQUA-LIGHT SUNSCREEN (SPF 50 PA+++) 50 G,JEEV-HB-D17961,PLUM,638,10,5,2,0,False,False,https://stod.jeevee.com/whetstone-products/jeevee_erp/2025-10-07/57/57af7ff96e616b1bcd7e0ddeb88104205defa270
106683,HEIMISH ALL CLEAN BALM 120ML,JEEV-HB-5C95BB,HEIMISH,2700,26.296,0,0,0,False,False,https://stod.jeevee.com/whetstone-products/jeevee_erp/2025-10-30/10/10c0d751219461fc0e395e448337a634f7b61ec3
14975,MAMAEARTH AQUA GLOW GEL FACE MOISTURIZER - 100 ML,JEEV-HB-B32C3C,MAMAEARTH,1119,8.001,4.6,39,20,False,False,https://stod.jeevee.com/whetstone-products/jeevee_erp/2024-08-13/4c/4c7f3dacfdbe5b5d782077daed6cfcd9cb1fbd2f
116970,FRUDIA MY ORCHARD HAND CREAM [GRAPEFRUIT]-30G,JEEV-HB-C7B926,FRUDIA,480,10,0,0,0,False,False,https://stod.jeevee.com/whetstone-products/jeevee_erp/2026-01-14/0e/0e6f1c05a96d22a1439989e3bd01ab500b3641e9
116972,FRUDIA MY ORCHARD HAND CREAM [PASSION FRUIT]-30G,JEEV-HB-5D2624,FRUDIA,480,10,0,0,0,False,False,https://stod.jeevee.com/whetstone-products/jeevee_erp/2026-01-14/92/92fc4c04be9cc46aee5a1b19b92a9eb69a3f1ecb
29087,MINIMALIST AQUAPORIN BOOSTER 05% CLEANSER 100ML,JEEV-HB-95E411,MINIMALIST,481,4.999,4.8,38,17,False,False,https://stod.jeevee.com/whetstone-products/jeevee_erp/2023-03-16/a5/a501f7874c2a0520b49ff3c19dba3208a5077b88
31909,PLUM 5% NIACINAMIDE FACE SERUM 30ML,JEEV-HB-C7F6CB,PLUM,959,9.999,4.3,29,15,False,False,https://stod.jeevee.com/whetstone-products/jeevee_erp/2023-05-26/16/166fed663c348dc03be5cc7b15d688a1c3443acf
40480,PILGRIM AUSTRALIAN TEA TREE PURIFYING GEL FACE WASH- 100ML,JEEV-HB-52C1D7,PILGRIM,400,8,5,3,1,False,False,https://stod.jeevee.com/whetstone-products/jeevee_erp/2026-03-18/5c/5ccdd33cdc7600bdbe4e23daa7ca6d9f380318ef
82422,WISHCARE 2% VITAMIN C PURE GLOW MILK SUNSCREEN SPF 50 PA++++ - 50GM,JEEV-HB-DE26C6,WISHCARE,799,4.999,4.3,3,1,False,False,https://stod.jeevee.com/whetstone-products/jeevee_erp/2025-03-23/67/671752f7ccaa5366904d49179056ad1796fa2c56
101735,LAKME BLUSH AND GLOW FRUITYLICIOUS SHEET MASK KIWI CRUSH - 25ML,JEEV-HB-6AAD5F,LAKME,160,5,0,0,0,False,False,https://stod.jeevee.com/whetstone-products/jeevee_erp/2025-09-16/bb/bbcdfcffb5d86ba47056a2bf22c4187819031690
24058,MAMAEARTH OIL FREE FACE WASH 100ML,JEEV-HB-4171DF,MAMAEARTH,430.4,8,4.4,9,2,False,False,https://stod.jeevee.com/whetstone-products/jeevee_erp/2022-06-23/78/786539a04948c081173acd2a719346a8c191ea1b
38995,COXIR ULTRA HYALURONIC TONER- 150ML,JEEV-HB-0C7EA9,COXIR,2350,5,0,0,0,False,False,https://stod.jeevee.com/whetstone-products/jeevee_erp/2024-03-06/6f/6ff8bd217aaf1924060be61c7bdff48b9253de19
148632,THE FACE SHOP REAL NATURE FACE SHEET MASK 20G- RICE,JEEV-HB-C8E189,THE FACE SHOP,150,9.997,0,0,0,False,False,https://stod.jeevee.com/whetstone-products/jeevee_erp/2026-06-22/26/26360f17f788b7e443cfdcad2dcda7815ddc9c32
86053,MIXSOON BEAN ESSENCE - 30ML,JEEV-HB-6C6357,MIXSOON,3000,30.567,5,1,0,False,False,https://stod.jeevee.com/whetstone-products/jeevee_erp/2025-08-12/75/75188edbffe20460df62aee1b8e18cc8fd29ef6d
2390,FIXDERMA RETICURAM SERUM FOR AGEING SKIN 15ML,JEEV-HB-E0EA9D,FIXDERMA,1160,8.001,4.4,53,10,False,False,https://stod.jeevee.com/whetstone-products/jeevee_erp/2021-07-21/c7/c7bcfb6b78fa9488e4d63ca39faa3a30db3d986e
27242,AQUALOGICA GLOW+ DEWY GEL SUNSCREEN WITH SPF 50+ PA++++  - 50G,JEEV-HB-D70908,AQUALOGICA,718.4,7,4.6,97,51,False,False,https://stod.jeevee.com/whetstone-products/jeevee_erp/2026-05-17/fb/fb2e7a307445355f5c456d56cd22cc31455bb56a
128270,HYPHEN PILLOW – 10% HEARTLEAF & 7% CERAMIDES-FACE CREAM (50ML),JEEV-HB-BCEA6D,HYPHEN,719,4.999,0,0,0,False,False,https://stod.jeevee.com/whetstone-products/jeevee_erp/2026-03-16/f1/f13be535c22b97a14e6bed4f7e2f34b6e1ab14e2
2529,NIVEA LIPCARE STRAWBERRY 4.8GM,JEEV-HB-B14974,NIVEA,399,3.002,4.9,10,3,False,False,https://stod.jeevee.com/whetstone-products/jeevee_erp/2020-11-02/70/704efbf792de620324d222417bca39df79f5296a
27195,THE DERMA CO. 2% CICA-GLOW DAILY FACE WASH -100ML,JEEV-HB-B1D542,THE DERMA CO,559,7.999,4.8,5,2,False,False,https://stod.jeevee.com/whetstone-products/jeevee_erp/2022-11-28/59/5908769a0339775c67dbd22e7d991e64eedff4ee
38483,CHEMIST AT PLAY FOOT CREAM FOR CRACKED HEEL & DIABETIC FOOT- 50GM,JEEV-HB-AFFD4B,CHEMIST AT PLAY,558.4,7,3.6,5,2,False,False,https://stod.jeevee.com/whetstone-products/jeevee_erp/2023-12-24/7d/7d2bff0f701147ae4f7de0d2ad661e49f6919d1d
69787,THE DERMA CO 5% NIA-CERAMIDE DAILY HYDRATING MOISTURIZER- 100 GM,JEEV-HB-322A87,THE DERMA CO,718.4,8,4.6,7,3,False,False,https://stod.jeevee.com/whetstone-products/jeevee_erp/2026-02-05/f8/f863cc12218cf3a2f2c9c1b169048c38c1932f3c
66119,PILGRIM 10% NIACINAMIDE FACE SERUM WITH 1% ZINC PCA- 30 ML,JEEV-HB-4D1312,PILGRIM,1038,15.622,0,0,0,False,False,https://stod.jeevee.com/whetstone-products/jeevee_erp/2026-03-18/52/52349232393f1b4786aae7f71c0d97aace6423f8
66633,"DOT & KEY 10% VITAMIN C + E, 5% NIACINAMIDE SERUM- 30 ML",JEEV-HB-E99084,DOT & KEY,1112,10,3.8,5,3,False,False,https://stod.jeevee.com/whetstone-products/jeevee_erp/2024-10-24/4b/4bd0426eb8c74997111666d5e5f353886e187485
120144,DR. SHETH'S KESAR & KOJIC ACID LIP BALM 10G,JEEV-HB-40C586,DR. SHETH'S,638.4,8.001,0,0,0,False,False,https://stod.jeevee.com/whetstone-products/jeevee_erp/2026-01-29/9d/9d058f59467482ebf02981ed2664c91ab3e321c8
138761,CHEMIST AT PLAY LIP BALM CHERRY 4.5 GM,JEEV-HB-16162C,CHEMIST AT PLAY,479,7.096,0,0,0,False,False,https://stod.jeevee.com/whetstone-products/jeevee_erp/2026-04-29/c1/c1b960d0f563232218d9b2a549e4250a54b76bdf
3099,GLYCO 6 CREAM 30GM,JEEV-HB-10A53E,MICRO LABS,361.44,8.001,4.6,30,13,False,False,https://stod.jeevee.com/whetstone-products/jeevee_erp/2021-01-06/57/5750dc057b9ab25bb1c617076aec090091944b0f
40470,PILGRIM ROLL ON UNDER EYE SERUM - 15 ML,JEEV-HB-85F398,PILGRIM,640,8,4.3,6,2,False,False,https://stod.jeevee.com/whetstone-products/jeevee_erp/2026-04-26/6c/6c18677d643a03d74918436d7959765918b763d9
138776,CHEMIST AT PLAY LIP BALM NATURAL 4.5GM,JEEV-HB-F51B4B,CHEMIST AT PLAY,479,7.096,0,0,0,False,False,https://stod.jeevee.com/whetstone-products/jeevee_erp/2026-04-29/ec/ec0e5d434b837363523383b1fc64cd0976bc39be
135065,PHD 10% NIACINAMIDE SPOT CORRECTING SERUM -30ML,JEEV-HB-9D6AEB,PROVEN HONEST DERMA,1038.4,5,0,0,0,False,False,https://stod.jeevee.com/whetstone-products/jeevee_erp/2026-05-31/a6/a68c0aff813230147865391611adf555fe804c57
29109,ACNES CREAMY WASH 150GM,JEEV-HB-1DD854,ACNES,575,,5,5,2,False,False,https://stod.jeevee.com/whetstone-products/jeevee_erp/2025-01-17/37/37cdd7df6766218b2398ffca96022ece132db20e
25359,THE PUREST SOLUTIONS DRY-TOUCH OIL CONTROL SUNSCREEN 50ML,JEEV-HB-DFA1EE,THE PUREST SOLUTIONS,3300,5,0,0,0,False,False,https://stod.jeevee.com/whetstone-products/jeevee_erp/2022-08-17/d5/d585f57f34840deb0f40e3c19c155292164dd953
81306,CHEMIST AT PLAY CERAMIDES + KOJIC LIP BALM SPF 50 PA++++ (PEACH),JEEV-HB-FA325D,CHEMIST AT PLAY,559,7,1,1,1,False,False,https://stod.jeevee.com/whetstone-products/jeevee_erp/2025-03-02/ab/abca65c1bf5c429ab7b994282a491f2b0b60cc19
129164,DOT & KEY MANGO DETAN GEL SUNSCREEN - 50G,JEEV-HB-27FA24,DOT & KEY,712,10,0,0,0,False,False,https://stod.jeevee.com/whetstone-products/jeevee_erp/2026-03-25/a6/a6711236e3c26797d132e74bc6e9e0111adf88b9
7321,"PLUM GREEN TEA MATTIFYING MOISTURIZER, 50ML",JEEV-HB-D95274,PLUM,753,10,4.4,13,5,False,False,https://stod.jeevee.com/whetstone-products/jeevee_erp/2020-12-10/61/61b49cc3310c27579c2508e12ed102af3864f93b
38679,CHEMIST AT PLAY RETINOL BODY LOTION- 200 ML,JEEV-HB-D316FD,CHEMIST AT PLAY,558.4,7,4.4,5,2,False,False,https://stod.jeevee.com/whetstone-products/jeevee_erp/2024-01-21/af/af3218bf7bc0238b644afc21ea06c066f361a050
186,FIXDERMA C-ENHANCE-25 SERUM 15ML,JEEV-HB-45C98E,FIXDERMA,1400,8,4.6,14,8,False,False,https://stod.jeevee.com/whetstone-products/jeevee_erp/2022-02-16/b8/b8efa865cbb5de80492f306c0adf390b9759aac3
7430,"PLUM E-LUMINENCE DEEP MOISTURIZING CREME, 50ML",JEEV-HB-627CC3,PLUM,921,10,4,3,1,False,False,https://stod.jeevee.com/whetstone-products/jeevee_erp/2020-12-13/31/310542a047888392cf50f6b4d90671e575d5a282
106605,THE DERMA CO 10% VITAMIN C FACE SERUM 8ML,JEEV-HB-B9ACA5,THE DERMA CO,446,7.999,5,1,1,False,False,https://stod.jeevee.com/whetstone-products/jeevee_erp/2025-10-29/82/82e41d17acdb23fcf9081ded1d4abdfbb31db7b0
2756,GLUTACOM FACEWASH 100ML,JEEV-HB-F22514,PSC DERMA,720,7,4.2,20,12,False,False,https://stod.jeevee.com/whetstone-products/products/2020-05-19/2756/512/2020_05_195ec3c36733103_1589887847.jpg
25367,THE PUREST SOLUTIONS UV PROTECTION SUNSCREEN 50ML,JEEV-HB-728B24,THE PUREST SOLUTIONS,3100,5,4.3,3,1,False,False,https://stod.jeevee.com/whetstone-products/jeevee_erp/2025-12-08/80/80cb66b618be143ce1db9235827105c9c09c6b69
25370,THE PUREST SOLUTIONS HYDRATION BOOSTER MOISTURIZING CREAM - 50ML,JEEV-HB-E7A6C8,THE PUREST SOLUTIONS,2375,5,5,1,1,False,False,https://stod.jeevee.com/whetstone-products/jeevee_erp/2022-08-17/4d/4dc60a6bc74bc617f953708700fbcfb2f37ff2fb
39790,PLUM CANDY MELTS RED VELVET LOVE TINTED LIP BALM- 4.5 GM,JEEV-HB-DDA2F1,PLUM,319,10,4.4,5,0,False,False,https://stod.jeevee.com/whetstone-products/jeevee_erp/2024-04-29/8b/8b79492038dc22d8ef633ed61bcc5479510f1299
40208,COSRX NIACINAMIDE 15 SERUM- 20ML,JEEV-HB-8840BF,COSRX,2850,14.035,3,2,1,False,False,https://stod.jeevee.com/whetstone-products/jeevee_erp/2024-05-05/f1/f12a3e6596808aedfd54e0c155b7ad0f44ce64e6
40423,PILGRIM RETINOL NIGHT CREAM WITH VITAMIN C & HYALURONIC ACID- 50G,JEEV-HB-F44A55,PILGRIM,1040,7.999,4,4,2,False,False,https://stod.jeevee.com/whetstone-products/jeevee_erp/2026-03-18/47/4722ca3fe43335fef10fb3fcc83568bd1e4f2ae6
45862,MAMAEARTH BEETROOT HYDRAFUL SUNSCREEN- 50GM,JEEV-HB-1201F5,MAMAEARTH,639,8,5,2,0,False,False,https://stod.jeevee.com/whetstone-products/jeevee_erp/2024-08-23/f9/f9fa68798b758f63ed8920f80925c01b927ac74c
66645,DOT & KEY STRAWBERRY DEW MELT-IN-A-FLASH CLEANSING BALM- 70 ML,JEEV-HB-883DC5,DOT & KEY,798.4,10.001,0,0,0,False,False,https://stod.jeevee.com/whetstone-products/jeevee_erp/2024-10-24/35/35d503704c0be4a638c92b1d0d4051c8fd370b39
78796,TRIOLITE TX SERUM - 30ML,JEEV-HB-89760F,ETHICARE,2398.4,6.016,0,0,0,False,False,https://stod.jeevee.com/whetstone-products/jeevee_erp/2025-01-29/ee/ee004b8c2cea06fc634749e8e79f9fd3ce42c3bb
29795,PLUM SAFFRON & PAPAYA GLOW BRIGHT FACE WASH 100ML,JEEV-HB-B224FA,PLUM,398,10,4.2,6,3,False,False,https://stod.jeevee.com/whetstone-products/jeevee_erp/2023-04-04/f3/f3f10f60874d08cc4f2690494e036caceb1aee89
104181,"THE PUREST SOLUTIONS REFINE & GLOW TONER-200ML
",JEEV-HB-1E645C,THE PUREST SOLUTIONS,2450,5,0,0,0,False,False,https://stod.jeevee.com/whetstone-products/jeevee_erp/2025-12-08/29/29d32f4eab799754f2a76441f3507f3c27ac8cce
9360,"CHOCOLITE SCRUB, 100ML",JEEV-HB-97212C,ETHICARE,798.4,7,5,5,0,False,False,https://stod.jeevee.com/whetstone-products/jeevee_erp/2021-03-15/69/6989c9468c403b41dd12e9f9877ad9e1342a8d2b
29172,DOUX DEEP CLEANSER 125ML,JEEV-HB-4D98A1,BRINTON,445,5,4.2,11,5,False,False,https://stod.jeevee.com/whetstone-products/jeevee_erp/2023-03-15/af/afe3f7d5bd6531c2d55eab595e4151301d3f4e6c
7077,"HADA LABO PRO ANTI AGEING CLEANSER, 80 GM",JEEV-HB-2752B4,HADA LABO,550,20.001,4.5,13,6,False,False,https://stod.jeevee.com/whetstone-products/jeevee_erp/2026-05-29/0c/0c07075d70a1462e074447d48e70d4288c377bec
41616,MAMAEARTH BEETROOT HYDRAFUL MOISTURIZER 50 ML,JEEV-HB-D348A0,MAMAEARTH,558.92,8,5,2,0,False,False,https://stod.jeevee.com/whetstone-products/jeevee_erp/2024-06-02/fb/fb032f6d1822212deee05a2eedb8fd72e0107e07
5563,KOZIMAX 15G CREAM,JEEV-HB-7BEDD1,ETHICARE,680,6.999,4.8,9,2,False,False,https://stod.jeevee.com/whetstone-products/jeevee_erp/2020-10-25/86/86cdc2958bc59d27f5c48f15ef3ebec376f67a2f
39418,SUNSCOOP BRIGHTENING CREAM SPF 50+ SUNSCREEN- 45 GM,JEEV-HB-74C302,SUNSCOOP,558.4,19.413,4.5,4,2,False,False,https://stod.jeevee.com/whetstone-products/jeevee_erp/2024-04-08/e4/e4d78af94b64cb5551931cccaf74d8ed4870728c
40428,PILGRIM RETINOL UNDER EYE CREAM WITH HYALURONIC ACID- 30G,JEEV-HB-F1C0DB,PILGRIM,720,8.001,4,3,1,False,False,https://stod.jeevee.com/whetstone-products/jeevee_erp/2026-03-18/ae/aef2f8d72c47327021e2727877ab82f224b86d97
90093,SKIN1004 MADAGASCAR CENTELLA TEA TRICA PURIFYING TONER 210ML,JEEV-HB-7BCC0F,SKIN1004,2500,4.4,5,1,1,False,False,https://stod.jeevee.com/whetstone-products/jeevee_erp/2025-07-10/ba/ba5ea42236efc3cdb6301cf84637372b4db7cecb
128260,HYPHEN ALL I NEED SUNSCREEN SPF 50 PA ++++ 50ML,JEEV-HB-EAA401,HYPHEN,719,4.999,0,0,0,False,False,https://stod.jeevee.com/whetstone-products/jeevee_erp/2026-03-16/e0/e04ea675112db372ad6343b8d47ddd67b38286e2
128264,HYPHEN DOUBLE SHOT RADIANT LIFT SERUM (50ML).,JEEV-HB-F6A096,HYPHEN,1039,5,0,0,0,False,False,https://stod.jeevee.com/whetstone-products/jeevee_erp/2026-03-16/a9/a970d034d339b1bece3b8572ca3f70200ce1ae44
7075,HADA LABO PRO ANTI AGEING LOTION- 170 ML,JEEV-HB-244C84,HADA LABO,1450,20,3.8,4,3,False,False,https://stod.jeevee.com/whetstone-products/jeevee_erp/2024-08-20/e8/e8789675975c50caa5826f992dd7a322db0473d4
10624,"THE DERMA CO 30% AHA + 2% BHA PEELING SOLUTION, 30ML",JEEV-HB-B517A3,THE DERMA CO,959,8,4.3,26,10,False,False,https://stod.jeevee.com/whetstone-products/jeevee_erp/2021-04-19/e2/e21ea0d1a2e3e18efd69b2c03a45c63682d57680
41048,THE DERMA CO 1% HYALURONIC LONG LASTING SUNSCREEN - 50GM,JEEV-HB-FB9A95,THE DERMA CO,1038.4,8.001,4.4,9,4,False,False,https://stod.jeevee.com/whetstone-products/jeevee_erp/2024-05-21/ae/ae7aa4fc9b15e91938fa05fd0402bb8498252dd4
87314,THE DERMA CO 2.5% BENZOYL PEROXIDE SPOT CORRECTOR - 15G,JEEV-HB-8C0D66,THE DERMA CO,399,8.001,3,3,1,False,False,https://stod.jeevee.com/whetstone-products/jeevee_erp/2025-05-25/ac/ace705d102530e13f6b1e8864e5cf81a0a847b2c
128258,HYPHEN ADVANCED DE-PIGMENTATION SERUM – 2% KOJIC ACID (30ML),JEEV-HB-D75245,HYPHEN,1039,5,5,1,0,False,False,https://stod.jeevee.com/whetstone-products/jeevee_erp/2026-03-16/5f/5ff18d9d118ab955d4eecf2db27a743487161354
128262,HYPHEN BARRIER CARE CREAM OIL-FREE HYDRATING GEL CREAM (50ML),JEEV-HB-6B8E7D,HYPHEN,719,4.999,0,0,0,False,False,https://stod.jeevee.com/whetstone-products/jeevee_erp/2026-03-16/7c/7cec2240814c6c7263579a8457b7852f3ff35ef3
27235,AQUALOGICA HYDRATE+SUNSCREEN WITH COCONUT WATER & HYALURONIC ACID 50G,JEEV-HB-9FE22A,AQUALOGICA,718.4,7,4.6,31,14,False,False,https://stod.jeevee.com/whetstone-products/jeevee_erp/2022-12-01/6b/6b89c09c3a603c8f68c970c1589e89b7882310d0
31530,AQUALOGICA DETAN + DEWY SUNSCREEN GEL 50GM,JEEV-HB-B048F6,AQUALOGICA,719,7,4.6,23,8,False,False,https://stod.jeevee.com/whetstone-products/jeevee_erp/2023-05-11/66/662041d1f76485054cccc902f79e2c15e98cc621
44797,THE DERMA CO SALI-CINAMIDE ANTI-ACNE SERUM- 30ML,JEEV-HB-0BBCA2,THE DERMA CO,958.4,8,5,1,1,False,False,https://stod.jeevee.com/whetstone-products/jeevee_erp/2024-07-30/4d/4d5b73d29c053a435dab675d725f6eefd3fbcc2a
91320,THE DERMA CO 1% KOJIC ACID DAILY BRIGHTENING BODY WASH 250ML,JEEV-HB-62C1C6,THE DERMA CO,558.4,7.999,5,1,0,False,False,https://stod.jeevee.com/whetstone-products/jeevee_erp/2025-07-24/79/795e1b47e02c3575f7c953c1f70df37dcff33d89
118503,I'M FROM BLACK RICE TONER MINI  30ML,JEEV-HB-1BE289,I'M FROM,1800,8.333,0,0,0,False,False,https://stod.jeevee.com/whetstone-products/jeevee_erp/2026-01-19/03/03f01628eaff33eed70150341440269d4876dce6
5339,BIODERMA SEBIUM HYDRA ULTRA MOISTURISING COMPENSATING CARE 40ML,JEEV-HB-C5DDD7,BIODERMA,2350,5.107,4.8,8,1,False,False,https://stod.jeevee.com/whetstone-products/jeevee_erp/2025-11-19/98/98ca2584a3edcea68d3d83d515088dc0c382d2b7
18892,NIVEA WHITENING TONER 200Ml,JEEV-HB-D2DA1A,NIVEA,399,3.002,0,0,0,False,False,https://stod.jeevee.com/whetstone-products/jeevee_erp/2025-06-15/19/19798c7a3fad6b20f12080752fc8084de2d560a3
74873,MINIMALIST PEDIATRICS CERAMIDE & VITAMIN B5 DELICATE CLEANSER - 400ML,JEEV-HB-91B5BE,MINIMALIST,961,5,4.5,2,1,False,False,https://stod.jeevee.com/whetstone-products/jeevee_erp/2024-12-29/21/21a77aa5c47f49aa62f2593543e24d61944943f2
109541,PILGRIM VITAMIN C TINTED STRAWBERRY GLOSS LIP BALM SPF50 PA++++ -4.5GM,JEEV-HB-217E10,PILGRIM,392,7.999,0,0,0,False,False,https://stod.jeevee.com/whetstone-products/jeevee_erp/2025-11-19/bc/bcf523fdab3848380cc65942ff7e6935e692726b
2514,NIVEA ESSENTIAL TONER 200ML,JEEV-HB-1AE298,NIVEA,425,3.002,4.3,3,1,False,False,https://stod.jeevee.com/whetstone-products/jeevee_erp/2024-06-21/f7/f73fb0d08a3339ac5bd3127673eceec47d7cae58
2134,RAYCROSS-HA SPF50+ 50ML,JEEV-HB-F0C1D4,RAYCROSS-HA,800,4.999,4,8,5,False,False,https://stod.jeevee.com/whetstone-products/jeevee_erp/2026-02-10/3b/3b38e550be45b4926899e2a124c6121a0fc8dad5
83393,COXIR BROWN RICE CERAMIDE SUN SCREEN 50ML,JEEV-HB-84A528,COXIR,2750,5.018,5,1,0,False,False,https://stod.jeevee.com/whetstone-products/jeevee_erp/2025-04-01/04/047e4d31c65ac1a61e470583582706ddde9fb86d
38707,KLEIDA AGE ERASE PRO SERUM 30ML,JEEV-HB-721B56,KLEIDA,1985,7,0,0,0,False,False,https://stod.jeevee.com/whetstone-products/jeevee_erp/2024-01-25/d4/d4c047c548c26b7f3669073f1522456588ead525
97340,MEDICOS VITAMIN C+ FACE SERUM 30ML,JEEV-HB-83373C,MEDICOS,1050,,5,1,0,False,False,https://stod.jeevee.com/whetstone-products/jeevee_erp/2026-04-10/bd/bdf9aa01df58e61af2f63849f92f2c51bcca9fc2
3729,AHAGLOW ACNE CONTROL MOISTURIZING GEL 50GM,JEEV-HB-F05CBA,TORRENT-DERMA,1137.6,10.001,4.9,14,1,False,False,https://stod.jeevee.com/whetstone-products/jeevee_erp/2020-07-28/39/3950212a616daba4077e12f4f9110960f36b8f52
8993,KLEIDA ETERNAL SERUM 30ML,JEEV-HB-A7E29A,KLEIDA,2815,7,4,3,1,False,False,https://stod.jeevee.com/whetstone-products/jeevee_erp/2024-09-13/5d/5d2ffa109d9f522fc2e2ab7909529dac30cdfefc
10371,NUGA BODY SCRUB - ENERGIZING COFFEE- 300 GM,JEEV-HB-098E6E,NUGA ,920,12.229,5,3,1,False,False,https://stod.jeevee.com/whetstone-products/jeevee_erp/2021-04-02/53/53b41f5211c19a4bbb8e67ceba885f0960a8aabb
21099,MELAO VITAMIN C SERUM -30ML,JEEV-HB-AE513C,MELAO,1300,0,4.2,16,3,False,False,https://stod.jeevee.com/whetstone-products/jeevee_erp/2022-02-09/ef/ef539243cbcd9d4c66432c93f27776d86d9d9be7
109423,"UVMED TINTED SUNSCREEN GEL SPF 60+ PA++++, 50ML",JEEV-HB-790243,ETHICARE,799,7.009,0,0,0,False,False,https://stod.jeevee.com/whetstone-products/jeevee_erp/2025-11-14/ed/ed287979531ff38d3eb19265bbb10756b17bd458
110493,NUGA  FACE MASK COCONUT CHARCOAL,JEEV-HB-31B801,NUGA ,440,,0,0,0,False,False,https://stod.jeevee.com/whetstone-products/jeevee_erp/2025-12-08/e7/e7a553558aaa1dd6f9c5b4de96bd12be7576aade
125312,ACNES MILD CLEANSER 100G,JEEV-HB-62AFC0,ACNES,475,,0,0,0,False,False,https://stod.jeevee.com/whetstone-products/jeevee_erp/2026-05-29/e9/e9865ccbe7f8109d23a480ab3d588019161bcd12
128261,HYPHEN ANTI ACNE 2% SALICYLIC & 4% NIACINAMIDE FACE SERUM -30ML,JEEV-HB-362598,HYPHEN,1039,5,0,0,0,False,False,https://stod.jeevee.com/whetstone-products/jeevee_erp/2026-03-16/9d/9d9dc9b043e1fdfe53d1c69ebe66861e2837cdc9
132896,LORD'S CRYSTAL CLEAR MICELLAR INFUSION-300ML,JEEV-HB-6994B0,LORD'S,440,10.001,0,0,0,False,False,https://stod.jeevee.com/whetstone-products/jeevee_erp/2026-04-23/06/066bfcd85949839be887082f0706efc0a743a9a5
101745,LAKME ARGAN OIL RADIANCE OIL IN CREME - 50G,JEEV-HB-63B9FD,LAKME,1438,5,0,0,0,False,False,https://stod.jeevee.com/whetstone-products/jeevee_erp/2025-09-16/86/8665f4853c19d35807337203eb2e34bc3af89c46
109840,CHEMIST AT PLAY 10% VITAMIN C FACE SERUM-10ML,JEEV-HB-0F89BF,CHEMIST AT PLAY,382.4,7,0,0,0,False,False,https://stod.jeevee.com/whetstone-products/jeevee_erp/2025-11-25/e9/e9d6808ecb8eebe59040d4fdfd0327a91fc46784
21728,"MAMAEARTH TEA TREE OIL-FREE FACE MOISTURIZER, 80G",JEEV-HB-C07F2C,MAMAEARTH,511,7.998,4.4,46,24,False,False,https://stod.jeevee.com/whetstone-products/jeevee_erp/2022-03-04/c0/c0fd7928559ec58fac9e5207e913fd9820907f7f
104190,THE PUREST SOLUTIONS HYDRATION BOOSTER DAILY MOISTURIZING CREAM-15ML,JEEV-HB-6574E9,THE PUREST SOLUTIONS,990,5.001,0,0,0,False,False,https://stod.jeevee.com/whetstone-products/jeevee_erp/2025-12-08/73/730c267e2b0315404db7ff11e676a8428afdd2ef
148613,UVICOZ IR 60 MATTE SUNSCREEN GEL SPF 60+ PA++++ 50GM,JEEV-HB-F7FA7F,CEUTICOZ,1360,,0,0,0,False,False,https://stod.jeevee.com/whetstone-products/jeevee_erp/2026-06-21/c6/c688c5e3250883e71d1283029a35a1be9cd6d23e
7737,TRUE DERMA LUXURIOUS SPF50+ CREAM 60G,JEEV-HB-7D89D5,TRUEDERMA,1200,,5,3,0,False,False,https://stod.jeevee.com/whetstone-products/jeevee_erp/2024-05-13/c3/c3500e135a6dea28e5b6494aff0b6c44572d4c76
35779,"CEUTICOZ CLEAR ZINC TINTED SUNSCREEN GEL SPF 50- IVORY, 50GM",JEEV-HB-BB8153,CEUTICOZ,1520,5,4,7,3,False,False,https://stod.jeevee.com/whetstone-products/jeevee_erp/2023-10-18/dc/dcc02b967fd306b25530e985faf974cf7ededb65
27359,HUMEDA LIGHTENING FACE WASH 80 GM,JEEV-HB-765209,HUMEDA,1295,5,5,6,2,False,False,https://stod.jeevee.com/whetstone-products/jeevee_erp/2022-12-06/31/315be713444590241995e5de132b38352a1268d6
40435,PILGRIM 2% ALPHA ARBUTIN BRIGHTENING SERUM- 30ML,JEEV-HB-894316,PILGRIM,1112,7.999,4.1,10,2,False,False,https://stod.jeevee.com/whetstone-products/jeevee_erp/2026-03-18/d7/d7c015af1f1c06152d0878823ded48b528a6349c
87359,NUMBUZIN NO.5 GOODBYE BLEMISH SERUM - 50ML,JEEV-HB-CEA33B,NUMBUZIN,4000,37.5,5,2,0,False,False,https://stod.jeevee.com/whetstone-products/jeevee_erp/2025-05-25/66/66204b2165f2f0e0df2fbe35cf3e84b8face8b5b
10613,THE DERMA CO 3%  AHA+BHA FOAMING FACE WASH 100ML,JEEV-HB-43BD5A,THE DERMA CO,559,7.999,4.5,45,20,False,False,https://stod.jeevee.com/whetstone-products/jeevee_erp/2021-04-19/ac/acac8812f02163ad37ae837a54c15bbf18e3bc6f
34207,DR. SHETH’S CERAMIDE & VITAMIN C FACE WASH -100G,JEEV-HB-A233DF,DR. SHETH'S,558.4,7.999,4.5,8,1,False,False,https://stod.jeevee.com/whetstone-products/jeevee_erp/2023-08-27/50/50105e2488001beb683c003bf22f41cf6aefd94f
66637,DOT & KEY 10% NIACINAMIDE CICA SERUM- 30 ML,JEEV-HB-3CF0C9,DOT & KEY,958.4,10,5,4,0,False,False,https://stod.jeevee.com/whetstone-products/jeevee_erp/2024-10-24/0a/0a76028e39799ad61a113d7fa2e17d156a404f92
66638,DOT & KEY CICA NIGHT GEL- 60 ML,JEEV-HB-012182,DOT & KEY,792,9.999,3.7,3,2,False,False,https://stod.jeevee.com/whetstone-products/jeevee_erp/2024-10-24/09/093179d82e91dfa9a1ff0079d814ca643b798837
85009,THE DERMA CO 2% SALICYLIC BHA HYDRATING TONER - 150 ML,JEEV-HB-C826E5,THE DERMA CO,799,8.001,5,4,1,False,False,https://stod.jeevee.com/whetstone-products/jeevee_erp/2025-04-22/44/4498a40b06992f6222de203f88eb0f7f08410068
103653,VASELINE DAILY BRIGHTENING MOISTURIZER 400 ML,JEEV-HB-041FC0,VASELINE,490,,0,0,0,False,False,https://stod.jeevee.com/whetstone-products/jeevee_erp/2025-12-16/7f/7fcf7bf3f5c43e0dc767b0468096c807902c14f6
6053,"ACNES CREAMY FACE WASH, 50 GM",JEEV-HB-DD9742,ACNES,265,,4,2,1,False,False,https://stod.jeevee.com/whetstone-products/jeevee_erp/2025-02-23/8c/8ce6178d0ed7e3d68e9bf4c5311ab6787735a632
27211,SUNPLAY SKIN AQUA TONE UP UV ESSENCE HAPPINESS AURA,JEEV-HB-178D94,SUNPLAY,1020,,4.2,4,1,False,False,https://stod.jeevee.com/whetstone-products/jeevee_erp/2025-07-10/e3/e3e9c72a385b8f298358568aa4dd0f02e2b9de64
78791,"Z STICK HYBRID SUNSCREEN STICK, SPF 50, PA++++, 20GM",JEEV-HB-1F96C8,ETHICARE,1360,6.985,2,1,1,False,False,https://stod.jeevee.com/whetstone-products/jeevee_erp/2025-01-29/2a/2a354a82e7cf3601a4c8bf9b291f63f612cc1106
104183,"THE PUREST SOLUTIONS OIL CONTROL TONER - 50ML
",JEEV-HB-8EAF84,THE PUREST SOLUTIONS,950,5.001,5,1,0,False,False,https://stod.jeevee.com/whetstone-products/jeevee_erp/2025-12-08/a1/a19e6e0d6c70122314469fb5061e800ebece7ac6
104186,THE PUREST SOLUTIONS BRIGHTENING & LIGHTENING VITAMIN C SERUM- 8ML,JEEV-HB-909BE0,THE PUREST SOLUTIONS,950,5.001,0,0,0,False,False,https://stod.jeevee.com/whetstone-products/jeevee_erp/2025-10-10/c5/c511b63c9998da26c499d94bf3dbcbbd0c6d03af
111019,MAMAEARTH NOURISHING TINTED 100%  NATURAL LIP BALM VITAMIN E & RASPBERRY-4G,JEEV-HB-D77D73,MAMAEARTH,318.4,7.999,5,2,1,False,False,https://stod.jeevee.com/whetstone-products/jeevee_erp/2025-12-11/02/0299dedcd5c2238b01272c9ff3e4698e2662444a
10443,"BEARDO ULTRAGLOW FACE WASH, 100ML",JEEV-HB-338D8C,BEARDO,599,5.001,3.5,4,0,False,False,https://stod.jeevee.com/whetstone-products/jeevee_erp/2024-01-08/7a/7abe2f077176abe5bd10ae4e3ca60aa4a3a29dde
11904,MELANO CC RICH MOISTURIZING CREAM- 100G,JEEV-HB-20B794,MELANO CC,1460,30.001,4.6,9,5,False,False,https://stod.jeevee.com/whetstone-products/jeevee_erp/2026-03-19/88/88d180b7babe95059d12edaa7235ae8bfda5dd2d
40452,PILGRIM SQUALANE GLOW MOISTURIZER- 50G,JEEV-HB-2A2F03,PILGRIM,880,8,4.7,6,0,False,False,https://stod.jeevee.com/whetstone-products/jeevee_erp/2026-03-18/6b/6b35a032527cd3815415a9a35fca0cfb721c90a8
120145,DR. SHETH'S OATS & CERAMIDE SENSITIVE SKIN MOISTURIZER -100G,JEEV-HB-0E186C,DR. SHETH'S,798.4,8.001,0,0,0,False,False,https://stod.jeevee.com/whetstone-products/jeevee_erp/2026-01-29/79/791f51d5913018bbe092eb39ceb4965a546bd092
94101,"TIA'M B3 NIACIN SUNSCREEN, 50ML",JEEV-HB-97C087,TIA'M,1500,16.667,0,0,0,False,False,https://stod.jeevee.com/whetstone-products/jeevee_erp/2025-08-10/14/14c36c92fbff364891b896a97d85ae7d61d677b8
25392,CASMARA SENSATIONS HYDRA REVITALIZING CREAM 50GM,JEEV-HB-C08C4C,CASMARA,7800,5,5,1,0,False,False,https://stod.jeevee.com/whetstone-products/jeevee_erp/2022-08-22/ff/ff59bda6ba731c523ff1d49ddeaa9314acf4000a
94141,"MIXSOON  BEAN CLEANSING OIL, 195ML",JEEV-HB-E7E8DA,MIXSOON,3000,13.334,0,0,0,False,False,https://stod.jeevee.com/whetstone-products/jeevee_erp/2025-08-10/a1/a175f2b495c56bf90939ce0bdba2edacd6adebad
29229,BEARDO B-ACNE CLEAR BODY WASH 200ML,JEEV-HB-912245,BEARDO,479,4.999,4.8,5,1,False,False,https://stod.jeevee.com/whetstone-products/jeevee_erp/2023-03-16/21/21a4e0dbac5e7bc59dcbf9bef74d4855b15106e6
2446,NIVEA WHITENING CREAM 100ML- RADIANT & SMOOTH,JEEV-HB-599CDF,NIVEA,425,3.002,5,1,1,False,False,https://stod.jeevee.com/whetstone-products/jeevee_erp/2025-08-24/95/955507f4326c775827feacc86a67173139d7c9e2
111224,ARENCIA HOLY HYSSOP SERUM 30-50G,JEEV-HB-432AC6,ARENCIA,3250,9.231,0,0,0,False,False,https://stod.jeevee.com/whetstone-products/jeevee_erp/2025-12-15/a4/a4c975e5db502dd50bece0b3322fd3bdf8f25b49
40445,PILGRIM SALICYLIC & GLYCOLIC ACID FOAMING FACE WASH- 120ML,JEEV-HB-94884F,PILGRIM,552,8,5,6,3,False,False,https://stod.jeevee.com/whetstone-products/jeevee_erp/2026-03-20/ea/eae3b5947d8e0c8511d66ae0dec6025b3d473721
2509,NIVEA CLEANSING MILK 200ML,JEEV-HB-EE4B01,NIVEA,425,3.002,3.5,4,3,False,False,https://stod.jeevee.com/whetstone-products/jeevee_erp/2020-11-02/ee/ee6bff0964989fef6ca1e2034e7726096d4330e2
14976,MAMAEARTH AQUA GLOW HYDRATING SUNSCREEN GEL - 50 GM,JEEV-HB-D18471,MAMAEARTH,639,8,4.4,47,17,False,False,https://stod.jeevee.com/whetstone-products/jeevee_erp/2026-05-03/6f/6f734a7709381012dde284a10cad2a4865a11aa4
40487,PILGRIM TEA TREE PURIFYING TONER- 100ML,JEEV-HB-917E22,PILGRIM,480,7.999,5,1,0,False,False,https://stod.jeevee.com/whetstone-products/jeevee_erp/2026-03-20/80/808fa1994597c830378a26666eba96b76b483e5b
104177,THE PUREST SOLUTIONS VITAMIN B COMPLEX SERUM 10%-30ML,JEEV-HB-8220F0,THE PUREST SOLUTIONS,2600,5,0,0,0,False,False,https://stod.jeevee.com/whetstone-products/jeevee_erp/2025-10-10/ab/abf50e4364031d3b3f2151d60516e3b0eaf86263
48929,ETHISUN SUNSCREEN-100GM,JEEV-HB-80DDD7,ETHICARE,560,9.109,5,1,1,False,False,https://stod.jeevee.com/whetstone-products/jeevee_erp/2026-03-10/a5/a51d5d5d316e2778134aa520fa491e373685d440
120259,ACNEGUARD SOAP - SPECIALLY FORMULATED FOR ACNE & OILY SKIN,JEEV-HB-12668D,PIL,206.4,,0,0,0,False,False,https://stod.jeevee.com/whetstone-products/jeevee_erp/2026-01-30/fb/fbda34973ab21af8b4081c2fad08a10a8c5e07e1
2971,MAMAEARTH BYE BYE DARK CIRCLES EYE CREAM - 20GM,JEEV-HB-0EDE2D,MAMAEARTH,639,8,4.2,32,11,False,False,https://stod.jeevee.com/whetstone-products/jeevee_erp/2020-07-14/a1/a1ee6dbad002f0b3a9b87a527ce68f7431ef35e1
42660,KORMESIC 7% GLYCOLIC ACID - 250ML,JEEV-HB-BD259F,KORMESIC,1400,0,5,3,0,False,False,https://stod.jeevee.com/whetstone-products/jeevee_erp/2024-06-27/e3/e3b87b68c1ba34706f8a0c0af2f6a7f66d70f93b
26118,THE DERMA CO PORE MINIMIZING FACE SERUM 30ML,JEEV-HB-83FCA3,THE DERMA CO,959,8,4.6,9,3,False,False,https://stod.jeevee.com/whetstone-products/jeevee_erp/2022-09-21/3c/3c37f014a2625ed923c01cf8a185df08ff124c79
31619,MAMAEARTH VITAMIN C DAILY GLOW SUNSCREEN- 50G,JEEV-HB-93B02A,MAMAEARTH,559,7.999,4.4,14,8,False,False,https://stod.jeevee.com/whetstone-products/jeevee_erp/2024-09-18/6d/6d462c23a0fa2707f3c05319432cdaae48ea2fb4
33811,FIXDERMA SHADOW SPF 50 LIP SHIELD LIP BALM SPF 50,JEEV-HB-63BB38,FIXDERMA,376,8,3.4,17,8,False,False,https://stod.jeevee.com/whetstone-products/jeevee_erp/2023-08-09/50/508f32ef2616e26f38abf56e91efea7d09d558b7
41615,MAMAEARTH BEETROOT GENTLE FACE WASH 100 ML,JEEV-HB-342DE9,MAMAEARTH,430.4,8,4,1,0,False,False,https://stod.jeevee.com/whetstone-products/jeevee_erp/2024-06-02/c9/c92383cdb1621abb9d519485d66f8b190f7ee23b
87864,NIVEA LIPCARE SOFT ROSE 4.8G,JEEV-HB-962582,NIVEA,375,3.001,0,0,0,False,False,https://stod.jeevee.com/whetstone-products/jeevee_erp/2025-06-10/45/45a2cc1db23115b72a2ddeba0dc6ea36e1914e50
5361,"360 BLOCK SUNSCREEN GEL, 50GM",JEEV-HB-C71FC3,ETHICARE,1680,7.001,4.4,13,2,False,False,https://stod.jeevee.com/whetstone-products/jeevee_erp/2020-10-19/ba/ba0c77ab6a4f197b8d0a33acdef37d5a51332e17
41234,DR. SHETH’S KESAR & KOJIC ACID SUNSCREEN WITH SPF 50+ PA++++ 50GM,JEEV-HB-624D87,DR. SHETH'S,799.15,7.999,4.8,4,3,False,False,https://stod.jeevee.com/whetstone-products/jeevee_erp/2024-05-26/a4/a45effeebd0bad4f11dc3c7babbe567fbd2489d3
41235,DR. SHETH'S KESAR & KOJIC ACID OIL-FREE MOISTURIZER - 50GM,JEEV-HB-AC5062,DR. SHETH'S,558.92,8,4.6,8,1,False,False,https://stod.jeevee.com/whetstone-products/jeevee_erp/2024-05-26/87/872789fe3a3f7af315d33424794c0749172e9889
66647,DOT & KEY WATERMELON GLYCOLIC FRESH & COOL SHOWER GEL - 250 ML,JEEV-HB-5FEB01,DOT & KEY,558.4,10.001,0,0,0,False,False,https://stod.jeevee.com/whetstone-products/jeevee_erp/2024-10-24/01/015ea8e6b819d97a3ea7d4c5b6743407db65a759
108850,ISNTREE ULTRA LOW MOLECULAR HYALURONIC ACID SERUM - 50ML,JEEV-HB-282183,ISNTREE,2600,19.885,5,1,0,False,False,https://stod.jeevee.com/whetstone-products/jeevee_erp/2025-11-09/3a/3a97ef368d07adb16bfea50e972d21f6452786e5
14606,PLUM CANDY MELTS VEGAN LIP BALM - BERRY FEAST,JEEV-HB-3CBCB8,PLUM,472,10,4.8,14,6,False,False,https://stod.jeevee.com/whetstone-products/jeevee_erp/2021-08-23/27/27e3805587afe8d86e162749f854649f142b2831
104185,THE PUREST SOLUTIONS BLEMISH DEFENSE UVA/UVB- 15ML,JEEV-HB-00E325,THE PUREST SOLUTIONS,1400,5,5,1,1,False,False,https://stod.jeevee.com/whetstone-products/jeevee_erp/2025-10-10/09/09f747da6cf777135999a6e04aab10c4281180a8
110496,PLUM HAZELNUT ECLAIR BODY LOTION - 400 ML,JEEV-HB-B0CA89,PLUM,792,9.999,5,1,0,False,False,https://stod.jeevee.com/whetstone-products/jeevee_erp/2025-12-08/16/1646a14eb1376a378d28921871e738e0ab9e5fee
143392,"BEARDO GODFATHER BODY WASH FOR MEN, 200ML",JEEV-HB-7A429A,BEARDO,639,,0,0,0,False,False,https://stod.jeevee.com/whetstone-products/jeevee_erp/2026-05-26/11/11055b9fd24983349f4e08efff1a9a3b954f04c7
66635,DOT & KEY CICA TONER- 150 ML,JEEV-HB-8A8675,DOT & KEY,632,10,5,2,1,False,False,https://stod.jeevee.com/whetstone-products/jeevee_erp/2024-10-24/d5/d508c619b98fce7595a894f0a5f18d1cf344bd17
34891,BEARDO ICE BLAST BODY WASH 200ML,JEEV-HB-30957B,BEARDO,520,5,0,0,0,False,False,https://stod.jeevee.com/whetstone-products/jeevee_erp/2024-05-06/69/6921651790ff7e6dc2006aa1ee715690c0807ce1
80958,FOXTALE REFRESHING FACE WASH FOR DEEP CLEANSING - 100ML,JEEV-HB-6F9B5B,FOXTALE,398.4,5,0,0,0,False,False,https://stod.jeevee.com/whetstone-products/jeevee_erp/2025-02-24/fd/fd84973452a9fe09641c944acb92f57ca46578c7
7065,"HADA LABO ADVANCED NOURISH LOTION - NORMAL SKIN, 100 ML",JEEV-HB-482466,HADA LABO,750,20.001,3.3,3,2,False,False,https://stod.jeevee.com/whetstone-products/jeevee_erp/2025-08-27/35/35969968018907c790f996d27d51e58dd9a08e6b
87167,ENCHANTEUR PERFUMED ROMANTIC SHOWER GEL - 250ML,JEEV-HB-94B709,ENCHANTEUR,400,,0,0,0,False,False,https://stod.jeevee.com/whetstone-products/jeevee_erp/2025-05-22/3b/3b7bd371eeb396f9f337d37d38fb246fcb189481
74433,HUMEDA EXELARA SERUM 28ML,JEEV-HB-5922F5,HUMEDA,2205,5.533,0,0,0,False,False,https://stod.jeevee.com/whetstone-products/jeevee_erp/2024-12-23/94/9440633a94164182c9a0739d59470a8931db48c6
128276,HYPHEN VITAMIN INFUSED TINTED LIP BALM 10G - VINTAGE,JEEV-HB-CC772C,HYPHEN,639,5.001,0,0,0,False,False,https://stod.jeevee.com/whetstone-products/jeevee_erp/2026-03-16/ef/ef4675746ed1fb914f4b1c97f0eb2e492e73f069
47472,AQUALOGICA ILLUMINATE+ OIL-FREE MOISTURIZER- 100G,JEEV-HB-6939BB,AQUALOGICA,638.4,7,4.3,6,0,False,False,https://stod.jeevee.com/whetstone-products/jeevee_erp/2025-07-29/d2/d226a03adb9f99c304b9ee02e5868b35b4bf2323
1706,"MAMAEARTH OIL FREE FACE MOISTURIZER FOR ACNE-PRONE SKIN, 80ML",JEEV-HB-2FC338,MAMAEARTH,511,7.998,4.4,56,26,False,False,https://stod.jeevee.com/whetstone-products/product/2020-05-29/1706/512/2020_05_295ed147aaca1b6_1590773674.jpg
129150,PLUM CERASENSETM MOISTURIZING CRÈME WITH ACAI & NMF 1% - 50GM,JEEV-HB-7E0DEE,PLUM,798,9.999,0,0,0,False,False,https://stod.jeevee.com/whetstone-products/jeevee_erp/2026-03-26/87/87159fb0a00076974ad0fccaf6c4d4ee7d5376ef
42360,UBIYA DERMA CLEANSING FACE WASH- 100ML,JEEV-HB-000098,UBIYA DERMA,710,5.064,0,0,0,False,False,https://stod.jeevee.com/whetstone-products/jeevee_erp/2024-06-21/8f/8fed4c427f23c35c7233e2afaee48074bb92f306
116975,NOVO REFRESHING AROMA HAND CREAM [01 LIGHT]-45G,JEEV-HB-C78037,NOVO,480,10,0,0,0,False,False,https://stod.jeevee.com/whetstone-products/jeevee_erp/2026-01-14/49/49849deea9172287b62f8db13b674ba7fe084db8
40306,PILGRIM RED VINE FACE CREAM WITH SPF 30- 50 GM,JEEV-HB-7AC534,PILGRIM,880,8,5,1,0,False,False,https://stod.jeevee.com/whetstone-products/jeevee_erp/2026-05-11/57/570e4c1323974e51c86db6c2d2ee4fab026e1983
114155,CEBACLIN OIL FREE MOISTURISER 100ML,JEEV-HB-7F98AC,CEBACLIN,800,,5,1,0,False,False,https://stod.jeevee.com/whetstone-products/jeevee_erp/2025-12-29/13/1388a94eb50b6cd76f8870a7798cfc57409b90b9
87852,NIVEA SUN LOTION SPF 50 125ML,JEEV-HB-9A4463,NIVEA,990,3.001,0,0,0,False,False,https://stod.jeevee.com/whetstone-products/jeevee_erp/2025-06-10/9a/9ad8cd8129a842c9dca3113d1a51d88083eee1d7
29093,MINIMALIST 7% ALA & AHA BRIGHTENING FACE WASH 100ML,JEEV-HB-8C01AF,MINIMALIST,639,5.001,4.6,18,6,False,False,https://stod.jeevee.com/whetstone-products/jeevee_erp/2023-03-07/59/5969f9296d9d15345c52c67cd9ab1c97430d7261
7622,SUNPLAY UV WHITENING- 30 ML,JEEV-HB-91FF62,SUNPLAY,495,,4.6,12,4,False,False,https://stod.jeevee.com/whetstone-products/jeevee_erp/2020-12-15/d7/d7cd2e931667b02297bf15393c5184fe764077f2
20337,MAMAEARTH NIACIN FACE TONER 200ML,JEEV-HB-A10FF7,MAMAEARTH,639,8,4.1,20,7,False,False,https://stod.jeevee.com/whetstone-products/jeevee_erp/2022-01-18/9d/9d20e6847027a27de7296e275209d3d05772e0c9
25341,THE PUREST SOLUTIONS HYALURONIC ACID 2% + B5 HYDRATION SERUM 30ML,JEEV-HB-245B66,THE PUREST SOLUTIONS,2600,5,0,0,0,False,False,https://stod.jeevee.com/whetstone-products/jeevee_erp/2022-08-17/bf/bfec3044731c9a4aef8f8835e3e68e50e98ea710
69978,PILGRIM FRENCH RED VINE & HA ULTRA-SMOOTH BODY LOTION - 400ML,JEEV-HB-EABC7D,PILGRIM,872,7.999,5,3,0,False,False,https://stod.jeevee.com/whetstone-products/jeevee_erp/2024-11-25/8e/8e1e2152dc24b4ef27b39c82d4cb554d7d8098df
128265,HYPHEN GOLDEN HOUR GLOW MOISTURIZER WITH VITAMIN C (50ML),JEEV-HB-1014FE,HYPHEN,719,4.999,0,0,0,False,False,https://stod.jeevee.com/whetstone-products/jeevee_erp/2026-03-16/05/05ed9b8ecdc12d0ea1ec2580376e40be2a80a28f
128269,"HYPHEN OIL CONTROL 2% AHA+BHA, SALICYLIC ACID FACE WASH- 100 ML",JEEV-HB-E462FE,HYPHEN,479,4.999,0,0,0,False,False,https://stod.jeevee.com/whetstone-products/jeevee_erp/2026-03-16/c8/c8c66ac4b75342f377c8d2d8ecb1662f0a99d87b
149104,COSRX ALOE 54.2 AQUA TONE-UP SUNSCREEN -50ML,JEEV-HB-A8BD5C,COSRX,2400,10,0,0,0,False,False,https://stod.jeevee.com/whetstone-products/jeevee_erp/2026-06-25/fc/fc1d36cebe9a018ab792bd8d78a2867627370853
6056,"ACNES VITAMIN CLEANSER FACE WASH, 100 GM",JEEV-HB-3792A9,ACNES,425,,4.6,13,7,False,False,https://stod.jeevee.com/whetstone-products/jeevee_erp/2026-01-18/86/86d3ade3d632976e41c55b8cbd9a9a7c85c30438
7265,AVANI ALOEVERA GEL- 100 GM,JEEV-HB-B6F36F,AVANI,550,0,4.7,3,1,False,False,https://stod.jeevee.com/whetstone-products/jeevee_erp/2020-12-04/b2/b27e5710af58970866337b0b0d68c8741b1c70dd
7272,AVANI ALOEVERA OIL- 100 ML,JEEV-HB-9B974B,AVANI,795,0,2,1,1,False,False,https://stod.jeevee.com/whetstone-products/jeevee_erp/2020-12-04/89/8991d3b72ec85bbe082fb270eed1a67dfa444050
8210,MAMAEARTH UBTAN MOISTURIZING BODY LOTION- 400ML,JEEV-HB-70244D,MAMAEARTH,640,8,4,24,10,False,False,https://stod.jeevee.com/whetstone-products/jeevee_erp/2025-09-18/28/2887bc0b5209dcdc0f2172a9a6a375b65d3d35c0
13991,"AVANI CUCUMBER FACIAL MIST, 100ML",JEEV-HB-29EE9D,AVANI,545,0,0,0,0,False,False,https://stod.jeevee.com/whetstone-products/jeevee_erp/2021-07-26/8b/8bcd1a141937228e5d509a1efc0f690fb01ea584
27171,THE DERMA CO PORE MINIMIZING DAILY FACE MOISTURIZER 50G,JEEV-HB-0E839E,THE DERMA CO,559,7.999,4.5,8,3,False,False,https://stod.jeevee.com/whetstone-products/jeevee_erp/2022-11-25/6e/6ef3f022176efc79998447c6d858ffdde4f835b0
96825,SINOZ HYDRAPRO INTENSE CLEANSER 400ML,JEEV-HB-2D0967,SINOZ,2450,5,0,0,0,False,False,https://stod.jeevee.com/whetstone-products/jeevee_erp/2025-08-22/40/40a4b306aa014d09decf38b9c3cddf4b36bba8af
128254,HYPHEN 1% HYALURONIC ULTRA LIGHT SUNSCREEN – SPF50 PA++++(50ML),JEEV-HB-D8461E,HYPHEN,879,5.001,0,0,0,False,False,https://stod.jeevee.com/whetstone-products/jeevee_erp/2026-03-16/da/da2385a40eb3aad5c22d8f208af59c00e5e6bbf1
128271,HYPHEN POWER PEPTIDES COCKTAIL SERUM (30ML),JEEV-HB-0B7249,HYPHEN,1279,5,0,0,0,False,False,https://stod.jeevee.com/whetstone-products/jeevee_erp/2026-03-16/4f/4f6b91b6df8a11fdaa8091864e90933538a05210
267,DERMAMOIST LOTION - 100ML,JEEV-HB-DE1500,PIL,582.96,7,4.8,20,9,False,False,https://stod.jeevee.com/whetstone-products/jeevee_erp/2021-05-13/d4/d41f4d00aef223f3b5deefdcc8b9af378e856da8
6052,"ACNES OIL CONTROL CLEANSER, 100 GM",JEEV-HB-E31BE0,ACNES,425,,4.2,8,2,False,False,https://stod.jeevee.com/whetstone-products/jeevee_erp/2026-02-13/b5/b504f8844c70610d1125c560300706343bea107e
109853,CHEMIST AT PLAY CHOCOLATE LIP JELLY SPF 50 PA++++ GLOSSY LIP BALM-10GM,JEEV-HB-BDD3C0,CHEMIST AT PLAY,558.4,7,0,0,0,False,False,https://stod.jeevee.com/whetstone-products/jeevee_erp/2025-11-25/96/9685b79ff49109668c626596b0f4d3dc9fc056d7
111223,ARENCIA FRESH RED SMOOTHIE SERUM 30-50G,JEEV-HB-8299A5,ARENCIA,3250,9.231,0,0,0,False,False,https://stod.jeevee.com/whetstone-products/jeevee_erp/2025-12-17/dd/dd2c08b0ede70f2f9170458db5fead13dc091da8
117178,S.NATURE  AQUA SQUALANE MOISTURIZING CREAM 60ML,JEEV-HB-F1855F,S.NATURE,3600,22.222,0,0,0,False,False,https://stod.jeevee.com/whetstone-products/jeevee_erp/2026-01-18/9e/9e9d521f65a9ac5febc5c05edfa3158cd48a7464
1441,HIMALAYA LIP BALM 10G,JEEV-HB-EFB0B9,HIMALAYA,64,,4.5,45,8,False,False,https://stod.jeevee.com/whetstone-products/jeevee_erp/2026-01-19/90/90c7057396dd6f5eb6830652a6fcbdecedb9328e
25340,THE PUREST SOLUTIONS ARBUTIN 2% + HYALURONIC ACID SERUM 30ML,JEEV-HB-B7189F,THE PUREST SOLUTIONS,3050,5,5,5,2,False,False,https://stod.jeevee.com/whetstone-products/jeevee_erp/2024-09-20/3f/3ff8bc38155ce4fd8623af0de20a8570902b05b4
27172,THE DERMA CO 5% CICA-GLOW DAILY FACE MOISTURIZER,JEEV-HB-DE50CE,THE DERMA CO,559,7.999,4.3,11,4,False,False,https://stod.jeevee.com/whetstone-products/jeevee_erp/2022-11-25/8a/8afafc86c3b16acfdce069afa2ac36895182950c
66646,DOT & KEY STRAWBERRY DEW IN-THE-SPOTLIGHT STROBE CREAM- 30 ML,JEEV-HB-B353D7,DOT & KEY,552,10,4,2,2,False,False,https://stod.jeevee.com/whetstone-products/jeevee_erp/2026-06-16/fa/fa55e21891fd19b03a491892ca54bf2d6871f768
85598,SUNSCOOP INVISIBLE SUNSCREEN SPRAY FOR BODY SPF 60 PA++++ -125ML,JEEV-HB-69C1E3,SUNSCOOP,1432,30.238,0,0,0,False,False,https://stod.jeevee.com/whetstone-products/jeevee_erp/2025-05-14/d7/d700807c24b504d6cd3626bcf2e3f62e0a8e6311
109844,CHEMIST AT PLAY DEEP CLEANSING BODY WASH-236ML,JEEV-HB-F939D1,CHEMIST AT PLAY,638.4,7,0,0,0,False,False,https://stod.jeevee.com/whetstone-products/jeevee_erp/2026-03-10/a0/a0589dd299e1c88302c827f0dcd0ff359b605454
128255,HYPHEN 10% RICE WATER BRIGHTENING FACE WASH (100ML),JEEV-HB-CCA383,HYPHEN,479,4.999,0,0,0,False,False,https://stod.jeevee.com/whetstone-products/jeevee_erp/2026-03-16/c0/c06cbf6116949bce84d356aba6a144b29886fc52
87162,ENCHANTEUR PERFUMED ALLURING SHOWER GEL - 250ML,JEEV-HB-6B63B9,ENCHANTEUR,400,5,5,2,1,False,False,https://stod.jeevee.com/whetstone-products/jeevee_erp/2025-05-22/e8/e88c786289cd5114412df7c28afee544cf108e6f
38831,FOXTALE RAPID SPOT REDUCTION DROPS- 30 ML,JEEV-HB-C4AD6A,FOXTALE,952,5.001,5,3,0,False,False,https://stod.jeevee.com/whetstone-products/jeevee_erp/2024-02-16/ac/ac6f33bba7a80990430700b33e93f499dc356dbf
139628,PLUM GOJI BERRY & GLYCOLIC ACID 5% EXFOLIATING TONER-150ML,JEEV-HB-E3E8BB,PLUM,798,10.024,0,0,0,False,False,https://stod.jeevee.com/whetstone-products/jeevee_erp/2026-05-04/99/995e1f0ea97c2e510c0a440152e6f0ce9411d4b1
40588,PILGRIM WHITE LOTUS TINTED DAY CREAM SPF 50 - 100G,JEEV-HB-42AA27,PILGRIM,800,7.999,5,2,0,False,False,https://stod.jeevee.com/whetstone-products/jeevee_erp/2026-05-26/cc/cc2c74e607894e6d7784bb3839c7c1e58d68b0c2
99318,HADA LABO PERFECT TRANEXAMIC ACID CREAM FOR DARK SPOTS AND HYPERPIGMENTATION 50G,JEEV-HB-78156D,HADA LABO,1150,20,0,0,0,False,False,https://stod.jeevee.com/whetstone-products/jeevee_erp/2025-11-25/e2/e260ae27f0b17119d5ceb53437d54571b6c73886
5975,MAMAEARTH VITAMIN C FACE TONER WITH VITAMIN C & CUCUMBER - 200 ML,JEEV-HB-2345BC,MAMAEARTH,639,8,4.4,11,4,False,False,https://stod.jeevee.com/whetstone-products/jeevee_erp/2020-11-06/04/04a25958cbf8c8ed50456e5f241e4bdb5660de7d
74830,MAMAEARTH VITAMIN C DAILY GLOW BODY LOTION-400ML,JEEV-HB-D4B9B4,MAMAEARTH,750.4,7.999,5,3,2,False,False,https://stod.jeevee.com/whetstone-products/jeevee_erp/2024-12-27/47/476426072baa4eae27fcc220b66d2af3c62afc7e
5468,KOJIVIT PLUS GEL - 15 GM,JEEV-HB-C6DEC1,MICRO LABS,680,6.999,4.2,4,3,False,False,https://stod.jeevee.com/whetstone-products/jeevee_erp/2020-10-21/1a/1a30348cee460ce0052d298ffa739924c0f7650e
109845,CHEMIST AT PLAY EXFOLIATING FACE WASH-100ML,JEEV-HB-BBFE89,CHEMIST AT PLAY,478.4,6.999,5,1,0,False,False,https://stod.jeevee.com/whetstone-products/jeevee_erp/2025-11-25/9d/9d0fcfedd7c2d633f3637366f2ae47737b8cb62b
40604,PILGRIM PATUÁ & KERATIN SMOOTHENING HAIR MASK- 200G,JEEV-HB-56EB79,PILGRIM,880,8,4,1,0,False,False,https://stod.jeevee.com/whetstone-products/jeevee_erp/2026-03-18/a8/a84dcef16ebbf029e6a289a75ede6b6729a43f50
33196,MAMAEARTH MULTANI MITTI FACE WASH 100 ML,JEEV-HB-C25686,MAMAEARTH,415,8,4.7,3,1,False,False,https://stod.jeevee.com/whetstone-products/jeevee_erp/2023-07-10/bd/bd9643b4ea4fff5ae77f56cc0ced5a7f9bcb529d
112861,THE PUREST SOLUTIONS MINERAL FILTER SUNSCREEN CREAM SPF 30-40ML,JEEV-HB-E05A39,THE PUREST SOLUTIONS,3050,5,0,0,0,False,False,https://stod.jeevee.com/whetstone-products/jeevee_erp/2025-12-23/de/de79786b070a905608b1fc852700ae943bcfcd0a
34136,SUNPLAY SKIN AQUA CLEAR WHITE CC MILK 25G,JEEV-HB-1BF6D7,SUNPLAY,799,,3,2,1,False,False,https://stod.jeevee.com/whetstone-products/jeevee_erp/2025-07-10/08/0883413962928bf3b7361773b4bc17749162a4c7
34171,SUNPLAY SKIN AQUA ACNE MILK 25G,JEEV-HB-1E9C27,SUNPLAY,599,,4.5,15,5,False,False,https://stod.jeevee.com/whetstone-products/jeevee_erp/2024-08-23/47/47958251607a07fe8c7e6ad74502f8c3952e1550
35126,NUGA FACE SCRUB- HONEY & OATMEAL 50GM,JEEV-HB-F37475,NUGA ,320,5,5,1,1,False,False,https://stod.jeevee.com/whetstone-products/jeevee_erp/2023-10-04/0f/0f0637e5eb24b43464b8f3b3a26bbe55098e242e
40433,PILGRIM 2% SALICYLIC ACID ANTI-ACNE FACE SERUM- 30ML,JEEV-HB-0768D0,PILGRIM,1040,7.999,0,0,0,False,False,https://stod.jeevee.com/whetstone-products/jeevee_erp/2026-03-20/04/04f41f70cb5f49ddb957370b9a29e7c8de456b10
40994,SANOSAN MAMA ANTI STRETCH MARK CREAM- 200 ML,JEEV-HB-73EF37,SANOSAN,1600,5,4,2,0,False,False,https://stod.jeevee.com/whetstone-products/jeevee_erp/2024-05-19/84/84daf441e0a599b9d92605c38be6ada7108b17be
41970,SEBONIA NIACINAMIDE + ZINC SERUM 20 ML,JEEV-HB-E4850F,ETHICARE,960,6.042,4.3,3,1,False,False,https://stod.jeevee.com/whetstone-products/jeevee_erp/2024-06-17/94/9453b8a07d95464a095725e7f97233eeb0756626
96824,SINOZ SEBUM CLEANSER 400ML,JEEV-HB-FA3469,SINOZ,2450,5,0,0,0,False,False,https://stod.jeevee.com/whetstone-products/jeevee_erp/2025-08-22/f3/f382383ac99ca4d42af850ab0704fc47ddbf9e81
109432,PLUM ALOE VERA MULTI USE GEL- 150 ML,JEEV-HB-032706,PLUM,318,10.003,0,0,0,False,False,https://stod.jeevee.com/whetstone-products/jeevee_erp/2025-11-16/4f/4f8efa4209372efe8aa14ca30ac4d70eabb54140
109841,CHEMIST AT PLAY 10% VITAMIN C FACE SERUM-30ML,JEEV-HB-7BEF87,CHEMIST AT PLAY,1278.4,7.001,5,1,1,False,False,https://stod.jeevee.com/whetstone-products/jeevee_erp/2025-11-25/29/2947d144f3777332884a98d0760a8687af0b4aff
128275,HYPHEN VITAMIN INFUSED TINTED LIP BALM 10G - ORCHID,JEEV-HB-429665,HYPHEN,639,5.001,0,0,0,False,False,https://stod.jeevee.com/whetstone-products/jeevee_erp/2026-03-16/7d/7d279e4cfac5105843c4948e33573cb2c3311c33
139626,DOT & KEY STRAWBERRY BRIGHT NIACINAMIDE GEL FACE WASH-100GM,JEEV-HB-2837DB,DOT & KEY,398,10.051,0,0,0,False,False,https://stod.jeevee.com/whetstone-products/jeevee_erp/2026-05-04/2a/2a8621cc8b8fad3029394cabb27218786ca7a701
3728,AHAGLOW S FOAMING FACEWASH 100ML,JEEV-HB-A8541B,TORRENT-DERMA,1188.8,7.003,4.4,10,4,False,False,https://stod.jeevee.com/whetstone-products/jeevee_erp/2025-03-23/18/18208d194a9cc77090a6748c97133cbb712df519
10622,"THE DERMA CO 5% CAFFEINE SERUM, 15ML",JEEV-HB-6A575F,THE DERMA CO,959,8,4.4,24,5,False,False,https://stod.jeevee.com/whetstone-products/jeevee_erp/2021-04-19/ab/ab0e74d5a0b8dc36ada529cbc0ccbebadb8a924f
12542,"THE DERMA CO ULTRA MATTE SUNSCREEN GEL, 50GM",JEEV-HB-3AA1F4,THE DERMA CO,1119,8.001,4.5,20,10,False,False,https://stod.jeevee.com/whetstone-products/jeevee_erp/2021-07-11/b4/b4b52f3dd8eb66371f07200cadc90e082f1520ea
22255,CHEMIST AT PLAY BRIGHTENING BOOST FACE WASH - 100ML,JEEV-HB-3CB27F,CHEMIST AT PLAY,478.4,6.999,4.6,5,0,False,False,https://stod.jeevee.com/whetstone-products/jeevee_erp/2024-02-01/25/2564800039354a49275fbd28333470920db67485
26112,THE DERMA CO HYALURONIC INVISIBLE SUNSCREEN GEL 50G,JEEV-HB-838C71,THE DERMA CO,959,8,4.1,9,4,False,False,https://stod.jeevee.com/whetstone-products/jeevee_erp/2026-04-19/b6/b6ae249d9ce5233aabed53fa2ba3acf56876fbae
34179,CeraVe Eye Repair Cream 0.5oz,JEEV-HB-FB4580,CERAVE,2900,8.621,5,2,0,False,True,https://stod.jeevee.com/whetstone-products/jeevee_erp/2022-02-11/38/387cd77498b6c33ad2f014610b7f1b335ec8d7b4
38356,PLUM 2% ENCAPSULATED SALICYLIC ACID FACE SERUM (30 ML),JEEV-HB-6037C4,PLUM,959,9.999,5,3,2,False,False,https://stod.jeevee.com/whetstone-products/jeevee_erp/2023-12-12/f0/f0507607ca017c863c465170a0f6e2750d93b047
42362,UBIYA DERMA SKIN REFINED TONER- 100ML,JEEV-HB-6F9851,UBIYA DERMA,781,50.064,0,0,0,False,False,https://stod.jeevee.com/whetstone-products/jeevee_erp/2024-06-21/79/7917d287be563ec7ffa71a61331ba2effd8d5764
838,RAYSTOP 50SPF LOTION 50GM,JEEV-HB-73B3A9,SOLDERMA,793.6,7.001,4.7,23,7,False,False,https://stod.jeevee.com/whetstone-products/jeevee_erp/2024-08-13/bf/bf4de200a63d7598d4dc6af65268c4f6ef98240f
109438,HYDRAMIDE GENTLE SKIN CLEANSER-125ML,JEEV-HB-010390,HYDRAMIDE,600,11.999,0,0,0,False,False,https://stod.jeevee.com/whetstone-products/jeevee_erp/2025-11-17/75/755a7515d5dd3de20d36f7a675f7a04b99ef6426
16335,DOT & KEY WATER DRENCH HYDRATING HYALURONIC SERUM CONCENTRATE (30ML),JEEV-HB-5EFB43,DOT & KEY,1560,10,4.3,18,10,False,False,https://stod.jeevee.com/whetstone-products/jeevee_erp/2021-10-07/a6/a6d455b258aab7dd94a1d6d0d2fb682d7d8d2828
82424,WISHCARE TRIPLE BOND REPAIR SERUM - 100ML,JEEV-HB-4F8C33,WISHCARE,959,5,0,0,0,False,False,https://stod.jeevee.com/whetstone-products/jeevee_erp/2025-03-23/97/973ba53fe3309bf819877a3c3a544c51f81f2e74
67140,HADA LABO ADVANCED NOURISH HYALURONIC ACID SERUM - 30ML,JEEV-HB-23396B,HADA LABO,1990,20,0,0,0,False,False,https://stod.jeevee.com/whetstone-products/jeevee_erp/2024-10-28/58/584527a3c97cfbab1a1cba0db55ca83653cb2bf1
87165,ENCHANTEUR PERFUMED GORGEOUS SHOWER GEL - 250ML,JEEV-HB-7627BC,ENCHANTEUR,400,,0,0,0,False,False,https://stod.jeevee.com/whetstone-products/jeevee_erp/2025-05-22/79/796c2a08ab99f5fc5f069db34b12fd92f8b1018d
114901,MEDICUBE AGE-R BOOSTER PRO (PINK),JEEV-HB-95683F,MEDICUBE,44500,10.115,5,1,0,False,False,https://stod.jeevee.com/whetstone-products/jeevee_erp/2026-01-02/44/4458c6bc94e38f4694ba5f285765ecdf2b3c5c88
25909,JUST HERBS VITAMIN C AMLA + LIQUORICE ROOT FACE WASH (100ML),JEEV-HB-225DE8,JUST HERBS,632,,0,0,0,False,False,https://stod.jeevee.com/whetstone-products/jeevee_erp/2026-05-21/01/017e29ca0421c1a265dc48c6c48092580066d80b
82414,RE'EQUIL SKIN CLARIFYING SERUM (1% BHA PEPTIDE SERUM)-25ML,JEEV-HB-6B8201,RE'EQUIL,792,11.995,5,2,1,False,False,https://stod.jeevee.com/whetstone-products/jeevee_erp/2025-03-23/50/5054c28c619563c36875e4d244018610b27be658
135066,PHD 0.3% PURE RETINOL FACE SERUM -30ML,JEEV-HB-90B136,PROVEN HONEST DERMA,1118.4,4.999,0,0,0,False,False,https://stod.jeevee.com/whetstone-products/jeevee_erp/2026-05-31/5b/5ba2895eaa2aa622af89ac9650910a83a3e5ec58
135069,PHD CERAMIDE HYDRATING CLEANSER- 100ML,JEEV-HB-5249A8,PROVEN HONEST DERMA,504,5,0,0,0,False,False,https://stod.jeevee.com/whetstone-products/jeevee_erp/2026-06-01/bc/bc00a02198e33e35539ab8728a4cb62621100fc5
138760,CHEMIST AT PLAY EPSOM SALT BODY WASH 236ML,JEEV-HB-2C3FB8,CHEMIST AT PLAY,718.4,,0,0,0,False,False,https://stod.jeevee.com/whetstone-products/jeevee_erp/2026-04-29/a2/a25a79678e9b0f9f5d37b20f56df5ac46768f43e
4880,RALYCOS CEEMOCEE VITAMIN C SERUM 30ML,JEEV-HB-1D9DCA,RALYCOS,3600,7,4.9,11,4,False,False,https://stod.jeevee.com/whetstone-products/jeevee_erp/2020-09-09/45/45a9524e37121f96500b395934e19c9c9736a4b1
10375,NUGA LIP SCRUB – HONEY & CINNAMON,JEEV-HB-C422CE,NUGA ,250,4.999,4.1,8,3,False,False,https://stod.jeevee.com/whetstone-products/jeevee_erp/2023-09-27/5f/5f5e5a3faa2f57b33f29b76ee68f745b966ad985
78153,FOXTALE SUPER GLOW MOISTURIZER- 50ML,JEEV-HB-111E26,FOXTALE,712,5.001,0,0,0,False,False,https://stod.jeevee.com/whetstone-products/jeevee_erp/2025-01-23/fe/fe2f19e7f630f05a9e2261cb811c441ca1dd25db
82410,RE'EQUIL PITSTOP BLUE NIACINAMIDE SERUM- ACNE SCARS & MARKS 25ML,JEEV-HB-CD2C16,RE'EQUIL,953,12.067,0,0,0,False,False,https://stod.jeevee.com/whetstone-products/jeevee_erp/2025-03-23/cf/cf48406748b51aee02eb71394e5552cb6c96d5c6
122558,BEARDO ICE BLAST FACE WASH V2 100 ML,JEEV-HB-11CD88,BEARDO,440,5,0,0,0,False,False,https://stod.jeevee.com/whetstone-products/jeevee_erp/2026-03-25/b3/b3cd123968befdc56ecf850774d135ba46f1a71b
128979,BANJARA'S ROSE WATER 120ML,JEEV-HB-1190F5,BANJARA'S,80,,0,0,0,False,False,https://stod.jeevee.com/whetstone-products/jeevee_erp/2026-03-25/0b/0b7c9cd069c9cf7adb8a6fffd535f1cfb33f10c9
43248,PILGRIM FRENCH RED VINE SUPERMELT CLEANSING BALM -75G,JEEV-HB-8DCBF6,PILGRIM,840,8,4.7,3,1,False,False,https://stod.jeevee.com/whetstone-products/jeevee_erp/2026-04-26/47/470afe13416b1fde34074aca64984196d47ecc06
113350,AVANI RADIANCE TONER-100ML,JEEV-HB-0D46D0,AVANI,1025,,0,0,0,False,False,https://stod.jeevee.com/whetstone-products/jeevee_erp/2025-12-28/e3/e38b16577f7222fed8469492db84cb35a9d54ee9
114360,AVANI CLARITY C ANTI-PIGMENTATION GLOW DROPS-30ML,JEEV-HB-4BDDE1,AVANI,1695,,0,0,0,False,False,https://stod.jeevee.com/whetstone-products/jeevee_erp/2025-12-29/c2/c27bd4015d661b77e85f7f0e322b703988f70b36
7512,SPAWAKE MOISTURE SOLUTION FACE WASH- 100 GM,JEEV-HB-69EA5A,SPAWAKE,318.4,,5,1,0,False,True,https://stod.jeevee.com/whetstone-products/jeevee_erp/2020-12-14/94/944d687b0c94d0c3af9a7b0700e4640c5deb322c
27496,MELAO DRYING LOTION (ANTI-ACNE-30ML),JEEV-HB-1DF795,MELAO,1200,0,0,0,0,False,False,https://stod.jeevee.com/whetstone-products/jeevee_erp/2022-12-14/01/010b711146c9855c04e3d1119f38e009717e3ae8
40578,PILGRIM VOLCANIC LAVA ASH FACE WASH - 100ML,JEEV-HB-737CBC,PILGRIM,560,8.001,0,0,0,False,False,https://stod.jeevee.com/whetstone-products/jeevee_erp/2026-05-11/90/9061bcd37fb0754e4bc258231c00ebb74c638e17
118444,ORIFLAME OPTIMALS AGE REVIVE NIGHT CREAM-50ML,JEEV-HB-C06938,ORIFLAME,2479,10.004,0,0,0,False,False,https://stod.jeevee.com/whetstone-products/jeevee_erp/2026-01-22/c1/c15c7d552a4b25ef0bd3314d197d16e8703aa317
132882,LORD'S SPF 50+ SUNSCREEN-100 ML,JEEV-HB-DA0A00,LORD'S,800,9.999,0,0,0,False,False,https://stod.jeevee.com/whetstone-products/jeevee_erp/2026-04-23/d5/d5eb112d3d8b9dee5becd008cf42d40ef09d484e
132915,LORD'S RICE WATER BRIGHTENING TONER-100ML,JEEV-HB-6DE981,LORD'S,800,9.999,0,0,0,False,False,https://stod.jeevee.com/whetstone-products/jeevee_erp/2026-04-23/24/24337fa1e53e0e84b7feb5978bbf30bcf1bf4c46
27274,SUNPLAY SUPERBLOCK - 30 ML,JEEV-HB-13C489,SUNPLAY,600,,3,3,2,False,False,https://stod.jeevee.com/whetstone-products/jeevee_erp/2026-05-29/b9/b91a3838ada622fae691a665084d3d1de4c3ba0e
135068,PHD VITAMIN C BRIGHTENING MOISTURIZER -50G,JEEV-HB-12C41D,PROVEN HONEST DERMA,878.4,5,0,0,0,False,False,https://stod.jeevee.com/whetstone-products/jeevee_erp/2026-05-31/f6/f6cf6dceb78fd4d707537a28e13bbfe600860425
11966,"RALYCOS RALYVERA FACE WASH, 60GM",JEEV-HB-F9D474,RALYCOS,320,7.002,3.8,15,4,False,False,https://stod.jeevee.com/whetstone-products/jeevee_erp/2021-06-23/6c/6c0d03c02ca05764b6506d48474c42830b7f080f
14181,BEARDO MAX SUNSCREEN SPRAY SPF50 50ML,JEEV-HB-BC05FB,BEARDO,638.4,5,2.5,2,0,False,False,https://stod.jeevee.com/whetstone-products/jeevee_erp/2021-08-08/9c/9c0b9fb962a576da5693ae5c2cbfc6979c8a6d78
24906,MELAO SPF 50+ MINERAL SUNSCREEN 75ML,JEEV-HB-A8AB52,MELAO,1600,0,0,0,0,False,False,https://stod.jeevee.com/whetstone-products/jeevee_erp/2022-08-01/1f/1f789c1f7659ad683c964660e10555ca0c72e9a1
64673,SINOZ PINK TOUCH FLUID SUNSCREEN SPF 50+ 50ML,JEEV-HB-43659D,SINOZ,1990,5,0,0,0,False,False,https://stod.jeevee.com/whetstone-products/jeevee_erp/2024-09-30/84/8410a7a83027e06050dcf41b3e5c7954c906b5ee
82310,"HAORE SUNSCREEN GEL BASED 50+++, 100 GM",JEEV-HB-51E01B,HAORE,1600,,0,0,0,False,False,https://stod.jeevee.com/whetstone-products/jeevee_erp/2025-03-14/fe/fe1d5451a4084ddc6970ddfc2322e2977dfc1b5e
87184,ENCHANTEUR PERFUMED SHOWER GEL ENTICING - 550ML,JEEV-HB-C66186,ENCHANTEUR,700,,0,0,0,False,False,https://stod.jeevee.com/whetstone-products/jeevee_erp/2025-05-23/28/28d9d07b4f6cacedeac72d6dcd2b7e846457ba1f
113348,AVANI WATER GEL SUNSCREEN-60ML,JEEV-HB-C87718,AVANI,1145,,0,0,0,False,False,https://stod.jeevee.com/whetstone-products/jeevee_erp/2025-12-28/ac/aca9bdd23fdc809c73238d910e691c92e0647d65
128946,SKIN ORIGINS HYALURONIC MOISTURISING SPRAY- 100 ML,JEEV-HB-0671B8,SKIN ORIGINS,736,5.001,0,0,0,False,False,https://stod.jeevee.com/whetstone-products/jeevee_erp/2026-03-25/4b/4b7060618897dfef597d375658c8de284802e379
130454,SKIN ORIGINS SUNSCREEN SPF 50 PA++++- 50GM,JEEV-HB-697E4A,SKIN ORIGINS,1021,5.093,0,0,0,False,False,https://stod.jeevee.com/whetstone-products/jeevee_erp/2026-04-01/27/275fa1a41159aa8eff5d334a8db4d44eca407d5d
132918,LORD'S CENTELLA AGE DEFYING DAY CREAM-100ML,JEEV-HB-FD06ED,LORD'S,1520,10,0,0,0,False,False,https://stod.jeevee.com/whetstone-products/jeevee_erp/2026-04-23/ea/ea4e2cfa148b8460888820b396bc1339eae617c1
138778,PILGRIM 10% VITAMIN C FACE SERUM-10 ML,JEEV-HB-86D5BA,PILGRIM,360,7.998,0,0,0,False,False,https://stod.jeevee.com/whetstone-products/jeevee_erp/2026-05-06/c5/c561d9cc5c2784117bf3f8647596cefb6780c2b8
26485,THE PUREST SOLUTIONS OIL CONTROL TONER  2% BHA SALICYLIC ACID,JEEV-HB-D3BD4C,THE PUREST SOLUTIONS,2550,5,5,1,0,False,False,https://stod.jeevee.com/whetstone-products/jeevee_erp/2022-10-30/80/8013ce3b93ac8f371a826339f3acf228d640fc4b
109846,CHEMIST AT PLAY GENTLE & SOOTHING FACE WASH-150ML,JEEV-HB-5636C7,CHEMIST AT PLAY,638.4,7,0,0,0,False,False,https://stod.jeevee.com/whetstone-products/jeevee_erp/2025-11-25/e9/e9a872ac4c6d0b9fba1e4747182e898a4be95689
120146,DR. SHETH'S OATS & CERAMIDE SENSITIVE SKIN SUNSCREEN-50G,JEEV-HB-F2FD80,DR. SHETH'S,798.4,8.001,0,0,0,False,False,https://stod.jeevee.com/whetstone-products/jeevee_erp/2026-01-29/c8/c8b2dee7a482f3ca44fc74de3699f890b1efcf81
109838,CHEMIST AT PLAY 10% NIACINAMIDE CLARIFYING FACE SERUM-10ML,JEEV-HB-8A7E26,CHEMIST AT PLAY,478.4,6.999,0,0,0,False,False,https://stod.jeevee.com/whetstone-products/jeevee_erp/2025-11-25/0e/0ed2bfcdce5091cff66ef63d777ef673405a4971
31615,MAMAEARTH UBTAN FACIAL KIT - 60GM,JEEV-HB-0E6DBC,MAMAEARTH,638,8,4.2,4,3,False,False,https://stod.jeevee.com/whetstone-products/jeevee_erp/2023-05-16/c8/c81f0788e5020fbf93c13680e8edd5a70540a599
129160,PLUM BODYLOVIN OH SO PISTACHIO BODY LOTION- 400ML,JEEV-HB-63ABA4,PLUM,792,9.999,0,0,0,False,False,https://stod.jeevee.com/whetstone-products/jeevee_erp/2026-03-26/4a/4a0a92e7399aca575ed15a674ad315924b518af7
101731,LAKME LUMI SMOOTH AHA+ FACEWASH - 100G,JEEV-HB-634BEE,LAKME,398.4,5,0,0,0,False,False,https://stod.jeevee.com/whetstone-products/jeevee_erp/2025-09-17/b7/b7ae62eff3552ea75b2a56ecb4ad4b34f8654a09
114148,GLOLIP-SP SPF 30 9G,JEEV-HB-450832,GLOLIP,280,,0,0,0,False,False,https://stod.jeevee.com/whetstone-products/jeevee_erp/2026-01-12/f3/f31c24481ff29d45dbf492aebd9e590c519a7129
4557,HIMALAYA PURIFYING NEEM FACE WASH- 100 ML,JEEV-HB-74B360,HIMALAYA,302.4,5,5,4,1,False,False,https://stod.jeevee.com/whetstone-products/jeevee_erp/2024-03-27/23/23f9fc09d0bbdec7fb843801eb6df6a626a0839c
6055,"ACNES VITAMIN CLEANSER FACE WASH, 50 GM",JEEV-HB-CF633E,ACNES,265,,4.6,5,3,False,False,https://stod.jeevee.com/whetstone-products/jeevee_erp/2025-11-25/6f/6fc1b59c198a6742267802f2994a52ebc0862cc6
9262,"PLUM CANDY MELTS VEGAN LIP BALM - RED VELVET LOVE, 12G",JEEV-HB-F83044,PLUM,472,10,4.7,6,2,False,False,https://stod.jeevee.com/whetstone-products/jeevee_erp/2021-03-05/30/3035df49868186a8d0d82063242d668f9d9deaa9
104188,THE PUREST SOLUTIONS EXFOLIATING FACIAL PEEL AHA 10% + BHA 2%- 8ML,JEEV-HB-375984,THE PUREST SOLUTIONS,950,5.001,5,1,0,False,False,https://stod.jeevee.com/whetstone-products/jeevee_erp/2026-02-08/b5/b5ebcf162903d50addf7fc0a221a773e98f8a28d
128272,HYPHEN VITAMIN INFUSED TINTED LIP BALM 10G - HAZEL,JEEV-HB-C3DE95,HYPHEN,639,5.001,3,1,1,False,False,https://stod.jeevee.com/whetstone-products/jeevee_erp/2026-03-16/d5/d5eb7c4dbe2966f519986624258a57224ea3db20
3037,FIXDERMA SALYZAP FACE CLEANSER - 60 GM,JEEV-HB-34CFAC,FIXDERMA,472,8.001,4.3,26,9,False,False,https://stod.jeevee.com/whetstone-products/jeevee_erp/2023-07-26/ea/eaa49a6ef4253af829bbf41c16ff2e79cfab98b7
7358,G-THIONE WHITENING CREAM 30GM,JEEV-HB-1A650D,SURBHITAM,1280,7,4.2,6,1,False,False,https://stod.jeevee.com/whetstone-products/jeevee_erp/2026-02-10/96/962e2a80bf59bfdad8652935e14db082a8d49322
27175,THE DERMA CO 3% KOJIC ACID SPOT CORRECTOR GEL 30G,JEEV-HB-25C122,THE DERMA CO,799,8.001,4.7,3,0,False,False,https://stod.jeevee.com/whetstone-products/jeevee_erp/2022-11-25/61/615f8be9ec94fef7fdca69694e98ac4e1f8edab9
80481,AQUALOGICA ILLUMINATE + DEWY SUNSCREEN 50G,JEEV-HB-B02FA5,AQUALOGICA,719,7,0,0,0,False,False,https://stod.jeevee.com/whetstone-products/jeevee_erp/2025-02-18/48/486b5539f7d0d6bb0b02fd3ef1f1cfec2b095af7
108501,THRIVECO EXCLUSIVE SUNSCREEN MATTE FINISH SPF 50+ PA++++ - 100ML,JEEV-HB-7B3609,THRIVECO,1998.4,50,0,0,0,False,False,https://stod.jeevee.com/whetstone-products/jeevee_erp/2026-04-09/80/8054557c60a79824c69d5b135ac18bd95473f66a
128273,HYPHEN VITAMIN INFUSED TINTED LIP BALM 10G - JELLY GLAZE,JEEV-HB-01A0E0,HYPHEN,639,5.001,0,0,0,False,False,https://stod.jeevee.com/whetstone-products/jeevee_erp/2026-03-16/07/07cd580bcbff3ef1f7a92c6e3967aefdbf2a30f9
2276,CLINPAR-A GEL 15GM,JEEV-MED-D2C05C,NPL,185,5,4.4,20,9,False,False,https://stod.jeevee.com/whetstone-products/jeevee_erp/2021-11-09/cb/cb70559764d76b5f7d9368c5edc0d69ab4779cc7
40934,PILGRIM 2% KOJIC ACID SERUM- 30ML,JEEV-HB-EFF6DC,PILGRIM,792,8,3.5,4,2,False,False,https://stod.jeevee.com/whetstone-products/jeevee_erp/2026-03-18/04/0472f56b36a4bb7efe8eda69dce10abbb9e324a9
66651,DOT & KEY BARRIER REPAIR HYALURONIC BODY LOTION- 250 ML,JEEV-HB-335E26,DOT & KEY,632,10,4.7,3,1,False,False,https://stod.jeevee.com/whetstone-products/jeevee_erp/2024-10-24/5a/5aa70247b4244517b792ad7a2cf390abc6338cf7
67475,THE PUREST SOLUTIONS DAILY BARRIER UV PROTECTION SPF 50+ SUNSTICK,JEEV-HB-0247A6,THE PUREST SOLUTIONS,3450,5,0,0,0,False,False,https://stod.jeevee.com/whetstone-products/jeevee_erp/2024-11-06/55/55435df515026b86c146d1ce9052a25f455c7622
118501,SECRET KEY LEMON SPARKING CLEANSING FOAM  200ML,JEEV-HB-FF2B0A,SECRET KEY,2000,15,0,0,0,False,False,https://stod.jeevee.com/whetstone-products/jeevee_erp/2026-01-20/6a/6a16d1ff0117372670d8b603b93d12e0e09e899d
118504,VASELINE HEALTHY BRIGHT GLUTA-HYA SERUM BURST LOTION FLAWLESS BRIGHT 200ML,JEEV-HB-F9C39E,VASELINE,1000,,0,0,0,False,False,https://stod.jeevee.com/whetstone-products/jeevee_erp/2026-01-20/00/00434897f7ec83a0daf8f8575cb9c6b0cc6e3007
118506,VASELINE HEALTHY BRIGHT GLUTA-HYA SERUM BURST DEWY RADIANCE 200ML,JEEV-HB-F4D127,VASELINE,1000,,0,0,0,False,False,https://stod.jeevee.com/whetstone-products/jeevee_erp/2026-01-20/c4/c46d50be0ab9cb406048e97dde0b08340af763a8
128263,HYPHEN CLARIFYING ACNE FACE WASH FOR WOMEN AND MEN- 100ML,JEEV-HB-8B7DB4,HYPHEN,479,4.999,0,0,0,False,False,https://stod.jeevee.com/whetstone-products/jeevee_erp/2026-03-16/51/514bc4e870bc52e623b10a33637a63d7debbc841
25363,THE PUREST SOLUTIONS REJUVENATING RETINOL SERUM + CERAMIDE 30ML,JEEV-HB-1A3B84,THE PUREST SOLUTIONS,3550,5,4,3,1,False,False,https://stod.jeevee.com/whetstone-products/jeevee_erp/2022-08-17/13/13932f9278cf386a5c1db81bc6fa01d7ebad5021
25393,CASMARA SENSATIONS VITAMIN SHOT SERUM,JEEV-HB-156C0A,CASMARA,7800,5,0,0,0,False,False,https://stod.jeevee.com/whetstone-products/jeevee_erp/2022-08-22/83/830f8d94a6ff3bdb10b000a1a66f54a83589de6f
41229,DR. SHETH’S CERAMIDE & VITAMIN C BODY WASH - 250ML,JEEV-HB-C0D33A,DR. SHETH'S,638.4,8.002,4,1,0,False,False,https://stod.jeevee.com/whetstone-products/jeevee_erp/2026-05-04/06/061a9c40f746c98eaafcca0853fd072fbdb6ff23
110499,PLUM RICE WATER & 3 % NIACINAMIDE SHEER-TINTED SUNSCREEN-50GM,JEEV-HB-2C915A,PLUM,798,9.999,4.8,4,4,False,False,https://stod.jeevee.com/whetstone-products/jeevee_erp/2025-12-08/e6/e69ba52c68e5591beff1bec8b8f4853459dcb28a
129159,PLUM BODYLOVIN' HAZELNUT ECLAIR BODY BUTTER- 180G,JEEV-HB-06556A,PLUM,880,10.001,0,0,0,False,False,https://stod.jeevee.com/whetstone-products/jeevee_erp/2026-03-26/3e/3e3256f6d0a05a8bd632dd2ea45761e8148af8ed
12508,CASMARA 3 IN 1 CLEANSER DEEP CLEANSING 150ML,JEEV-HB-7BF5EE,CASMARA,2950,5,0,0,0,False,False,https://stod.jeevee.com/whetstone-products/jeevee_erp/2022-08-22/a8/a86d9e909499dc0f7ce64c1ad7bee9f5cdd32e75
131432,PILGRIM KAKADU PLUM VITAMIN C BRIGHTENING MOISTURIZER 50G,JEEV-HB-C11887,PILGRIM,552,8,0,0,0,False,False,https://stod.jeevee.com/whetstone-products/jeevee_erp/2026-04-05/b9/b9fa436a322e75f02a3bec7f607338e294f92e2d
13871,REGALIZ HYDRONIC LIP BALM - 8G,JEEV-HB-F3DC13,REGALIZ,480,7.001,4.1,11,6,False,False,https://stod.jeevee.com/whetstone-products/jeevee_erp/2021-07-22/b1/b1d435ab71f959e9396e8150139acd68c60ca66f
111918,PILGRIM KOREAN RICE WATER & COLLAGEN ADVANCED DAMAGE REPAIR HAIR MASK 200GM,JEEV-HB-13F80F,PILGRIM,952,8,0,0,0,False,False,https://stod.jeevee.com/whetstone-products/jeevee_erp/2025-12-16/3f/3f363823e7b4c822bde02a96437d03446d183743
107359,JUICY CHEMISTRY 2% ALPHA ARBUTIN + D-GALLIC ACID FACE SERUM 30ML,JEEV-HB-FC9A72,JUICY CHEMISTRY,1650,,0,0,0,False,False,https://stod.jeevee.com/whetstone-products/jeevee_erp/2025-11-01/5a/5a0d6965df8dd751c95427212142c2f61ebac60b
107363,JUICY CHEMISTRY 10% VITAMIN C + EGCG FACE SERUM 10ML,JEEV-HB-5609F2,JUICY CHEMISTRY,650,,0,0,0,False,False,https://stod.jeevee.com/whetstone-products/jeevee_erp/2025-11-01/3c/3caa7e64134320c752f2b673cee3d6e6421cc1c9
107365,JUICY CHEMISTRY 5% LACTIC ACID + 3% FLOWER ACIDS FACE SERUM 10ML,JEEV-HB-BA4EAB,JUICY CHEMISTRY,599,,0,0,0,False,False,https://stod.jeevee.com/whetstone-products/jeevee_erp/2025-11-01/3f/3f3377352cca6fc30d5863dd9ec6e1743eff3915
114366,REGALIZ FACEWASH CONTROLS SEBUM SECRETION -150ML,JEEV-HB-8555D5,REGALIZ,766.4,6.968,0,0,0,False,False,https://stod.jeevee.com/whetstone-products/jeevee_erp/2025-12-29/18/1807e32bcd8de0913b7fc2e3309278449720d91c
114153,UV CURB AQUA GEL 50G,JEEV-HB-C7277B,UV CURB,720,,0,0,0,False,False,https://stod.jeevee.com/whetstone-products/jeevee_erp/2026-03-01/0d/0dec63354f1553726460487bf06825736ad0e750
150001,DERMA ESSENTIA GLUTA GO SERUM 30ML,JEEV-HB-DD76D2,DERMA ESSENTIA,1280,4.999,0,0,0,False,False,https://stod.jeevee.com/whetstone-products/jeevee_erp/2026-06-28/8b/8ba5eca55bb77e7fdfceba47d28140429df41a44
4251,ACNEVON FACE WASH 60GM,JEEV-HB-E719C2,BIOROME,316.8,6.998,4.2,4,2,False,False,https://stod.jeevee.com/whetstone-products/jeevee_erp/2020-10-16/94/9400587ef5f46e5d90f967c9792a20310cce939f
148370,STAR STRUCK MAKEUP REMOVER WIPES,JEEV-HB-07ECA5,STAR STRUCK BY SUNNY LEONE,126.4,11.005,0,0,0,False,False,https://stod.jeevee.com/whetstone-products/jeevee_erp/2026-06-18/5d/5d838f735ffeeae1662dccaf818c49edfd1cc6de
25778,PONDS BRIGHT MIRACLE WITH ACTIVATED CHARCOAL DETOX FACEWASH,JEEV-HB-C4EECA-100 ,PONDS,245,,4,2,1,False,True,https://stod.jeevee.com/whetstone-products/jeevee_erp/2026-02-03/15/15cf7231b032711f39bfeae784c81afb91b83b44
21107,MELAO RETINOL CREAM -50G,JEEV-HB-D2937F,MELAO,1500,0,5,3,1,False,False,https://stod.jeevee.com/whetstone-products/jeevee_erp/2022-02-09/0d/0dd8fc29ea8caed32190535dfe750b4cc1fd550f
114152,"UV INFRA TINT GEL TINTED SILICONE SUN SCREEN SPF 50+, PA +++50G",JEEV-HB-14BBA9,RAY BACK,1160,,1,1,1,False,False,https://stod.jeevee.com/whetstone-products/jeevee_erp/2025-12-29/df/dfcdae0a066a872eeac626aaa52b434d796006b4
121877,COSMETEX ROLAND EXOSOME AZELAIC ACID BEAUTY SERUM LOTION- 300ML,JEEV-HB-297C2A,COSMETEX ROLAND,2800,5,0,0,0,False,False,https://stod.jeevee.com/whetstone-products/jeevee_erp/2026-02-05/d7/d7305c544f965c95ece08c3a62860ac34213b379
86756,KORMESIC COCOA BODY OIL - 260ML,JEEV-HB-5FE67D,KORMESIC,900,0,0,0,0,False,False,https://stod.jeevee.com/whetstone-products/jeevee_erp/2025-05-20/39/39083cd0f9e0d514fc9135f519a873f76aab4098
107358,JUICY CHEMISTRY 10% VITAMIN C + EGCG FACE SERUM 30ML,JEEV-HB-B905D5,JUICY CHEMISTRY,1650,,0,0,0,False,False,https://stod.jeevee.com/whetstone-products/jeevee_erp/2026-01-19/a4/a49ac467748d1893cafe7952c797ab61bf3a6c33
107367,JUICY CHEMISTRY 2% BHA + ZINC PCA FACE SERUM 10ML,JEEV-HB-C5D688,JUICY CHEMISTRY,599,,0,0,0,False,False,https://stod.jeevee.com/whetstone-products/jeevee_erp/2025-11-01/cd/cdacb3352131f5a3ee5756f9e63b58eee8d12574
38936,HIMALAYA -PEACH SHINE LIP CARE- 4.5 GM,JEEV-HB-848602,HIMALAYA,318.4,5.001,4,1,1,False,False,https://stod.jeevee.com/whetstone-products/jeevee_erp/2024-02-27/fb/fbf602057abf638f19c3382b8468f9e73356b531
20495,"SOME BY MI – AHA, BHA, PHA 30 DAYS MIRACLE SERUM 50ML",JEEV-HB-387DAF,SOME BY MI,2900,7.586,0,0,0,False,False,https://stod.jeevee.com/whetstone-products/jeevee_erp/2022-01-24/15/156330bf68112d4bde8f68a9cae7622fb73dc15e
29088,MINIMALIST SPF 30 BODY LOTION 150GM,JEEV-HB-DFC2BB,MINIMALIST,799,4.999,4.8,6,3,False,False,https://stod.jeevee.com/whetstone-products/jeevee_erp/2023-03-07/78/78469193011ef557ca9774e2fccf63f6e564e489
10448,"BEARDO DE-TAN BODY WASH, 200ML",JEEV-HB-9BAE3A,BEARDO,478.4,5,5,5,1,False,False,https://stod.jeevee.com/whetstone-products/jeevee_erp/2024-01-08/13/13315dbf7205b47db6b135db148e5bf31f6cb232
41610,MAMAEARTH BEETROOT DAILY GLOW FACE CREAM 80 G,JEEV-HB-4840EF,MAMAEARTH,398.77,8,3,1,0,False,False,https://stod.jeevee.com/whetstone-products/jeevee_erp/2024-06-02/63/63eb7d58a1cb41ca9e2987993345dd75a370554d
89277,MAMAEARTH CHIA CALMING FACE CLEANSER 180 ML,JEEV-HB-5C5AA1,MAMAEARTH,638.4,8.001,0,0,0,False,False,https://stod.jeevee.com/whetstone-products/jeevee_erp/2025-07-01/40/40ff8b004efcee156dd3acbd297d25ea602ac173
89287,MAMAEARTH VITAMIN C DAILY GLOW FACE PACK 200 G,JEEV-HB-984A18,MAMAEARTH,798.4,8.001,0,0,0,False,False,https://stod.jeevee.com/whetstone-products/jeevee_erp/2025-07-01/39/391a7460e08f5261aa4f20473b9bee55f5e77490
110501,PLUM CALENDULA & 10% VITAMIN C BARRIER BOOSTING + GLOW SERUM - 30 ML,JEEV-HB-17F7CF,PLUM,1038,9.999,0,0,0,False,False,https://stod.jeevee.com/whetstone-products/jeevee_erp/2025-12-08/73/73a2306daf3bf201984674716306183f5a64a228
111020,MAMAEARTH VITAMIN C DAILY GLOW MOISTURIZING CREAM-200G,JEEV-HB-CEB6BC,MAMAEARTH,638.4,8.001,0,0,0,False,False,https://stod.jeevee.com/whetstone-products/jeevee_erp/2025-12-11/f9/f998932f7c18acdd2b022ded1149bedceac3c7b7
112500,MAMAEARTH ALOE REFRESH HYDRATING BODY LOTION - 400 ML,JEEV-HB-B3F4B6,MAMAEARTH,750.4,7.999,0,0,0,False,False,https://stod.jeevee.com/whetstone-products/jeevee_erp/2025-12-22/a3/a37319e45a671cc15ed4c54ab7374604234875f5
41236,DR. SHETH’S GULAB & GLYCOLIC ACID FACE WASH - 100GM,JEEV-HB-894D30,DR. SHETH'S,478.85,8,3.6,5,1,False,False,https://stod.jeevee.com/whetstone-products/jeevee_erp/2024-05-26/12/127b8cc8d6a375c96e5c577130e225c7b13a5c3a
84008,UV DOUX FACE CLEANSER 125 ML,JEEV-HB-48D766,BRINTON,638.4,5,0,0,0,False,False,https://stod.jeevee.com/whetstone-products/jeevee_erp/2025-04-04/0a/0aad32b4da75f884c66f5c7b82567f80063b3379
87645,ORGANIC HARVEST LUXURIOUS BATHING BAR - MINT -125G (BOGO),JEEV-HB-176191,ORGANIC HARVEST,440,50,5,3,0,False,False,https://stod.jeevee.com/whetstone-products/jeevee_erp/2025-12-11/1a/1a748f3458dc30a80a04b495168283c25d9df7eb
96832,SINOZ PERFECT FACE CLEANSING OIL 400ML,JEEV-HB-2E0871,SINOZ,2550,5,5,1,0,False,False,https://stod.jeevee.com/whetstone-products/jeevee_erp/2025-08-22/6a/6a07808e36b1aed922fd57712fdfeec9085da2f9
2678,LA SHIELD SPF 40 SUNSCREEN GEL 50GM,JEEV-HB-0FED10,GLENMARK-DERMA,1360,6,4.5,4,2,False,False,https://stod.jeevee.com/whetstone-products/jeevee_erp/2022-05-08/07/07b469f5b4e81889019c1ac5f59d014e209d176e
34452,SINOZ PORE MINIMIZING SERUM 30ML,JEEV-HB-EC0591,SINOZ,1825,5,5,1,0,False,False,https://stod.jeevee.com/whetstone-products/jeevee_erp/2023-09-10/bb/bba214e6a16fb1b9ca6dfdb356669418ae511491
105527,DOT & KEY STRAWBERRY DEW TINTED SUNSCREEN SPF 50+ PA++++ - 07 CARAMEL- 50ML,JEEV-HB-A46937,DOT & KEY,878.4,10.001,5,1,1,False,False,https://stod.jeevee.com/whetstone-products/jeevee_erp/2025-10-16/ba/ba5308bbcf9021bb5092e0c1600467380db5a30c
4233,FLOCOTE-HA MOISTURIZER 100GM,JEEV-HB-1560C7,ANDOSA,1380.8,7,5,4,1,False,False,https://stod.jeevee.com/whetstone-products/jeevee_erp/2022-06-28/a3/a30455bd180747257891e34677acb9c765473a9c
1701,"MAMAEARTH ULTRA LIGHT INDIAN SUNSCREEN SPF50 PA+++, 80ML",JEEV-HB-F328CE,MAMAEARTH,799,8.001,4.1,30,11,False,False,https://stod.jeevee.com/whetstone-products/jeevee_erp/2020-11-08/8b/8b6a29e04d6abacccd9cc4d0a2e4a3fc147ccf7b
7616,"SUNPLAY SKIN AQUA CLEAR WHITE, 25GM",JEEV-HB-28BB1E,SUNPLAY,620,,4.2,8,2,False,False,https://stod.jeevee.com/whetstone-products/jeevee_erp/2026-02-11/0f/0fa750177fce2d9933d26f173ce4d1e8c472541b
41971,SEBOLLIC SALICYLIC ACID SERUM - 20 ML,JEEV-HB-400981,ETHICARE,960,6.001,5,1,0,False,False,https://stod.jeevee.com/whetstone-products/jeevee_erp/2024-06-17/78/78f8f461d9ee72a8d27034914d0d4deb9572edf6
87148,ENCHANTEUR SATIN SMTH.CHARMING BODY LOTION - 200ML,JEEV-HB-559455,ENCHANTEUR,350,,0,0,0,False,False,https://stod.jeevee.com/whetstone-products/jeevee_erp/2025-05-22/4f/4f3b49aaec081a74bea9b06154a951a2c18d42f9
132883,LORD'S PEDICLEAN FOOT CREAM-50 GM,JEEV-HB-07C1AD,LORD'S,256,10.002,0,0,0,False,False,https://stod.jeevee.com/whetstone-products/jeevee_erp/2026-04-23/3b/3b51aa3dc7dfb5fcde36c55974e2dc474d0546b0
8910,AVANI PEPPERMINT LIP BALM,JEEV-HB-16A717,AVANI,295,0,4.7,3,1,False,False,https://stod.jeevee.com/whetstone-products/jeevee_erp/2021-02-17/e3/e3689b017c5c84f95497957f81276080bd9ea722
13860,ACNES BLEMISH CONTROL TONER- 90ML,JEEV-HB-65D559,ACNES,375,,4.4,13,2,False,False,https://stod.jeevee.com/whetstone-products/jeevee_erp/2024-09-26/02/02910c9fc0dc038fe1b500f2ca89741b2f5d687b
17022,PLUM BULGARIAN ROSE & 2% HYALURONIC ACID SERUM,JEEV-HB-74A649-30 M,PLUM,958.4,10,4.7,12,7,False,True,https://stod.jeevee.com/whetstone-products/jeevee_erp/2021-11-11/2b/2b46e44d94789e035a9bdca6796cf76af7305edb
39607,DERMA ESSENTIA SUNSCREEN GEL (SPF 50) - 50 GM,JEEV-HB-A0F1FA,DERMA ESSENTIA,770,5,5,2,2,False,False,https://stod.jeevee.com/whetstone-products/jeevee_erp/2025-02-16/ad/ad2b09c02ed50147f17f24c76b65e8fdfdd1ae3c
86755,KORMESIC KOJIC ACID AND COLLAGEN UNDERARM WHITENING CREAM - 50ML,JEEV-HB-A24840,KORMESIC,650,0,0,0,0,False,False,https://stod.jeevee.com/whetstone-products/jeevee_erp/2025-05-20/f9/f965a219a3e38129733d10ab278970b59abaca7a
118505,VASELINE BRIGHT GLUTA-HYA SERUM  PRO-AGE RESTORE 200ML,JEEV-HB-DDE718,VASELINE,1000,,0,0,0,False,False,https://stod.jeevee.com/whetstone-products/jeevee_erp/2026-01-20/17/1764b79d7e70c898d57b2a92083990a1d6a5e3c5
134663,PARACHUTE 100% ORGANIC EXTRA VIRGIN COCONUT OIL WITH ROSE OIL-200ML,JEEV-HB-B20DCA,PARACHUTE,600,9.999,0,0,0,False,False,https://stod.jeevee.com/whetstone-products/jeevee_erp/2026-04-17/22/22b64776ad0d1f6ce9bd354de970027473b9c25c
38796,CHEMIST AT PLAY GENTLE & HYDRATING FACE WASH - 100ML,JEEV-HB-29C077,CHEMIST AT PLAY,478.4,6.999,5,7,4,False,False,https://stod.jeevee.com/whetstone-products/jeevee_erp/2024-02-11/e9/e969a7204327f903fcba5a8a53854d3ce20d4957
42361,UBIYA DERMA SKIN ESSENCE TONER,JEEV-HB-3E7FB0,UBIYA DERMA,799,50.062,0,0,0,False,False,https://stod.jeevee.com/whetstone-products/jeevee_erp/2024-06-21/5a/5ad8a77e571b66c37de887df1aebb3221ff1161b
128257,HYPHEN 44% RICE WATER BRIGHTENING FACE SERUM PADS - 50 PCS,JEEV-HB-9204EF,HYPHEN,1039,5,0,0,0,False,False,https://stod.jeevee.com/whetstone-products/jeevee_erp/2026-03-16/da/daa2580a64d773052397032a682e20b44f06cb37
134664,PARACHUTE 100% ORGANIC EXTRA VIRGIN COCONUT OIL WITH VITAMIN E-200ML,JEEV-HB-492F48,PARACHUTE,600,9.999,0,0,0,False,False,https://stod.jeevee.com/whetstone-products/jeevee_erp/2026-04-17/83/833374d2757bdcf099baf6b0c4a135a5119648e7
103175,PLUM SQUALANE & VITAMIN E DEWY-BRIGHT SUNSCREEN SPF 50 PA+++,JEEV-HB-0F28DA,PLUM,798.4,10.001,0,0,0,False,False,https://stod.jeevee.com/whetstone-products/jeevee_erp/2025-10-07/39/39fcf24943fbc45e3c95efc992307db7986238af
148978,"DR. PEPTI CENTELLA TURNOVER SOFT PEELING GEL, 30ML",JEEV-HB-804A8B,DR. PEPTI,350,14.283,0,0,0,False,False,https://stod.jeevee.com/whetstone-products/jeevee_erp/2026-06-23/69/69b25db6058f5dc55caf231ca39aa0a5c4c822d6
42920,PILGRIM 24K GOLD FACIAL KIT FOR GOLDEN GLOW,JEEV-HB-7E5C37,PILGRIM,952,8,5,1,0,False,False,https://stod.jeevee.com/whetstone-products/jeevee_erp/2024-07-03/a1/a150476680217e2faa86d17407407ac7bbe987c3
107366,JUICY CHEMISTRY 10% NIACINAMIDE + 2% ECTOIN FACE SERUM 10ML,JEEV-HB-27EB85,JUICY CHEMISTRY,650,,0,0,0,False,False,https://stod.jeevee.com/whetstone-products/jeevee_erp/2025-11-01/61/61fe73f44954c6573f50d45ad1ed39481af4b4ad
38833,FOXTALE RETINOL NIGHT SERUM - 30ML,JEEV-HB-4693CB,FOXTALE,958.4,5,2,2,1,False,False,https://stod.jeevee.com/whetstone-products/jeevee_erp/2024-02-16/b3/b3f5dc68cc2deab7713ad17f72eb68d4502e4192
31362,AVANI ROSEMARY PURE ESSENTIAL OIL 30ML,JEEV-HB-D67AC7,AVANI,850,,3,3,2,False,False,https://stod.jeevee.com/whetstone-products/jeevee_erp/2023-05-09/24/24d579f114cf5ee71e4ab03817830fcb4d319132
109851,CHEMIST AT PLAY PEACH  LIP JELLY SPF 50 PA++++ GLOSSY LIP BALM-10GM,JEEV-HB-A64A12,CHEMIST AT PLAY,558.4,7,0,0,0,False,False,https://stod.jeevee.com/whetstone-products/jeevee_erp/2025-11-25/e5/e5bbd782ac75b1f94e2b61a801308c5aee44a35a
4523,HIMALAYA UNDER EYE CREAM- 15 ML,JEEV-HB-0F0A48,HIMALAYA,360,5,3.9,11,5,False,False,https://stod.jeevee.com/whetstone-products/jeevee_erp/2020-08-17/39/39359981c6f7878939a37d1e52a3cc16c82e87e4
24474,JINA ALCHEMY THA ANOINTMENT FACIAL OIL 50ML,JEEV-HB-8DBB2D,JINA  ALCHEMY,1000,10,4.6,14,8,False,False,https://stod.jeevee.com/whetstone-products/jeevee_erp/2023-03-05/ae/ae87b32e25d476f080945520bfdad6d861171ec9
109437,HYDRAMIDE OILY SKIN CLEANSER-125ML,JEEV-HB-462B0A,HYDRAMIDE,760,12,0,0,0,False,False,https://stod.jeevee.com/whetstone-products/jeevee_erp/2025-11-17/5e/5e5ed4503295e630ae9af3adcfdee9f2177c716b
38471,HUMEDA SKIN LIGHTENING MOISTURISER 50GM,JEEV-HB-F858B1,HUMEDA,1575,5,4,1,1,False,False,https://stod.jeevee.com/whetstone-products/jeevee_erp/2023-12-21/11/115c7897c4233736505ba17eaa33b11a8497a991
7584,SPAWAKE AYURVEDA REJUVENATING DAY CREAM- 50 GM,JEEV-HB-3C7C41,SPAWAKE,1598.4,,5,1,1,False,True,https://stod.jeevee.com/whetstone-products/jeevee_erp/2020-12-15/54/545d012c97caa01706f17eb2a3b3e560baad6fe8
18847,MAMAEARTH HYDRAGEL INDIAN SUNSCREEN WITH ALOE VERA AND RASPBERRY FOR SUN PROTECTION - 50 G,JEEV-HB-D050C4,MAMAEARTH,639,8,4.1,8,5,False,False,https://stod.jeevee.com/whetstone-products/jeevee_erp/2025-12-11/87/87a45404aa0cc5430f0f549ce93b787b59999b20
23125,"NIVEA MEN PURE IMPACT SHOWER GEL, 250ML",JEEV-HB-0DA2C0,NIVEA,425,3.002,5,1,0,False,False,https://stod.jeevee.com/whetstone-products/jeevee_erp/2022-05-18/fe/fe4e11c18081c0226a09cb149f76b3b8c2743c1b
41488,MAMAEARTH UBTAN FACE WASH WITH TURMERIC & SAFFRON 100ML,JEEV-HB-8C6407,MAMAEARTH,638.4,8.001,4.5,2,1,False,False,https://stod.jeevee.com/whetstone-products/jeevee_erp/2025-06-16/a6/a603017734c407b407a9b79c4cbacc60a1265e91
78357,MAMAEARTH COCOA MOISTURE THERAPY LIP BALM 15 G,JEEV-HB-170EE4,MAMAEARTH,478.4,8,5,2,0,False,False,https://stod.jeevee.com/whetstone-products/jeevee_erp/2025-01-26/c7/c77b9579698e36f230f9b591a9a3e03a0661566f
98927,MEDICOS SUPER UV WATERPROOF SUN BLOCK SPF 50+ PA++++ (90ML),JEEV-HB-AC7619,MEDICOS,1295,,0,0,0,False,False,https://stod.jeevee.com/whetstone-products/jeevee_erp/2026-04-13/2b/2b1f37f894a169b869f3c9e549705a89ea3fa20c
132899,LORD'S CERAMIDE & HYLURONIC MOISTURISER-100ML,JEEV-HB-1A4BCD,LORD'S,600,9.999,0,0,0,False,False,https://stod.jeevee.com/whetstone-products/jeevee_erp/2026-04-23/77/77d09a5a1bb2ad35b3a6272d50b9e78b6adf2536
127828,EVEN CARE CLEANSING PADS TUMERIC & KOJIC ACID - 50 PCS,JEEV-HB-A9A1C5,EVEN CARE,2500,16,5,1,0,False,False,https://stod.jeevee.com/whetstone-products/jeevee_erp/2026-03-12/65/6518929126cce29039222f28cebbf5de919ec339
132725,HYDRAMIDE FOOT CREAM 75GM,JEEV-HB-893BF9,HYDRAMIDE,350,19.998,0,0,0,False,False,https://stod.jeevee.com/whetstone-products/jeevee_erp/2026-04-08/54/542533a7f374ba052fb0000ddcf9f0d0c0a495c1
25512,FURR 2% SALICYLIC ACID & GREEN TEA ANTI ACNE FACE WASH - 100ML,JEEV-HB-3FB222,PEESAFE,399,5.001,4.5,12,6,False,False,https://stod.jeevee.com/whetstone-products/jeevee_erp/2022-08-29/56/56cd7685137aaf72b409d61f8295087d4a5d3a3b
104189,THE PUREST SOLUTIONS EXFOLIATING SALICYLIC ACID CLEANSER- 50ML,JEEV-HB-AD9078,THE PUREST SOLUTIONS,800,4.999,0,0,0,False,False,https://stod.jeevee.com/whetstone-products/jeevee_erp/2025-10-10/a0/a0055ccbc97a9acc6a0cf33e1e3bb2a78f8de808
128995,BANJARA'S MULTANI MATI SANDAL FACE PACK100GM-JA,JEEV-HB-BA618F,BANJARA'S,225,,0,0,0,False,False,https://stod.jeevee.com/whetstone-products/jeevee_erp/2026-03-25/73/7382a8d282eb9f1c25718212ad3c91b53ab3223e
27241,AQUALOGICA GLOW+ SMOOTHIE FACE WASH 100G,JEEV-HB-92D7DF,AQUALOGICA,479,6.999,4.6,8,4,False,False,https://stod.jeevee.com/whetstone-products/jeevee_erp/2025-12-18/3e/3e4bc295096afe3c94c56b7689b24739a06aee96
128266,HYPHEN GOLDEN HOUR GLOW SUNSCREEN – SPF50 PA++++ (40G),JEEV-HB-F9DD65,HYPHEN,879,5.001,0,0,0,False,False,https://stod.jeevee.com/whetstone-products/jeevee_erp/2026-03-16/01/014266533fc73e25e08fefe54333ed2013f71326
89281,MAMAEARTH CHIA OIL-FREE FACE WASH 100 ML,JEEV-HB-2E6206,MAMAEARTH,430.4,8,0,0,0,False,False,https://stod.jeevee.com/whetstone-products/jeevee_erp/2025-07-01/b1/b112c03818c6668431b5b94917ffbe2b92626c69
29102,"HUMEDA 2% SALICYLIC ACID SERUM, 30ML",JEEV-HB-CE5A62,HUMEDA,915,4.999,5,3,1,False,False,https://stod.jeevee.com/whetstone-products/jeevee_erp/2023-03-09/54/548381fb16285d31ebfdeb6d3ea7902a5eda4d0e
87164,ENCHANTEUR PERFUMED ENTICING SHOWER GEL - 250ML,JEEV-HB-FC5F35,ENCHANTEUR,410,,1,1,1,False,False,https://stod.jeevee.com/whetstone-products/jeevee_erp/2025-05-22/dd/dd8a430d909462778eb6aa459f30d8dad34c6740
109839,CHEMIST AT PLAY 10% NIACINAMIDE CLARIFYING FACE SERUM-30ML,JEEV-HB-E0EA50,CHEMIST AT PLAY,1118.4,7,2,1,0,False,False,https://stod.jeevee.com/whetstone-products/jeevee_erp/2025-11-25/bd/bd4875149d911a415e6269722d6ad2883993f07e
119409,CHEMIST AT PLAY HYALURONIC ACID FACE SERUM 30ML,JEEV-HB-0B8CA8,CHEMIST AT PLAY,959,6.999,0,0,0,False,False,https://stod.jeevee.com/whetstone-products/jeevee_erp/2026-01-26/7c/7c888976c860b331d99d1ead07c3ac232d9d80fe
128978,BANJARA'S ROSE WATER-250ML,JEEV-HB-235666,BANJARA'S,150,,0,0,0,False,False,https://stod.jeevee.com/whetstone-products/jeevee_erp/2026-03-25/0b/0b7c9cd069c9cf7adb8a6fffd535f1cfb33f10c9
30067,ACNE GUARD FACE WASH GEL 50G,JEEV-HB-64C841,PIL,237.6,7.001,0,0,0,False,False,https://stod.jeevee.com/whetstone-products/jeevee_erp/2023-04-13/49/49cde8c8afd1567f6754d0c3a7b27bd5613252ec
34456,SINOZ VITAMIN C SERUM 10% 30 ML,JEEV-HB-031105,SINOZ,2100,5,4,2,1,False,False,https://stod.jeevee.com/whetstone-products/jeevee_erp/2023-09-10/12/12f4234a7f63dbe8c5e698739c25715d0d656b8b
38755,THE DERMA CO 1% CERAMIDE COMPLEX LIP BALM- 4 GM,JEEV-HB-D5CF6E,THE DERMA CO,526.4,8.001,4.6,5,3,False,False,https://stod.jeevee.com/whetstone-products/jeevee_erp/2024-02-05/c6/c6f40bfd26468246a37bc51722e431ed911b81e8
82780,Z-BLOCK ZINC OXIDE SUNSCREEN GEL WITH SPF 50+ (50 ML),JEEV-HB-2DFC92,ETHICARE,1360,6.985,0,0,0,False,False,https://stod.jeevee.com/whetstone-products/jeevee_erp/2025-03-28/4a/4a17a7ee78d996597ad9c30786f4d6bcb08db8a0
106603,THE DERMA CO THE 2% VIT C GEL DAILY FACE WASH 80ML,JEEV-HB-6A9296,THE DERMA CO,398,7.998,4,1,0,False,False,https://stod.jeevee.com/whetstone-products/jeevee_erp/2025-10-29/89/8992d16055c8b434acadb9715856e3d5b8035d19
106982,THE DERMA CO . C-CINAMIDE SUNSCREEN AQUA GEL SPF 50 PA++++ - 80 GM,JEEV-HB-531396,THE DERMA CO,1278.4,8,0,0,0,False,False,https://stod.jeevee.com/whetstone-products/jeevee_erp/2025-10-31/8f/8f07edea3ab87fd74fc5b92736a0f76ae2a63bc6
128256,HYPHEN 2% CICA EXOSOMES OIL-FREE MOISTURIZER (50ML),JEEV-HB-7E05AA,HYPHEN,680,5,0,0,0,False,False,https://stod.jeevee.com/whetstone-products/jeevee_erp/2026-03-16/6c/6ca02e13541aaa4be22feb0f9bd5a30eec40d073
7618,ACNES C10 VITAMIN C SERUM - 15ML,JEEV-HB-9D5B4E,ACNES,1775,,4.1,9,4,False,False,https://stod.jeevee.com/whetstone-products/jeevee_erp/2021-01-07/95/95d3ed201c2b2d7ab34edaf9b9e37442f092b869
39613,DERMA ESSENTIA CLEANSING LOTION - 125 GM,JEEV-HB-CED864,DERMA ESSENTIA,520,5,0,0,0,False,False,https://stod.jeevee.com/whetstone-products/jeevee_erp/2025-06-17/67/67df3b20dc59cd536cce1c2da8e9c9e94f1e2273
66120,PILGRIM GLOW ILLUMINATING MOISTURIZER- 30ML,JEEV-HB-C5BAF9,PILGRIM,712,8,5,2,0,False,False,https://stod.jeevee.com/whetstone-products/jeevee_erp/2024-10-22/6f/6f86ccebf1d09ac5585bbe484c312d1311bfb02f
67141,HADA LABO PERFECT WHITE TRANEXAMIC ACID SERUM - 30ML,JEEV-HB-6972CD,HADA LABO,1990,20,0,0,0,False,False,https://stod.jeevee.com/whetstone-products/jeevee_erp/2024-10-28/14/14d6ccf3db63d4d9a7ed625050c56c5813518a7f
128988,BANJARA'S MULTANI WITH PAPAYA 100GMS POWDER,JEEV-HB-3333AE,BANJARA'S,100,,0,0,0,False,False,https://stod.jeevee.com/whetstone-products/jeevee_erp/2026-03-25/bc/bcd0be162116458a69bbee5a8da63a83362e6446
5976,MAMAEARTH VITAMIN C FACE WASH WITH VITAMIN C & TUMERIC - 100 ML,JEEV-HB-030481,MAMAEARTH,430,7.999,4.7,30,12,False,False,https://stod.jeevee.com/whetstone-products/jeevee_erp/2020-11-06/04/04db31c88a9e5e32a990bcdc4192d5fdfd2d8940
7067,"HADA LABO ADVANCED NOURISH LOTION - OILY SKIN, 100 ML",JEEV-HB-F2A51A,HADA LABO,750,20.001,3.6,11,5,False,False,https://stod.jeevee.com/whetstone-products/jeevee_erp/2026-05-08/18/18fa3fe5f4e19bc319c5defcf91c07195e0af5be
17000,MAMAEARTH AQUA GLOW FACE WASH-100ML,JEEV-HB-B67269,MAMAEARTH,639,8,4.7,27,10,False,False,https://stod.jeevee.com/whetstone-products/jeevee_erp/2021-11-10/94/945123985c9cdb178be42a6ca0f91bb2d09b47e9
21782,MAMAEARTH VITAMIN C OIL FREE MOISTURISER 80GM,JEEV-HB-045559,MAMAEARTH,511,7.998,4.6,32,11,False,False,https://stod.jeevee.com/whetstone-products/jeevee_erp/2022-03-07/ec/ecd8e9a943d91a124dc255f6ecb7c55625eea597
84876,ACZEE 10% AZELAIC ACID SERUM - 30ML,JEEV-HB-34C5EB,ETHICARE,2126,5,0,0,0,False,False,https://stod.jeevee.com/whetstone-products/jeevee_erp/2025-04-18/fb/fbe90f2a61354524639a52fe43c8af0e80670671
109441,HYDRAMIDE 50+ SPF SUNSCREEN GEL WITH HA 1% -75GM,JEEV-HB-5B1A6A,HYDRAMIDE,1200,12.001,5,1,0,False,False,https://stod.jeevee.com/whetstone-products/jeevee_erp/2025-11-17/89/89fa2f3b0cfca0e42d4c6c9ef25fe9448f2230e8
128645,ECOSOAPS ROASTED COFFEE BODY SCRUB-200GM,JEEV-HB-1871F6,ECOSOAPS,600,,0,0,0,False,False,https://stod.jeevee.com/whetstone-products/jeevee_erp/2026-03-20/87/8711becee294b4d8716a7dba4c4b9e06429bc7a6
132913,LORD'S RETINOL ANTI-AGEING NIGHT CREAM-100GM,JEEV-HB-DF3994,LORD'S,1840,10,0,0,0,False,False,https://stod.jeevee.com/whetstone-products/jeevee_erp/2026-04-23/32/32d2350f9fb3af6d569af340e22c0f079a3da37a
94078,"MARY&MAY  SENSITIVE SOOTHING GEL CREAM, 100GM",JEEV-HB-5B0B41,MARY&MAY,1800,11.111,5,1,1,False,False,https://stod.jeevee.com/whetstone-products/jeevee_erp/2025-11-01/d0/d0773c22baf72ff90f7cc8c25517325e34820ad1
112805,FARMASI DR C TUNA AQUA GEL CLEANSER 100 ML,JEEV-HB-B6B847,FARMASI,625,,0,0,0,False,False,https://stod.jeevee.com/whetstone-products/jeevee_erp/2025-12-24/6b/6ba22eec17a0ffd5ecb66826c495366812ed8e87
110414,HYDRAMIDE VITAMIN C SERUM-30ML,JEEV-HB-A94218,HYDRAMIDE,2400,12,0,0,0,False,False,https://stod.jeevee.com/whetstone-products/jeevee_erp/2025-12-02/b7/b7c37ddd61ca65c65d1aa9d70b6acc9d8395ef21
132871,LORD'S CHERRY SPLASH LIP BALM-8GM,JEEV-HB-4B5A56,LORD'S,208,10.002,0,0,0,False,False,https://stod.jeevee.com/whetstone-products/jeevee_erp/2026-04-23/5b/5ba545f758a676a02332eeb48629398c21428865
39007,SIMPLE SOOTHING FACIAL TONER (FOR SENSITIVE SKIN) 200ML,JEEV-HB-312108,SIMPLE,900,15,0,0,0,False,False,https://stod.jeevee.com/whetstone-products/jeevee_erp/2024-03-07/af/af39ceb7ae5b5a98c6cefe893680a81c804cdd12
87198,ENCHANTEUR MAGIC SOAP - 90GM,JEEV-HB-077DF4,ENCHANTEUR,120,5,0,0,0,False,False,https://stod.jeevee.com/whetstone-products/jeevee_erp/2025-05-23/b1/b1d9c15d18f0286c677c6474ee47827eeea466bf
21166,MELAO STRETCH MARK CREAM,JEEV-HB-529BF7,MELAO,1550,0,0,0,0,False,False,https://stod.jeevee.com/whetstone-products/jeevee_erp/2022-02-12/dc/dc1e709788180b016019df71fffcba044ae85fe0
104179,THE PUREST SOLUTIONS SOOTHING & SMOOTHING CICA SERUM-30ML,JEEV-HB-8174A1,THE PUREST SOLUTIONS,3350,5,0,0,0,False,False,https://stod.jeevee.com/whetstone-products/jeevee_erp/2025-10-10/1e/1e5af8d93f91f27c861bd141573a79099eb8aafa
127982,UBIYA DERMA ALPHA GLOW+ DAY CREAM SPF 30+ (50GM),JEEV-HB-637E31,UBIYA DERMA,1760,,0,0,0,False,False,https://stod.jeevee.com/whetstone-products/jeevee_erp/2026-03-13/cc/ccfc47b042e752e7b95a51866c54ad152b74fc71
3090,RAYPROTEK SUNSCREEN LOTION SPF 50 100ML,JEEV-HB-D58725,SURBHITAM,1120,7,3.2,4,2,False,False,https://stod.jeevee.com/whetstone-products/jeevee_erp/2020-07-06/1a/1a65ed4f40775a91308aaddf5e74fac1dfad6458
78355,MAMAEARTH BEETROOT MOIST THERAPY LIP BALM 15 G,JEEV-HB-D4797A,MAMAEARTH,478.4,8,0,0,0,False,False,https://stod.jeevee.com/whetstone-products/jeevee_erp/2025-01-26/ec/eca5b9fca99b8fb23b751497673050b04c36c59e
112664,LISAP HAND CREAM 100 ML,JEEV-HB-130827,LISAP ,690,,0,0,0,False,False,https://stod.jeevee.com/whetstone-products/jeevee_erp/2025-12-23/e6/e64a63405f709d6c85c126b628f57a48a0777431
127827,EVEN CARE CLEANSING PADS ROSE PETAL & SALICYLIC ACID - 50 PCS,JEEV-HB-EEB0BE,EVEN CARE,2500,16.68,0,0,0,False,False,https://stod.jeevee.com/whetstone-products/jeevee_erp/2026-03-12/03/03a954d178a608e27b9e3111c078b5c7367556d9
113356,AVANI SUPER BERRY MASK-50G,JEEV-HB-9602DF,AVANI,975,,0,0,0,False,False,https://stod.jeevee.com/whetstone-products/jeevee_erp/2025-12-28/b0/b0558415a3511b2ff2687a66ab59067873f56db9
128268,HYPHEN MANGO LIP BALM SPF 50 PA++++ | 2% KOJIC ACID - 10 G,JEEV-HB-F75A9B,HYPHEN,639,5.001,0,0,0,False,False,https://stod.jeevee.com/whetstone-products/jeevee_erp/2026-03-16/8b/8bb9bccf88cca19756c91dca41f1ad0c1eb160a1
31464,O.TWO.O MOIST COLOR CHANGING LIP BALM,JEEV-HB-CAF869-MLT,O.TWO.O,1200,5,3,1,1,False,True,https://stod.jeevee.com/whetstone-products/jeevee_erp/2023-05-10/10/10850d74a6bb5ba33d402b85b647cb365834091e
10473,"BEARDO LIP BALM BUBBLEGUM, 7G",JEEV-HB-ACFDC2,BEARDO,399,5.001,3.7,3,1,False,False,https://stod.jeevee.com/whetstone-products/jeevee_erp/2021-04-09/a9/a9fe86765d8ca3e879dda151b89d8e170b69337f
128997,BANJARA'S PEARL FACIAL KIT 15G*4(BLISTER PACK),JEEV-HB-73BC00,BANJARA'S,500,,0,0,0,False,False,https://stod.jeevee.com/whetstone-products/jeevee_erp/2026-03-25/e1/e1ba3ef9ab5829c0c73cc1fd460e83c00e3f8072
75602,HIMALAYA COCOA BUTTER INTENSIVE SERUM BODY LOTION,JEEV-HB-8BB066- 200,HIMALAYA,360,5,0,0,0,False,True,https://stod.jeevee.com/whetstone-products/jeevee_erp/2026-04-09/9b/9b6e592e742b96fab1153e5e6999e25da3d7efcf
107352,"JUICY CHEMISTRY ORGANIC ILLUMUNATING SAFFRON, ARGAN FACIAL OIL - 10ML",JEEV-HB-4B3A4B,JUICY CHEMISTRY,1350,,0,0,0,False,False,https://stod.jeevee.com/whetstone-products/jeevee_erp/2025-11-01/54/54048ed4f3964768f9945d7b1bb664f09c1da879
81053,BHALO FACEPACK NATURAL FACE MASK FOR GLOWING SKIN – 85G,JEEV-HB-E1FB15,BHALO,575,5,5,2,0,False,False,https://stod.jeevee.com/whetstone-products/jeevee_erp/2025-02-25/3c/3cc5885d85167cf7aeed8226e58361e7fa1a1e81
78958,UV BLOCK - 50 SUNSCREEN CREAM MATTE 100ML,JEEV-HB-1D2F33,UV,845,,0,0,0,False,False,https://stod.jeevee.com/whetstone-products/jeevee_erp/2025-01-31/8c/8cec98932eada5903b8852cb5344751089508698
134348,FOXTALE GLAZED LIPS BRIGHTENING LIP BALM-,JEEV-HB-2F205B,FOXTALE,440,,0,0,0,False,True,https://stod.jeevee.com/whetstone-products/jeevee_erp/2026-04-16/93/9392c033d2e2b1c12021ca2e52195818f67cc676
10378,NUGA LIP BALM – HOT CHOCOLATE,JEEV-HB-C41B0D,NUGA ,200,5,4.6,17,9,False,False,https://stod.jeevee.com/whetstone-products/jeevee_erp/2026-05-08/ba/baa80aba3d96171b3eeec2c9731a8d355438fa9b
10440,"BEARDO ACTIVATED CHARCOAL FACE WASH, 100ML",JEEV-HB-75AF82,BEARDO,440,5,4.6,9,1,False,False,https://stod.jeevee.com/whetstone-products/jeevee_erp/2023-07-19/cc/cc5de6b11542bf3b38b418435f833447ebe2d479
3093,FIXDERMA FCL AHA LIGHTENING GEL HQ 30ML,JEEV-HB-281BB5,FIXDERMA,2640,8,4.6,5,2,False,False,https://stod.jeevee.com/whetstone-products/jeevee_erp/2021-07-21/77/77756dd04cbc5e17570497570866fea55464f1be
39610,DERMA ESSENTIA NIASEB SERUM - 30 ML,JEEV-HB-90C00D,DERMA ESSENTIA,1150,5,5,1,1,False,False,https://stod.jeevee.com/whetstone-products/jeevee_erp/2025-02-16/0f/0ffdca2ca26dd0e5c3f039179b1609a67b16a135
101752,LAKME PEACH MILK VIT E MOISTURE-RISER-200ML,JEEV-HB-6D393F,LAKME,798.4,5,0,0,0,False,False,https://stod.jeevee.com/whetstone-products/jeevee_erp/2026-06-18/f6/f6ccbb185ef2f75c635f5b7b36657bbf2cbf3d70
87851,NIVEA BODY EXPRESS HYDRATION LOTION 380ML,JEEV-HB-35AC48,NIVEA,625,3.001,4,1,0,False,False,https://stod.jeevee.com/whetstone-products/jeevee_erp/2025-06-11/86/86e2414a2457db2f0bb09fe688ccad6fda1f9594
7549,SPAWAKE INSTANT GLOW SPA SHEET MASK- 18 ML,JEEV-HB-D603BF,SPAWAKE,206.4,,4.3,3,1,False,True,https://stod.jeevee.com/whetstone-products/jeevee_erp/2020-12-15/a5/a55152cd56927714d8829480ec890e4103711acd
27009,"SPAWAKE HYDRO GLOW FACE WASH, 100GM",JEEV-HB-5BF7FF,SPAWAKE,366.4,,3,1,0,False,True,https://stod.jeevee.com/whetstone-products/jeevee_erp/2022-11-14/50/5075e91917405818737723a805cbcc2d1aaccdb6
41968,FYTOCERA CREAM - 50GM,JEEV-HB-689A17,ETHICARE,1120,6,5,1,0,False,False,https://stod.jeevee.com/whetstone-products/jeevee_erp/2024-06-17/2b/2bf0456016e13ebe85865016293775645e1d2f78
75845,SPAWAKE MOISTURISING COLD CREAM- 75 GM,JEEV-HB-3D5F4A,SPAWAKE,462.4,,0,0,0,False,False,https://stod.jeevee.com/whetstone-products/jeevee_erp/2025-01-03/ca/caef086cf1bc17b0a992adffeca9ecf9474c9552
135062,PHD 10% VITAMIN C BRIGHTENING SERUM -30ML,JEEV-HB-3705BF,PROVEN HONEST DERMA,1118.4,4.999,0,0,0,False,False,https://stod.jeevee.com/whetstone-products/jeevee_erp/2026-06-01/b6/b640ece23925ecc6cff7d5c447ddc858c291ccc9
34116,RALYCOS NIACOS NIACINAMIDE FACE SERUM 30ML,JEEV-HB-C867A7,RALYCOS,2480,6,1,1,1,False,False,https://stod.jeevee.com/whetstone-products/jeevee_erp/2023-08-23/dc/dc7ea24a56391218adc01989d115f9b0aca573b0
40446,PILGRIM 24K GOLD FACIAL MASK - 50G,JEEV-HB-62CC71,PILGRIM,952,8,3,1,1,False,False,https://stod.jeevee.com/whetstone-products/jeevee_erp/2024-05-17/04/044f4e446963e951f15bead5ff312062be5a72b3
128996,BANJARA'S GOLD FACIAL KIT 15G*4(BLISTER PACK),JEEV-HB-408CDF,BANJARA'S,500,,0,0,0,False,False,https://stod.jeevee.com/whetstone-products/jeevee_erp/2026-03-25/ca/caf1a330bb9219ed054218f4d85d1855e7fd7a80
87647,ORGANIC HARVEST GENTLE CLEANSING SOAP : GARDENIA - 125GM (BOGO),JEEV-HB-7A6E7F,ORGANIC HARVEST,440,50,3.8,5,2,False,False,https://stod.jeevee.com/whetstone-products/jeevee_erp/2025-06-02/7f/7f1abb45be692563696fd0ed38bda3bd04e852c8
109849,CHEMIST AT PLAY VANILLA LIP JELLY SPF 50 PA++++ GLOSSY LIP BALM-10GM,JEEV-HB-12D075,CHEMIST AT PLAY,558.4,7,0,0,0,False,False,https://stod.jeevee.com/whetstone-products/jeevee_erp/2025-11-25/bd/bdc283c337d8ac6e0183f655928796102f951fcc
5970,MAMAEARTH COCO FACE WASH WITH COFFEE & COCOA - 100 ML,JEEV-HB-46A770,MAMAEARTH,430.4,8,4.7,11,3,False,False,https://stod.jeevee.com/whetstone-products/jeevee_erp/2020-11-06/77/7768e36b3bb09f027180d0f595984fb7f9684bb0
11873,"MAMAEARTH VITAMIN C FOAMING FACE WASH, 150ML",JEEV-HB-D37285,MAMAEARTH,639,8,4.5,26,5,False,False,https://stod.jeevee.com/whetstone-products/jeevee_erp/2021-06-10/64/64679754a54c4cebf865d43f100b8c9cd9030a74
25348,THE PUREST SOLUTIONS CAFFEINE 5% + VITAMIN C EYE SERUM 30ML,JEEV-HB-9E4711,THE PUREST SOLUTIONS,2750,5,0,0,0,False,False,https://stod.jeevee.com/whetstone-products/jeevee_erp/2022-08-17/c7/c75ddb6c6ce91740d20caa331d6b625fba34675b
78356,MAMAEARTH CHERRY MOISTURE THERAPY LIP BALM 15 G,JEEV-HB-21B17E,MAMAEARTH,478.4,8,5,1,1,False,False,https://stod.jeevee.com/whetstone-products/jeevee_erp/2025-01-26/8e/8e4d30f82882cfe2ca055229c13e6eb03ff32d25
78358,MAMAEARTH COCOA RICH MOISTURIZING CREAM 200 G,JEEV-HB-03A2C9,MAMAEARTH,638.4,8.001,5,1,0,False,False,https://stod.jeevee.com/whetstone-products/jeevee_erp/2025-01-26/b6/b6931c84d74d2f7f7aefd01ba81a1d46e793d71a
104184,"THE PUREST SOLUTIONS HYDRATING GENTLE FACIAL CLEANSER- 50ML
",JEEV-HB-DD4DF9,THE PUREST SOLUTIONS,900,5,0,0,0,False,False,https://stod.jeevee.com/whetstone-products/jeevee_erp/2025-10-10/4b/4b188b951ab59e28ad79ffbf64311851a3a6671c
120151,MAMAEARTH MULTANI MITTI OIL CONTROL COMBO,JEEV-HB-CF03E2,MAMAEARTH,1201.2,8,0,0,0,False,False,https://stod.jeevee.com/whetstone-products/jeevee_erp/2026-01-29/0d/0d68666287c37c3d1588569bc212cf082838a798
126202,DERMEDIC HYDRAIN 3 HIALURO MICELLAR WATER H20 200ML,JEEV-HB-39EDA8,DERMEDIC,1680,20,5,1,1,False,False,https://stod.jeevee.com/whetstone-products/jeevee_erp/2026-02-27/a0/a08fe990441ea7f1911ef3c8df58b72026df4ff0
132923,LORD'S CENTELLA AGE DEFYING NIGHT CREAM-100ML,JEEV-HB-F29D29,LORD'S,1600,10,0,0,0,False,False,https://stod.jeevee.com/whetstone-products/jeevee_erp/2026-04-23/db/db2965faa8e15a99223db74a5d1ced2802204a5c
10441,"BEARDO DE-TAN FACE WASH, 100ML",JEEV-HB-3FC076,BEARDO,440,5,4.5,2,1,False,False,https://stod.jeevee.com/whetstone-products/jeevee_erp/2023-07-19/0b/0b684f450ee7b7f62c6208e4d7fff8120d268b01
42365,UBIYA DERMA UV DEFENCE SUNSCREEN CREAM- 80GM,JEEV-HB-161BA7,UBIYA DERMA,1359,5,5,1,1,False,False,https://stod.jeevee.com/whetstone-products/jeevee_erp/2024-06-21/4a/4afd4299245aea4fe3d3110f94a16f8099bd7cd2
110500,PLUM CALENDULA &1% VITAMIN C ULTRA-LIGHT-GLOW GEL CREAM -50 ML,JEEV-HB-3A2498,PLUM,878,10,0,0,0,False,False,https://stod.jeevee.com/whetstone-products/jeevee_erp/2025-12-08/15/150fb9ed5e95cad6ab0a34998a608cc48a1df31a
126659,JUST HERBS RADIANT GLOW FACE SERUM-30ML,JEEV-HB-45A028,JUST HERBS,1080,,0,0,0,False,False,https://stod.jeevee.com/whetstone-products/jeevee_erp/2026-03-09/ee/ee4d5c709c13f4a85c8afed9801a5cdf43ea808c
126661,JUST HERBS RADIANT GLOW NIGHT CREAM-50ML,JEEV-HB-4759B0,JUST HERBS,1080,,0,0,0,False,False,https://stod.jeevee.com/whetstone-products/jeevee_erp/2026-03-10/f9/f90654b37d940eb213f357019de324b1149144a6
128990,BANJARA'S 15MT FACE PACK GOLD 50G,JEEV-HB-878AC6,BANJARA'S,180,,0,0,0,False,False,https://stod.jeevee.com/whetstone-products/jeevee_erp/2026-03-25/e4/e406966c85191389ccb7ef1d7dfb21dd7beb33c2
33749,SPAWAKE PORE TREATMENT TONER 140ML,JEEV-HB-2BD561,SPAWAKE,478.4,,3,1,1,False,True,https://stod.jeevee.com/whetstone-products/jeevee_erp/2023-08-03/4c/4c0941537046c97d1e7c891b2889702b8e6838b2
69979,PILGRIM SPANISH SQUALANE & NIACINAMIDE GLOW BODY LOTION - 400ML,JEEV-HB-2CCD4C,PILGRIM,872,7.999,4.3,3,0,False,False,https://stod.jeevee.com/whetstone-products/jeevee_erp/2024-11-25/f9/f9526287032d1a6ac64e6a5f3c97c563b85f75aa
129158,PLUM BODYLOVIN' MARSHMALLOW MELT BODY BUTTER- 180G,JEEV-HB-1A5F8B,PLUM,880,10.001,0,0,0,False,False,https://stod.jeevee.com/whetstone-products/jeevee_erp/2026-03-26/96/96c4e97e3733766383b26f53e0a89e2199785478
138749,PHD NIACINAMIDE DRY TOUCH MATTE SUNSCREEN (40 ML),JEEV-HB-D6A7F6,PROVEN HONEST DERMA,792,4.999,0,0,0,False,False,https://stod.jeevee.com/whetstone-products/jeevee_erp/2026-04-29/e3/e37772e3ed18c656c339781dbb2209e300365f91
2451,NIVEA EXTRA WHITE FIRMING LOTION 125ML,JEEV-HB-9DF6EB,NIVEA,250,3.001,5,3,2,False,False,https://stod.jeevee.com/whetstone-products/product/2020-06-02/2451/512/2020_06_025ed66b7352065_1591110515.jpg
38676,CHEMIST AT PLAY HYDRATING BODY LOTION- 200 ML,JEEV-HB-0F58A1,CHEMIST AT PLAY,478.4,6.999,4.5,4,2,False,False,https://stod.jeevee.com/whetstone-products/jeevee_erp/2024-01-21/9c/9c3a2dce62936978c4b1101af1663bd4fde77d83
42755,SUNSCOOP ULTRA MATTE DRY TOUCH SUNSCREEN SPF 50 PA+++- 45 GM,JEEV-HB-1BAFD1,SUNSCOOP,1118,10.644,3,1,0,False,False,https://stod.jeevee.com/whetstone-products/jeevee_erp/2024-06-30/d4/d42d123b0971bc2df0b4f8ec803f95d48d0929da
112806,FARMASI DR C TUNA AQUA EYE CREAM 20 ML,JEEV-HB-9D4F5B,FARMASI,525,,0,0,0,False,False,https://stod.jeevee.com/whetstone-products/jeevee_erp/2025-12-24/70/70de25cb91760ed0151e782a25c58c02f1e9e7d0
129155,PLUM BODYLOVIN' VANILLA CARAMELLO BODY BUTTER- 180G,JEEV-HB-CB0874,PLUM,880,10.001,0,0,0,False,False,https://stod.jeevee.com/whetstone-products/jeevee_erp/2026-03-26/0f/0f88c5b77c1d45fdc9d78ac59cc92d735444e741
10611,"THE DERMA CO 2% KOJIC ACID CREAM, 30GM",JEEV-HB-0CD9F0,THE DERMA CO,799,8.001,4.3,18,8,False,False,https://stod.jeevee.com/whetstone-products/jeevee_erp/2021-04-19/85/85719a5ae78d2234183cb502d41c9018a798765e
40308,PILGRIM RED VINE FACE WASH- 100 ML,JEEV-HB-58E5F1,PILGRIM,560,8.001,0,0,0,False,False,https://stod.jeevee.com/whetstone-products/jeevee_erp/2026-04-26/10/100751010d681212bde77d0a14dbd234e77e30e2
69755,LIPICE SHEER COLOR LIP BALM- 2.G (NATURALLY ARDENT),JEEV-HB-60AFE1,LIPICE,450,20.001,5,1,0,False,False,https://stod.jeevee.com/whetstone-products/jeevee_erp/2024-11-21/4e/4ee3b26f5ac494cb10ccf5ed5eb25d5c2955c870
94083,"MEDICUBE TXA NIACINAMIDE 15 SERUM, 30ml",JEEV-HB-6D761D,MEDICUBE,2600,5.769,3.7,3,3,False,False,https://stod.jeevee.com/whetstone-products/jeevee_erp/2025-10-31/7d/7d27f0eacd0c1b13dfac9926f59dbd3d0826a7d8
96845,SINOZ HYDRAPRO INTENSE REPAIR MOISTURIZING LOTION -400ML,JEEV-HB-D7F879,SINOZ,2650,5,0,0,0,False,False,https://stod.jeevee.com/whetstone-products/jeevee_erp/2025-08-22/29/2911cca2165bdf4411285198f1332870b7e34c94
38982,COXIR VITAMIN C BRIGHT EYE CREAM- 30ML,JEEV-HB-A2DDCD,COXIR,2490,5,0,0,0,False,False,https://stod.jeevee.com/whetstone-products/jeevee_erp/2024-03-04/f9/f9c070a3f9723771d02bee4eac8422d8a1b16d52
66650,DOT & KEY VITAMIN C + E SUPER BRIGHT BODY LOTION- 250 ML,JEEV-HB-57747F,DOT & KEY,632,10,4,1,1,False,False,https://stod.jeevee.com/whetstone-products/jeevee_erp/2025-01-21/12/12af2d9534a065225053267b21d69d3908881ead
83015,DERMA ESSENTIA NIASEB MOISTURIZER - 50GM,JEEV-HB-941267,DERMA ESSENTIA,770,5,0,0,0,False,False,https://stod.jeevee.com/whetstone-products/jeevee_erp/2025-03-31/1d/1da88e3ab8754bce093820ea485500424711b57e
114898,LANEIGE LIP SLEEPING MASK EX BERRY 20GM,JEEV-HB-3BEF6C,LANEIGE,2590,3.668,0,0,0,False,False,https://stod.jeevee.com/whetstone-products/jeevee_erp/2026-01-02/a4/a4e5e8d3f78013bfee763d48045e5b449e15ef18
116969,BEAUTY OF JOSEON MASSAGE CREAM-200G,JEEV-HB-C51425,BEAUTY OF JOSEON,1700,13.529,0,0,0,False,False,https://stod.jeevee.com/whetstone-products/jeevee_erp/2026-01-14/30/30231820079411cd1b84a9614308f3440fbd15b6
118502,SECRET KEY HYALURON AQUA SOFT TONER  500ML,JEEV-HB-AA7AA2,SECRET KEY,2500,50,0,0,0,False,False,https://stod.jeevee.com/whetstone-products/jeevee_erp/2026-01-20/72/72bd482bfe1e544ff87b3707de5b461255c33be0
128274,HYPHEN VITAMIN INFUSED TINTED LIP BALM 10G - MARSHMELLOW,JEEV-HB-B76EA2,HYPHEN,639,5.001,0,0,0,False,False,https://stod.jeevee.com/whetstone-products/jeevee_erp/2026-03-16/ae/aef0dfb9ca5d8e55b7003c1e1fda4d3116170489
142582,GARNIER VITAMIN C CREAM-45ML,JEEV-HB-B1AB64,GARNIER,478,,0,0,0,False,False,https://stod.jeevee.com/whetstone-products/jeevee_erp/2026-05-20/9a/9ad7506fb1c3647f217487b9bbe7ff3c3ed137f2
2901,MAMAEARTH VITAMIN C FACE TONER - 200ML,JEEV-HB-A327D2,MAMAEARTH,638.4,8.001,0,0,0,False,False,https://stod.jeevee.com/whetstone-products/jeevee_erp/2020-06-10/04/04a25958cbf8c8ed50456e5f241e4bdb5660de7d
32075,"COSRX ADVANCED SNAIL RADIANCE DUAL ESSENCE, 80ML",JEEV-HB-7A28FE,COSRX,4200,,4.7,7,3,False,False,https://stod.jeevee.com/whetstone-products/jeevee_erp/2023-06-13/9d/9d953d154d3acc55a910f7742f88c45f1a11e7be
40434,PILGRIM RETINOL & HYALURONIC ACID LIFT & FIRM SERUM- 30ML,JEEV-HB-BBC433,PILGRIM,1040,7.999,1,1,1,False,False,https://stod.jeevee.com/whetstone-products/jeevee_erp/2026-03-18/9a/9a197ff3d55ccc93fd73bc0e6b9b5f21ecdd5df6
82419,RE'EQUIL PORE REFINING 5% NIACINAMIDE SERUM 25ML,JEEV-HB-78BF02,RE'EQUIL,712,12.219,0,0,0,False,False,https://stod.jeevee.com/whetstone-products/jeevee_erp/2025-03-23/4f/4f4a2da6936e2ff483731cc7d2b3021dad10b2b6
87181,ENCHANTEUR ALLURING PERFUMED SHOWER GEL - 550ML,JEEV-HB-BD8465,ENCHANTEUR,750,11.333,0,0,0,False,False,https://stod.jeevee.com/whetstone-products/jeevee_erp/2025-05-23/d0/d01a43e8a3b49ccf2e301d6bd1bb16e754acd14c
112803,FARMASI DR C TUNA SUN 50 SPF BODY LOTION 150 ML 2023,JEEV-HB-9EA15E,FARMASI,1375,,0,0,0,False,False,https://stod.jeevee.com/whetstone-products/jeevee_erp/2025-12-24/0f/0f02d723eaf98eb669fcef066e86d50b36cd6ee4
114156,PHOTORID SUNSCREEN CREAM 100G,JEEV-HB-B8E085,PHOTORID,1040,,5,1,1,False,False,https://stod.jeevee.com/whetstone-products/jeevee_erp/2025-12-29/64/64da8cfb1a300e4662e99c4741a07c814321b5f3
129165,DOT & KEY 2% SALICYLIC CICA SERUM- 30ML,JEEV-HB-F9C505,DOT & KEY,880,10.001,0,0,0,False,False,https://stod.jeevee.com/whetstone-products/jeevee_erp/2026-03-25/8d/8dee7df11978de625f0bbc6a7a9afabeaea4323d
142586,GARNIER  SALICYLIC CREAM-45ML,JEEV-HB-DBA71F,GARNIER,478,,0,0,0,False,False,https://stod.jeevee.com/whetstone-products/jeevee_erp/2026-05-20/b9/b9b8363d34256b59fe06d35e675ddcc1e54fd497
109842,CHEMIST AT PLAY ACNE CONTROL FACE SERUM-10ML,JEEV-HB-1799F1,CHEMIST AT PLAY,478.4,6.999,0,0,0,False,False,https://stod.jeevee.com/whetstone-products/jeevee_erp/2025-11-25/60/600ea29584d6821cdedc6e2a41b080cc3419016f
42682,KORMESIC EYE SLEEPING MASK,JEEV-HB-92BB7B-WHT,KORMESIC,1200,0,0,0,0,False,True,https://stod.jeevee.com/whetstone-products/jeevee_erp/2024-06-27/a8/a82e598010bbbe267e7dc6f324c04b59f3720300
78354,MAMAEARTH BEETROOT HYDRAFUL MOISTURIZING CREAM200,JEEV-HB-DBD4F2,MAMAEARTH,638.4,8.001,0,0,0,False,False,https://stod.jeevee.com/whetstone-products/jeevee_erp/2025-01-26/cb/cbd749b8c271bc807568e37021adf2136be1c1c7
78176,FOXTALE AQUA PLUNGE HYDRATING BODY WASH 250 ML,JEEV-HB-D4EF38,FOXTALE,558,5,0,0,0,False,False,https://stod.jeevee.com/whetstone-products/jeevee_erp/2025-01-23/c5/c515eff891334b3ee203213d056378556c1be80f
39041,JMSOLUTION MARINE LUMINOUS PEARL DEEP MOISTURE MASK- 10 SHEETS,JEEV-HB-7970C8,JMSOLUTION,2998,5,5,1,0,False,False,https://stod.jeevee.com/whetstone-products/jeevee_erp/2024-03-14/79/79a8165a2980417ca2e38ff778f3dd5a7cee6321
39056,JMSOLUTION WATER LUINOUS S.O.S RINGER INTENSIVE MASK- 10 SHEETS,JEEV-HB-3AFAD5,JMSOLUTION,2998,,0,0,0,False,False,https://stod.jeevee.com/whetstone-products/jeevee_erp/2024-03-15/19/19cbb396d215bfa8314bc87eecacc8c307a27d8b
132905,LORD'S ADVANCED SNAIL MUCIN 96 SERUM-25 ML,JEEV-HB-D343DB,LORD'S,1280,10,0,0,0,False,False,https://stod.jeevee.com/whetstone-products/jeevee_erp/2026-04-23/94/9480b30667f39c997bcff59a7a1227e189389e04
132900,LORD'S BODY MILK BODY LOTION-400ML,JEEV-HB-EC249C,LORD'S,720,10,0,0,0,False,False,https://stod.jeevee.com/whetstone-products/jeevee_erp/2026-04-23/e0/e0f9036fc1b37751e8eaa667ae7e8a3a213185e2
132892,LORD'S COFFEE DE TAN SUN SCREEN SPF 50-50ML,JEEV-HB-C53764,LORD'S,680,10,0,0,0,False,False,https://stod.jeevee.com/whetstone-products/jeevee_erp/2026-04-23/8b/8bcb2a5d1b00a74259de96a767640d1dc7858065
8914,AVANI PEPPERMINT OIL- 30 ML,JEEV-HB-128781,AVANI,1150,,0,0,0,False,False,https://stod.jeevee.com/whetstone-products/jeevee_erp/2021-02-17/0b/0b9aef74fc22ff72e25cedec7c5a5bf638d75ef6
114267,AVANI SAFFIX CREAM-50G,JEEV-HB-AFDD7D,AVANI,1195,,0,0,0,False,False,https://stod.jeevee.com/whetstone-products/jeevee_erp/2025-12-29/dc/dc0873279a43491c416a9dd716fb00625ad961fe
115910,AVANI VANI CARE MOISTURIZING LOTION- 200G,JEEV-HB-4B490C,AVANI,720,,0,0,0,False,False,https://stod.jeevee.com/whetstone-products/jeevee_erp/2026-01-06/d2/d219cd207aeacdbab2927fdd06b1cbe1228d7add
129004,BANJARA'S MULTANI MATI FACEWASH 50ML,JEEV-HB-6595A9,BANJARA'S,190,,0,0,0,False,False,https://stod.jeevee.com/whetstone-products/jeevee_erp/2026-03-25/93/93e024340b2a4920007f89160df7961dcfcfe6d9
81057,BHALO NATURAL FACE CLEANSER ANTI-AGING & SKIN BRIGHTENING - 100ML,JEEV-HB-A6DF37,BHALO,475,4.998,0,0,0,False,False,https://stod.jeevee.com/whetstone-products/jeevee_erp/2025-02-25/d2/d26a2f50422f80670e4b273945ff7f9ed29e7352
87154,ENCHANTEUR PERFUMED SATIN WHITE LOTION – ALLURING (400ML),JEEV-HB-9AFADE,ENCHANTEUR,640,,0,0,0,False,False,https://stod.jeevee.com/whetstone-products/jeevee_erp/2025-05-22/b5/b5a47e4bd8887b3d4070cd61f9262dbf815d229e
87182,ENCHANTEUR PERFUMED SHOWER GEL CHARMING - 550ML,JEEV-HB-44D266,ENCHANTEUR,700,,0,0,0,False,False,https://stod.jeevee.com/whetstone-products/jeevee_erp/2025-05-23/a4/a46bbdbf3983e99cf108161a47e765dd17bd9039
131919,ME CHARCOAL PURIFYING FACE PACK 200 G,JEEV-HB-4AFA98,MAMAEARTH,798,7.999,0,0,0,False,False,https://stod.jeevee.com/whetstone-products/jeevee_erp/2026-04-07/71/71b09127362dd58a6b66a67410b876bd61ed49ed
11866,"MOIST GLOW ACNE MOISTURIZER, 50GM",JEEV-HB-57A4F2,NIDACNE,880,7,5,1,1,False,False,https://stod.jeevee.com/whetstone-products/jeevee_erp/2025-05-09/91/91f884b54c52792a3fb0b2bf8dbe007c60333e05
114885,NABALUXE OIL FREE MOISTURIZER WITH SWQALANE & HYALURONIC - 80 GM,JEEV-HB-65ECB3,NABALUXE,690,10,0,0,0,False,False,https://stod.jeevee.com/whetstone-products/jeevee_erp/2026-03-24/93/939535df96d5ac0a4688feb455af1798fc274fe9
114150,TIXGLO FACE WASH 75ML,JEEV-HB-CF700E,AESTHETIX COSMECEUTICALS,720,,0,0,0,False,False,https://stod.jeevee.com/whetstone-products/jeevee_erp/2025-12-29/d2/d2eef8a456e43b48b6ec9e74b3a117278d0317da
129163,DOT & KEY 10% GLYCOLIC WATERMELON SERUM- 30ML,JEEV-HB-A2C442,DOT & KEY,958,10,0,0,0,False,False,https://stod.jeevee.com/whetstone-products/jeevee_erp/2026-03-25/d4/d4e6e206a338992c536ea09199e464b1cce7b40d
45844,ZUWA COSMETICS SOPHIA PURE HYDRATION HYALURONIC GEL 30 ML,JEEV-HB-88B6FF,ZUWA COSMETICS,450,14.999,5,2,1,False,False,https://stod.jeevee.com/whetstone-products/jeevee_erp/2024-08-23/5d/5d62b921bbe5ce76b59f6aebb5c97a8b464735cc
132886,LORD'S CLEANO ANTI ACNE FACE WASH-100 ML,JEEV-HB-985D9B,LORD'S,480,10,0,0,0,False,False,https://stod.jeevee.com/whetstone-products/jeevee_erp/2026-04-23/d3/d39a76075884cef6f49b3ea2c00cab96a11e6bd1
126963,ECOSATHI VEGAN LIP BALM-9GM,JEEV-HB-4F3512,ECOSATHI,450,,0,0,0,False,False,https://stod.jeevee.com/whetstone-products/jeevee_erp/2026-03-10/09/094aa18c78af36245009b56f7c673da0127bb977
134365,FOXTALE MEDITERRANEAN MOOD EXFOLIATING BODY WASH 250M,JEEV-HB-8419B4,FOXTALE,638.4,,0,0,0,False,False,https://stod.jeevee.com/whetstone-products/jeevee_erp/2026-04-16/fe/fed165a123197b982fe277b48f13a6780f198dba
21298,BEARDO ULTRAGLOW FACE CREAM (SPF-30)-60G,JEEV-HB-104DAC,BEARDO,520,5,3.7,3,0,False,False,https://stod.jeevee.com/whetstone-products/jeevee_erp/2023-12-26/2a/2a172a35615234434009e78ef4f8370c2be6e24a
107350,JUICY CHEMISTRY ORGANIC ANCE CONTROL HEMP TEA TREE & NEEM - 110 ML,JEEV-HB-06B33C,JUICY CHEMISTRY,1450,,0,0,0,False,False,https://stod.jeevee.com/whetstone-products/jeevee_erp/2025-11-01/11/115e56ed65d4ac1a2324b9c8dc6642cb2836eccd
107351,"JUICY CHEMISTRY PHYTO-RETINOL ADVANCED SERUM MOISTURISER, 50G",JEEV-HB-D0EA13,JUICY CHEMISTRY,1850,,0,0,0,False,False,https://stod.jeevee.com/whetstone-products/jeevee_erp/2025-11-01/f2/f2de04ed0d9c30fa9b94b027b2a2caf21815a521
107360,JUICY CHEMISTRY 5% LACTIC ACID + 3% FLOWER ACIDS FACE SERUM 30ML,JEEV-HB-E64D57,JUICY CHEMISTRY,1450,,0,0,0,False,False,https://stod.jeevee.com/whetstone-products/jeevee_erp/2025-11-01/24/248efe2d85631879ac6cdfc045abfa83ea387f6e
128947,SKIN ORIGINS NIACINAMIDE BODY LOTION- 300 ML,JEEV-HB-D0BC88,SKIN ORIGINS,880,5,0,0,0,False,False,https://stod.jeevee.com/whetstone-products/jeevee_erp/2026-03-25/9c/9cd01d752b1711c1345ce37afde08e0008e2ffb8
112182,"HELIO SHIELD SUNSCREEN SPF 50+ PA++++, 50ML",JEEV-HB-BC306F,HELIO SHIELD,1800,5.055,0,0,0,False,False,https://stod.jeevee.com/whetstone-products/jeevee_erp/2025-12-19/fb/fbaccba9db75401eca69d76e446177a8ad4adc98
2513,NIVEA EXTRA WHITE REPAIR FOAM 100GM,JEEV-HB-55ECA8,NIVEA,425,3.002,0,0,0,False,False,https://stod.jeevee.com/whetstone-products/jeevee_erp/2020-11-02/0f/0fb7fe27202e7bf06046f54d7f44bd4f90b9b2a6
132912,LORD'S ADVANCED SNAIL PEPTIDE UNDER EYE CREAM-30ML,JEEV-HB-6C4D9E,LORD'S,1520,10,0,0,0,False,False,https://stod.jeevee.com/whetstone-products/jeevee_erp/2026-04-23/a5/a508b36ad8730b4593bc0409239f8db66d2937b7
134389,BY NAKED FACT INTENSE TRIPPLE PROTCETION 3 IN 1 LIPBALM- 10 GM,JEEV-HB-EDB1D0,By NAKED FACT,398.4,10.001,0,0,0,False,False,https://stod.jeevee.com/whetstone-products/jeevee_erp/2026-04-16/72/725e17c7635542d9f6177e2135c179cbb12abe2e
132878,LORD'S VITAMIN C BODY WASH-275ML,JEEV-HB-AF85E8,LORD'S,638.4,10.001,0,0,0,False,False,https://stod.jeevee.com/whetstone-products/jeevee_erp/2026-06-23/16/16cc3a0e373387c877d7cd6a662416f9011654b4
111945,COSMETEX ROLAND B AMPLE LIPLOSOMAL-Α BEAUTY SERUM LOTION C (185ML),JEEV-HB-5D03F7,COSMETEX ROLAND,2800,5,0,0,0,False,False,https://stod.jeevee.com/whetstone-products/jeevee_erp/2025-12-17/92/929f24cf8096bda61d779e183924c9aeace39f0a
138779,PILGRIM 15% VITAMIN C FACE SERUM 20ML,JEEV-HB-61BF32,PILGRIM,872,7.999,0,0,0,False,False,https://stod.jeevee.com/whetstone-products/jeevee_erp/2026-04-29/e0/e0f26231563a8034179a1865f4191b9e6b0c4f21
3010,AHAGLOW ADVANCED FACE WASH 100GM,JEEV-HB-B1DF17,TORRENT-DERMA,904,7,4.6,5,2,False,False,https://stod.jeevee.com/whetstone-products/jeevee_erp/2020-06-23/7d/7d556e02a23690a20574a4a7c19beb472a8a9dc3
10377,NUGA LIP BALM – DOUBLE MINT,JEEV-HB-0CCF2E,NUGA ,200,5,4.7,14,7,True,False,https://stod.jeevee.com/whetstone-products/jeevee_erp/2026-05-08/88/889ab23b468d95e24a1a081b939920ece380996f
118466,ORIFLAME TENDER CARE BLACKCURRANT MULTI-PURPOSE BALM-9.6GM,JEEV-HB-7EBD29,ORIFLAME,639,20.032,0,0,0,False,False,https://stod.jeevee.com/whetstone-products/jeevee_erp/2026-02-16/ac/ac51a25a0f7ad58874c9afa9fa783a448b056a96
107361,JUICY CHEMISTRY 10% NIACINAMIDE + 2% ECTOIN FACE SERUM 30ML,JEEV-HB-38073A,JUICY CHEMISTRY,1650,,0,0,0,False,False,https://stod.jeevee.com/whetstone-products/jeevee_erp/2026-02-16/38/38b4e7fb860f95903b2840084c0bbd21865b5b48
111107,ST.IVES VITAMIN E & AVOCADO RENEWING BODY LOTION  (21 OZ- 621ML),JEEV-HB-84AF6F,ST. IVES,1200,10.834,0,0,0,False,False,https://stod.jeevee.com/whetstone-products/jeevee_erp/2025-12-11/52/527577dcb7ed0876a9dd9bdcaa16f9947dbfe711
128994,BANJARA'S MULTANI MATI FACE PACK100GM-JAR,JEEV-HB-BF1631,BANJARA'S,225,,0,0,0,False,False,https://stod.jeevee.com/whetstone-products/jeevee_erp/2026-03-25/73/7382a8d282eb9f1c25718212ad3c91b53ab3223e
114897,JUMISO WATERFULL HYALURONIC TONER 7ML,JEEV-HB-41AD54,JUMISO,200,,5,1,0,False,False,https://stod.jeevee.com/whetstone-products/jeevee_erp/2026-01-02/52/52ab9b2afade626f7040bd6835568a31424fb2bf
109443,HYDRAMIDE MULTIPEPTIDE SERUM-30ML,JEEV-HB-43167F,HYDRAMIDE,1040,12,0,0,0,False,False,https://stod.jeevee.com/whetstone-products/jeevee_erp/2025-11-17/b5/b5174e023aeaee37da402fbba47afdf39f1de18b
113410,AVANI RADIANCE BOOSTING OIL-30ML,JEEV-HB-BB16FE,AVANI,1295,,0,0,0,False,False,https://stod.jeevee.com/whetstone-products/jeevee_erp/2025-12-28/ea/eaee70970a93a171ae85a8b9a6c6566a7e27eb2c
128949,SKIN ORIGINS GLUTATHIONE 3D GLOW FACE SERUM 50ML,JEEV-HB-98EAD3,SKIN ORIGINS,2320,5,0,0,0,False,False,https://stod.jeevee.com/whetstone-products/jeevee_erp/2026-03-25/42/42e77069e939be6a174a2e87773d51d436a36440
64682,SINOZ HYPER VITALITY FACE CLEANSING GEL FOR NORMAL SKIN - 400ML,JEEV-HB-BE35BC,SINOZ,2200,5,0,0,0,False,False,https://stod.jeevee.com/whetstone-products/jeevee_erp/2024-09-30/33/336bd8af26552ce54aa4cda0571b5a62a8a64548
14395,NUGA LIP BALM-PEACH,JEEV-HB-ACF058,NUGA ,200,5,3.8,13,8,False,False,https://stod.jeevee.com/whetstone-products/jeevee_erp/2026-05-08/d7/d7aa91c61ba2f83235d668766666d4646e3b71dd
16123,NUGA CLEANSING BALM- 50ML,JEEV-HB-3F0788,NUGA ,580,4.999,4,24,13,False,False,https://stod.jeevee.com/whetstone-products/jeevee_erp/2023-09-27/2b/2bb5fa3a6c662e7972448e7aee6860e00d590ee9
86754,KORMESIC VASELINE MOISTURIZING AND BRIGHTENING BODY LOTION - 500ML,JEEV-HB-2B0A00,KORMESIC,1200,0,0,0,0,False,False,https://stod.jeevee.com/whetstone-products/jeevee_erp/2025-05-20/84/84bc35b2fdaf68f27e05fc76cbbec78b674b659a
5998,"Co-Gluta Glutathione 2% Cream, 30gm",JEEV-HB-D9BB2C,,2000,,0,0,0,False,False,https://d2731avvelbbmh.cloudfront.net/whetstone-products/jeevee_erp/2020-11-08/6b/6bd52fdeece720ae64b6a0a20fa6b343e724f415
8830,VEDANTA HERBAL'S JOINT & MUSCLE PAIN RELIEF OIL- 200ML,JEEV-HB-F14314,VEDANTA HERBAL'S,1800,5,4,2,1,False,False,https://stod.jeevee.com/whetstone-products/jeevee_erp/2021-02-11/4f/4f34da39476329121d460ec942d9ee2e65acea6d
94808,BIO-ESSENCE BIO-WATER B5 HYDRAT LOTION - 150ML,JEEV-HB-96DAD1,BIO-ESSENCE,3150,,0,0,0,True,False,https://stod.jeevee.com/whetstone-products/jeevee_erp/2025-08-17/6f/6ffcc031129aa86225a25c3bf9c068d31d10481f
94809,BIO-ESSENCE BIO-WATER B5 SUN.S SPF50+ - 40ML,JEEV-HB-0A86F6,BIO-ESSENCE,2500,,0,0,0,True,False,https://stod.jeevee.com/whetstone-products/jeevee_erp/2025-08-17/45/45f834c7954c0681154e28c54e51e2ab3f580d45
94801,BIO-ESSENCE BIO GOLD DAY CREAM SPF25 -40ml,JEEV-HB-1D94EB,BIO-ESSENCE,3500,,0,0,0,True,False,https://stod.jeevee.com/whetstone-products/jeevee_erp/2025-08-17/4c/4cc8a71608021d73d53505172ea427d9ecdd5db8
94792,BIO-ESSENCE BIO VLIFT EYE LIFTING ESSENCE ,JEEV-HB-4F431D,BIO-ESSENCE,3700,,0,0,0,True,False,https://stod.jeevee.com/whetstone-products/jeevee_erp/2025-08-17/d4/d4662c60178ce67ac845b67719f587e4487112de
94807,BIO-ESSENCE BIO-WATER B5 FOAMY CLEANSER - 100G,JEEV-HB-646CD7,BIO-ESSENCE,1200,,0,0,0,True,False,https://stod.jeevee.com/whetstone-products/jeevee_erp/2025-08-17/f6/f69c5dc1a2c552417fa3a59509230ea57e5b1515
94796,BIO-ESSENCE BIO GOLD RADIANCE CLEANSER - 100G,JEEV-HB-9AD4B0,BIO-ESSENCE,1200,,0,0,0,True,False,https://stod.jeevee.com/whetstone-products/jeevee_erp/2025-08-17/b1/b18d9bb5a0602ec0afa58aefb8b588f3c5c4df4b
129213,ICHI BEAUTY TONE UP MILK UV SPF 50+ PA +++ - 30G,JEEV-HB-846A73,ICHI BEAUTY,2195,,0,0,0,False,False,https://stod.jeevee.com/whetstone-products/jeevee_erp/2026-03-26/98/98e91591f7a52e6e7b285e9dc6f6b9d58f8e9f98
129000,BANJARA'S FACE SERUM HYDRATING 30ML,JEEV-HB-9F17E3,BANJARA'S,800,,0,0,0,False,False,https://stod.jeevee.com/whetstone-products/jeevee_erp/2026-03-25/48/4830d3962ab1c77090a293b19af5f97cbb9bb78d
128647,ECOSOAPS YAK MILK ANTHOPOGEN FELT SOAP-100GM,JEEV-HB-AE91CE,ECOSOAPS,499,,0,0,0,False,False,https://stod.jeevee.com/whetstone-products/jeevee_erp/2026-03-20/41/414bd9f658089f16748c859173a9ed8953c38df0
129001,BANJARA'S FACE SERUM ANTI-ACNE 30ML,JEEV-HB-2E1A13,BANJARA'S,800,,0,0,0,False,False,https://stod.jeevee.com/whetstone-products/jeevee_erp/2026-03-25/0c/0c05389bf4439de9df792d8bd8eede8068e7c6dd
128649,ECOSOAPS PEACH FELT SOAP-100G,JEEV-HB-F71828,ECOSOAPS,499,,0,0,0,False,False,https://stod.jeevee.com/whetstone-products/jeevee_erp/2026-03-20/ba/baba0ec8107650767cf4f15a8dce8d126ef445ca
127834,EVEN CARE ANTI ACNE & SCAR REMOVER SERUM-30ML,JEEV-HB-FB1D69,EVEN CARE,2550,,0,0,0,False,False,https://stod.jeevee.com/whetstone-products/jeevee_erp/2026-03-12/b9/b9b0bf9b50e3fc3c9b60155a103e288d14490566
127833,EVEN CARE FACE SERUM 4% TRANEXAMIC-30ML,JEEV-HB-FA0630,EVEN CARE,2550,,0,0,0,False,False,https://stod.jeevee.com/whetstone-products/jeevee_erp/2026-03-12/88/8803f1b686162fd251fcef21e36c0a65f359be2f
129002,BANJARA'S FACE SERUM GLOWING 30ML,JEEV-HB-328643,BANJARA'S,900,,0,0,0,False,False,https://stod.jeevee.com/whetstone-products/jeevee_erp/2026-03-25/36/361b90cd2a86e3774074126bc639c32bc212a1a8
128992,BANJARA'S ALOE NEEM FOAMING FACE WASH 150M,JEEV-HB-0ED8FC,BANJARA'S,350,,0,0,0,False,False,https://stod.jeevee.com/whetstone-products/jeevee_erp/2026-03-25/bb/bb158091cf5536cdddeba71d5d708aca5b8c808d
128999,BANJARA'S FACE SERUM BRIGHTENING 30ML,JEEV-HB-668FC3,BANJARA'S,800,,0,0,0,False,False,https://stod.jeevee.com/whetstone-products/jeevee_erp/2026-03-25/a5/a502c19b98413ff8bca7c4d1e2df198f77dcc865
128644,ECOSOAPS ROASTED COFFEE BODY OIL 100ML,JEEV-HB-985CEF,ECOSOAPS,600,,0,0,0,False,False,https://stod.jeevee.com/whetstone-products/jeevee_erp/2026-03-20/ed/ed74894442c8a6c6a362b459a41c74da7c2821ac
127830,EVEN CARE FACE SERUM 2% SALICYLIC ACID-30ML,JEEV-HB-B45EC1,EVEN CARE,1950,,0,0,0,False,False,https://stod.jeevee.com/whetstone-products/jeevee_erp/2026-03-12/a2/a2c486a5cb4d8dea626899a4fa9b75babf55a325
126205,DERMEDIC MELUMIN DEPEGMENTATION SERUM 30ML,JEEV-HB-4AC8DD,DERMEDIC,4470,,0,0,0,False,False,https://d2731avvelbbmh.cloudfront.net/whetstone-products/jeevee_erp/2026-02-27/a6/a6d5d247a629d4ccba5f883c8b119c325cd80f2f
126204,DERMEDIC HIALURO HYDRAIN HYDRATING SERUM 30ML,JEEV-HB-0D214E,DERMEDIC,5370,,0,0,0,False,False,https://d2731avvelbbmh.cloudfront.net/whetstone-products/jeevee_erp/2026-02-27/a9/a97c0dd1622929df2ea229e7648c124b3d2084cc
126208,DERMEDIC SUNBRELLA ULTRA LIGHT FLUID SPF DRY TO NORMAL SKIN 40ML,JEEV-HB-EC1909,DERMEDIC,2670,,0,0,0,False,False,https://d2731avvelbbmh.cloudfront.net/whetstone-products/jeevee_erp/2026-02-27/c5/c52febf250ada06dc9dae65fafd055664ae631c2
128648,ECOSOAPS VANILLA LILAC FELT SOAP-100GM,JEEV-HB-D34DCF,ECOSOAPS,499,,0,0,0,False,False,https://stod.jeevee.com/whetstone-products/jeevee_erp/2026-03-20/10/10cc6f8cd8ca562ad945c4b9fec41fd6209a7386
127831,EVEN CARE FACE SERUM 2% KOJIC ACID-30ML,JEEV-HB-F9D3E0,EVEN CARE,1850,,0,0,0,False,False,https://stod.jeevee.com/whetstone-products/jeevee_erp/2026-03-12/1d/1d7fe09767785f252dc6c7f648723c488ae6c052
126212,DERMEDIC SUNBRELLA ULTRA LIGHT FLUID SPF OILY TO COMBINATION-40ML,JEEV-HB-04130E,DERMEDIC,2670,,0,0,0,False,False,https://d2731avvelbbmh.cloudfront.net/whetstone-products/jeevee_erp/2026-02-27/d4/d46a53076fec257ea19ccb451989b137a9486611
126203,DERMEDIC NORMACNE ANTIBACTERIAL CLEANSING GEL -200ML,JEEV-HB-C4E91D,DERMEDIC,2490,,0,0,0,False,False,https://d2731avvelbbmh.cloudfront.net/whetstone-products/jeevee_erp/2026-02-27/e7/e7a8c784c01a26753132e3af174a4b4903e67a1d
128991,BANJARA'S ALOE CILANTRO FOAMING FACE WASH 150M,JEEV-HB-C26134,BANJARA'S,350,,0,0,0,False,False,https://stod.jeevee.com/whetstone-products/jeevee_erp/2026-03-25/1c/1c110d8bb5e88b9355c460861b4aab39dc4d2f0d
127832,EVEN CARE FACE SERUM 10% NIACINAMIDE-30ML,JEEV-HB-D0BAD5,EVEN CARE,2550,,0,0,0,False,False,https://stod.jeevee.com/whetstone-products/jeevee_erp/2026-03-12/ca/ca2a5aa913c599e90f79ddf352e88953efd0062c
128980,BANJARA'S ROSE WATER GEL-100ML,JEEV-HB-ADD5B5,BANJARA'S,200,,0,0,0,False,False,https://stod.jeevee.com/whetstone-products/jeevee_erp/2026-03-25/d8/d873bc973ac0aaccf909e847344518eb9631b684
129005,BANJARA'S MULTANI MATI FACEWASH 100ML,JEEV-HB-4437B4,BANJARA'S,360,,0,0,0,False,False,https://stod.jeevee.com/whetstone-products/jeevee_erp/2026-03-25/93/93e024340b2a4920007f89160df7961dcfcfe6d9
104117,BIO-ESSENCE B.WATER B5 PORE MINIMIZER 30ML,JEEV-HB-69D05E,BIO-ESSENCE,4500,5,0,0,0,True,False,https://stod.jeevee.com/whetstone-products/jeevee_erp/2025-10-09/d5/d5382f7c5d811dbbcaf2e827291a2a1fe7f3ec71
114795,BENICE SHOWER CREAM 170ML,JEEV-HB-10F32C,BENICE,410,,0,0,0,False,False,https://stod.jeevee.com/whetstone-products/jeevee_erp/2025-12-31/f5/f53f8f92801bda5296fa2fee8d1b173b7dbe24cb
113346,AVANI HYDRA CARE LOTION-100ML,JEEV-HB-151FF8,AVANI,385,,0,0,0,False,False,https://stod.jeevee.com/whetstone-products/jeevee_erp/2025-12-29/36/363827fe8ecae434940e85223d386d585d5283ac
114149,AESTHETIX COSMECEUTICALSEUSHINE ACNE FACE WASH 70G,JEEV-HB-67692F,AESTHETIX COSMECEUTICALS,640,,0,0,0,False,False,https://stod.jeevee.com/whetstone-products/jeevee_erp/2025-12-29/a9/a9dd0c703e56f78c45a61dd261ea90f2498d7290
114361,AVANI RETINEX COLLAGEN SERUM-30ML,JEEV-HB-C0D80B,AVANI,1475,,0,0,0,False,False,https://stod.jeevee.com/whetstone-products/jeevee_erp/2025-12-29/f6/f6286497b401b7f20738b9c324396caa0e76c63e
111103,ST.IVES COCONUT & ORCHID SOFTENING BODY LOTION (21 OZ- 621ML),JEEV-HB-89F5DC,ST. IVES,1200,10.834,0,0,0,False,False,https://stod.jeevee.com/whetstone-products/jeevee_erp/2025-12-11/01/012d4792f530e291e42e9e91eb620233d757123d
42659,KORMESIC LIP PROTECTION 4 PCS SET,JEEV-HB-258F9C,KORMESIC,1200,0,0,0,0,False,False,https://stod.jeevee.com/whetstone-products/jeevee_erp/2024-06-27/c1/c1ce711e35989d45373497bd69f08ca359a6afaf
38663,DR. JK VITAMIN RETINOL 97 ESSENCE - 100 ML,JEEV-HB-2CEEB7,PAX MOLY,1760,11,0,0,0,False,False,https://stod.jeevee.com/whetstone-products/jeevee_erp/2024-01-22/da/dab9042552083ae855f532172db9cd0296b6425b
39482,BIOBALANCE HELLO CLEAN NOURISHING CLEANSING BALM 100ML,JEEV-HB-5E872C,BIOBALANCE,2432,5,0,0,0,False,False,https://stod.jeevee.com/whetstone-products/jeevee_erp/2024-04-10/00/005ffa2250bc4dde9c4c1ae836525de35172d970
34297,NATURE DERMA SQUALANE CLEANSER WITH NATURAL BIOME-BOOST™ SOLUTION - 50 ML,JEEV-HB-A244CC,NATURE DERMA,719,,0,0,0,False,False,https://stod.jeevee.com/whetstone-products/jeevee_erp/2023-09-01/ec/ecf10f22b1524920cfc18e2f2b5e53ab4cde17bd
33791,SPAWAKE AYURVEDA REJUVENATING NIGHT CREAM 50GM,JEEV-HB-8B6949,SPAWAKE,1598.4,,0,0,0,False,False,https://d2731avvelbbmh.cloudfront.net/whetstone-products/jeevee_erp/2023-08-07/a1/a1ac46cca7e2ffbd69b75ff9c3e410f8d3ecfa40
23121,ELIZAVECCA MILKY PIGGY RETINOL CREAM 100ML,JEEV-HB-CF5A4C,ELIZAVECCA,3300,0,0,0,0,False,False,https://stod.jeevee.com/whetstone-products/jeevee_erp/2022-05-18/e3/e3aa56d833de4dc67a9944d1c99b475dec125b82
26364,BRILLARE AGE REVIVAL POWER DROPS 100% NATURAL FACE SERUM 15ML,JEEV-HB-5F63F1,BRILLARE,2392,5,0,0,0,False,True,https://stod.jeevee.com/whetstone-products/jeevee_erp/2022-10-12/ed/ed3ee2f3d91f894d97e947bdf958347ef014759e
86752,KORMESIC CHAMOMILE GARDEN SHOWER GEL - 200G,JEEV-HB-B6E3CE,KORMESIC,700,0,0,0,0,False,False,https://stod.jeevee.com/whetstone-products/jeevee_erp/2025-05-20/3a/3a51d024312021d78256e69808bcb1d8a7e7fa52
85650,HERVEDA BOTANICALS ORCHID-CITRUS FIRMING EYE CREAM 15 GM,JEEV-HB-D98996,HERVEDA BOTANICALS,2050,,0,0,0,False,False,https://stod.jeevee.com/whetstone-products/jeevee_erp/2025-07-04/28/2857ba2f702e7bbc479bb34f76efeeb7fa72a2f5
86762,KORMESIC STRAWBERRY FACIAL SCRUB CLEANSER GEL - 200 ML,JEEV-HB-E92BA8,KORMESIC,650,0,0,0,0,False,False,https://stod.jeevee.com/whetstone-products/jeevee_erp/2025-05-20/6d/6ddf960421359cf4a02d998d7f1f3276945152d1
132876,LORD'S ROSE WATER FACE MIST-200 ML,JEEV-HB-CE5B67,LORD'S,520,10,0,0,0,False,False,https://stod.jeevee.com/whetstone-products/jeevee_erp/2026-04-23/3d/3dfd77a64498b30543e14f2de3444186dd4e184c
132885,LORD'S CLEANO ANTI ACNE FACE WASH-50 ML,JEEV-HB-2DBCF3,LORD'S,288,10.001,0,0,0,False,False,https://stod.jeevee.com/whetstone-products/jeevee_erp/2026-04-23/f6/f6d3d58069f64ee994319eee078f3380dfe17f4d
132889,LORD'S AQUA FACE WASH-100 ML,JEEV-HB-8EE379,LORD'S,480,10,0,0,0,False,False,https://stod.jeevee.com/whetstone-products/jeevee_erp/2026-04-23/67/67d8bab1b105261b791141619ab2c50d0d96c4fc
132908,LORD'S MAGIC GLOW SUN CREAM SERUM-100ML,JEEV-HB-CC3272,LORD'S,1600,10,0,0,0,False,False,https://stod.jeevee.com/whetstone-products/jeevee_erp/2026-04-23/8a/8a2ec7157672bb4d6c4d565ca4a11b4b56bbeac0
132916,LORD'S RICE WATER BRIGHTENING ELIXIR SERUM-25ML,JEEV-HB-16AF86,LORD'S,1440,10,0,0,0,False,False,https://stod.jeevee.com/whetstone-products/jeevee_erp/2026-04-23/c3/c3a5d47223fc182e5fc33a5d11d987db9402ccdf
132921,LORD'S UNDER THE SHADOW SPF 70+ CREAM-100ML,JEEV-HB-5FB011,LORD'S,1680,10,0,0,0,False,False,https://stod.jeevee.com/whetstone-products/jeevee_erp/2026-04-23/31/317a558207d40130707c85b1789ffcb5b1399fca
132881,LORD'S COFFEE FACE WASH-100 ML,JEEV-HB-8D2389,LORD'S,480,10,0,0,0,False,False,https://stod.jeevee.com/whetstone-products/jeevee_erp/2026-04-23/87/8769c356cc369cf57ac2b3ddb33ba4e8e655457a
132891,LORD'S 24 HOUR'S SHEA MOISTURISING SOFT CREAM-100ML,JEEV-HB-8F8505,LORD'S,504,10,0,0,0,False,False,https://stod.jeevee.com/whetstone-products/jeevee_erp/2026-04-23/5b/5bbf4b13fadf255525c1eef023225ba7f94074c2
132904,LORD'S AHA2 BHA2 BLEMISH TREATMENT SERUM-25 ML,JEEV-HB-BD8D14,LORD'S,1280,10,0,0,0,False,False,https://stod.jeevee.com/whetstone-products/jeevee_erp/2026-04-23/17/17a79fc65440e346c9b26534ed810def30b7816e
132914,LORD'S RICE WATER BRIGHTING GENTLE CLEANSER-100ML,JEEV-HB-0FFE01,LORD'S,1200,10,0,0,0,False,False,https://stod.jeevee.com/whetstone-products/jeevee_erp/2026-04-23/4f/4fca14dc3afdcde2659d4166af107e23c4005a81
132919,LORD'S DREAM BRIGHT SUNSCREEN SERUM-100ML,JEEV-HB-394F57,LORD'S,1200,10,0,0,0,False,False,https://stod.jeevee.com/whetstone-products/jeevee_erp/2026-04-23/e9/e907bf612a870fc433465e77df6bc039482860b6
132922,LORD'S KOREAN D PIGMENTATION CREAM-100ML,JEEV-HB-66ABFF,LORD'S,1280,10,0,0,0,False,False,https://stod.jeevee.com/whetstone-products/jeevee_erp/2026-04-23/f0/f0f00b5f2eb9e9909e02d30254fa3c61b7547a67
132920,LORD'S DREAM BRIGHT SUNSCREEN SERUM-50ML,JEEV-HB-42E475,LORD'S,680,10,0,0,0,False,False,https://stod.jeevee.com/whetstone-products/jeevee_erp/2026-04-23/e9/e907bf612a870fc433465e77df6bc039482860b6
132902,LORD'S AHA/BHA CLARIFYING TREATMENT TONER-100 ML,JEEV-HB-29B567,LORD'S,800,9.999,0,0,0,False,False,https://stod.jeevee.com/whetstone-products/jeevee_erp/2026-04-23/19/19723fbabd62378da8b73289f5c45d9732d454a1
132890,LORD'S DEEP MOISTURISING COLD CREAM-100 ML,JEEV-HB-9902C5,LORD'S,480,10,0,0,0,False,False,https://stod.jeevee.com/whetstone-products/jeevee_erp/2026-04-23/88/8855b5a16a1b25c01c8d3c4959289604f2caf48c
132877,LORD'S VITAMIN C MOISTURISER-100 ML,JEEV-HB-C6ADDD,LORD'S,600,9.999,0,0,0,False,False,https://stod.jeevee.com/whetstone-products/jeevee_erp/2026-04-23/8f/8fc19aff266053254577dfcbfc87c61b9dd0674f
132870,LORD'S SUPERBERRY RASPBERRY LIP BALM-8GM,JEEV-HB-AB8855,LORD'S,208,10.002,0,0,0,False,False,https://stod.jeevee.com/whetstone-products/jeevee_erp/2026-04-23/cf/cfaf38f5aff8f0f49b7349a31a67a9d5bf0081d8
132907,LORD'S SNAIL MUCIN CLEANSER-100ML,JEEV-HB-315CC9,LORD'S,1200,10,0,0,0,False,False,https://stod.jeevee.com/whetstone-products/jeevee_erp/2026-04-23/e0/e09949d0701c6ea9178017fb61777f3d32835259
132901,LORD'S GLUTA BRIGHT MOISTURISER-100ML,JEEV-HB-14BD3A,LORD'S,600,9.999,0,0,0,False,False,https://stod.jeevee.com/whetstone-products/jeevee_erp/2026-04-23/b5/b53cbbc80c1ff91bba294adeeef02b1f7e198db9
132910,LORD'S RICE WATER BRIGHTNING CREAM-100GM,JEEV-HB-0AE8A8,LORD'S,1600,10,0,0,0,False,False,https://stod.jeevee.com/whetstone-products/jeevee_erp/2026-04-23/48/486b493bb84cabb30047aae652ef3614e442e30d
1697,MAMAEARTH BYE BYE BLEMISHES FACE CREAM - 30 ML,JEEV-HB-99E65F,MAMAEARTH,754,8,1.5,2,2,False,False,https://stod.jeevee.com/whetstone-products/product/2020-05-29/1697/512/2020_05_295ed11b37d05fe_1590762295.jpg
34289,NATURE DERMA 2% SALICYLIC ACID SERUM - 30 ML,JEEV-HB-1FDF63,NATURE DERMA,959,9.999,5,2,0,False,False,https://stod.jeevee.com/whetstone-products/jeevee_erp/2023-09-05/2e/2e3dd00979ce9a40ed61a037ef8298af131218b2
91006,HOMA NMN WHITE SKIN LOTION 500ML,JEEV-HB-8D1A58,HOMA,2599,10,0,0,0,False,False,https://stod.jeevee.com/whetstone-products/jeevee_erp/2025-07-16/24/2430a160b534fecb4eea2e9788e34c4865e2ee2c
128588,REGALIZ BRIGHTENING & ANTIOXIDANT COMPLEX SPF 50+ PA+++50G,JEEV-HB-6D6C8D,REGALIZ,1198,,0,0,0,False,False,https://stod.jeevee.com/whetstone-products/jeevee_erp/2026-03-19/25/257c47897f0701cbcf967054d7775e50a7185488
32002,ECOSATHI BAMBOO SOAP DISH,JEEV-HB-8F2053,ECOSATHI,550,5.001,0,0,0,False,False,https://stod.jeevee.com/whetstone-products/jeevee_erp/2023-05-31/56/56b0e654eb02dc1650336f13013be2a8e425ef69
26289,DIVA DAZZLE UP 50GM,JEEV-HB-37E3A3,DIVA,450,,0,0,0,False,False,https://stod.jeevee.com/whetstone-products/jeevee_erp/2022-09-29/d4/d4d3be7e3525c9bb3df3aea3014dc0e9f722e570
29617,ASTABERRY INDULGE KUMKUMADI NIGHT CREAM 50ML,JEEV-HB-B67A6C,ASTABERRY,958,,0,0,0,False,True,https://stod.jeevee.com/whetstone-products/jeevee_erp/2023-03-30/d1/d175dde37f55429f43226583fb8829485191a6cb
38862,TEENILICIOUS TATTOO WASH -200ML,JEEV-HB-D39626,TEENILICIOUS,952,,5,1,0,False,False,https://stod.jeevee.com/whetstone-products/jeevee_erp/2024-02-20/6c/6cb6055c4934ec7f729f8a8745900c0fb9cc1af7
38869,TEENILICIOUS HAIR & BODY WASH BURITI OIL & TEA TREE OIL-200ML,JEEV-HB-9D13FE,TEENILICIOUS,1032,,5,4,2,False,False,https://stod.jeevee.com/whetstone-products/jeevee_erp/2024-02-20/6b/6b0a3f31c18b6dd9d76867959157011fcfc3b425
75213,KOIL SKINCARE DAILY MOISTURIZING LOTION - 50GM,JEEV-HB-E7CC05,KOIL SKINCARE,795,5,0,0,0,False,False,https://stod.jeevee.com/whetstone-products/jeevee_erp/2024-12-31/7f/7fdac320116b02b31e7d8cba861fc3c7300b7383
9308,PEACHY TONICS DEEP DETOX CLAY MASK,JEEV-HB-69BFD5,PEACHY TONICS,2700,0,0,0,0,False,False,https://stod.jeevee.com/whetstone-products/jeevee_erp/2021-03-09/63/6357bbb33b16bdb552ea9004c981ab9c7ec8de84
44656,ECOSOAPS TEA TREE ORGANIC SOAP- 70 GM,JEEV-HB-36E4DD,ECOSOAPS,300,5.002,0,0,0,False,False,https://stod.jeevee.com/whetstone-products/jeevee_erp/2025-08-05/eb/eb74447c1173c0a462c7292b4913d40ba8a6596f
2693,METRO GEL 20GM,JEEV-HB-0CFAAF,,75,10,5,2,1,False,False,
7526,SPAWAKE MOISTURISING COLD CREAM- 50 GM,JEEV-HB-54071D,SPAWAKE,398.4,,0,0,0,False,True,https://stod.jeevee.com/whetstone-products/jeevee_erp/2020-12-14/c7/c7e6798984101d4850711d0b9a51cc019e77a1e4
7551,SPAWAKE AGE SOLUTION INTENSIVE FOAMING FACE WASH- 100 GM,JEEV-HB-9CDA2A,SPAWAKE,526.4,,3,1,0,False,True,https://stod.jeevee.com/whetstone-products/jeevee_erp/2020-12-15/54/54b11a1f40c60c9a0dcf769165b30ec5265cd066
7553,SPAWAKE AGE SOLUTION INTENSIVE DAY CREAM- 50 GM,JEEV-HB-83BCF9,SPAWAKE,878.4,,4,1,1,False,True,https://stod.jeevee.com/whetstone-products/jeevee_erp/2020-12-15/a1/a1346c0f08dbec8260847c2fa9e14f0ca8ddebb8
7557,SPAWAKE AGE SOLUTION INTENSIVE SERUM- 30 ML,JEEV-HB-00159A,SPAWAKE,1278.4,,0,0,0,False,True,https://stod.jeevee.com/whetstone-products/jeevee_erp/2020-12-15/be/bed5b993d0f607e9a1ea8fd609421c10459e20d4
7559,SPAWAKE PIMPLE SOLUTION REFRESHING FACE WASH- 100 GM,JEEV-HB-2B6742,SPAWAKE,318.4,,0,0,0,False,True,https://stod.jeevee.com/whetstone-products/jeevee_erp/2020-12-15/ab/abde80bd654f92aa141f6f3c155898606e9c3040
7570,SPAWAKE UV CUT SILKY MILK- 45 ML,JEEV-HB-1527EC,SPAWAKE,766.4,,0,0,0,False,True,https://stod.jeevee.com/whetstone-products/jeevee_erp/2020-12-15/55/55b2465906cf2852c1017aa231bbaa1cf9e9cb3c
7571,SPAWAKE UV PROTECT AQUA GEL- 45GM,JEEV-HB-8EF72A,SPAWAKE,590.4,,0,0,0,False,True,https://stod.jeevee.com/whetstone-products/jeevee_erp/2020-12-15/4c/4c1c294228f8302b69ae1ca55eed9538eacd12ae
7582,SPAWAKE AYURVEDA REJUVENATING FACE CLEANSER- 190 ML,JEEV-HB-A9C371,SPAWAKE,798.4,,0,0,0,False,True,https://stod.jeevee.com/whetstone-products/jeevee_erp/2020-12-15/71/712e3b7475af61448503810e7ddd200c4bb8e583
27010,SPAWAKE BRIGHTINING SOLUTION MILKY SMOOTH DAY MOISTURISER 40ML,JEEV-HB-8E0713,SPAWAKE,638.4,,0,0,0,False,True,https://stod.jeevee.com/whetstone-products/jeevee_erp/2022-11-14/2c/2c5d4d1f0f517aa62ecc9413016adc6065c1a9e4
27011,SPAWAKE BRIGHTINING SOLUTION REVITALISING NIGHT CREAM 50G,JEEV-HB-DDE558,SPAWAKE,638.4,,0,0,0,False,True,https://stod.jeevee.com/whetstone-products/jeevee_erp/2022-11-14/16/16331976729aa8ff299c809428696d316f9d6f6f
27012,SPAWAKE WHITENING TRIPLE CARE SERUM,JEEV-HB-B75066-50 m,SPAWAKE,798.4,,2,1,1,False,True,https://stod.jeevee.com/whetstone-products/jeevee_erp/2022-11-14/c0/c04d7564c375b543232b6651deeb757116434366
75847,SPAWAKE EXFILOATING &BOOSTING GEL WITH VITMIN C & B3 TONER,JEEV-HB-01FDB3,SPAWAKE,718.4,,0,0,0,False,False,https://stod.jeevee.com/whetstone-products/jeevee_erp/2025-01-03/61/612136cf76eefd0434e711e8be3287812b7fe7cf
87156,ENCHANTEUR PERFUMED SATIN WHITE LOTION – CHARMING (400ML),JEEV-HB-3B9436,ENCHANTEUR,640,,0,0,0,False,False,https://stod.jeevee.com/whetstone-products/jeevee_erp/2025-05-22/cd/cd4fe0e2068d8a6dcd6245ea2373fdcf007cd5e1
87157,ENCHANTEUR SATIN SMTH.ENTICING BODY LOTION - 400ML,JEEV-HB-097038,ENCHANTEUR,640,,0,0,0,False,False,https://stod.jeevee.com/whetstone-products/jeevee_erp/2025-05-22/c3/c3efaf6263a8cadd968669662e6cde38c3aa84ee
87159,ENCHANTEUR PERFUMED SATIN WHITE LOTION – ROMANTIC (400ML),JEEV-HB-FE357D,ENCHANTEUR,640,,0,0,0,False,False,https://stod.jeevee.com/whetstone-products/jeevee_erp/2025-05-22/c3/c3efaf6263a8cadd968669662e6cde38c3aa84ee
87185,ENCHANTEUR PERFUMED GORGEOUS SHOWER GEL - 550ML,JEEV-HB-3FEC1C,ENCHANTEUR,700,,0,0,0,False,False,https://stod.jeevee.com/whetstone-products/jeevee_erp/2025-05-23/b6/b6958001db9602109cf0ead16395cbf1d33aa0a7
87200,ENCHANTEUR ROMANTIC SOAP - 90GM,JEEV-HB-F49855,ENCHANTEUR,120,,0,0,0,False,False,https://stod.jeevee.com/whetstone-products/jeevee_erp/2025-05-23/de/dee0f019ab2911c6db46edd250ef05fdb3515dd3
127791,SPAWAKE MOISTURE FRESH BB CREAM-3 DUSKY BEIGE - 30GM,JEEV-HB-719497,SPAWAKE,542.4,,0,0,0,False,False,https://stod.jeevee.com/whetstone-products/jeevee_erp/2026-03-12/6c/6c1039ff68164f14b6d8cfc73db7082eb1c17646
127792,SPAWAKE PIMPLE SOLUTION INTENSE PURIFYING MASK 1PC,JEEV-HB-8256E1,SPAWAKE,174.4,,0,0,0,False,False,https://stod.jeevee.com/whetstone-products/jeevee_erp/2026-03-15/6e/6e8b203e91d1523f4b124f9c0430e32b6ef12aec
81059,BHALO CLEANSER & FACEPACK| SUITABLE FOR ALL SKIN TYPES,JEEV-HB-523063,BHALO,1050,5,0,0,0,False,False,https://stod.jeevee.com/whetstone-products/jeevee_erp/2025-02-25/cc/cc5c16a6bb0d8162eb7c8f91aeb2b39e4718e91a
132903,LORD'S CENTELLA WATER PORE TIGHTENING TONER-100 ML,JEEV-HB-CE51F3,LORD'S,800,9.999,0,0,0,False,False,https://stod.jeevee.com/whetstone-products/jeevee_erp/2026-04-23/7e/7e4f1cca33f24f69eaab14ecd1eec4a4cbd40e51
140868,COLEXI MOISTURISING LOTION- 100ML,JEEV-HB-DF2C4E,COLEXI,680,,0,0,0,False,False,https://stod.jeevee.com/whetstone-products/jeevee_erp/2026-05-10/40/40050cb686a1e4e90f04608f79132fcde78645af
