image_id,original_path,source,original_label,duplicate_group,image_scope,split,blemishes,dark_spots,redness,visible_pores,fine_lines
b43ad67d5ea47a52,/Users/aryanmalla/PycharmProjects/Skin-Care-AI/dataset/Conditions/Acne/acne15.png,existing_conditions,Acne,2bb100bb3746eb4ef6937184f3889dced2a453786a356ffa883856349226853e,full_face,train,0,0,0,0,0
1a25552b7bd5c9b2,/Users/aryanmalla/PycharmProjects/Skin-Care-AI/dataset_sources/extracted/acne04/acne2_1024/levle2_48.jpg,acne04_level2,acne2_1024,e90d42d24db84f7c3a261b7623347eaf606c4ed3397b52526272e59c45f9474d,full_face,train,1,0,1,1,-1
173dcd594483e91e,/Users/aryanmalla/PycharmProjects/Skin-Care-AI/dataset/Conditions/Acne/acne190.png,existing_conditions,Acne,dup_02038,full_face,train,1,0,1,0,1
8c78e80ba37ac8ef,/Users/aryanmalla/PycharmProjects/Skin-Care-AI/dataset_sources/extracted/acne04/acne1_1024/levle1_348.jpg,acne04_level1,acne1_1024,c842316518832fa5b455558f5fef99e12f09c205a00b6fcd23c78171d255c07f,full_face,train,1,0,1,0,0
05ea4c2d855ca88c,/Users/aryanmalla/PycharmProjects/Skin-Care-AI/dataset_sources/extracted/acne04/acne2_1024/levle2_182.jpg,acne04_level2,acne2_1024,12fce09ba1055b62ad650c303c77064235cc0749e55fa09721c3c4c171b9650b,full_face,train,1,0,1,0,0
32ecc7c6ba765d5e,/Users/aryanmalla/PycharmProjects/Skin-Care-AI/dataset_sources/extracted/facial_skin_concerns/dataset/inflammatory acne/acne189.png,facial_skin_concerns,inflammatory acne,dup_00812,full_face,train,1,1,1,1,0
6e1b2a472d60e532,/Users/aryanmalla/PycharmProjects/Skin-Care-AI/dataset/Conditions/Acne/acne33.png,existing_conditions,Acne,d2c6403c3f00a3b83e3270d7664c8ed275000deaa6b3226ea69b504513ee242a,full_face,train,1,1,1,1,0
049b0a6e87f42199,/Users/aryanmalla/PycharmProjects/Skin-Care-AI/dataset_sources/extracted/acne04/acne1_1024/levle1_375.jpg,acne04_level1,acne1_1024,3126404e91fbfa8babccd5be3bfb146976ac3b0b06f28f80766b1a67314c4d49,full_face,train,1,0,1,1,1
183b470eaff8c8c8,/Users/aryanmalla/PycharmProjects/Skin-Care-AI/dataset_sources/extracted/acne04/acne3_1024/levle3_112.jpg,acne04_level3,acne3_1024,6b08c832334a9f5adb328407d2fb2a64dc0467fc374c23ef4c4c8b30ed835732,full_face,train,1,0,1,1,0
47a5261123b9eb52,/Users/aryanmalla/PycharmProjects/Skin-Care-AI/dataset_sources/extracted/facial_skin_concerns/dataset/inflammatory acne/acne61.png,facial_skin_concerns,inflammatory acne,dup_02046,full_face,train,1,1,1,1,0
ce7a569133619529,/Users/aryanmalla/PycharmProjects/Skin-Care-AI/dataset_sources/extracted/acne04/acne2_1024/levle2_183.jpg,acne04_level2,acne2_1024,0d8c38c9ebd1561d0af3bf5bc6309906b3932bbfad08282497614b2c4560b868,full_face,train,1,1,1,0,0
69ceef4374e81469,/Users/aryanmalla/PycharmProjects/Skin-Care-AI/dataset_sources/extracted/acne04/acne3_1024/levle3_114.jpg,acne04_level3,acne3_1024,dd56a2024ea6c6ff079cc90010ed9a1e4a964832457a26346f1a32c522c2b6d7,full_face,train,-1,0,1,-1,0
9ad996cec60011d6,/Users/aryanmalla/PycharmProjects/Skin-Care-AI/dataset_sources/extracted/facial_skin_concerns/dataset/inflammatory acne/acne35.png,facial_skin_concerns,inflammatory acne,dup_00814,full_face,train,1,1,1,-1,0
5bcbf36a77f0506b,/Users/aryanmalla/PycharmProjects/Skin-Care-AI/dataset/Conditions/Acne/acne189.png,existing_conditions,Acne,dup_00812,full_face,train,1,1,1,-1,0
2411802ab0cbe34a,/Users/aryanmalla/PycharmProjects/Skin-Care-AI/dataset_sources/extracted/acne04/acne1_1024/levle1_404.jpg,acne04_level1,acne1_1024,1ef1e9f3f9d1e54c7b6942b964d4b34c3cf227c6524afb2fb6a58426623da43c,full_face,train,-1,-1,1,-1,-1
c71df7975418e4bc,/Users/aryanmalla/PycharmProjects/Skin-Care-AI/dataset_sources/extracted/acne04/acne3_1024/levle3_111.jpg,acne04_level3,acne3_1024,60a7f59f92bbd21de67035d5b4697af466b369bae8a8f06ce40c96ccc5102a54,full_face,train,1,1,1,0,1
fce310c0e583a144,/Users/aryanmalla/PycharmProjects/Skin-Care-AI/dataset_sources/extracted/acne04/acne1_1024/levle1_412.jpg,acne04_level1,acne1_1024,075efd8279d982d369cd0cfbd66cf262f5584c83e6237a9e7722dd8b4363f95b,full_face,train,1,1,-1,1,0
860706b82b1665ea,/Users/aryanmalla/PycharmProjects/Skin-Care-AI/dataset_sources/extracted/acne04/acne2_1024/levle2_165.jpg,acne04_level2,acne2_1024,7658729933835eb51af12f26169f63752c7345e5de48d152e75a2f018dbb5c7e,full_face,train,1,1,1,1,-1
3264be2dd276487c,/Users/aryanmalla/PycharmProjects/Skin-Care-AI/dataset_sources/extracted/facial_skin_concerns/dataset/inflammatory acne/acne24.png,facial_skin_concerns,inflammatory acne,468694104e395b7e16307da41093e22f1e09a46245d05caa97636be1dc26954e,full_face,train,1,1,1,-1,0
c7b6eba2e5b5d08f,/Users/aryanmalla/PycharmProjects/Skin-Care-AI/dataset/Conditions/Acne/acne166.png,existing_conditions,Acne,9f6bc47de0ff15b43b056c3dd550ced40d3c939ee48d4d43b13527c3ea8bbcac,full_face,train,-1,-1,-1,-1,-1
dda5da8ffb201d78,/Users/aryanmalla/PycharmProjects/Skin-Care-AI/dataset_sources/extracted/acne04/acne1_1024/levle1_599.jpg,acne04_level1,acne1_1024,56f7dac82831e01f193f4edbe1e91ac4fe31aa01bab3be7943209cf62f854957,full_face,train,1,-1,1,1,0
876d34512987516c,/Users/aryanmalla/PycharmProjects/Skin-Care-AI/dataset_sources/extracted/acne04/acne3_1024/levle3_4.jpg,acne04_level3,acne3_1024,83102965cff4987698353e23d6e270be837f9df0f3210f269a3132843432d4bf,full_face,train,1,1,1,1,0
b4d28a07a111d39c,/Users/aryanmalla/PycharmProjects/Skin-Care-AI/dataset_sources/extracted/facial_skin_concerns/dataset/inflammatory acne/levle1_15_jpg.rf.14aa63cc6a6c36d80ff77444129723d3 - Copy.jpg,facial_skin_concerns,inflammatory acne,dup_03611,full_face,train,1,-1,1,-1,0
77ec6cbac89d9ff8,/Users/aryanmalla/PycharmProjects/Skin-Care-AI/dataset/Conditions/Acne/acne60.png,existing_conditions,Acne,37e08b58bce608a4ce33f537aa65c64d5f60e0cdb887566118810b3dc16c93f1,full_face,train,1,1,1,-1,0
1261086a8efbd1b1,/Users/aryanmalla/PycharmProjects/Skin-Care-AI/dataset_sources/extracted/acne04/acne1_1024/levle1_34.jpg,acne04_level1,acne1_1024,01b33bbb33758be5aa76fc43365bd397798f604a642657de3ee07fb9cb16b039,full_face,train,1,1,1,-1,0
517544135967c3cf,/Users/aryanmalla/PycharmProjects/Skin-Care-AI/dataset_sources/extracted/acne04/acne2_1024/levle2_159.jpg,acne04_level2,acne2_1024,c12a1a8b12f17e0c43f91609fbb5c338248a48399083f788b907948866771a65,full_face,train,1,0,1,-1,0
f5757bb44aabf323,/Users/aryanmalla/PycharmProjects/Skin-Care-AI/dataset_sources/extracted/facial_skin_concerns/dataset/inflammatory acne/R (28).jpg,facial_skin_concerns,inflammatory acne,dup_03527,facial_closeup,train,1,0,1,-1,0
fded7351d33ac89c,/Users/aryanmalla/PycharmProjects/Skin-Care-AI/dataset/Conditions/Acne/acne42.png,existing_conditions,Acne,351d7fc59a354122e03b3c59a88edc9c0560aaaf4df1485e87f7a2d609f5a5c7,facial_closeup,train,1,0,1,0,0
c69ab7a8d2cc17f6,/Users/aryanmalla/PycharmProjects/Skin-Care-AI/dataset_sources/extracted/acne04/acne2_1024/levle2_20.jpg,acne04_level2,acne2_1024,0285960e792a40cdb5ca22a3dffb4ff07ec970854252dcce743a5d58ec41ced9,facial_closeup,train,1,0,1,-1,0
b8464c348e8823a2,/Users/aryanmalla/PycharmProjects/Skin-Care-AI/dataset_sources/extracted/acne04/acne3_1024/levle3_108.jpg,acne04_level3,acne3_1024,c1b51e0ca863f94a27bf211f20a480073be71923e23601f5619f3fc96f695648,facial_closeup,train,1,1,1,1,0
c61808fea8908eb6,/Users/aryanmalla/PycharmProjects/Skin-Care-AI/dataset/Conditions/Acne/acne115.png,existing_conditions,Acne,dup_02017,facial_closeup,train,1,1,1,1,0
842f7a9ba36312ea,/Users/aryanmalla/PycharmProjects/Skin-Care-AI/dataset_sources/extracted/acne04/acne2_1024/levle2_181.jpg,acne04_level2,acne2_1024,e7c93b8f05adfdcf66e029388d2a65ef1e4d1c3454944f1b4dd0bc8217830c13,facial_closeup,train,1,0,1,1,0
c618ea211333589b,/Users/aryanmalla/PycharmProjects/Skin-Care-AI/dataset_sources/extracted/facial_skin_concerns/dataset/inflammatory acne/tumblr_npa77rk2UW1r8l3gko1_400 (1).png,facial_skin_concerns,inflammatory acne,dup_01141,facial_closeup,train,1,1,1,-1,0
d3c818185ec23a1c,/Users/aryanmalla/PycharmProjects/Skin-Care-AI/dataset_sources/extracted/acne04/acne3_1024/levle3_105.jpg,acne04_level3,acne3_1024,aa0d753b97998b702d3389d702dace8b743a0eee07faafab56ba6f68c37e1650,facial_closeup,train,1,1,1,1,0
842a142a23de2b68,/Users/aryanmalla/PycharmProjects/Skin-Care-AI/dataset_sources/extracted/acne04/acne1_1024/levle1_613.jpg,acne04_level1,acne1_1024,4c01f4eacced61d915fe2c2ad76c7e2ac937eecd281feeb09f005f49e13156e5,facial_closeup,train,1,1,1,1,0
269c7de92020237a,/Users/aryanmalla/PycharmProjects/Skin-Care-AI/dataset_sources/extracted/acne04/acne3_1024/levle3_79.jpg,acne04_level3,acne3_1024,4eb294a6ecb0d7766fdca8fc4a05e0cfdc8407d34bfb0031ebd4579d20abbaa4,full_face,train,1,1,1,1,0
3b48a9e73cec9b75,/Users/aryanmalla/PycharmProjects/Skin-Care-AI/dataset_sources/extracted/facial_skin_concerns/dataset/inflammatory acne/acne-1-_jpg.rf.21c55002fef75fb75d94d1c2a7850463 - Copy.jpg,facial_skin_concerns,inflammatory acne,dup_03538,full_face,train,1,0,1,1,0
7b510324c9297234,/Users/aryanmalla/PycharmProjects/Skin-Care-AI/dataset/Conditions/Acne/acne109.png,existing_conditions,Acne,1448d5e287f47dc5b07fcfb54e2fe11d3b5af5a55a1709562c35802425b852c5,facial_closeup,train,1,0,1,1,0
7021cbcaefe1cac7,/Users/aryanmalla/PycharmProjects/Skin-Care-AI/dataset_sources/extracted/acne04/acne1_1024/levle1_25.jpg,acne04_level1,acne1_1024,710bd4623c8f8e0449c0fb32311fef7655edfa188733ff57552701c7a31cba00,facial_closeup,train,1,0,1,-1,-1
7a58e8e1d87c543f,/Users/aryanmalla/PycharmProjects/Skin-Care-AI/dataset_sources/extracted/acne04/acne2_1024/levle2_171.jpg,acne04_level2,acne2_1024,c5787de9e88e67f923676f3921ae9a9b9911816414251645c918a318061bfb54,facial_closeup,train,1,1,1,-1,-1
dd94de5edc68be2d,/Users/aryanmalla/PycharmProjects/Skin-Care-AI/dataset_sources/extracted/acne04/acne3_1024/levle3_77.jpg,acne04_level3,acne3_1024,48d81265aa2edb9fbcdf9f91aac3334e3b567bdd41d767656c106f0268a5360b,facial_closeup,train,1,0,1,-1,0
200c40292161b089,/Users/aryanmalla/PycharmProjects/Skin-Care-AI/dataset_sources/extracted/facial_skin_concerns/dataset/inflammatory acne/acne148.png,facial_skin_concerns,inflammatory acne,dup_03381,facial_closeup,train,1,0,1,-1,0
ec4a7a2de003d646,/Users/aryanmalla/PycharmProjects/Skin-Care-AI/dataset/Conditions/Acne/acne192.png,existing_conditions,Acne,713a3fc7ab135dbf62ed3e3dc5bc4ad2456de541b5f4d55440ad3da4c7f51f4a,facial_closeup,train,1,0,1,1,0
ecbf9e2cd5b13d81,/Users/aryanmalla/PycharmProjects/Skin-Care-AI/dataset_sources/extracted/acne04/acne3_1024/levle3_132.jpg,acne04_level3,acne3_1024,56ca9fbf8535b45b502d7b0458a88410c490cfb1c5e3de1e64e35ef282932492,facial_closeup,train,1,0,1,1,0
fa1558dac01c5307,/Users/aryanmalla/PycharmProjects/Skin-Care-AI/dataset_sources/extracted/facial_skin_concerns/dataset/inflammatory acne/resize-1-_jpg.rf.672af4e834300dd83a38c0bbc7a38404.jpg,facial_skin_concerns,inflammatory acne,dup_01139,facial_closeup,train,1,0,1,1,0
e7855b041af6679b,/Users/aryanmalla/PycharmProjects/Skin-Care-AI/dataset/Conditions/Acne/acne141.png,existing_conditions,Acne,dup_02023,facial_closeup,train,1,0,1,1,0
325e99ec4baecf8a,/Users/aryanmalla/PycharmProjects/Skin-Care-AI/dataset_sources/extracted/acne04/acne2_1024/levle2_163.jpg,acne04_level2,acne2_1024,e124eb64b6f599bce92b06ac6df77d24216391036fa69f0f141c5b69d77505a4,facial_closeup,train,1,0,-1,1,0
47f3994852f479fb,/Users/aryanmalla/PycharmProjects/Skin-Care-AI/dataset_sources/extracted/acne04/acne3_1024/levle3_2.jpg,acne04_level3,acne3_1024,be2462305c8570c9d7937d699280b86ba0a2264f24edf650a35c264c8d686fae,facial_closeup,train,1,0,1,-1,0
a420a7a77f423730,/Users/aryanmalla/PycharmProjects/Skin-Care-AI/dataset_sources/extracted/acne04/acne2_1024/levle2_174.jpg,acne04_level2,acne2_1024,29b0c1b704dcf8774233df7f67dabf2349630bc5a8c7f261445bdb2306598e9f,facial_closeup,train,1,0,0,1,0
83368d75931db7ea,/Users/aryanmalla/PycharmProjects/Skin-Care-AI/dataset_sources/extracted/facial_skin_concerns/dataset/inflammatory acne/levle2_141_jpg.rf.cc601efd980b56b530a2d463383085e1 - Copy.jpg,facial_skin_concerns,inflammatory acne,dup_03613,facial_closeup,train,1,0,0,1,0
bc12d58a14fdc540,/Users/aryanmalla/PycharmProjects/Skin-Care-AI/dataset/Conditions/Acne/acne3.png,existing_conditions,Acne,f666b4e9bbb8a0a4b4e64e415f82cf6924b9d184cfa9137d2da037d9850628f9,facial_closeup,train,1,0,0,-1,0
c91361a5136b9207,/Users/aryanmalla/PycharmProjects/Skin-Care-AI/dataset_sources/extracted/acne04/acne3_1024/levle3_38.jpg,acne04_level3,acne3_1024,9f72e46b19ffb10053e495e6c95d47ce4b60fa70581e522e0ff9c8d2c33c8e92,facial_closeup,train,1,0,1,1,0
c55042a31c27e934,/Users/aryanmalla/PycharmProjects/Skin-Care-AI/dataset_sources/extracted/facial_skin_concerns/dataset/inflammatory acne/resize (1).jpg,facial_skin_concerns,inflammatory acne,dup_01139,facial_closeup,train,1,0,1,1,0
6a782035a103663c,/Users/aryanmalla/PycharmProjects/Skin-Care-AI/dataset/Conditions/Acne/acne40.png,existing_conditions,Acne,dup_02016,facial_closeup,train,1,0,0,1,0
c88375015a3b690d,/Users/aryanmalla/PycharmProjects/Skin-Care-AI/dataset_sources/extracted/acne04/acne1_1024/levle1_638.jpg,acne04_level1,acne1_1024,3ad717e0d9c75e8f5b0a77b9e51683a7713e8047b5b23ccf0762962744082644,facial_closeup,train,1,1,1,-1,0
34154bbd2d70afac,/Users/aryanmalla/PycharmProjects/Skin-Care-AI/dataset_sources/extracted/acne04/acne3_1024/levle3_74.jpg,acne04_level3,acne3_1024,7b807628b967b0a499690b55d4dd599302e3e7bfbf1eccb8543bee6bb32aa57c,facial_closeup,train,1,1,1,1,0
0261286569605175,/Users/aryanmalla/PycharmProjects/Skin-Care-AI/dataset_sources/extracted/facial_skin_concerns/dataset/inflammatory acne/R (21).jpg,facial_skin_concerns,inflammatory acne,dup_01081,facial_closeup,train,1,1,1,1,0
b76fc1fb83375221,/Users/aryanmalla/PycharmProjects/Skin-Care-AI/dataset/Conditions/Acne/acne182.png,existing_conditions,Acne,dup_02034,facial_closeup,train,1,0,1,1,0
c5b8cab4b6b873fd,/Users/aryanmalla/PycharmProjects/Skin-Care-AI/dataset_sources/extracted/acne04/acne1_1024/levle1_362.jpg,acne04_level1,acne1_1024,877427c70d809c2f9188168978de0750d9ac4f92ad752e86868b11cfb7137027,facial_closeup,train,0,0,0,0,0
8555eecaf0b3216c,/Users/aryanmalla/PycharmProjects/Skin-Care-AI/dataset_sources/extracted/acne04/acne3_1024/levle3_14.jpg,acne04_level3,acne3_1024,c44027237e36db9ef140756b38bbb057556cf8d26cdd34839de250e83210124e,facial_closeup,train,1,1,1,-1,0
5e41a47d72ae38d8,/Users/aryanmalla/PycharmProjects/Skin-Care-AI/dataset_sources/extracted/acne04/acne1_1024/levle1_161.jpg,acne04_level1,acne1_1024,bbefdb8453e73439abed653391431fb1b0ff57fb10a31fb2a6148337ab96072f,facial_closeup,train,1,0,1,-1,0
cd727d57ed283885,/Users/aryanmalla/PycharmProjects/Skin-Care-AI/dataset/Conditions/Acne/acne83.png,existing_conditions,Acne,f937352d53db960637ca27f24061c3aa017bc62809614d7dd05c48bcf436ede4,facial_closeup,train,1,0,1,-1,-1
541141026f57433f,/Users/aryanmalla/PycharmProjects/Skin-Care-AI/dataset_sources/extracted/acne04/acne1_1024/levle1_439.jpg,acne04_level1,acne1_1024,ccff0c1d1b34ca75b855975ea4531620dfc856a80ed50589a4489e7d10897ee4,facial_closeup,train,1,0,1,1,0
9cca51ff1721f8dc,/Users/aryanmalla/PycharmProjects/Skin-Care-AI/dataset_sources/extracted/acne04/acne3_1024/levle3_93.jpg,acne04_level3,acne3_1024,56d1a3f4cba8658831a1ab956c6114ffce78ba4c9849221018485f41aef87602,facial_closeup,train,1,1,1,1,0
27fac04510e0959e,/Users/aryanmalla/PycharmProjects/Skin-Care-AI/dataset_sources/extracted/facial_skin_concerns/dataset/inflammatory acne/acne-pustular-67 - Copy.jpg,facial_skin_concerns,inflammatory acne,dup_03584,facial_closeup,train,1,0,1,1,0
d7f8f8df7afb6f9f,/Users/aryanmalla/PycharmProjects/Skin-Care-AI/dataset/Conditions/Acne/acne99.png,existing_conditions,Acne,dup_02048,facial_closeup,train,1,0,1,0,0
d72e49ba05e47484,/Users/aryanmalla/PycharmProjects/Skin-Care-AI/dataset_sources/extracted/acne04/acne2_1024/levle2_177.jpg,acne04_level2,acne2_1024,ef3347346058d10b8d4e155b0240ee14dc146d33084b0a9b38e456840a487c43,facial_closeup,train,1,0,1,1,0
bad71fc2edcc4ef3,/Users/aryanmalla/PycharmProjects/Skin-Care-AI/dataset_sources/extracted/acne04/acne3_1024/levle3_27.jpg,acne04_level3,acne3_1024,7d751938f9212959b50c7f5105b2311290eb1b71283ea69ffd7f67ab4f393764,facial_closeup,train,1,1,1,1,0
0a03ef356c461b79,/Users/aryanmalla/PycharmProjects/Skin-Care-AI/dataset/Conditions/Acne/acne50.png,existing_conditions,Acne,dup_02043,full_face,train,1,0,1,1,0
564143f92bc23df6,/Users/aryanmalla/PycharmProjects/Skin-Care-AI/dataset_sources/extracted/acne04/acne1_1024/levle1_604.jpg,acne04_level1,acne1_1024,f65c721f338922ec30a42a42941a0b8e2eca7837f48d538855d0a93eef401917,full_face,train,1,0,0,1,0
9edd716c6dffad3d,/Users/aryanmalla/PycharmProjects/Skin-Care-AI/dataset_sources/extracted/facial_skin_concerns/dataset/inflammatory acne/uq3mypax59u51_png.rf.ff143e5e27974140e20c497384735d48.jpg,facial_skin_concerns,inflammatory acne,dup_01142,full_face,train,1,0,1,1,0
209b954399ec339b,/Users/aryanmalla/PycharmProjects/Skin-Care-AI/dataset_sources/extracted/acne04/acne1_1024/levle1_200.jpg,acne04_level1,acne1_1024,dup_04312,full_face,train,1,0,1,-1,0
280d24f9549d201f,/Users/aryanmalla/PycharmProjects/Skin-Care-AI/dataset_sources/extracted/acne04/acne1_1024/levle1_410.jpg,acne04_level1,acne1_1024,ca0162d2a21b7462f95d3a01afae57fd75a1c4ea3ab818886d485ae4a963d9c0,full_face,train,1,1,0,1,0
2849f62e5333a716,/Users/aryanmalla/PycharmProjects/Skin-Care-AI/dataset_sources/extracted/acne04/acne2_1024/levle2_141.jpg,acne04_level2,acne2_1024,218c490b92f7c31452288dfde11a3fa55a2585ab2d614bd1e4cff66502ab052b,full_face,train,1,1,0,1,0
79732433be8ce122,/Users/aryanmalla/PycharmProjects/Skin-Care-AI/dataset_sources/extracted/acne04/acne3_1024/levle3_49.jpg,acne04_level3,acne3_1024,807ad7dedc72187357ff87cc7d7600fca68f50812c490b0ba86d8397b895c123,full_face,train,1,0,0,1,0
2079c01e545a2749,/Users/aryanmalla/PycharmProjects/Skin-Care-AI/dataset/Conditions/Acne/Acne_266.jpg,existing_conditions,Acne,dup_00386,full_face,train,1,0,1,-1,0
a9a23a2bf06bb14e,/Users/aryanmalla/PycharmProjects/Skin-Care-AI/dataset_sources/extracted/acne04/acne1_1024/levle1_563.jpg,acne04_level1,acne1_1024,0c718459ba3b1e1f3a07b1429356c868e68de040d5e171df22cde20296247346,full_face,train,1,0,1,1,0
6b3050815a57fdf2,/Users/aryanmalla/PycharmProjects/Skin-Care-AI/dataset_sources/extracted/acne04/acne2_1024/levle2_179.jpg,acne04_level2,acne2_1024,40544df6ff9bab58c0e35de4e86c237aab880564f091b9e972759391837a83b4,full_face,train,1,0,1,1,0
8fae4ef4238feb37,/Users/aryanmalla/PycharmProjects/Skin-Care-AI/dataset_sources/extracted/facial_skin_concerns/dataset/inflammatory acne/uq3mypax59u51.png,facial_skin_concerns,inflammatory acne,dup_01142,full_face,train,1,1,1,1,0
b08c36b2ccd406f4,/Users/aryanmalla/PycharmProjects/Skin-Care-AI/dataset/Conditions/Acne/acne32.png,existing_conditions,Acne,dup_00252,full_face,train,1,1,1,1,0
543983825b3ef7e8,/Users/aryanmalla/PycharmProjects/Skin-Care-AI/dataset_sources/extracted/acne04/acne1_1024/levle1_365.jpg,acne04_level1,acne1_1024,2876f73130e63bfed27356c1b031bdb907c2578764a0ec3e8442fb5f5e19ed7b,full_face,train,0,0,0,0,0
27c02b654c6faf5e,/Users/aryanmalla/PycharmProjects/Skin-Care-AI/dataset_sources/extracted/acne04/acne2_1024/levle2_143.jpg,acne04_level2,acne2_1024,02441d8d8734e766dec90cb2e04954ae8d0c4b736f5df43bf00f3ad64df77287,full_face,train,1,1,1,1,0
6b0a1caa68845c56,/Users/aryanmalla/PycharmProjects/Skin-Care-AI/dataset_sources/extracted/acne04/acne3_1024/levle3_28.jpg,acne04_level3,acne3_1024,fa41becfb84ffe73b30b86572da4fc7073de834ced06d202aabbad64a9a6f4f4,full_face,train,1,0,1,1,0
1fee14ecc3c5b7da,/Users/aryanmalla/PycharmProjects/Skin-Care-AI/dataset_sources/extracted/facial_skin_concerns/dataset/inflammatory acne/levle2_38_jpg.rf.82f7739922a909c4a206f543bd81ae9c - Copy.jpg,facial_skin_concerns,inflammatory acne,dup_03614,full_face,train,1,0,1,1,0
999dcb0f1c93ed1e,/Users/aryanmalla/PycharmProjects/Skin-Care-AI/dataset/Conditions/Acne/acne147.png,existing_conditions,Acne,dup_02026,full_face,train,1,1,1,1,0
a42628db3ddff9c3,/Users/aryanmalla/PycharmProjects/Skin-Care-AI/dataset_sources/extracted/acne04/acne2_1024/levle2_7.jpg,acne04_level2,acne2_1024,6f85ccfb5ad32a02bea56354b6a03becc8e244891fb0de0fa028370e76ee72c6,full_face,train,1,0,1,1,0
1e980b883c404e94,/Users/aryanmalla/PycharmProjects/Skin-Care-AI/dataset_sources/extracted/facial_skin_concerns/dataset/inflammatory acne/acne62.png,facial_skin_concerns,inflammatory acne,dup_00386,full_face,train,1,0,1,1,0
a264fb7d9d3bbf56,/Users/aryanmalla/PycharmProjects/Skin-Care-AI/dataset/Conditions/Acne/Acne_190.jpg,existing_conditions,Acne,dup_00383,full_face,train,1,0,1,1,0
115f6d6e06d5fdc6,/Users/aryanmalla/PycharmProjects/Skin-Care-AI/dataset_sources/extracted/acne04/acne2_1024/levle2_155.jpg,acne04_level2,acne2_1024,29c4b69b5392bb5d6777ca730d5d2446226bd8993ecc1e08d4a1988bf44b0ef3,full_face,train,1,0,1,1,0
1bca0796258c1022,/Users/aryanmalla/PycharmProjects/Skin-Care-AI/dataset_sources/extracted/facial_skin_concerns/dataset/inflammatory acne/OIP (14) - Copy.jpg,facial_skin_concerns,inflammatory acne,dup_01078,full_face,train,1,0,1,1,0
78c6b53e1c826484,/Users/aryanmalla/PycharmProjects/Skin-Care-AI/dataset/Conditions/Acne/acne98.png,existing_conditions,Acne,1e23349cd3aa1b2c4810a817673bf26940a35c31f17d230b0cc41116ebb911bd,full_face,train,1,1,1,0,0
a7bee5fdc99f534c,/Users/aryanmalla/PycharmProjects/Skin-Care-AI/dataset_sources/extracted/acne04/acne1_1024/levle1_376.jpg,acne04_level1,acne1_1024,fb4337e2aa9d2a720b4ee82a1f12878d469f61ca983119d2c3ea8532a35c43ec,full_face,train,1,1,1,0,0
99034aaf569ed963,/Users/aryanmalla/PycharmProjects/Skin-Care-AI/dataset_sources/extracted/acne04/acne3_1024/levle3_102.jpg,acne04_level3,acne3_1024,e4a3ff3f4fb4f4ddc63439505c4e67ee4dd71563a9d19f86c7f2ce54e8a4bf05,full_face,train,1,0,1,0,0
ee06edc4759c9519,/Users/aryanmalla/PycharmProjects/Skin-Care-AI/dataset_sources/extracted/acne04/acne1_1024/levle1_403.jpg,acne04_level1,acne1_1024,2bb033c3d8fb55f0f76db33cdb49a8bc605a8cf396d5c1b7814e264c29032877,facial_closeup,train,1,1,0,1,0
98d1081dcb41c7ca,/Users/aryanmalla/PycharmProjects/Skin-Care-AI/dataset_sources/extracted/acne04/acne2_1024/levle2_117.jpg,acne04_level2,acne2_1024,e1d30f8b9545d27c327fd647da00e362d13662b9a9503da2f6482e9ac9fd3968,facial_closeup,train,1,1,1,1,0
c231edc5c3ea84aa,/Users/aryanmalla/PycharmProjects/Skin-Care-AI/dataset_sources/extracted/acne04/acne1_1024/levle1_388.jpg,acne04_level1,acne1_1024,8b39c1e4febb36f0eeda2b2b468b5cbbe1c114785a5f635f2d28e9c3d3900afb,full_face,train,1,0,1,1,0
19f6370a8715745c,/Users/aryanmalla/PycharmProjects/Skin-Care-AI/dataset_sources/extracted/acne04/acne2_1024/levle2_167.jpg,acne04_level2,acne2_1024,d0c59b8d69d021584728a3b2f80c1b7b8cdc4a928e1d6d9f9192bc513aacdd3b,full_face,train,1,1,1,1,0
90c076e4a4272ad2,/Users/aryanmalla/PycharmProjects/Skin-Care-AI/dataset_sources/extracted/facial_skin_concerns/dataset/inflammatory acne/R-42-_jpg.rf.ed26045daddfedcd4d824092571aa75d.jpg,facial_skin_concerns,inflammatory acne,dup_00319,full_face,train,1,-1,1,-1,0
d8e90b5d1858a26f,/Users/aryanmalla/PycharmProjects/Skin-Care-AI/dataset_sources/extracted/acne04/acne3_1024/levle3_119.jpg,acne04_level3,acne3_1024,bc60c9a7a6a916f8fb4b5b7d263389673c9c8b2e73f12d9086f2970dcb371b2b,facial_closeup,train,1,1,1,-1,0
ae7a2e80519af4ce,/Users/aryanmalla/PycharmProjects/Skin-Care-AI/dataset_sources/extracted/facial_skin_concerns/dataset/inflammatory acne/OIP-14-_jpg.rf.40f496959092b8ca8f5cca134620c370 - Copy.jpg,facial_skin_concerns,inflammatory acne,dup_01078,facial_closeup,train,1,-1,1,-1,-1
1328e1a0dc3dc0e6,/Users/aryanmalla/PycharmProjects/Skin-Care-AI/dataset_sources/extracted/acne04/acne3_1024/levle3_126.jpg,acne04_level3,acne3_1024,0caa3398026ecfbaa7cf57813e4d1b5395a08c3d2977afc198fd2ace21bd473e,facial_closeup,train,1,-1,1,-1,0
ae0d188c5c5507ea,/Users/aryanmalla/PycharmProjects/Skin-Care-AI/dataset_sources/extracted/facial_skin_concerns/dataset/inflammatory acne/OIP (7) - Copy.jpg,facial_skin_concerns,inflammatory acne,dup_00319,facial_closeup,train,1,-1,1,-1,-1
46ee14bdd675b9e4,/Users/aryanmalla/PycharmProjects/Skin-Care-AI/dataset_sources/extracted/acne04/acne1_1024/levle1_229.jpg,acne04_level1,acne1_1024,59d2696988f41d2f82e3d377c053c803bb988a27ecd60941790ed00a00fbbf18,full_face,train,1,1,-1,1,-1
23eedeb998c2bb7a,/Users/aryanmalla/PycharmProjects/Skin-Care-AI/dataset_sources/extracted/acne04/acne2_1024/levle2_164.jpg,acne04_level2,acne2_1024,500de48e1749a01618b858270f77615a095420b0ea1e3cc4af36c0e386a87ffe,full_face,train,1,-1,1,-1,-1
6c401be022c5dacf,/Users/aryanmalla/PycharmProjects/Skin-Care-AI/dataset_sources/extracted/acne04/acne3_1024/levle3_80.jpg,acne04_level3,acne3_1024,45654c88bfa806d4d151b6ada180594c0e19ceb09433341de73995dcbfad7233,facial_closeup,train,1,1,1,-1,-1
0a7b528bb7e2b8a2,/Users/aryanmalla/PycharmProjects/Skin-Care-AI/dataset_sources/extracted/facial_skin_concerns/dataset/inflammatory acne/Bells-Palsy-1_jpg.rf.5a73d1fea143325f493eecaa8308522e - Copy.jpg,facial_skin_concerns,inflammatory acne,dup_03504,facial_closeup,train,1,-1,1,-1,-1
d0358ea84d823903,/Users/aryanmalla/PycharmProjects/Skin-Care-AI/dataset/Conditions/Acne/acne100.png,existing_conditions,Acne,dup_02013,facial_closeup,train,1,-1,1,-1,-1
9544434dcbdbb3b1,/Users/aryanmalla/PycharmProjects/Skin-Care-AI/dataset_sources/extracted/acne04/acne2_1024/levle2_64.jpg,acne04_level2,acne2_1024,bf5262fcbaa90cd8f6e769cbc89ef238a7c5045a088bfc980b16470bade68f33,facial_closeup,train,1,1,1,-1,-1
bc57478cf2e81d19,/Users/aryanmalla/PycharmProjects/Skin-Care-AI/dataset_sources/extracted/acne04/acne2_1024/levle2_113.jpg,acne04_level2,acne2_1024,a6838135348e6d7f58ea27ec59ad98983f58a40a95c803377c7bb67cc58910c4,facial_closeup,train,1,-1,-1,0,1
aab7887884ed26c8,/Users/aryanmalla/PycharmProjects/Skin-Care-AI/dataset_sources/extracted/acne04/acne3_1024/levle3_116.jpg,acne04_level3,acne3_1024,bb098b099214479454c24c88f2666f7c3c7074e5936f45ec8eb2f3476c90311c,facial_closeup,train,1,-1,1,-1,-1
fd4bd428f1de1cfc,/Users/aryanmalla/PycharmProjects/Skin-Care-AI/dataset/Conditions/Acne/acne67.png,existing_conditions,Acne,dup_00814,facial_closeup,train,1,1,1,-1,-1
aece8f9b19562a4e,/Users/aryanmalla/PycharmProjects/Skin-Care-AI/dataset_sources/extracted/acne04/acne2_1024/levle2_145.jpg,acne04_level2,acne2_1024,544141bae9b578c393ddb3dac7153fb20ed976a82472bb6bef086af51433ec30,facial_closeup,train,1,0,1,-1,0
466cff2292b4c708,/Users/aryanmalla/PycharmProjects/Skin-Care-AI/dataset_sources/extracted/facial_skin_concerns/dataset/inflammatory acne/acne50.png,facial_skin_concerns,inflammatory acne,dup_02043,full_face,train,1,-1,1,-1,-1
d02a2f8da6669e4e,/Users/aryanmalla/PycharmProjects/Skin-Care-AI/dataset/Conditions/Acne/acne122.png,existing_conditions,Acne,98b78accb9b26570dc4e5dc7b912c43c02b4d73e4ecb4010b7ae952b31769ffe,facial_closeup,train,1,1,1,-1,-1
69d9df6c6620e996,/Users/aryanmalla/PycharmProjects/Skin-Care-AI/dataset_sources/extracted/acne04/acne1_1024/levle1_406.jpg,acne04_level1,acne1_1024,c5735e08d9e284ec9d01fcce6688748be56fe1e0d78ce431128ec5f9cf679c23,facial_closeup,train,1,1,1,-1,-1
1a5654b249faf40d,/Users/aryanmalla/PycharmProjects/Skin-Care-AI/dataset_sources/extracted/acne04/acne2_1024/levle2_35.jpg,acne04_level2,acne2_1024,ac743749dbc8cc1e940d78d59c89a2571d7122b2b410a1e0d9e64b70340f9932,facial_closeup,train,1,1,1,-1,-1
c3c21ec264f7b383,/Users/aryanmalla/PycharmProjects/Skin-Care-AI/dataset_sources/extracted/acne04/acne3_1024/levle3_21.jpg,acne04_level3,acne3_1024,9c09e995d224e8c943f0fd904d2677425a11700295356daa63626bbc2dcba63b,facial_closeup,train,1,-1,1,-1,-1
bb88b8d8283b5ee3,/Users/aryanmalla/PycharmProjects/Skin-Care-AI/dataset_sources/extracted/facial_skin_concerns/dataset/inflammatory acne/acne141.png,facial_skin_concerns,inflammatory acne,dup_02023,facial_closeup,train,1,-1,1,-1,-1
3adaee6a64783cb6,/Users/aryanmalla/PycharmProjects/Skin-Care-AI/dataset_sources/extracted/acne04/acne1_1024/levle1_567.jpg,acne04_level1,acne1_1024,707d4bef83a13544d679959b0913ffaae9b9b09c356fe15254d9434176b01850,facial_closeup,train,1,1,1,-1,-1
9988fa34d2f91911,/Users/aryanmalla/PycharmProjects/Skin-Care-AI/dataset_sources/extracted/acne04/acne2_1024/levle2_188.jpg,acne04_level2,acne2_1024,0bce0e8c010d92d7b124e3594ab268ddf0bcad824988ce78fd4c765d3db56db1,facial_closeup,train,1,-1,1,-1,-1
7517fdf70932f608,/Users/aryanmalla/PycharmProjects/Skin-Care-AI/dataset_sources/extracted/acne04/acne3_1024/levle3_107.jpg,acne04_level3,acne3_1024,7edeeed58a5bc7eb114f37f00ce291b832b8ec3ad4f0efc609de01b3b127998a,facial_closeup,train,1,1,1,-1,-1
91e62c77db45b45a,/Users/aryanmalla/PycharmProjects/Skin-Care-AI/dataset_sources/extracted/facial_skin_concerns/dataset/inflammatory acne/R-21-_jpg.rf.27021373580ad3c12ab7a77cdfb04dc5.jpg,facial_skin_concerns,inflammatory acne,dup_01081,facial_closeup,train,1,1,1,-1,-1
45acf2b1839115f8,/Users/aryanmalla/PycharmProjects/Skin-Care-AI/dataset/Conditions/Acne/acne27.png,existing_conditions,Acne,9bddcc5720dc84051f687e0dfcf8bcf90ac818e9399fbb3a13279b2bd94862fc,full_face,train,1,-1,1,-1,-1
c212a0708e9bddc8,/Users/aryanmalla/PycharmProjects/Skin-Care-AI/dataset_sources/extracted/acne04/acne1_1024/levle1_217.jpg,acne04_level1,acne1_1024,ad6ded89179621f747a856c856ffff4ca0aceef515ca29c5183ac0598d7c9311,facial_closeup,train,1,-1,1,-1,-1
949314dca544a089,/Users/aryanmalla/PycharmProjects/Skin-Care-AI/dataset_sources/extracted/acne04/acne3_1024/levle3_103.jpg,acne04_level3,acne3_1024,05469429acb2afe4097aac247966b2bde399a5ac70ca7fabca6af0d767e1509d,facial_closeup,train,1,1,1,-1,-1
53b8f0cc26671d88,/Users/aryanmalla/PycharmProjects/Skin-Care-AI/dataset_sources/extracted/facial_skin_concerns/dataset/inflammatory acne/rosacea-39.jpg,facial_skin_concerns,inflammatory acne,dup_03249,facial_closeup,train,1,1,1,-1,-1
d06010245a4fb15e,/Users/aryanmalla/PycharmProjects/Skin-Care-AI/dataset_sources/extracted/acne04/acne3_1024/levle3_43.jpg,acne04_level3,acne3_1024,6b725646276775f98b2a55cacabfc0b77b58005ec8d7ebbbe9805030616d0bf2,facial_closeup,train,1,-1,1,-1,-1
5f97169a0cd84ffc,/Users/aryanmalla/PycharmProjects/Skin-Care-AI/dataset_sources/extracted/facial_skin_concerns/dataset/inflammatory acne/levle3_129_jpg.rf.3c5b02174aea44c5ea48b21a08c35abb - Copy.jpg,facial_skin_concerns,inflammatory acne,dup_03615,facial_closeup,train,1,-1,1,-1,-1
a61353f2774e6567,/Users/aryanmalla/PycharmProjects/Skin-Care-AI/dataset/Conditions/Acne/acne92.png,existing_conditions,Acne,bc1b2f01fa6444e77b0a02a2fbef76fde346707cb39bd29078e468a00a9e12ce,facial_closeup,train,1,-1,1,-1,-1
fed00b1ec44652eb,/Users/aryanmalla/PycharmProjects/Skin-Care-AI/dataset_sources/extracted/acne04/acne3_1024/levle3_84.jpg,acne04_level3,acne3_1024,2e5311989be2ee151ea9c4a26c8de34b418f9f5de15e5812caafb8204c9b9dc6,facial_closeup,train,1,1,1,-1,-1
9ca38a32c6e3bc0c,/Users/aryanmalla/PycharmProjects/Skin-Care-AI/dataset_sources/extracted/acne04/acne1_1024/levle1_162.jpg,acne04_level1,acne1_1024,999d4d69fe63c8a8646d8fafbefe2d4ed2136bd40aa6df5e34fed4bc666f9790,facial_closeup,train,1,1,1,-1,-1
9b487a2db17d0363,/Users/aryanmalla/PycharmProjects/Skin-Care-AI/dataset_sources/extracted/acne04/acne2_1024/levle2_161.jpg,acne04_level2,acne2_1024,de5dea7c5c01d5dd327cc66ce98449ca29ff150cf0306bc112d4cb43ef997030,facial_closeup,train,1,1,1,-1,-1
ff4ef561f85a1346,/Users/aryanmalla/PycharmProjects/Skin-Care-AI/dataset_sources/extracted/acne04/acne3_1024/levle3_89.jpg,acne04_level3,acne3_1024,e049bd8a98b0198816eb22a8ad3cb45e8ecc792c3c50e0daa044391907345d79,facial_closeup,train,1,1,1,-1,-1
c0fb647e410938ef,/Users/aryanmalla/PycharmProjects/Skin-Care-AI/dataset_sources/extracted/facial_skin_concerns/dataset/inflammatory acne/R (42).jpg,facial_skin_concerns,inflammatory acne,dup_00319,full_face,train,1,1,1,-1,-1
3c49d9a9b0a88e19,/Users/aryanmalla/PycharmProjects/Skin-Care-AI/dataset_sources/extracted/acne04/acne1_1024/levle1_576.jpg,acne04_level1,acne1_1024,f4ec26cf4b7225f7badf6f5b965573f949c49bb51c88b2d887e2dce65ab36d8b,facial_closeup,train,1,1,1,-1,-1
2308fef2441119ab,/Users/aryanmalla/PycharmProjects/Skin-Care-AI/dataset_sources/extracted/facial_skin_concerns/dataset/inflammatory acne/acne103.png,facial_skin_concerns,inflammatory acne,dup_02014,facial_closeup,train,1,-1,1,-1,-1
20d093335a0ebe67,/Users/aryanmalla/PycharmProjects/Skin-Care-AI/dataset/Conditions/Acne/acne51.png,existing_conditions,Acne,dup_00252,facial_closeup,train,1,-1,1,-1,-1
9942cd13e5193119,/Users/aryanmalla/PycharmProjects/Skin-Care-AI/dataset_sources/extracted/acne04/acne1_1024/levle1_18.jpg,acne04_level1,acne1_1024,94965aedd53525417fc71c20af5db8c0148910d0918869a0e89ae2ef398e2613,facial_closeup,train,1,1,1,-1,-1
0b01e88041f55a4c,/Users/aryanmalla/PycharmProjects/Skin-Care-AI/dataset_sources/extracted/acne04/acne2_1024/levle2_74.jpg,acne04_level2,acne2_1024,34defa94207e7254f0ee5ce185ce2268f75ff4cab8e675b5cac67d153e89ca95,facial_closeup,train,1,1,1,-1,-1
91e9c57c770f0340,/Users/aryanmalla/PycharmProjects/Skin-Care-AI/dataset_sources/extracted/facial_skin_concerns/dataset/inflammatory acne/pigmentation_0_9715_jpeg.rf.987ff618b5341d27a7b655495427d50d.jpg,facial_skin_concerns,inflammatory acne,dup_03749,facial_closeup,train,1,1,1,-1,-1
5e0f740e74937b87,/Users/aryanmalla/PycharmProjects/Skin-Care-AI/dataset/Conditions/Acne/acne44.png,existing_conditions,Acne,dup_00252,facial_closeup,train,1,-1,1,-1,-1
4c1bd769f9f67cef,/Users/aryanmalla/PycharmProjects/Skin-Care-AI/dataset_sources/extracted/acne04/acne2_1024/levle2_60.jpg,acne04_level2,acne2_1024,c26f945afaa43ef9f38bfe89f71ead7eb77f01281352f8e835f5430a934e68e7,facial_closeup,train,1,1,1,-1,-1
614c5d3bd54a0c4e,/Users/aryanmalla/PycharmProjects/Skin-Care-AI/dataset/Conditions/Acne/acne58.png,existing_conditions,Acne,dup_02045,facial_closeup,train,1,-1,1,-1,-1
b5a99067ee0f68f5,/Users/aryanmalla/PycharmProjects/Skin-Care-AI/dataset_sources/extracted/facial_skin_concerns/dataset/inflammatory acne/rosacea-114.jpg,facial_skin_concerns,inflammatory acne,dup_01024,full_face,train,1,1,1,-1,-1
1e4f5fac46ab3ed0,/Users/aryanmalla/PycharmProjects/Skin-Care-AI/dataset_sources/extracted/acne04/acne1_1024/levle1_203.jpg,acne04_level1,acne1_1024,98cee0c9a58dfc28739d89bd783912ea933d3bb86c02ffeb841277713754f217,facial_closeup,train,1,1,1,-1,-1
e22eded9c74a5ad2,/Users/aryanmalla/PycharmProjects/Skin-Care-AI/dataset_sources/extracted/acne04/acne3_1024/levle3_122.jpg,acne04_level3,acne3_1024,06f5ebabf167a3f0dd0b4ecb769b7b59a21788012d64f3e5911aa043de4ea15b,facial_closeup,train,1,1,1,-1,-1
4c33bf956541b233,/Users/aryanmalla/PycharmProjects/Skin-Care-AI/dataset_sources/extracted/acne04/acne2_1024/levle2_76.jpg,acne04_level2,acne2_1024,6b37a0016d4cd68735ae0b2e679678c8edaa9519149db8e0b352dfb6a0dc62a9,facial_closeup,train,1,1,1,-1,-1
2c3cbffb9b6ca8c0,/Users/aryanmalla/PycharmProjects/Skin-Care-AI/dataset_sources/extracted/acne04/acne3_1024/levle3_40.jpg,acne04_level3,acne3_1024,0273473390499e9b2b31dda4fa5bee0b48924e559351905cc45dcfd355355bd7,facial_closeup,train,1,1,1,-1,-1
332d0d9d080daff8,/Users/aryanmalla/PycharmProjects/Skin-Care-AI/dataset/Conditions/Acne/acne96.png,existing_conditions,Acne,7aca944bc075f86f78137e62e726e255a9971d8773c9b9b7c8df7f1efb93dc66,facial_closeup,train,1,-1,1,-1,-1
3b163331b95becb8,/Users/aryanmalla/PycharmProjects/Skin-Care-AI/dataset_sources/extracted/acne04/acne1_1024/levle1_605.jpg,acne04_level1,acne1_1024,e30d895253a2977510e7829ffa390c4232f1a8876abb6017738870e46c05a1f4,facial_closeup,train,1,1,1,-1,-1
fa50ef77cebec8e1,/Users/aryanmalla/PycharmProjects/Skin-Care-AI/dataset_sources/extracted/acne04/acne2_1024/levle2_100.jpg,acne04_level2,acne2_1024,af8dcd338e7c3a9c2e2507980f0d0930d7ea1081c6b86777e40a2ae793d5c0b7,facial_closeup,train,1,1,1,-1,-1
8c13edc698405757,/Users/aryanmalla/PycharmProjects/Skin-Care-AI/dataset_sources/extracted/acne04/acne3_1024/levle3_53.jpg,acne04_level3,acne3_1024,2219e2d3246388d711cf071b05565fbfa47d4988677a6174eff9da544e70ff94,facial_closeup,train,1,1,1,1,-1
3df65f4d22ebce3c,/Users/aryanmalla/PycharmProjects/Skin-Care-AI/dataset/Conditions/Acne/acne82.png,existing_conditions,Acne,fbf877292a3beb11a1816c0000ce80a2c8332f4c1b8b2d47fb6f108427a07662,facial_closeup,train,1,1,1,-1,-1
a6332183806e923f,/Users/aryanmalla/PycharmProjects/Skin-Care-AI/dataset_sources/extracted/acne04/acne1_1024/levle1_7.jpg,acne04_level1,acne1_1024,82589e912a92fa81f138034ee94ec6730d8cea3dbdbaf7ad9f6331e8c935ff62,facial_closeup,train,1,-1,1,-1,-1
249868fab934726f,/Users/aryanmalla/PycharmProjects/Skin-Care-AI/dataset_sources/extracted/acne04/acne2_1024/levle2_65.jpg,acne04_level2,acne2_1024,a872ac0e50efb2c670cfa9587650b6ea3803a38e4c8c2075f79c81a0f95194e9,facial_closeup,train,1,1,1,-1,-1
fd3b9205646e5983,/Users/aryanmalla/PycharmProjects/Skin-Care-AI/dataset_sources/extracted/acne04/acne3_1024/levle3_44.jpg,acne04_level3,acne3_1024,38fe58d192b3b4786574bdbe38badd7fd594713e104b1efb42de83837e1f9afe,facial_closeup,train,1,1,1,-1,-1
15644aede7333a32,/Users/aryanmalla/PycharmProjects/Skin-Care-AI/dataset_sources/extracted/facial_skin_concerns/dataset/inflammatory acne/acne-excoriated-18.jpg,facial_skin_concerns,inflammatory acne,dup_01011,facial_closeup,train,1,1,1,-1,-1
2b96b72a8c8ac4da,/Users/aryanmalla/PycharmProjects/Skin-Care-AI/dataset/Conditions/Acne/acne29.png,existing_conditions,Acne,137506d029454e379d4bc82a1ebc3d017e4b655181d26746185fac6bc1c0a49c,facial_closeup,train,1,-1,1,-1,-1
3f2a6d3bf968ca8b,/Users/aryanmalla/PycharmProjects/Skin-Care-AI/dataset_sources/extracted/acne04/acne3_1024/levle3_94.jpg,acne04_level3,acne3_1024,059ee9bfa5a7f8a26b3e88cd71ae373c6c569fc179da3501cd8dc62d843c13d8,full_face,train,1,1,1,-1,-1
042e1ca1b85d37b9,/Users/aryanmalla/PycharmProjects/Skin-Care-AI/dataset_sources/extracted/facial_skin_concerns/dataset/inflammatory acne/OIP (29) - Copy.jpg,facial_skin_concerns,inflammatory acne,dup_03522,facial_closeup,train,1,1,1,-1,-1
4d1065ea195bd988,/Users/aryanmalla/PycharmProjects/Skin-Care-AI/dataset_sources/extracted/acne04/acne2_1024/levle2_16.jpg,acne04_level2,acne2_1024,c86ba11ad663afe014b38badf40e63642fd91cec79c96b5601674b4083f79de3,facial_closeup,train,1,1,1,-1,-1
e46efa1451350523,/Users/aryanmalla/PycharmProjects/Skin-Care-AI/dataset_sources/extracted/acne04/acne3_1024/levle3_131.jpg,acne04_level3,acne3_1024,8416dc958b13f4ca41cfe5ad7eed91981b96da96931b96c72385b6bf8fbf6bcb,facial_closeup,train,1,1,1,-1,-1
282ab52aed2806dd,/Users/aryanmalla/PycharmProjects/Skin-Care-AI/dataset_sources/extracted/facial_skin_concerns/dataset/dark spots/spots132.png,facial_skin_concerns,dark spots,7afcfdc66280cc8362b0c02d44e8d430ce1a7d4f249ac066849b59321085a890,facial_closeup,train,1,-1,1,-1,-1
ecc6efcebee5046d,/Users/aryanmalla/PycharmProjects/Skin-Care-AI/dataset/Conditions/Dark Spot/3abac4b8-0219-4f6e-a2fb-732b5f7b91ed.jpg,existing_conditions,Dark Spot,dup_00178,facial_closeup,train,0,0,0,-1,-1
be5df20294336509,/Users/aryanmalla/PycharmProjects/Skin-Care-AI/dataset_sources/extracted/facial_skin_concerns/dataset/dark spots/spots179.png,facial_skin_concerns,dark spots,6db6b93c7ba85ce7775d6232c552a53c062881d669a594ca2635e31f2fbc2c39,facial_closeup,train,0,-1,-1,-1,-1
014c10a2d165af19,/Users/aryanmalla/PycharmProjects/Skin-Care-AI/dataset_sources/extracted/facial_skin_concerns/dataset/dark spots/spots42.png,facial_skin_concerns,dark spots,dup_01075,facial_closeup,train,1,1,0,-1,-1
d8e76717b70263fd,/Users/aryanmalla/PycharmProjects/Skin-Care-AI/dataset/Conditions/Dark Spot/c459d2af-6e50-4d0c-8f13-4a98cb6685e6.jpg,existing_conditions,Dark Spot,dup_00287,full_face,train,1,-1,-1,1,-1
5e14212ee1826d1f,/Users/aryanmalla/PycharmProjects/Skin-Care-AI/dataset/Conditions/Dark Spot/ea45b08a-f7e8-4fd0-89ee-88f643a52289.jpg,existing_conditions,Dark Spot,dup_02130,facial_closeup,train,0,0,0,-1,-1
880f3cb49dcb723a,/Users/aryanmalla/PycharmProjects/Skin-Care-AI/dataset_sources/extracted/facial_skin_concerns/dataset/dark spots/spots116.png,facial_skin_concerns,dark spots,dup_00307,facial_closeup,train,1,-1,-1,1,-1
dcaf2c044c51a8ac,/Users/aryanmalla/PycharmProjects/Skin-Care-AI/dataset_sources/extracted/facial_skin_concerns/dataset/dark spots/melasma37_jpg.rf.cf0b3efaabe83cf2bf1ad6fff67dd235.jpg,facial_skin_concerns,dark spots,dup_00025,facial_closeup,train,-1,1,-1,-1,-1
bf56a7b33cf920b5,/Users/aryanmalla/PycharmProjects/Skin-Care-AI/dataset_sources/extracted/facial_skin_concerns/dataset/dark spots/spots1.png,facial_skin_concerns,dark spots,624fed3e421762be29ded09035f74153c9049dfc400bd2ebdc2e6b40b4f40eaa,facial_closeup,train,1,1,1,-1,-1
a956c4b86a338377,/Users/aryanmalla/PycharmProjects/Skin-Care-AI/dataset_sources/extracted/facial_skin_concerns/dataset/dark spots/melasma40_jpg.rf.2ed7e017c4fb72685a4051403f5d89e7.jpg,facial_skin_concerns,dark spots,dup_00011,facial_closeup,train,-1,1,-1,-1,-1
f4cb93f6be1e41db,/Users/aryanmalla/PycharmProjects/Skin-Care-AI/dataset/Conditions/Dark Spot/b43985cb-8464-49ba-ac88-72c1875b821d.jpg,existing_conditions,Dark Spot,dup_00179,facial_closeup,train,-1,1,-1,1,-1
790b1c133312ab6d,/Users/aryanmalla/PycharmProjects/Skin-Care-AI/dataset_sources/extracted/facial_skin_concerns/dataset/dark spots/spots34.png,facial_skin_concerns,dark spots,6f1cca452d919fdc68e55915ec2f304803fc884035a6695a163113bb7a206c66,facial_closeup,train,-1,1,-1,-1,-1
bd7040808d37c744,/Users/aryanmalla/PycharmProjects/Skin-Care-AI/dataset/Conditions/Dark Spot/1a331685-ed23-4320-a382-5b08f46fdc56.jpg,existing_conditions,Dark Spot,dup_00260,facial_closeup,train,1,0,0,-1,-1
65cee106362c6d2e,/Users/aryanmalla/PycharmProjects/Skin-Care-AI/dataset_sources/extracted/facial_skin_concerns/dataset/dark spots/melasma54_png_jpg.rf.70c295f1f9e8715bf02f99828ae1394e.jpg,facial_skin_concerns,dark spots,dup_00132,full_face,train,1,1,-1,-1,-1
b5449116daa02604,/Users/aryanmalla/PycharmProjects/Skin-Care-AI/dataset/Conditions/Dark Spot/6f50c70b-39d7-4c28-a4fc-6f982ad4b5d7.jpg,existing_conditions,Dark Spot,dup_00272,facial_closeup,train,-1,-1,-1,1,-1
474b8638b852e826,/Users/aryanmalla/PycharmProjects/Skin-Care-AI/dataset/Conditions/Dark Spot/13.jpg,existing_conditions,Dark Spot,fb5fce084241f21fb09bdf49629eb7b6c09a36a7a4779931765b6b092cc7de96,full_face,train,1,1,-1,-1,-1
e176fe544b854166,/Users/aryanmalla/PycharmProjects/Skin-Care-AI/dataset/Conditions/Dark Spot/433679f8-b278-4787-9f44-b5ad8dde11da.jpg,existing_conditions,Dark Spot,dup_00268,facial_closeup,train,1,1,1,-1,-1
6b7e2362d1b10fd0,/Users/aryanmalla/PycharmProjects/Skin-Care-AI/dataset_sources/extracted/facial_skin_concerns/dataset/dark spots/spots130.png,facial_skin_concerns,dark spots,150b4be787b547e9f007026fc335ee4235820b9892690c19fc54766a41648b4f,facial_closeup,train,1,1,1,-1,-1
f44f702a3af75891,/Users/aryanmalla/PycharmProjects/Skin-Care-AI/dataset_sources/extracted/facial_skin_concerns/dataset/dark spots/melasma32_jpg.rf.0c50f935359fd9cfbbb17fefbd943cab.jpg,facial_skin_concerns,dark spots,dup_00311,full_face,train,-1,1,-1,1,-1
f7ba4d27995c4323,/Users/aryanmalla/PycharmProjects/Skin-Care-AI/dataset_sources/extracted/facial_skin_concerns/dataset/dark spots/melasma46_jpg.rf.6f2f3568505eb6e13c469035631da8fc.jpg,facial_skin_concerns,dark spots,dup_00038,facial_closeup,train,-1,1,-1,1,-1
c7d6471f440e66e0,/Users/aryanmalla/PycharmProjects/Skin-Care-AI/dataset/Conditions/Dark Spot/5f292e0e-5fcb-4ddb-a380-c4834263bc4f.jpg,existing_conditions,Dark Spot,dup_02118,facial_closeup,train,-1,-1,-1,-1,-1
8eaa04ac9a1a2d18,/Users/aryanmalla/PycharmProjects/Skin-Care-AI/dataset_sources/extracted/facial_skin_concerns/dataset/dark spots/melasma26_jpg.rf.52900205c7b8a3b6e24789054b27e466.jpg,facial_skin_concerns,dark spots,dup_00091,facial_closeup,train,0,1,0,1,1
7adc8e1793069720,/Users/aryanmalla/PycharmProjects/Skin-Care-AI/dataset/Conditions/Dark Spot/21.jpg,existing_conditions,Dark Spot,dup_02110,facial_closeup,train,0,0,0,0,0
e454aa39c001ad4e,/Users/aryanmalla/PycharmProjects/Skin-Care-AI/dataset_sources/extracted/facial_skin_concerns/dataset/dark spots/39_jpg.rf.4abb3739cc575153f52906d1a119e8f8.jpg,facial_skin_concerns,dark spots,dup_00178,facial_closeup,train,-1,1,-1,-1,-1
ec6d00754d1fb577,/Users/aryanmalla/PycharmProjects/Skin-Care-AI/dataset_sources/extracted/facial_skin_concerns/dataset/pigmentation/images-18-copy_jpeg_jpg.rf.74454b6f048711b7e7763e495f3eef5c.jpg,facial_skin_concerns,pigmentation,dab33973cd4b90cdbd86eec8b6d2733eb9830e1092acb68c5385f482f6199b24,full_face,train,-1,-1,-1,1,-1
fa5dde482b6d0bd1,/Users/aryanmalla/PycharmProjects/Skin-Care-AI/dataset_sources/extracted/facial_skin_concerns/dataset/dark spots/melasma46_jpg.rf.3dd7102a844e5e91c475ffb985d77cd3.jpg,facial_skin_concerns,dark spots,dup_00038,facial_closeup,train,-1,1,-1,1,-1
ee3eac2802ec68cf,/Users/aryanmalla/PycharmProjects/Skin-Care-AI/dataset/Conditions/Dark Spot/97eeed53-d813-4f64-863e-229b88975281.jpg,existing_conditions,Dark Spot,dup_00878,facial_closeup,train,-1,-1,1,1,-1
d6270a0333e6698e,/Users/aryanmalla/PycharmProjects/Skin-Care-AI/dataset_sources/extracted/facial_skin_concerns/dataset/dark spots/spots46.png,facial_skin_concerns,dark spots,00e03d0e21a9f7d4fc3fd5ca642619f881e32eaff95d89416677adc86d175e36,facial_closeup,train,1,1,-1,1,-1
063f14cba630ebe3,/Users/aryanmalla/PycharmProjects/Skin-Care-AI/dataset/Conditions/Dark Spot/74.jpg,existing_conditions,Dark Spot,dup_02120,facial_closeup,train,-1,1,-1,-1,-1
8126105a727c2b1c,/Users/aryanmalla/PycharmProjects/Skin-Care-AI/dataset/Conditions/Dark Spot/9f2c3594-5a2b-4502-9872-54b0fa60adf5.jpg,existing_conditions,Dark Spot,dup_00879,facial_closeup,train,0,0,0,1,0
0fdb8917194e74a6,/Users/aryanmalla/PycharmProjects/Skin-Care-AI/dataset_sources/extracted/facial_skin_concerns/dataset/dark spots/spots18.png,facial_skin_concerns,dark spots,a29291ea0deb2ea8fa208416cf399733d6828d068ca852fd61c03bfabd1d6748,facial_closeup,train,-1,1,-1,-1,-1
b116134364243c86,/Users/aryanmalla/PycharmProjects/Skin-Care-AI/dataset/Conditions/Dark Spot/dbe6c84b-81f9-4e7d-9a6a-c2c654a092e1.jpg,existing_conditions,Dark Spot,dup_02128,facial_closeup,train,-1,-1,1,-1,-1
01851fde46bf9ae1,/Users/aryanmalla/PycharmProjects/Skin-Care-AI/dataset_sources/extracted/facial_skin_concerns/dataset/dark spots/77251e7e-eaf9-493b-b4cd-a261ca6b1a14_jpg.rf.275e39dd5fff6d232470bc2257bcb3ba.jpg,facial_skin_concerns,dark spots,dup_00546,facial_closeup,train,0,1,0,1,0
68cbe0f75c72759f,/Users/aryanmalla/PycharmProjects/Skin-Care-AI/dataset/Conditions/Dark Spot/ff7e81f3-a740-4d2e-9f37-908cecc840b6.jpg,existing_conditions,Dark Spot,31ce346afe5607cfa447910bfde75aa4c4d5afd22a1a21ed2ed82e118c95d2dc,facial_closeup,train,-1,1,-1,-1,-1
dbe47f51731a9bda,/Users/aryanmalla/PycharmProjects/Skin-Care-AI/dataset_sources/extracted/facial_skin_concerns/dataset/dark spots/spots158.png,facial_skin_concerns,dark spots,6e09f0ce02b257b3ffe41c536ac3f2df37798b7d38b6e1ce551560964adec57b,facial_closeup,train,-1,-1,-1,1,-1
a1f9fd5a0133de5e,/Users/aryanmalla/PycharmProjects/Skin-Care-AI/dataset/Conditions/Dark Spot/97.jpg,existing_conditions,Dark Spot,dup_02125,facial_closeup,train,-1,-1,-1,-1,-1
b92dd13d0186e28f,/Users/aryanmalla/PycharmProjects/Skin-Care-AI/dataset_sources/extracted/facial_skin_concerns/dataset/pigmentation/Melasma25_jpg.rf.2f382c75cd6f55a93fb0e3590cc47268.jpg,facial_skin_concerns,pigmentation,77e3934a8ed9537971f400d4fef4c484375d413c58d8479a5af2ab5028d2cea3,facial_closeup,train,1,-1,1,-1,-1
14429cebf4009c1c,/Users/aryanmalla/PycharmProjects/Skin-Care-AI/dataset_sources/extracted/facial_skin_concerns/dataset/pigmentation/32955_png_jpg.rf.442da242bc54046e657d50bc3d2221bc.jpg,facial_skin_concerns,pigmentation,2eda2ad6afd320213acad91e74298b102babac64fe507c4242fdcbc9a38626d1,full_face,train,-1,-1,1,1,-1
863e6ee0e4d631b5,/Users/aryanmalla/PycharmProjects/Skin-Care-AI/dataset/Conditions/Dark Spot/9bfe69da-441e-45f2-be9d-1c75badaa96b.jpg,existing_conditions,Dark Spot,dup_00282,facial_closeup,train,-1,1,-1,1,-1
88faacdf3b803526,/Users/aryanmalla/PycharmProjects/Skin-Care-AI/dataset_sources/extracted/facial_skin_concerns/dataset/dark spots/spots154.png,facial_skin_concerns,dark spots,3cbaae81d91c4e93aa62831ceb3ad321d272b19f1d206a68e612cfba71b5b29d,facial_closeup,train,0,0,0,1,0
abff2955556d1123,/Users/aryanmalla/PycharmProjects/Skin-Care-AI/dataset/Conditions/Dark Spot/95.jpg,existing_conditions,Dark Spot,dup_02113,facial_closeup,train,-1,-1,-1,-1,-1
f7625d90474f5959,/Users/aryanmalla/PycharmProjects/Skin-Care-AI/dataset_sources/extracted/facial_skin_concerns/dataset/dark spots/Melasma25_jpg.rf.ffc34e24f1316b852a25f9988f67412e.jpg,facial_skin_concerns,dark spots,dup_00033,full_face,train,1,1,1,-1,-1
e0edc894f550cac2,/Users/aryanmalla/PycharmProjects/Skin-Care-AI/dataset_sources/extracted/facial_skin_concerns/dataset/dark spots/spots59.png,facial_skin_concerns,dark spots,caea3a48caa3b489e160ee310a80b6bd743e86d30857525ee0857c0bd7b9be7a,full_face,train,-1,-1,-1,-1,-1
c7c8b2b94a46eba4,/Users/aryanmalla/PycharmProjects/Skin-Care-AI/dataset/Conditions/Dark Spot/2906ef14-4042-451e-a639-58110a02c0aa.jpg,existing_conditions,Dark Spot,dup_00414,full_face,train,-1,-1,-1,-1,-1
94540fb860fd14db,/Users/aryanmalla/PycharmProjects/Skin-Care-AI/dataset/Conditions/Dark Spot/8156d885-5dd2-4cd4-9a2a-c52d5982fd53.jpg,existing_conditions,Dark Spot,dup_02123,full_face,train,0,1,0,1,0
a03437f25a079be5,/Users/aryanmalla/PycharmProjects/Skin-Care-AI/dataset_sources/extracted/facial_skin_concerns/dataset/pigmentation/images-18-copy_jpeg_jpg.rf.84b7ea82bb468dd4003b53d2c53d63d3.jpg,facial_skin_concerns,pigmentation,8e904e58f28ae8948bd097952079ff48473d5b3a00ca0c447e5c88d4874a6d30,full_face,train,0,1,0,1,0
0f43fd3e13b91b05,/Users/aryanmalla/PycharmProjects/Skin-Care-AI/dataset/Conditions/Dark Spot/46.jpg,existing_conditions,Dark Spot,dup_02114,full_face,train,1,0,0,1,0
d9b4a416d1942fea,/Users/aryanmalla/PycharmProjects/Skin-Care-AI/dataset_sources/extracted/facial_skin_concerns/dataset/dark spots/melasma29_jpg.rf.2b40a62e4f8efaf366968e60fd142711.jpg,facial_skin_concerns,dark spots,dup_00065,full_face,train,1,1,-1,-1,-1
73a6831af9d7bf00,/Users/aryanmalla/PycharmProjects/Skin-Care-AI/dataset/Conditions/Dark Spot/33.jpg,existing_conditions,Dark Spot,dup_00120,full_face,train,1,0,0,0,0
d7da79abcf9e5204,/Users/aryanmalla/PycharmProjects/Skin-Care-AI/dataset_sources/extracted/facial_skin_concerns/dataset/dark spots/melasma40_jpg.rf.2b37da54cc32f44313ef6aafe891df60.jpg,facial_skin_concerns,dark spots,dup_00011,full_face,train,-1,1,-1,-1,-1
a5d73a6aca0a12bf,/Users/aryanmalla/PycharmProjects/Skin-Care-AI/dataset_sources/extracted/facial_skin_concerns/dataset/dark spots/melasma37_jpg.rf.a34ee49e5b6e286024feec94629d9382.jpg,facial_skin_concerns,dark spots,dup_00025,full_face,train,1,1,-1,-1,-1
2ba3e5809365c0fe,/Users/aryanmalla/PycharmProjects/Skin-Care-AI/dataset/Conditions/Dark Spot/8386c412-a76b-477a-a5d5-776396d5c145.jpg,existing_conditions,Dark Spot,dup_00176,facial_closeup,train,1,1,-1,-1,-1
de89463034e552ef,/Users/aryanmalla/PycharmProjects/Skin-Care-AI/dataset_sources/extracted/facial_skin_concerns/dataset/pigmentation/48340_png_jpg.rf.1783fcfb910c29d3d05d7af7decc143b.jpg,facial_skin_concerns,pigmentation,b023361a306a178c46c884ce587cb3d4f8d31eb6846bdd778d282c6e58ad8273,full_face,train,-1,-1,-1,-1,-1
fb9d7affc7976716,/Users/aryanmalla/PycharmProjects/Skin-Care-AI/dataset/Conditions/Dark Spot/25.jpg,existing_conditions,Dark Spot,dup_02111,full_face,train,-1,-1,-1,-1,-1
523e6a6eef25279c,/Users/aryanmalla/PycharmProjects/Skin-Care-AI/dataset/Conditions/Dark Spot/7a5ef40e-dd58-44f5-ab19-380d8fe2ff80.jpg,existing_conditions,Dark Spot,dup_00275,facial_closeup,train,-1,1,-1,-1,-1
b9d87cd990e0eff9,/Users/aryanmalla/PycharmProjects/Skin-Care-AI/dataset_sources/extracted/facial_skin_concerns/dataset/pigmentation/48340_png_jpg.rf.6036d34663ea588526f2ba7099748974.jpg,facial_skin_concerns,pigmentation,3ed6a02f1ab8e668b6d978a411c024f446e87e200c8040e1a647f76eb2379ded,full_face,train,-1,-1,-1,-1,-1
e118c7fcf024ffad,/Users/aryanmalla/PycharmProjects/Skin-Care-AI/dataset/Conditions/Dark Spot/42.jpg,existing_conditions,Dark Spot,dup_00411,full_face,train,-1,-1,-1,-1,-1
3c385d10ee39a64c,/Users/aryanmalla/PycharmProjects/Skin-Care-AI/dataset/Conditions/Dark Spot/97e3e72c-8460-4110-80bb-caf372c7c05e.jpg,existing_conditions,Dark Spot,dup_00420,full_face,train,1,0,0,0,0
05172af0abbeb5f6,/Users/aryanmalla/PycharmProjects/Skin-Care-AI/dataset_sources/extracted/facial_skin_concerns/dataset/dark spots/spots44.png,facial_skin_concerns,dark spots,583c77d9ad98a89faf640f6e144ca931143c22c188ae5df15ab92cf590e094d0,facial_closeup,train,-1,1,-1,-1,-1
67b1d210e2282e13,/Users/aryanmalla/PycharmProjects/Skin-Care-AI/dataset/Conditions/Dark Spot/9d1feedd-3b9b-4e3c-a2f8-d8f28be00a10.jpg,existing_conditions,Dark Spot,dup_02112,full_face,train,1,1,-1,-1,-1
82781ea51f7c1f82,/Users/aryanmalla/PycharmProjects/Skin-Care-AI/dataset/Conditions/Dark Spot/7b4d3873-22e1-4966-8d52-3f22d7ce46f9.jpg,existing_conditions,Dark Spot,dup_00868,full_face,train,0,0,0,1,0
e984248df293b2c0,/Users/aryanmalla/PycharmProjects/Skin-Care-AI/dataset_sources/extracted/facial_skin_concerns/dataset/dark spots/melasma57_png_jpg.rf.aec32f9e3ba0e6598cae12f514d37225.jpg,facial_skin_concerns,dark spots,dup_00317,facial_closeup,train,-1,1,-1,-1,-1
17091b58faa54732,/Users/aryanmalla/PycharmProjects/Skin-Care-AI/dataset/Conditions/Dark Spot/75.jpg,existing_conditions,Dark Spot,dup_00116,full_face,train,0,0,0,0,0
c7706f963b9b7540,/Users/aryanmalla/PycharmProjects/Skin-Care-AI/dataset_sources/extracted/facial_skin_concerns/dataset/dark spots/ofckuw4n1f5EhqQ1M9j-o_jpg.rf.de49b69a40eaf88e86afdfa1da89c9b3.jpg,facial_skin_concerns,dark spots,dup_00569,facial_closeup,train,1,1,-1,-1,-1
df4fd476b276f146,/Users/aryanmalla/PycharmProjects/Skin-Care-AI/dataset/Conditions/Dark Spot/87.jpg,existing_conditions,Dark Spot,dup_00178,full_face,train,-1,-1,-1,-1,-1
acc6f0705469f687,/Users/aryanmalla/PycharmProjects/Skin-Care-AI/dataset_sources/extracted/facial_skin_concerns/dataset/pigmentation/5_0_1621_jpeg.rf.19627ae0d42fdb9330dac6e22226d5b4.jpg,facial_skin_concerns,pigmentation,8488ba82ffb58138cf5eb1e8f96237113d40776d4813decfa49c405d802b8656,full_face,train,-1,-1,-1,-1,-1
f2c0bd8563a38c42,/Users/aryanmalla/PycharmProjects/Skin-Care-AI/dataset_sources/extracted/facial_skin_concerns/dataset/pigmentation/16_0_8398_jpeg.rf.7e4f5379ef09848ac6d4699264916560.jpg,facial_skin_concerns,pigmentation,60951130701986f8646d03e87ddf9e24c7b2adacaf05b8eaf94dc25aee22026b,full_face,train,-1,-1,-1,-1,-1
78f3a8e78787906b,/Users/aryanmalla/PycharmProjects/Skin-Care-AI/dataset_sources/extracted/facial_skin_concerns/dataset/pigmentation/melasma54_png_jpg.rf.cff2d357a64902b71b428a194033f260.jpg,facial_skin_concerns,pigmentation,5c319ee305936884389c7819f472373aa0d2a32869a52c267b619b30ea70391c,full_face,train,-1,1,1,-1,-1
d0a0f009b092fa2c,/Users/aryanmalla/PycharmProjects/Skin-Care-AI/dataset_sources/extracted/facial_skin_concerns/dataset/pigmentation/17_0_802_jpeg.rf.72f117dc038fa0361443e9192d5ffb60.jpg,facial_skin_concerns,pigmentation,93e83e0ee5dccef00fb7043b87d04b91023d24d73c846a527e9c9f9be5bb6886,full_face,train,-1,-1,-1,-1,-1
d95d52d68961e070,/Users/aryanmalla/PycharmProjects/Skin-Care-AI/dataset/Conditions/Dark Spot/6 (2).jpg,existing_conditions,Dark Spot,dup_00121,full_face,train,-1,-1,-1,-1,-1
98929885d8a5bce3,/Users/aryanmalla/PycharmProjects/Skin-Care-AI/dataset_sources/extracted/facial_skin_concerns/dataset/dark spots/spots13.png,facial_skin_concerns,dark spots,62eb161a5cb6d467868786fcd4fc19d731d65f6f8db5b63a6d77b72606181707,facial_closeup,train,-1,1,-1,-1,-1
b998762ad8c25514,/Users/aryanmalla/PycharmProjects/Skin-Care-AI/dataset/Conditions/Dark Spot/28.jpg,existing_conditions,Dark Spot,dup_02112,full_face,train,-1,-1,-1,-1,-1
a3ea355bf2804c6c,/Users/aryanmalla/PycharmProjects/Skin-Care-AI/dataset_sources/extracted/facial_skin_concerns/dataset/dark spots/spots170.png,facial_skin_concerns,dark spots,81c88292898049036a98056231550888d011e443dfa9198f89043e0a2a70fb5b,facial_closeup,train,1,-1,1,-1,-1
1019cde740b08443,/Users/aryanmalla/PycharmProjects/Skin-Care-AI/dataset_sources/extracted/facial_skin_concerns/dataset/pigmentation/melasma54_png_jpg.rf.2e8f1a05e1f912ff0caad0da252ffc96.jpg,facial_skin_concerns,pigmentation,8bef3933b830e10f204959a4252aaf9facf688148f1535915658c4d86fdb5d05,full_face,train,1,-1,1,-1,-1
dcc71fd7030fa465,/Users/aryanmalla/PycharmProjects/Skin-Care-AI/dataset/Conditions/Dark Spot/5.jpg,existing_conditions,Dark Spot,dup_00084,facial_closeup,train,-1,1,-1,-1,-1
2c3e19bfebad5291,/Users/aryanmalla/PycharmProjects/Skin-Care-AI/dataset/Conditions/Dark Spot/d01572b7-9a7c-41f9-866e-b6e134320f34.jpg,existing_conditions,Dark Spot,dup_00288,facial_closeup,train,1,1,-1,-1,-1
7c61ef7d39e404d9,/Users/aryanmalla/PycharmProjects/Skin-Care-AI/dataset_sources/extracted/facial_skin_concerns/dataset/dark spots/spots88.png,facial_skin_concerns,dark spots,dup_03499,facial_closeup,train,1,-1,1,-1,-1
5e4db3b1230fae14,/Users/aryanmalla/PycharmProjects/Skin-Care-AI/dataset/Conditions/Dark Spot/69731f1a-ff7b-45ae-880b-a0aaac6efda0.jpg,existing_conditions,Dark Spot,dup_00182,facial_closeup,train,1,1,1,-1,-1
dec43b0cbe255845,/Users/aryanmalla/PycharmProjects/Skin-Care-AI/dataset/Conditions/Dark Spot/c047b4bc-c11c-41bf-aa01-a13604fa4b31.jpg,existing_conditions,Dark Spot,dup_00286,facial_closeup,train,-1,1,-1,-1,-1
f105e71db4429baf,/Users/aryanmalla/PycharmProjects/Skin-Care-AI/dataset_sources/extracted/facial_skin_concerns/dataset/dark spots/b836149e-b247-44b4-85f0-0e986dc4d9e9_jpg.rf.5adf7ab4b22ba17f47edae0d46e3d71b.jpg,facial_skin_concerns,dark spots,dup_00549,full_face,train,-1,-1,-1,-1,-1
4226e54a5e3faab9,/Users/aryanmalla/PycharmProjects/Skin-Care-AI/dataset/Conditions/Dark Spot/3e94d530-1288-4672-8e5f-70741b570193.jpg,existing_conditions,Dark Spot,dup_00850,full_face,train,1,0,0,1,0
0c06539730734e2b,/Users/aryanmalla/PycharmProjects/Skin-Care-AI/dataset_sources/extracted/facial_skin_concerns/dataset/pigmentation/5_0_2669_jpeg.rf.8526e6cacd566b4fdc93356962a9c207.jpg,facial_skin_concerns,pigmentation,4a393235b2fd86b9fc59e73105a586e220b61b89fcb8910a42d8c1357a16f234,full_face,train,0,0,0,1,0
fdc9756a76c60786,/Users/aryanmalla/PycharmProjects/Skin-Care-AI/dataset/Conditions/Dark Spot/622cbcc3-3347-44d5-b885-8d7b498c922b.jpg,existing_conditions,Dark Spot,dup_00862,full_face,train,-1,-1,-1,-1,-1
d6d98c2a0a4769e1,/Users/aryanmalla/PycharmProjects/Skin-Care-AI/dataset_sources/extracted/facial_skin_concerns/dataset/pigmentation/48560_png_jpg.rf.c39130dd958235dae4e414a96b30edef.jpg,facial_skin_concerns,pigmentation,9b2d7b9edfa9d6bb5c37b433fc4edfda9e804103c3473a3b2926a064faadda33,full_face,train,-1,-1,-1,-1,-1
d9d5ce09cd70f93c,/Users/aryanmalla/PycharmProjects/Skin-Care-AI/dataset_sources/extracted/facial_skin_concerns/dataset/pigmentation/36192_png_0_1562_jpeg.rf.cd351a9fbad5107fcbb59fa222bfae0d.jpg,facial_skin_concerns,pigmentation,477dec8ec9edfced36f4cd2959a55ad1d3c7d3272ebede6e1557037ab7a640eb,facial_closeup,train,-1,1,-1,-1,-1
46cae7e88989329b,/Users/aryanmalla/PycharmProjects/Skin-Care-AI/dataset_sources/extracted/facial_skin_concerns/dataset/pigmentation/yt-LrMrhZhlHyU-0191_jpg.rf.fa403bb05149ca16746c17d58a1ea1c5.jpg,facial_skin_concerns,pigmentation,11bdc04e53c7165e7d46acc156371c7c388c1a1858dca918a7950074de1c4e4c,full_face,train,1,1,0,0,0
53b1621440ba03fa,/Users/aryanmalla/PycharmProjects/Skin-Care-AI/dataset/Conditions/Dark Spot/84.jpg,existing_conditions,Dark Spot,dup_00116,full_face,train,0,0,0,0,0
edcf97c985d039a9,/Users/aryanmalla/PycharmProjects/Skin-Care-AI/dataset/Conditions/Dark Spot/aea4383c-8a9d-442c-9636-2e5d415458f2.jpg,existing_conditions,Dark Spot,dup_00285,full_face,train,-1,-1,-1,-1,-1
9dc1b7b7e7a27afc,/Users/aryanmalla/PycharmProjects/Skin-Care-AI/dataset/Conditions/Dark Spot/6aef60e0-7b80-49ab-b6dc-aef2df465f76.jpg,existing_conditions,Dark Spot,dup_00865,full_face,train,0,0,0,1,0
7f2d9866ff784d8c,/Users/aryanmalla/PycharmProjects/Skin-Care-AI/dataset/Conditions/Dark Spot/d1b665ea-ea41-43c9-b1d5-afc7531603f0.jpg,existing_conditions,Dark Spot,dup_00886,facial_closeup,train,-1,1,-1,-1,-1
a7dfff1c9e8b9390,/Users/aryanmalla/PycharmProjects/Skin-Care-AI/dataset_sources/extracted/facial_skin_concerns/dataset/dark spots/spots19.png,facial_skin_concerns,dark spots,268abeb2ea2d943279a2bc0d6a6e00708a58d2725cc00ad188488b8fa27512ad,facial_closeup,train,-1,1,-1,-1,-1
2ff09b227394a0a2,/Users/aryanmalla/PycharmProjects/Skin-Care-AI/dataset_sources/extracted/facial_skin_concerns/dataset/dark spots/melasma58_png_jpg.rf.8c0e1cd5fe593d47f630984fa45fd6ae.jpg,facial_skin_concerns,dark spots,dup_00563,full_face,train,1,1,0,1,0
59442a319edbb39a,/Users/aryanmalla/PycharmProjects/Skin-Care-AI/dataset/Conditions/Dark Spot/a7d19b86-5eb2-4cd0-8f64-a11bfccf69db.jpg,existing_conditions,Dark Spot,dup_02126,full_face,train,0,1,0,1,0
d9949c5df26e80ed,/Users/aryanmalla/PycharmProjects/Skin-Care-AI/dataset/Conditions/Dark Spot/1380edc8-cb4f-4a34-8d83-0159a2e15cb9.jpg,existing_conditions,Dark Spot,dup_00837,full_face,train,-1,-1,-1,-1,-1
12f97d404b0aa2c6,/Users/aryanmalla/PycharmProjects/Skin-Care-AI/dataset_sources/extracted/facial_skin_concerns/dataset/pigmentation/yt-LrMrhZhlHyU-0201_jpg.rf.a367a04ec98a9fa566e8fc34575493bf.jpg,facial_skin_concerns,pigmentation,3aea20a0604a83d536d436e5572f3b23bd4dd5ed290fe7c403780194a8203670,full_face,train,-1,1,-1,-1,-1
81f9682bb0bb21ed,/Users/aryanmalla/PycharmProjects/Skin-Care-AI/dataset/Conditions/Dark Spot/35.jpg,existing_conditions,Dark Spot,dup_00266,full_face,train,0,0,0,0,0
ea824587a39aba00,/Users/aryanmalla/PycharmProjects/Skin-Care-AI/dataset/Conditions/Dark Spot/11.jpg,existing_conditions,Dark Spot,1a91c58fe9d65364abe33bfbd67beb8a0d7b76d122f22b16057a95d8bec3f6ba,full_face,train,-1,-1,-1,-1,-1
ab5e39fc7e6add9c,/Users/aryanmalla/PycharmProjects/Skin-Care-AI/dataset/Conditions/Dark Spot/67.jpg,existing_conditions,Dark Spot,dup_00017,full_face,train,-1,-1,-1,-1,-1
a09eb4eb0221ae92,/Users/aryanmalla/PycharmProjects/Skin-Care-AI/dataset/Conditions/Dark Spot/68c42e9c-5bc4-4469-a60c-000353f8c054.jpg,existing_conditions,Dark Spot,dup_00864,full_face,train,0,0,0,1,1
3fbdfe3df10d1d12,/Users/aryanmalla/PycharmProjects/Skin-Care-AI/dataset/Conditions/Dark Spot/64.jpg,existing_conditions,Dark Spot,f709419f621495e61ebab65bd9bf36055f6f12b1375c1c7526c61b4404e3059c,full_face,train,0,1,0,1,0
4b26de0ce675b742,/Users/aryanmalla/PycharmProjects/Skin-Care-AI/dataset_sources/extracted/facial_skin_concerns/dataset/pigmentation/IMG_2909_jpg.rf.b797dd81d11f34e4a2996ee334aa4570.jpg,facial_skin_concerns,pigmentation,dup_03909,full_face,train,1,1,0,1,0
8457550218ce8d1f,/Users/aryanmalla/PycharmProjects/Skin-Care-AI/dataset/Conditions/Dark Spot/482e3a4c-4edd-4127-8f60-68b7a7a05e28.jpg,existing_conditions,Dark Spot,dup_00853,full_face,train,0,0,0,1,0
bf2562d64009c147,/Users/aryanmalla/PycharmProjects/Skin-Care-AI/dataset_sources/extracted/facial_skin_concerns/dataset/pigmentation/1_0_3862_jpeg.rf.7b2edd923792781bb3e9029a39bc99ad.jpg,facial_skin_concerns,pigmentation,52d7d84fe0353a5a600cdf77a30e1517252fa9c436bc7a4a85faaa49968e95c0,facial_closeup,train,-1,-1,-1,-1,-1
749d8aa9f3f0f495,/Users/aryanmalla/PycharmProjects/Skin-Care-AI/dataset_sources/extracted/facial_skin_concerns/dataset/pigmentation/pig58_0_6817_jpeg.rf.53e36cf35186402dddf15f062a3c27b4.jpg,facial_skin_concerns,pigmentation,2bccb0ff436e017bb28542771997c1db52c7b61e876f2e24e716b7552d847c81,facial_closeup,train,0,0,0,1,0
c3a32ebb79d9a726,/Users/aryanmalla/PycharmProjects/Skin-Care-AI/dataset/Conditions/Dark Spot/77251e7e-eaf9-493b-b4cd-a261ca6b1a14.jpg,existing_conditions,Dark Spot,5126ccf1dbda75bdc49b918d75a43c958a7b8aef6d1ed25ea79802219b120363,full_face,train,-1,-1,-1,-1,-1
4c5fe54d6b6d3d57,/Users/aryanmalla/PycharmProjects/Skin-Care-AI/dataset_sources/extracted/facial_skin_concerns/dataset/pigmentation/6_0_148_jpeg.rf.9ba2b04c60659e44db899e10b1985aa7.jpg,facial_skin_concerns,pigmentation,ac67ba27967f34e75e3801d820bee3182dc6646656d99036fca80859ae10eafd,facial_closeup,train,0,1,0,1,0
4e83b06991a6774d,/Users/aryanmalla/PycharmProjects/Skin-Care-AI/dataset/Conditions/Dark Spot/edee38c6-6337-4d84-92d7-56c25cbc1ad3.jpg,existing_conditions,Dark Spot,f23655d33ab76ff84c6f65a65b16317c4e66d99f5b8251af72f73bd6c6d16a6f,full_face,train,1,1,0,1,0
3fab092bb1b8d843,/Users/aryanmalla/PycharmProjects/Skin-Care-AI/dataset/Conditions/Dark Spot/a336ac0c-d1d0-4b5b-a152-9c5dd60ccd9c.jpg,existing_conditions,Dark Spot,dup_00017,facial_closeup,train,1,1,0,1,0
492b69263682e449,/Users/aryanmalla/PycharmProjects/Skin-Care-AI/dataset/Conditions/Dark Spot/a9a346a2-5870-43d7-b11a-9b89352d011f.jpg,existing_conditions,Dark Spot,dup_00880,facial_closeup,train,0,1,0,1,0
20931868ab56a9c8,/Users/aryanmalla/PycharmProjects/Skin-Care-AI/dataset_sources/extracted/facial_skin_concerns/dataset/dark spots/67_jpg.rf.04a2f29453b5f21468673a79e1d9def6.jpg,facial_skin_concerns,dark spots,dup_00017,facial_closeup,train,1,1,0,1,0
2cc790d645e5b33b,/Users/aryanmalla/PycharmProjects/Skin-Care-AI/dataset_sources/extracted/facial_skin_concerns/dataset/dark spots/spots104.png,facial_skin_concerns,dark spots,9fe4c9dfc9c94e5918e896af340f08acae6244cf52c573d0c288c6024d7610cd,facial_closeup,train,1,-1,1,1,-1
3cb385ed6147f9ba,/Users/aryanmalla/PycharmProjects/Skin-Care-AI/dataset/Conditions/Dark Spot/80.jpg,existing_conditions,Dark Spot,dup_02116,full_face,train,0,0,1,1,0
7d34297e5fe99154,/Users/aryanmalla/PycharmProjects/Skin-Care-AI/dataset/Conditions/Dark Spot/2.jpg,existing_conditions,Dark Spot,dup_00262,facial_closeup,train,0,0,0,1,0
ff125af2f7c8a31f,/Users/aryanmalla/PycharmProjects/Skin-Care-AI/dataset_sources/extracted/facial_skin_concerns/dataset/dark spots/104_jpg.rf.60a29cf045a9d23f8534d03d784f67a2.jpg,facial_skin_concerns,dark spots,dup_00117,facial_closeup,train,-1,-1,-1,-1,-1
40c8d23f2c199db2,/Users/aryanmalla/PycharmProjects/Skin-Care-AI/dataset_sources/extracted/facial_skin_concerns/dataset/dark spots/melasma40_jpg.rf.6f38df4b9fe6ff38e84ce55972dfdb12.jpg,facial_skin_concerns,dark spots,dup_03482,facial_closeup,train,0,1,0,1,0
003ed47acf2c597b,/Users/aryanmalla/PycharmProjects/Skin-Care-AI/dataset_sources/extracted/facial_skin_concerns/dataset/pigmentation/pig3_0_5845_jpeg.rf.2055a7e5ecb6c0f2eaf7beec968828f9.jpg,facial_skin_concerns,pigmentation,715d099862889c65cfd3440a079993a80d4c183f01ef175b00cb8f7ea7cf88ed,facial_closeup,train,1,-1,-1,-1,-1
48e765dbda2c8cf3,/Users/aryanmalla/PycharmProjects/Skin-Care-AI/dataset/Conditions/Dark Spot/91.jpg,existing_conditions,Dark Spot,dup_00839,full_face,train,0,0,1,1,0
353a1950497b9fac,/Users/aryanmalla/PycharmProjects/Skin-Care-AI/dataset/Conditions/Dark Spot/efd4b0bd-4be5-4dfb-b118-71de0cde6b7c.jpg,existing_conditions,Dark Spot,dup_00893,facial_closeup,train,0,1,0,1,0
96110ad248ed940d,/Users/aryanmalla/PycharmProjects/Skin-Care-AI/dataset/Conditions/Dark Spot/88.jpg,existing_conditions,Dark Spot,a39a2fccaa11d4d28b4523b200bf527f4f7263aa9e04f2fcba013aaa5ae0a69b,facial_closeup,train,0,0,0,0,0
83fb4e930d79ef82,/Users/aryanmalla/PycharmProjects/Skin-Care-AI/dataset/Conditions/Dark Spot/16.jpg,existing_conditions,Dark Spot,dup_00838,facial_closeup,train,0,0,0,0,0
da4d98e8726054ee,/Users/aryanmalla/PycharmProjects/Skin-Care-AI/dataset/Conditions/Dark Spot/572e21f5-c1e3-40a5-b90a-ef122a2c898f.jpg,existing_conditions,Dark Spot,dup_00858,facial_closeup,train,-1,-1,-1,-1,-1
081ffa9b4ae3d5fc,/Users/aryanmalla/PycharmProjects/Skin-Care-AI/dataset/Conditions/Dark Spot/c5b6cdc7-5654-47d8-87c1-79ac0ba4daba.jpg,existing_conditions,Dark Spot,dup_00016,facial_closeup,train,1,1,0,1,0
6178db123e06333b,/Users/aryanmalla/PycharmProjects/Skin-Care-AI/dataset/Conditions/Dark Spot/92d51c3d-40f5-42c4-9721-2af45d3691e0.jpg,existing_conditions,Dark Spot,dup_00876,facial_closeup,train,1,1,0,1,0
c8e2d8f222e2c9b8,/Users/aryanmalla/PycharmProjects/Skin-Care-AI/dataset_sources/extracted/facial_skin_concerns/dataset/pigmentation/IMG_2930_0_2324_jpeg.rf.fbad8cfe237b10865905367c1eceef6c.jpg,facial_skin_concerns,pigmentation,f86f991f677e1db21afcb279c44027e88842b3621cf4a40bc3889762f222eb9b,facial_closeup,train,1,1,-1,-1,-1
5c04be696a1d1cc0,/Users/aryanmalla/PycharmProjects/Skin-Care-AI/dataset/Conditions/Dark Spot/799b41f6-36cf-401e-8937-bc2e710054b5.jpg,existing_conditions,Dark Spot,dup_00419,facial_closeup,train,0,1,0,0,0
813d86f4fd4aaa49,/Users/aryanmalla/PycharmProjects/Skin-Care-AI/dataset_sources/extracted/facial_skin_concerns/dataset/pigmentation/1_0_1678_jpeg.rf.13d2fca5e0b1dc06d4174b7fa168b7ab.jpg,facial_skin_concerns,pigmentation,7c2cae17b3128318187f7406062f90ca8f312aff7708776c4b826b0f035d2e52,facial_closeup,train,0,1,0,1,0
c6d8f48e303c249b,/Users/aryanmalla/PycharmProjects/Skin-Care-AI/dataset_sources/extracted/facial_skin_concerns/dataset/dark spots/bfbf39c0-0a38-4ed9-8520-8026dc5ad63f_jpg.rf.e4da5fe0ec925b25b8cb1abed1c66985.jpg,facial_skin_concerns,dark spots,dup_00883,facial_closeup,train,-1,-1,-1,-1,-1
31e57cad3edb1c71,/Users/aryanmalla/PycharmProjects/Skin-Care-AI/dataset/Conditions/Dark Spot/20.jpg,existing_conditions,Dark Spot,dup_00016,facial_closeup,train,1,1,0,1,0
d2e0a0dd07ced197,/Users/aryanmalla/PycharmProjects/Skin-Care-AI/dataset/Conditions/Dark Spot/1c5e1b2b-2896-45a9-a1a0-cc05addc49db.jpg,existing_conditions,Dark Spot,dup_00260,facial_closeup,train,-1,-1,-1,-1,-1
6df48d43de2a7897,/Users/aryanmalla/PycharmProjects/Skin-Care-AI/dataset/Conditions/Dark Spot/089c8f6d-60da-46db-931e-9812d35b3599.jpg,existing_conditions,Dark Spot,dup_00256,facial_closeup,train,1,1,0,0,0
be941d3cec7c1416,/Users/aryanmalla/PycharmProjects/Skin-Care-AI/dataset_sources/extracted/facial_skin_concerns/dataset/pigmentation/IMG_4620_jpg.rf.7d9f2247c9f724bb000ae675d55e26eb.jpg,facial_skin_concerns,pigmentation,cfbcf983f69962d8aa7a5b1ece39c8a47e688510f181028250a7b093e7ffbbf0,facial_closeup,train,-1,1,-1,-1,-1
797de14e75fc05b4,/Users/aryanmalla/PycharmProjects/Skin-Care-AI/dataset/Conditions/Dark Spot/4fe4d594-0473-4419-8edf-9d85802134b1.jpg,existing_conditions,Dark Spot,f4d32dd5f5fa9de496b32e619ea8238f5a036f1fdf88b600e12085657fa48adf,facial_closeup,train,0,0,0,0,0
654bbe97d689b7cd,/Users/aryanmalla/PycharmProjects/Skin-Care-AI/dataset_sources/extracted/facial_skin_concerns/dataset/dark spots/melasma3_jpg.rf.15bbddbd8979161b824b8ad4c1cc5421.jpg,facial_skin_concerns,dark spots,dup_03467,facial_closeup,train,0,1,0,1,1
ed33ce06a2863ba6,/Users/aryanmalla/PycharmProjects/Skin-Care-AI/dataset/Conditions/Dark Spot/40.jpg,existing_conditions,Dark Spot,dup_00060,facial_closeup,train,-1,-1,-1,-1,-1
efbcf18bfad3fa3f,/Users/aryanmalla/PycharmProjects/Skin-Care-AI/dataset_sources/extracted/facial_skin_concerns/dataset/dark spots/melasma24_jpg.rf.0bff5008c224ee5c8b365fa1ddfd9beb.jpg,facial_skin_concerns,dark spots,dup_00129,full_face,train,1,-1,1,-1,-1
c6fffb50846b218c,/Users/aryanmalla/PycharmProjects/Skin-Care-AI/dataset/Conditions/Dark Spot/bda58b7d-44d5-46ec-b682-534084cfdb4f.jpg,existing_conditions,Dark Spot,dup_00016,facial_closeup,train,-1,-1,-1,-1,-1
4c8430d100280567,/Users/aryanmalla/PycharmProjects/Skin-Care-AI/dataset/Conditions/Dark Spot/6110c83a-166b-4594-8ce1-5694a76292a9.jpg,existing_conditions,Dark Spot,dup_00416,facial_closeup,train,1,0,1,1,0
d27dbd0898a48183,/Users/aryanmalla/PycharmProjects/Skin-Care-AI/dataset/Conditions/Dark Spot/176a2fc2-e888-458d-945d-89c7ce94abad.jpg,existing_conditions,Dark Spot,dup_00259,facial_closeup,train,-1,1,-1,-1,-1
91621af73bb71519,/Users/aryanmalla/PycharmProjects/Skin-Care-AI/dataset/Conditions/Dark Spot/26.jpg,existing_conditions,Dark Spot,dup_00843,facial_closeup,train,0,0,0,1,0
e3f598332a032ed2,/Users/aryanmalla/PycharmProjects/Skin-Care-AI/dataset/Conditions/Dark Spot/84c1c5de-7940-4b6d-bc5e-cbdfded76eb9.jpg,existing_conditions,Dark Spot,dup_00870,facial_closeup,train,-1,1,-1,-1,-1
c777c3bdd0e7ee8b,/Users/aryanmalla/PycharmProjects/Skin-Care-AI/dataset_sources/extracted/facial_skin_concerns/dataset/dark spots/efd4b0bd-4be5-4dfb-b118-71de0cde6b7c_jpg.rf.469a291abbc29f41842524268149c266.jpg,facial_skin_concerns,dark spots,dup_00893,facial_closeup,train,-1,-1,-1,-1,-1
a738f07010f5bca4,/Users/aryanmalla/PycharmProjects/Skin-Care-AI/dataset/Conditions/Dark Spot/9d786d72-fcfd-426d-b40b-5af6decf4362.jpg,existing_conditions,Dark Spot,dup_00185,facial_closeup,train,-1,1,-1,-1,-1
36565f9c74398cdb,/Users/aryanmalla/PycharmProjects/Skin-Care-AI/dataset/Conditions/Dark Spot/70.jpg,existing_conditions,Dark Spot,dup_00122,facial_closeup,train,-1,1,-1,-1,-1
9d60112f947d7973,/Users/aryanmalla/PycharmProjects/Skin-Care-AI/dataset/Conditions/Dark Spot/1c6c36fb-8904-46fa-bbdf-c0338df75f60.jpg,existing_conditions,Dark Spot,dup_00261,facial_closeup,train,0,1,0,1,0
457d91598d17fe9b,/Users/aryanmalla/PycharmProjects/Skin-Care-AI/dataset_sources/extracted/facial_skin_concerns/dataset/dark spots/spots83.png,facial_skin_concerns,dark spots,bec115a2e99e808adfebd60ced96adb835cef18dba1a8d8b16666ac9402cd7c3,facial_closeup,train,-1,1,-1,-1,-1
3d5fb86e98761a2e,/Users/aryanmalla/PycharmProjects/Skin-Care-AI/dataset/Conditions/Dark Spot/45.jpg,existing_conditions,Dark Spot,64fe8fe622c3182168330dcd3021b2e7ea89015e6fe0ff94846d62dfa49203c6,facial_closeup,train,0,1,0,1,0
942655aa8290d57a,/Users/aryanmalla/PycharmProjects/Skin-Care-AI/dataset_sources/extracted/facial_skin_concerns/dataset/dark spots/melasma34_jpg.rf.1597d04d2a1b528359c7653860caf4ec.jpg,facial_skin_concerns,dark spots,dup_01062,full_face,train,-1,1,-1,-1,-1
9f045aba12727e12,/Users/aryanmalla/PycharmProjects/Skin-Care-AI/dataset_sources/extracted/facial_skin_concerns/dataset/dark spots/7a5ef40e-dd58-44f5-ab19-380d8fe2ff80_jpg.rf.c351e77b5575e2545f9382f218125ad2.jpg,facial_skin_concerns,dark spots,dup_00275,facial_closeup,train,-1,1,-1,-1,-1
84cbe10cd0cc864f,/Users/aryanmalla/PycharmProjects/Skin-Care-AI/dataset_sources/extracted/facial_skin_concerns/dataset/dark spots/85c2340a-6cda-4609-8e08-24019b360531_jpg.rf.c88d637e7efe8c28f79cd51bd69274c4.jpg,facial_skin_concerns,dark spots,dup_00872,facial_closeup,train,1,0,0,1,0
d217c0d3ac2a078d,/Users/aryanmalla/PycharmProjects/Skin-Care-AI/dataset/Conditions/Dark Spot/7f18933e-9889-4115-8c87-d5cf3b787f99.jpg,existing_conditions,Dark Spot,85057ce9292879c1f2ce543c6ca4dcdc32e5b0c9fd467aee6436f84d738e47fc,facial_closeup,train,-1,-1,-1,-1,-1
b44969b868f1946b,/Users/aryanmalla/PycharmProjects/Skin-Care-AI/dataset_sources/extracted/facial_skin_concerns/dataset/pigmentation/images-1-copy_jpeg_0_8088_jpeg.rf.6db1e29751a88658408b32bbe8382ae4.jpg,facial_skin_concerns,pigmentation,194b47b4ecde5b30b8596b14b02eb1b1ec10a26e440bef298621bd23e7902667,facial_closeup,train,-1,-1,-1,-1,-1
752660fc3df19923,/Users/aryanmalla/PycharmProjects/Skin-Care-AI/dataset_sources/extracted/facial_skin_concerns/dataset/pigmentation/IMG_3751_0_8932_jpeg.rf.f83c34fcc35b3c3439290e17d541a425.jpg,facial_skin_concerns,pigmentation,209d9fe66f9d21c872e35c6d36a82d970ebbd1f3262aed830f3de5eb9a6c4823,full_face,train,-1,-1,-1,1,-1
08ea7d422ae3a7a0,/Users/aryanmalla/PycharmProjects/Skin-Care-AI/dataset/Conditions/Dark Spot/3deebf0a-72f9-4fa9-8764-3ac44ada6fd7.jpg,existing_conditions,Dark Spot,dup_00267,facial_closeup,train,-1,1,-1,-1,-1
bd5fac20c1ffa0e7,/Users/aryanmalla/PycharmProjects/Skin-Care-AI/dataset_sources/extracted/facial_skin_concerns/dataset/dark spots/melasma27_jpg.rf.c5e0d2caa27f2c104d7e7734b27cb203.jpg,facial_skin_concerns,dark spots,dup_00557,full_face,train,-1,1,-1,-1,-1
a03910c1dea09201,/Users/aryanmalla/PycharmProjects/Skin-Care-AI/dataset/Conditions/Dark Spot/28d57376-7104-46f9-9808-a677ad93d838.jpg,existing_conditions,Dark Spot,dup_00174,facial_closeup,train,0,1,0,1,0
e30a951a95a19d98,/Users/aryanmalla/PycharmProjects/Skin-Care-AI/dataset/Conditions/Rosacea/3633__ProtectWyJQcm90ZWN0Il0_FocusFillWzI5NCwyMjIsIngiLDFd.jpeg,existing_conditions,Rosacea,01412eb2034311fffc44b809cad7d2e022a56bc7ccd63e9e3cb87657efc8f830,facial_closeup,train,1,-1,1,-1,-1
9d32b5d2a830866d,/Users/aryanmalla/PycharmProjects/Skin-Care-AI/dataset/Conditions/Rosacea/Rosacea_372.jpg,existing_conditions,Rosacea,cb5a75de31f77afa193c796d562266ae94eca5906248ab2197d151211c17b446,facial_closeup,train,1,-1,1,-1,-1
30bf6d1eb8e19232,/Users/aryanmalla/PycharmProjects/Skin-Care-AI/dataset/Conditions/Rosacea/3609__ProtectWyJQcm90ZWN0Il0_FocusFillWzI5NCwyMjIsIngiLDFd.jpeg,existing_conditions,Rosacea,2ea652ea7b7a4bb07c743ef672453a7212afcbac75d15af1e43e73d9c3765b0c,facial_closeup,train,0,0,0,0,0
1b376de7b4cea67a,/Users/aryanmalla/PycharmProjects/Skin-Care-AI/dataset/Conditions/Rosacea/3624__ProtectWyJQcm90ZWN0Il0_FocusFillWzI5NCwyMjIsIngiLDFd.jpeg,existing_conditions,Rosacea,60571440da6d664c5a0659c4dd37613ee1e0e2e1ef33af6d7b1136ec60af1041,facial_closeup,train,0,0,1,1,1
84068e6aabe751cb,/Users/aryanmalla/PycharmProjects/Skin-Care-AI/dataset/Conditions/Rosacea/Rosacea_72.jpg,existing_conditions,Rosacea,dup_03235,facial_closeup,train,1,-1,1,-1,-1
47d6edd6bf274344,/Users/aryanmalla/PycharmProjects/Skin-Care-AI/dataset/Conditions/Rosacea/rosacea-0010__ProtectWyJQcm90ZWN0Il0_FocusFillWzI5NCwyMjIsIngiLDFd.jpeg,existing_conditions,Rosacea,af1d70871e34ad036e513efddb2fc47e3367dcee3a2ee5820e92cc45482383c9,facial_closeup,train,0,0,1,1,0
b7cd1e8cecdcc546,/Users/aryanmalla/PycharmProjects/Skin-Care-AI/dataset/Conditions/Rosacea/Rosacea_3.jpg,existing_conditions,Rosacea,3005f0639e2eaaf58bbfe5cf79040695980502b4c76eaf43743e6b47bf2f4846,facial_closeup,train,-1,-1,1,-1,-1
d414489f3f548b95,/Users/aryanmalla/PycharmProjects/Skin-Care-AI/dataset_sources/extracted/facial_skin_concerns/dataset/Redness/Screenshot_3_png.rf.08f17b39dd79f7441b9301b4d5740dfb.jpg,facial_skin_concerns,Redness,7ba6aaffe8505921478e5b2629a73732e31be3e1d50c4f96fe7759c2fef75b1f,facial_closeup,train,-1,-1,1,-1,-1
9d827f829275b901,/Users/aryanmalla/PycharmProjects/Skin-Care-AI/dataset/Conditions/Rosacea/rosacea-0001__ProtectWyJQcm90ZWN0Il0_FocusFillWzI5NCwyMjIsIngiLDFd.jpeg,existing_conditions,Rosacea,3345b47315b0fc4f3e887d945b471cd41d055eec624fb51f18f03217dac62edf,facial_closeup,train,1,-1,1,-1,-1
155c904b9d9f7fea,/Users/aryanmalla/PycharmProjects/Skin-Care-AI/dataset/Conditions/Rosacea/Rosacea_12.jpg,existing_conditions,Rosacea,dup_03162,facial_closeup,train,1,-1,1,-1,-1
bda1ef6a09dd1fa0,/Users/aryanmalla/PycharmProjects/Skin-Care-AI/dataset/Conditions/Rosacea/Rosacea_368.jpg,existing_conditions,Rosacea,dup_03162,facial_closeup,train,1,-1,1,-1,-1
f5f96ae23953c91c,/Users/aryanmalla/PycharmProjects/Skin-Care-AI/dataset_sources/extracted/facial_skin_concerns/dataset/Redness/_2250439467_jpg.rf.bc609dd5a3e71a2e005917b44be6fb4e.jpg,facial_skin_concerns,Redness,dup_01047,facial_closeup,train,1,-1,1,-1,-1
036f504703b8e7c8,/Users/aryanmalla/PycharmProjects/Skin-Care-AI/dataset_sources/extracted/facial_skin_concerns/dataset/Redness/FB_IMG_1678750525121_jpg.rf.30f669e0c0c0e726da2f69ecd41e0e07.jpg,facial_skin_concerns,Redness,dup_03415,full_face,train,-1,-1,1,-1,-1
b6e8dc07d11332c0,/Users/aryanmalla/PycharmProjects/Skin-Care-AI/dataset/Conditions/Rosacea/Rosacea_359.jpg,existing_conditions,Rosacea,2719923f36a0f20a41489a5cb2266bcf16070a8e49101edd0b01cd28cd844693,facial_closeup,train,-1,-1,1,-1,-1
3de8c4ae1b8e5afa,/Users/aryanmalla/PycharmProjects/Skin-Care-AI/dataset_sources/extracted/facial_skin_concerns/dataset/Redness/9b944ef6-redness-254_jpg.rf.7a43e87d717ec4225d3b115e4c4f0aeb.jpg,facial_skin_concerns,Redness,dup_03415,full_face,train,-1,-1,1,-1,-1
587c2c87c7885512,/Users/aryanmalla/PycharmProjects/Skin-Care-AI/dataset/Conditions/Rosacea/Rosacea_282.jpg,existing_conditions,Rosacea,6435c11aa0a3093b2267b542c0eeac01f39dbd32b993b024c2df30665e80847d,facial_closeup,train,-1,-1,1,-1,-1
2d74642d003b63f1,/Users/aryanmalla/PycharmProjects/Skin-Care-AI/dataset/Conditions/Rosacea/rosacea-0023__ProtectWyJQcm90ZWN0Il0_FocusFillWzI5NCwyMjIsInkiLDg1XQ.jpeg,existing_conditions,Rosacea,81bc784ec32be2192971ad8240c4d711efb0e4af77cee248fc401bb3549bcf72,facial_closeup,train,1,-1,1,-1,-1
9d60caf1a81e42f8,/Users/aryanmalla/PycharmProjects/Skin-Care-AI/dataset_sources/extracted/facial_skin_concerns/dataset/Redness/combination_-_3b8da74ffcff4f91461f_jpg.rf.1647fae6373290771918df9621a478bf.jpg,facial_skin_concerns,Redness,dup_03426,full_face,train,0,0,0,0,0
cbaf8b5ad8ab3d30,/Users/aryanmalla/PycharmProjects/Skin-Care-AI/dataset/Conditions/Rosacea/Rosacea_221.jpg,existing_conditions,Rosacea,be514501a7aecb78520818f800ea7cd31b9bea3000d204177b5daf83f9192507,facial_closeup,train,-1,-1,1,-1,-1
25692222cba81ad6,/Users/aryanmalla/PycharmProjects/Skin-Care-AI/dataset_sources/extracted/facial_skin_concerns/dataset/Redness/2af33572-redness-386_jpg.rf.f76ffe80fd8c3b5cadc51622ac480da1.jpg,facial_skin_concerns,Redness,e2eaca253a6230742abad53db3e7f352c7d7e97756a4e9b59ba6c598b02ba6a3,full_face,train,1,-1,1,-1,-1
ef97c3af991042a8,/Users/aryanmalla/PycharmProjects/Skin-Care-AI/dataset/Conditions/Rosacea/Rosacea_308.jpg,existing_conditions,Rosacea,dup_03209,facial_closeup,train,1,-1,1,-1,-1
70cbce46f68dd07c,/Users/aryanmalla/PycharmProjects/Skin-Care-AI/dataset/Conditions/Rosacea/Rosacea_367.jpg,existing_conditions,Rosacea,e5160b999517f49a44d7f6cd36a1c3c8d049397adbe4235645a4a3c567088485,full_face,train,0,0,0,0,0
2694c02a8b6eda13,/Users/aryanmalla/PycharmProjects/Skin-Care-AI/dataset/Conditions/Rosacea/3629__ProtectWyJQcm90ZWN0Il0_FocusFillWzI5NCwyMjIsIngiLDFd.jpeg,existing_conditions,Rosacea,dfdd4f6938c1da08c0bd9980f588cf7eccb516ab999b50c10f2bd8068230ac51,facial_closeup,train,1,-1,1,-1,-1
3dcfa041dc3f5856,/Users/aryanmalla/PycharmProjects/Skin-Care-AI/dataset_sources/extracted/facial_skin_concerns/dataset/Redness/combination_-_0bc5ca1194a13cfd7b9a_jpg.rf.fbef4973d289f085d519124caa546f43.jpg,facial_skin_concerns,Redness,d7028db2f32a2c5d221f1ea135805a78eb5dc6818d66de6652e054f63e68eb1c,full_face,train,1,0,0,1,0
aa7dbf5a4dcfa7b8,/Users/aryanmalla/PycharmProjects/Skin-Care-AI/dataset/Conditions/Rosacea/rosacea-0005__ProtectWyJQcm90ZWN0Il0_FocusFillWzI5NCwyMjIsIngiLDFd.jpeg,existing_conditions,Rosacea,eb8b603ba1d76a77ca7160caf7662c34781e8fa875c9068013bfb32d3049acb9,facial_closeup,train,-1,-1,-1,-1,-1
ef7ab0b7be1556a6,/Users/aryanmalla/PycharmProjects/Skin-Care-AI/dataset_sources/extracted/facial_skin_concerns/dataset/Redness/various_selfie-skin-with-many-pores_440a282a4b66c94c9467_jpg.rf.60e7e391ed072a2bc3d793a6fe718192.jpg,facial_skin_concerns,Redness,8caa730b24748a59c4a05893cdebb577b0c6c7fc0e63dff18d7eefcc695c2cda,facial_closeup,train,-1,-1,-1,-1,-1
7ef207bc6e5068a3,/Users/aryanmalla/PycharmProjects/Skin-Care-AI/dataset/Conditions/Rosacea/rosacea-0022__ProtectWyJQcm90ZWN0Il0_FocusFillWzI5NCwyMjIsIngiLDFd.jpeg,existing_conditions,Rosacea,ff7234ee57e0bcd1d2f454336723f379584fd7fe8ace86adc3e4bcb3b4a3a98b,facial_closeup,train,1,-1,1,-1,-1
ad018b81a09295cf,/Users/aryanmalla/PycharmProjects/Skin-Care-AI/dataset_sources/extracted/facial_skin_concerns/dataset/Redness/front28_jpg.rf.e018e5b594ddbf1e71bd95dc6d647183.jpg,facial_skin_concerns,Redness,e4f72c862ca4ade185ab0f7a3e2c02747076bb76712a97c0529581301341fbc3,facial_closeup,train,1,-1,1,-1,-1
b96ca73702c2add5,/Users/aryanmalla/PycharmProjects/Skin-Care-AI/dataset/Conditions/Rosacea/Rosacea_357.jpg,existing_conditions,Rosacea,dup_03221,facial_closeup,train,1,-1,1,-1,-1
54be783abbc3eeb2,/Users/aryanmalla/PycharmProjects/Skin-Care-AI/dataset/Conditions/Rosacea/Rosacea_62.jpg,existing_conditions,Rosacea,98497b84c640bfba6b834a5956d00a14c661dd540444d44e37297222765cb7ae,facial_closeup,train,1,1,-1,-1,-1
63adbcdd79dabb3c,/Users/aryanmalla/PycharmProjects/Skin-Care-AI/dataset_sources/extracted/facial_skin_concerns/dataset/Redness/combination_-_6f7dcab28a16a7ffcf41_jpg.rf.11f94919f98d49f23ab042b67576b213.jpg,facial_skin_concerns,Redness,6d458923766b7cc336418ea1138a280302f6bbb66e01c5e53d611830796b7ee0,full_face,train,1,0,0,0,0
dc1b69f502ccf576,/Users/aryanmalla/PycharmProjects/Skin-Care-AI/dataset/Conditions/Rosacea/Rosacea_11.jpg,existing_conditions,Rosacea,1644462fb7342dd347720bdcd49d60da51c9059b6631034414692587731ea278,facial_closeup,train,-1,-1,-1,-1,-1
a551c9345890693f,/Users/aryanmalla/PycharmProjects/Skin-Care-AI/dataset_sources/extracted/facial_skin_concerns/dataset/Redness/combination_-_ccb7426c5e33a4633ce1_jpg.rf.fc94f109a0fd285c3f43947ce07a492e.jpg,facial_skin_concerns,Redness,dup_03431,facial_closeup,train,0,0,0,0,0
2e62da58906c3bb5,/Users/aryanmalla/PycharmProjects/Skin-Care-AI/dataset_sources/extracted/facial_skin_concerns/dataset/Redness/combination_-_ccb7426c5e33a4633ce1_jpg.rf.7f980b3ea448e3bf9c595043f7f9d608.jpg,facial_skin_concerns,Redness,dup_03431,facial_closeup,train,0,0,0,0,0
c99715c6e2630ff3,/Users/aryanmalla/PycharmProjects/Skin-Care-AI/dataset_sources/extracted/facial_skin_concerns/dataset/Redness/_1892688412_jpg.rf.3317a2fe8aeb114437ff9e332f14d45c - Copy (2).jpg,facial_skin_concerns,Redness,9da1dfe8734438d8e0262666615a872d3a0722fcf72fa92f601694dd901ce745,facial_closeup,train,-1,-1,1,-1,-1
aa297562cef8c486,/Users/aryanmalla/PycharmProjects/Skin-Care-AI/dataset_sources/extracted/facial_skin_concerns/dataset/Redness/702fe312-redness-450_jpg.rf.c6155060995c5f426cb96a4a0590513b.jpg,facial_skin_concerns,Redness,0f83949b8c5967604900456db57d329b2e83af4e7bd6677652434e34067b6cc8,facial_closeup,train,-1,-1,-1,-1,-1
536a8c5630e05ffa,/Users/aryanmalla/PycharmProjects/Skin-Care-AI/dataset_sources/extracted/facial_skin_concerns/dataset/Redness/dry_5b88fba1f5eaefd49ae7_jpg.rf.60094ead8b0a378bbe844c9e535e1ea5.jpg,facial_skin_concerns,Redness,2b744023f6eaa78d3673802baf602da5c5e420e5e62159c794035078ae2f5beb,facial_closeup,train,0,0,0,0,0
1ac3f1d98e7854b6,/Users/aryanmalla/PycharmProjects/Skin-Care-AI/dataset_sources/extracted/facial_skin_concerns/dataset/Redness/combination_-_8cb7d464df2c970e85aa_jpg.rf.ed12d7d872db3694278653882d21b087.jpg,facial_skin_concerns,Redness,dup_00201,facial_closeup,train,0,0,0,0,0
c00a274b8250341c,/Users/aryanmalla/PycharmProjects/Skin-Care-AI/dataset_sources/extracted/facial_skin_concerns/dataset/Redness/combination_-_5e9b1c6b02764f2c2259_jpg.rf.17141216594400b3d043a2836c02a889.jpg,facial_skin_concerns,Redness,dup_03428,facial_closeup,train,-1,-1,-1,-1,-1
09bb1c2629ff3b91,/Users/aryanmalla/PycharmProjects/Skin-Care-AI/dataset_sources/extracted/facial_skin_concerns/dataset/Redness/various_selfie-skin-with-many-pores_03f7e09badf3674be190_jpg.rf.5ab55c2b95be7feb2d58b5538d3d3989.jpg,facial_skin_concerns,Redness,6e94cc9746949699c5349df48b763408b4f35a6ba83c077d18c715b293c15605,facial_closeup,train,1,0,0,0,0
a435110a9e3f48a5,/Users/aryanmalla/PycharmProjects/Skin-Care-AI/dataset_sources/extracted/facial_skin_concerns/dataset/Redness/image_jpg.rf.e83ea139b9ec083b73343ad5dd83beae.jpg,facial_skin_concerns,Redness,3815245a40573102cc24eecdbd9390535fcc137cce5e56c399cccc96c04ad2f3,facial_closeup,train,-1,-1,1,-1,-1
17b9a86abbf1155f,/Users/aryanmalla/PycharmProjects/Skin-Care-AI/dataset/Conditions/Rosacea/rosacea-nose-26.jpeg,existing_conditions,Rosacea,123b8119bed25845b71fd80967c9ae90cc1db0afe386271d11a43999de810c2e,facial_closeup,train,1,-1,1,-1,-1
a27565597ba5d44b,/Users/aryanmalla/PycharmProjects/Skin-Care-AI/dataset_sources/extracted/facial_skin_concerns/dataset/Redness/seed0032_png.rf.643b9d13128780397f08774c315d8f31.jpg,facial_skin_concerns,Redness,24d031764fbb44175c6721ab6ca9c56102a5dc77784c8c62c8edbbb86fdd574b,facial_closeup,train,1,-1,1,-1,-1
df9c4bf08beb7480,/Users/aryanmalla/PycharmProjects/Skin-Care-AI/dataset_sources/extracted/facial_skin_concerns/dataset/Redness/face-0025_jpg.rf.c70fe23191ecf2d736af68de28bc5021.jpg,facial_skin_concerns,Redness,9e34ef0f6253fe232c2810b0f0ca28f439db9533b5dddd65273e948e9e1383c6,facial_closeup,train,-1,-1,1,-1,-1
595c022f13007b87,/Users/aryanmalla/PycharmProjects/Skin-Care-AI/dataset_sources/extracted/facial_skin_concerns/dataset/Redness/combination_-_5e9b1c6b02764f2c2259_jpg.rf.fcdb0cac7ace83af6b2a838cb03f2893.jpg,facial_skin_concerns,Redness,dup_03428,facial_closeup,train,0,0,0,0,0
2d67e4a5b7a12d68,/Users/aryanmalla/PycharmProjects/Skin-Care-AI/dataset_sources/extracted/facial_skin_concerns/dataset/Redness/combination_-_8cb7d464df2c970e85aa_jpg.rf.9625426b77491075413d40b96bef3e81.jpg,facial_skin_concerns,Redness,dup_00201,facial_closeup,train,-1,1,-1,-1,-1
8aa535f9b81af39a,/Users/aryanmalla/PycharmProjects/Skin-Care-AI/dataset_sources/extracted/facial_skin_concerns/dataset/Redness/seed0040_png.rf.0f553a313a22eb594c525a191ae9ccff.jpg,facial_skin_concerns,Redness,0e9fee1c0d4eead41d48dc936967779ec28bcce398801839cb06129d64bb8e34,facial_closeup,train,1,-1,1,-1,-1
3cc17be6f758d19f,/Users/aryanmalla/PycharmProjects/Skin-Care-AI/dataset_sources/extracted/facial_skin_concerns/dataset/Redness/combination_-_6f7dcab28a16a7ffcf41_jpg.rf.dc9688162f8f49c2a35b81dd33e19df6.jpg,facial_skin_concerns,Redness,dup_01049,facial_closeup,train,0,0,0,0,0
62d2088a57d1f92c,/Users/aryanmalla/PycharmProjects/Skin-Care-AI/dataset_sources/extracted/facial_skin_concerns/dataset/Redness/combination_-_7c47c759fe84bfc8750f_jpg.rf.2db14df04b778ce3746c9c49a1d30b6d.jpg,facial_skin_concerns,Redness,dup_00200,full_face,train,1,0,0,0,0
464dacaedbca9b56,/Users/aryanmalla/PycharmProjects/Skin-Care-AI/dataset_sources/extracted/facial_skin_concerns/dataset/Redness/combination_-_7c47c759fe84bfc8750f_jpg.rf.8ec76b71a58ee4386aff8976c777f786.jpg,facial_skin_concerns,Redness,dup_00200,full_face,train,0,0,0,0,0
d3fc73d482f8e543,/Users/aryanmalla/PycharmProjects/Skin-Care-AI/dataset_sources/extracted/facial_skin_concerns/dataset/Redness/6ac5252a-redness-297_jpg.rf.1f0ba9d7b4bba2b66ec4232db23545e3.jpg,facial_skin_concerns,Redness,8379c0ba78ccc9bff0f8ac64d5d6de5b792c042255dbe6cdc5bf8c1f7498fd0f,facial_closeup,train,-1,-1,1,-1,-1
7fa77ba61c92df69,/Users/aryanmalla/PycharmProjects/Skin-Care-AI/dataset_sources/extracted/facial_skin_concerns/dataset/Redness/combination_-_8cb7d464df2c970e85aa_jpg.rf.08b470ce235d8a0185dbb192b62bb4fe.jpg,facial_skin_concerns,Redness,dup_00201,facial_closeup,train,0,0,0,0,0
6e9c1e4615c78d32,/Users/aryanmalla/PycharmProjects/Skin-Care-AI/dataset_sources/extracted/facial_skin_concerns/dataset/Redness/various_selfie_skin_with_many_pores_4fa99109c42dab11e2cd_jpg.rf.f69c02fc761ef393bf261315800c25b3.jpg,facial_skin_concerns,Redness,907a7c9bd603182f4c9b29b68435f72aea0d7ce38c7049303e883454ff43a44f,facial_closeup,train,0,0,0,1,0
e1afdd248d70360b,/Users/aryanmalla/PycharmProjects/Skin-Care-AI/dataset_sources/extracted/facial_skin_concerns/dataset/Redness/combination_-_8cb7d464df2c970e85aa_jpg.rf.084c871694eff423049de3122ac855e3.jpg,facial_skin_concerns,Redness,dup_00201,facial_closeup,train,-1,-1,-1,-1,-1
977698e677ea96b7,/Users/aryanmalla/PycharmProjects/Skin-Care-AI/dataset_sources/extracted/facial_skin_concerns/dataset/Redness/combination_-_5e9b1c6b02764f2c2259_jpg.rf.e9f5e7f8b2d714490d788a93117dc27e.jpg,facial_skin_concerns,Redness,dup_00537,facial_closeup,train,0,0,0,0,0
9de7f9eb2b2c7bbd,/Users/aryanmalla/PycharmProjects/Skin-Care-AI/dataset/Conditions/Rosacea/rosacea-91.jpeg,existing_conditions,Rosacea,70b757862902f2208720cec3d0d2eab2f0226c2fe920b43421c5c089f0cb73a0,facial_closeup,train,0,0,0,0,0
095692ff268cfb71,/Users/aryanmalla/PycharmProjects/Skin-Care-AI/dataset/Conditions/Rosacea/rosacea-nose-39.jpeg,existing_conditions,Rosacea,1c6154cdc680c0caf619e7a30bd6b10b637b8785e9f4402d812a91b3430baa21,facial_closeup,train,-1,-1,1,-1,-1
78a565eaa82e097b,/Users/aryanmalla/PycharmProjects/Skin-Care-AI/dataset_sources/extracted/facial_skin_concerns/dataset/Redness/628d62c5-redness-329_jpg.rf.719bd3e2f407bce7b5c5299a47c3d1fc.jpg,facial_skin_concerns,Redness,c36a06edfff33015b967fba7093b6909b0c6e697d8d0d138334150c3e1cc8f8d,facial_closeup,train,1,0,0,0,0
2d792c01b3a28cd2,/Users/aryanmalla/PycharmProjects/Skin-Care-AI/dataset/Conditions/Rosacea/Rosacea_58.jpg,existing_conditions,Rosacea,02c99e0e2c0dad3af688848ac8b9aa302b566ac30dd47f96279e67926e9759b2,facial_closeup,train,-1,-1,1,-1,-1
8ce1aae7ca6924a3,/Users/aryanmalla/PycharmProjects/Skin-Care-AI/dataset_sources/extracted/facial_skin_concerns/dataset/Redness/combination_-_8cb7d464df2c970e85aa_jpg.rf.8722cd966717e94879db1d3724686fc7.jpg,facial_skin_concerns,Redness,dup_00201,facial_closeup,train,0,0,0,0,0
22432107583b303a,/Users/aryanmalla/PycharmProjects/Skin-Care-AI/dataset/Conditions/Rosacea/3638__ProtectWyJQcm90ZWN0Il0_FocusFillWzI5NCwyMjIsIngiLDFd.jpeg,existing_conditions,Rosacea,5e632e185105ea198e6703e988a006255d669c46ec0e80e976d4263e50f0db2e,facial_closeup,train,-1,-1,1,-1,-1
8d814ef8d70ab182,/Users/aryanmalla/PycharmProjects/Skin-Care-AI/dataset_sources/extracted/facial_skin_concerns/dataset/Redness/combination_-_b36a7b4c24f364d5c1f1_jpg.rf.b5dd8d4d98d516a7d1d5954c44ba10e7.jpg,facial_skin_concerns,Redness,dup_03430,facial_closeup,train,0,0,0,0,0
0b2c01acf7350735,/Users/aryanmalla/PycharmProjects/Skin-Care-AI/dataset/Conditions/Rosacea/Rosacea_48.jpg,existing_conditions,Rosacea,0d812adc6e747de2806f8b630756943266c852bc0dba9123638a4552cfbee0ee,facial_closeup,train,1,1,0,1,0
c91a6dc37eb94d8e,/Users/aryanmalla/PycharmProjects/Skin-Care-AI/dataset_sources/extracted/facial_skin_concerns/dataset/Redness/combination_-_7c47c759fe84bfc8750f_jpg.rf.05877b8b13192171de46b6f898412994.jpg,facial_skin_concerns,Redness,dup_00200,full_face,train,1,-1,-1,-1,-1
f25d1943ece83324,/Users/aryanmalla/PycharmProjects/Skin-Care-AI/dataset_sources/extracted/facial_skin_concerns/dataset/Redness/various_selfie_skin_with_many_pores_4d64c1e47224ad2cd4d3_jpg.rf.4b617e0bef2de2f5460709e5068267c0.jpg,facial_skin_concerns,Redness,fe4b9a8145f6f89ccb3dcf729fbaba6e123c2e720201ceff6293696bd8d224e9,full_face,train,-1,-1,-1,-1,-1
b144af6f95f03905,/Users/aryanmalla/PycharmProjects/Skin-Care-AI/dataset/Conditions/Rosacea/Rosacea_139.jpg,existing_conditions,Rosacea,fb79804698ad7b574f0f64c7428ec0d9bfbd20dd035f79ebba6b0f5b514a5128,facial_closeup,train,-1,-1,1,-1,-1
8f8aa86c7af3d6f4,/Users/aryanmalla/PycharmProjects/Skin-Care-AI/dataset_sources/extracted/facial_skin_concerns/dataset/Redness/combination_-_6f7dcab28a16a7ffcf41_jpg.rf.6e2eba312a2d0a38539ff3f80cdef43d.jpg,facial_skin_concerns,Redness,dup_01049,facial_closeup,train,1,0,0,0,0
9f1cb881a8338ade,/Users/aryanmalla/PycharmProjects/Skin-Care-AI/dataset_sources/extracted/facial_skin_concerns/dataset/Redness/combination_-_b36a7b4c24f364d5c1f1_jpg.rf.a509e04c0db90a37d0689b318933eb79.jpg,facial_skin_concerns,Redness,dup_03430,facial_closeup,train,0,0,0,0,0
6ed814f266f5b6d9,/Users/aryanmalla/PycharmProjects/Skin-Care-AI/dataset_sources/extracted/facial_skin_concerns/dataset/Redness/seed0018_png.rf.ca03b862a66d2ad9bb241e2ffbbd1c02.jpg,facial_skin_concerns,Redness,a48475aec2ef65b5ea17b9d0a726033b5a5d47a8a83e512fdb9a685dbf62b65a,facial_closeup,train,1,-1,1,-1,-1
78f410686b897e28,/Users/aryanmalla/PycharmProjects/Skin-Care-AI/dataset_sources/extracted/facial_skin_concerns/dataset/Redness/seed0039_png.rf.d8ff4481b07be594a7868f63019f279a.jpg,facial_skin_concerns,Redness,dup_00004,facial_closeup,train,1,-1,1,-1,-1
22b1f039508ad7c5,/Users/aryanmalla/PycharmProjects/Skin-Care-AI/dataset/Conditions/Rosacea/Rosacea_151.jpg,existing_conditions,Rosacea,bc1f41834347c1bc4d8a7ea33d2dbd85c27ad22a57534fbe0b377929ebf256d3,facial_closeup,train,-1,-1,1,-1,-1
fa778ee7212f5d04,/Users/aryanmalla/PycharmProjects/Skin-Care-AI/dataset_sources/extracted/facial_skin_concerns/dataset/Redness/combination_-_6f7dcab28a16a7ffcf41_jpg.rf.6dd8be976437cf40ff72f382b2180827.jpg,facial_skin_concerns,Redness,dup_01049,facial_closeup,train,-1,-1,-1,-1,-1
17cd5bd085600a6b,/Users/aryanmalla/PycharmProjects/Skin-Care-AI/dataset_sources/extracted/facial_skin_concerns/dataset/Redness/seed0002_png.rf.65394d6ac6cb34afcb392f6aaed8c93f.jpg,facial_skin_concerns,Redness,dup_03441,facial_closeup,train,1,-1,1,-1,-1
4d9f0cb4a9789844,/Users/aryanmalla/PycharmProjects/Skin-Care-AI/dataset_sources/extracted/facial_skin_concerns/dataset/Redness/seed0963_png.rf.5e8f691df3eccb62193fd19f3e8e5d52.jpg,facial_skin_concerns,Redness,cf01a47e6691c1541c6232f3cb4f1c799c1c75e263922301d13a031a615278cf,facial_closeup,train,1,-1,1,-1,-1
b7da373e95dc8f78,/Users/aryanmalla/PycharmProjects/Skin-Care-AI/dataset/Conditions/Rosacea/Rosacea_125.jpg,existing_conditions,Rosacea,2c12c2660d571864c1ee688285bbb4441a5e41c47ccd16ff634a51af47482ec7,facial_closeup,train,-1,-1,-1,-1,-1
38a9fae82eca2902,/Users/aryanmalla/PycharmProjects/Skin-Care-AI/dataset_sources/extracted/facial_skin_concerns/dataset/Redness/seed0913_png.rf.f63f70c6dd393360ae933271e0c25873.jpg,facial_skin_concerns,Redness,dup_00004,facial_closeup,train,1,0,1,1,0
13437063b565a454,/Users/aryanmalla/PycharmProjects/Skin-Care-AI/dataset_sources/extracted/facial_skin_concerns/dataset/Redness/seed0573_png.rf.a7b4ebb7017340dd6c0bbb696691d0e5.jpg,facial_skin_concerns,Redness,2438d95ad0e4a0a6cca22242a8f5538f3fd55f618ad7e70deac7762087e4dc78,facial_closeup,train,1,0,1,1,0
722f8fa1175d0450,/Users/aryanmalla/PycharmProjects/Skin-Care-AI/dataset_sources/extracted/facial_skin_concerns/dataset/Redness/combination_-_7c47c759fe84bfc8750f_jpg.rf.46d164ba20e8e546cca693595cea1597.jpg,facial_skin_concerns,Redness,dup_00200,full_face,train,1,0,0,0,0
61417326be1b8445,/Users/aryanmalla/PycharmProjects/Skin-Care-AI/dataset/Conditions/Rosacea/Rosacea_255.jpg,existing_conditions,Rosacea,c077b95671fd1f40b6e9015e0be664ac65b0513f3b966d61f5d6912814895f48,full_face,train,0,1,1,1,1
7f905c26d4016ee8,/Users/aryanmalla/PycharmProjects/Skin-Care-AI/dataset_sources/extracted/facial_skin_concerns/dataset/Redness/seed0111_png.rf.10aeb99c4261de8e89f65d78288dc402.jpg,facial_skin_concerns,Redness,dup_00004,facial_closeup,train,0,0,1,1,1
2a1a1e64075f6866,/Users/aryanmalla/PycharmProjects/Skin-Care-AI/dataset/Conditions/Rosacea/rosacea-107.jpeg,existing_conditions,Rosacea,dup_03243,facial_closeup,train,1,-1,1,-1,-1
3876d841d3bd2e7a,/Users/aryanmalla/PycharmProjects/Skin-Care-AI/dataset_sources/extracted/facial_skin_concerns/dataset/Redness/seed0193_png.rf.fc65236eb2558cf39676e6931a0f9336 - Copy - Copy.jpg,facial_skin_concerns,Redness,52a6eee98042acf9d54e07dfcb68b8d652abc08c035cbcc751217753655d856e,facial_closeup,train,1,-1,1,-1,-1
1925c0274c3dca66,/Users/aryanmalla/PycharmProjects/Skin-Care-AI/dataset/Conditions/Rosacea/rosacea-105.jpeg,existing_conditions,Rosacea,b1ee69bbe14e4be3e91dbc86237725ce9c16df79ff29825e65491495b378df99,full_face,train,1,-1,1,-1,-1
10f7fb96a51789b3,/Users/aryanmalla/PycharmProjects/Skin-Care-AI/dataset_sources/extracted/facial_skin_concerns/dataset/Redness/_696339637_jpg.rf.0ef493f15888ff284e068a888678a5ef.jpg,facial_skin_concerns,Redness,f47fdfa8b6bb8775e2c130efbdf98ebf0c12c2c2db8ab229ff9ce360a59960a6,facial_closeup,train,1,-1,1,-1,-1
a326700ab7f19d62,/Users/aryanmalla/PycharmProjects/Skin-Care-AI/dataset/Conditions/Rosacea/rosacea-0011__ProtectWyJQcm90ZWN0Il0_FocusFillWzI5NCwyMjIsIngiLDFd.jpeg,existing_conditions,Rosacea,6e40f77a288c960e51ad060ddf2a39ec9480908ac82527190c54315f260e5996,facial_closeup,train,-1,-1,-1,-1,-1
46ab80a488751f83,/Users/aryanmalla/PycharmProjects/Skin-Care-AI/dataset_sources/extracted/facial_skin_concerns/dataset/Redness/df8bae14-redness-401_jpg.rf.57536ef6facadfc564cc5c3f6f75d376.jpg,facial_skin_concerns,Redness,af7fca887b4d0bd4f11db89da2748b92e72170ca87abb7a4eae435b5fae10b90,facial_closeup,train,1,-1,1,-1,-1
18fa615e30da1414,/Users/aryanmalla/PycharmProjects/Skin-Care-AI/dataset_sources/extracted/facial_skin_concerns/dataset/Redness/seed0012_png.rf.dc80185ccbb5aad17d118f21aab745e6.jpg,facial_skin_concerns,Redness,676b6ef4738362214c4018cc8c3076c1b875ffdc2658b0f7fc48c3b150b2cdd5,facial_closeup,train,1,-1,1,-1,-1
7580bae96d84e6c1,/Users/aryanmalla/PycharmProjects/Skin-Care-AI/dataset_sources/extracted/facial_skin_concerns/dataset/Redness/seed0906_png.rf.39d743ae0b79cbaf95ebb8717042e5be - Copy - Copy.jpg,facial_skin_concerns,Redness,dup_01055,facial_closeup,train,1,-1,1,-1,-1
94971328e8a8b212,/Users/aryanmalla/PycharmProjects/Skin-Care-AI/dataset_sources/extracted/facial_skin_concerns/dataset/Redness/various_selfie_skin_with_many_pores_4c897291396be7fbbcee_jpg.rf.4c6ea21c6d097288566375b11ed8e0a8.jpg,facial_skin_concerns,Redness,81e16e9858f4f1ad94763f6aa9487725af015f2d72d3c5fafcd04a093af5adde,facial_closeup,train,0,0,0,0,0
9f19cbfdb022523d,/Users/aryanmalla/PycharmProjects/Skin-Care-AI/dataset_sources/extracted/facial_skin_concerns/dataset/Redness/seed0276_png.rf.72a0ac567d051ff2aa479d8399173abf.jpg,facial_skin_concerns,Redness,dup_00004,full_face,train,1,-1,1,-1,-1
381fc76853a12980,/Users/aryanmalla/PycharmProjects/Skin-Care-AI/dataset_sources/extracted/facial_skin_concerns/dataset/Redness/seed0786_png.rf.285f77fe22bca89f1dec911e94e456ea.jpg,facial_skin_concerns,Redness,bb9ecb391312bbd2a7b8a29c29786177d60072b3f31f33109c00cc28126c6ef0,facial_closeup,train,1,-1,1,-1,-1
05524f2d95adba4d,/Users/aryanmalla/PycharmProjects/Skin-Care-AI/dataset_sources/extracted/facial_skin_concerns/dataset/Redness/face-0017_jpg.rf.abdcc0e54f968956723cff726d4e5e10.jpg,facial_skin_concerns,Redness,1eeb1637c2a78f9300d8b1274540c3dd66290542ed8200fefe204221bf374492,facial_closeup,train,-1,-1,1,-1,-1
6e66e5f9bfd55094,/Users/aryanmalla/PycharmProjects/Skin-Care-AI/dataset_sources/extracted/facial_skin_concerns/dataset/Redness/seed0297_png.rf.7f69fdf1cae19454ff700f8ab73a0bde.jpg,facial_skin_concerns,Redness,95b6227457dc2b1ca3b8a0e0bcd3d2017661680a3e564b630d8813efac38675f,facial_closeup,train,1,0,1,0,0
5485121ed742f483,/Users/aryanmalla/PycharmProjects/Skin-Care-AI/dataset_sources/extracted/facial_skin_concerns/dataset/Redness/seed0512_png.rf.e9c5b09c652deb96c8f4d79d28dd1417 - Copy - Copy.jpg,facial_skin_concerns,Redness,cf0878e3923850d44e47f1e65f60896892f7ebc4092056b224374510a0bd1356,facial_closeup,train,1,-1,1,-1,-1
c4cad7f5c43faf01,/Users/aryanmalla/PycharmProjects/Skin-Care-AI/dataset/Conditions/Rosacea/Rosacea_195.jpg,existing_conditions,Rosacea,31accbd99e3906c435729f7f525e275422491fa7aecec244fbb8d2c719a4ea09,facial_closeup,train,-1,-1,-1,-1,-1
29c1029fec3afa5e,/Users/aryanmalla/PycharmProjects/Skin-Care-AI/dataset_sources/extracted/facial_skin_concerns/dataset/Redness/seed0902_png.rf.22089abc44de7e049c9738a7b0751ad5.jpg,facial_skin_concerns,Redness,d9bde42aa4ba753c827dd4e7974e29df1a5c5019666b85f522ebbeec0bccb096,facial_closeup,train,1,-1,1,-1,-1
15942cd865939a1c,/Users/aryanmalla/PycharmProjects/Skin-Care-AI/dataset_sources/extracted/facial_skin_concerns/dataset/Redness/seed0827_png.rf.573eb3f23bef72a3b07556e813e4ad4b - Copy.jpg,facial_skin_concerns,Redness,6c35feb935057773eabc0d86663199a5635921f80fd8f6f96b559328351a412c,facial_closeup,train,1,-1,1,-1,-1
32bd3174df4aa4f2,/Users/aryanmalla/PycharmProjects/Skin-Care-AI/dataset/Conditions/Rosacea/Rosacea_288.jpg,existing_conditions,Rosacea,dup_03202,facial_closeup,train,1,0,0,1,1
b32c13dbc132ad68,/Users/aryanmalla/PycharmProjects/Skin-Care-AI/dataset_sources/extracted/facial_skin_concerns/dataset/Redness/9f5631ae-redness-320_jpg.rf.9da1ecaba4600fb184f8b24fe390850e.jpg,facial_skin_concerns,Redness,dup_03416,facial_closeup,train,-1,-1,1,-1,-1
4256be0d4c4573e2,/Users/aryanmalla/PycharmProjects/Skin-Care-AI/dataset_sources/extracted/facial_skin_concerns/dataset/Redness/seed0645_png.rf.8dde6198ace6bf1247a72e53662b42b0.jpg,facial_skin_concerns,Redness,eae5650bec5c753f82d67edcbe11109edd27ac6a733ad3e984604e0ca29fc945,facial_closeup,train,1,-1,1,-1,-1
871f94a2d84a3026,/Users/aryanmalla/PycharmProjects/Skin-Care-AI/dataset_sources/extracted/facial_skin_concerns/dataset/Redness/seed0115_png.rf.ca6c622a57d94961d49ae87a3a41e4ed.jpg,facial_skin_concerns,Redness,aed016f5c7ff8a979bf05a1a14748b7e06be5804c28bb5b8ee46a5364128e895,facial_closeup,train,1,-1,1,-1,-1
aee99caa950ff7ba,/Users/aryanmalla/PycharmProjects/Skin-Care-AI/dataset/Conditions/Rosacea/Rosacea_378.jpg,existing_conditions,Rosacea,dup_03184,facial_closeup,train,-1,-1,-1,-1,-1
ca11636517df4711,/Users/aryanmalla/PycharmProjects/Skin-Care-AI/dataset_sources/extracted/facial_skin_concerns/dataset/Redness/seed0571_png.rf.e5ba8f43532bf663486504b20dfffdce.jpg,facial_skin_concerns,Redness,5ba0e559415066a3ab29818c584a5866572155cb459180d812069ff4367709ea,facial_closeup,train,1,-1,1,-1,-1
e3af9a759da54757,/Users/aryanmalla/PycharmProjects/Skin-Care-AI/dataset_sources/extracted/facial_skin_concerns/dataset/Redness/seed0917_png.rf.071578448d28ebb7c9dcedf10c194381.jpg,facial_skin_concerns,Redness,6e835ffec557381d477ad8734c089c0397cc6b08872d13312c4f0fb04cdf2ce4,facial_closeup,train,1,-1,1,-1,-1
d4c0791a74f0b9f7,/Users/aryanmalla/PycharmProjects/Skin-Care-AI/dataset_sources/extracted/facial_skin_concerns/dataset/Redness/seed0716_png.rf.8e06255aebf725afad40af8d586c372e.jpg,facial_skin_concerns,Redness,dup_00004,facial_closeup,train,1,-1,1,-1,-1
e4550febf27923dc,/Users/aryanmalla/PycharmProjects/Skin-Care-AI/dataset/Conditions/Rosacea/07rosacea010206OK.jpeg,existing_conditions,Rosacea,3106bb066aaa168c9fdef208fc1dd52b47823038a2beaa4546c0b5a8c46e8fdb,facial_closeup,train,-1,-1,-1,-1,-1
427805cbda01f52e,/Users/aryanmalla/PycharmProjects/Skin-Care-AI/dataset_sources/extracted/facial_skin_concerns/dataset/Redness/seed0819_png.rf.bdacfef2f85812ab9863e9bbbc8c7de0.jpg,facial_skin_concerns,Redness,d8b33ff6c08e7f18a8772d176dba832d30337bfba417943bec7a88bf967f1703,facial_closeup,train,1,0,1,0,0
40c37999d9cd8b08,/Users/aryanmalla/PycharmProjects/Skin-Care-AI/dataset_sources/extracted/facial_skin_concerns/dataset/Redness/seed0758_png.rf.3fc71d22805f1e294c18bbbd8eeb952f - Copy - Copy.jpg,facial_skin_concerns,Redness,8fc9bf3f01a9d4ffa0bc6973c47d9731d0580d4a181f03bd5cd67f1511d2a602,facial_closeup,train,1,-1,1,-1,-1
15dc387c6b33a0e7,/Users/aryanmalla/PycharmProjects/Skin-Care-AI/dataset_sources/extracted/facial_skin_concerns/dataset/Redness/seed0420_png.rf.9ecbd060c956c9a3e7690675c318d7b3.jpg,facial_skin_concerns,Redness,dup_00004,facial_closeup,train,-1,-1,1,-1,-1
ba606e1b77270701,/Users/aryanmalla/PycharmProjects/Skin-Care-AI/dataset/Conditions/Rosacea/3627__ProtectWyJQcm90ZWN0Il0_FocusFillWzI5NCwyMjIsIngiLDFd.jpeg,existing_conditions,Rosacea,c235a8c6e773f53770998a99cbc1c864cc337c789db7de20f1dcf6841fb43709,facial_closeup,train,1,-1,-1,-1,-1
852a4875c739247f,/Users/aryanmalla/PycharmProjects/Skin-Care-AI/dataset_sources/extracted/facial_skin_concerns/dataset/Redness/seed0054_png.rf.3d29f88c8b7605262f229e4e1c2af5c6.jpg,facial_skin_concerns,Redness,f031aa952a6e7f8fb58dfdf2062729e3e03307e1b0b048cf1c34a0969c3a2456,facial_closeup,train,1,0,1,0,0
26b1e8c86f56bf93,/Users/aryanmalla/PycharmProjects/Skin-Care-AI/dataset/Conditions/Rosacea/Rosacea_246.jpg,existing_conditions,Rosacea,0ae31e80f111629b29b8ef4694ea108fbdc03c35379a009e6c3c9b5230361c63,facial_closeup,train,1,0,1,1,0
3924d59a19ae30ac,/Users/aryanmalla/PycharmProjects/Skin-Care-AI/dataset/Conditions/Rosacea/Rosacea_136.jpg,existing_conditions,Rosacea,4abdbbf3de1f63c8df964ded1d5dd5a6cc11bb1879405637d72ad867177b7563,facial_closeup,train,1,0,1,1,0
8051ea698256bccf,/Users/aryanmalla/PycharmProjects/Skin-Care-AI/dataset/Conditions/Rosacea/rosacea-0003__ProtectWyJQcm90ZWN0Il0_FocusFillWzI5NCwyMjIsIngiLDFd.jpeg,existing_conditions,Rosacea,524747ffdfa672dc41184b98f75fe9557eda98ed37f1db25108d5d7cceec3da5,facial_closeup,train,0,0,0,0,0
30d3fa730ef7ed17,/Users/aryanmalla/PycharmProjects/Skin-Care-AI/dataset_sources/extracted/facial_skin_concerns/dataset/Redness/seed0422_png.rf.96fb0c6ec7775158357811fc85b42c92.jpg,facial_skin_concerns,Redness,dup_00004,facial_closeup,train,1,0,1,1,0
933f9969d79a7360,/Users/aryanmalla/PycharmProjects/Skin-Care-AI/dataset_sources/extracted/facial_skin_concerns/dataset/Redness/combination_-_5e9b1c6b02764f2c2259_jpg.rf.a3439bfa6d609271e1c7f58a02298b86.jpg,facial_skin_concerns,Redness,dup_00537,facial_closeup,train,0,0,0,0,0
8bcd52088a7ababf,/Users/aryanmalla/PycharmProjects/Skin-Care-AI/dataset_sources/extracted/facial_skin_concerns/dataset/Redness/seed0541_png.rf.18beff6e62c49677ffce8b2c6cfa9cfb.jpg,facial_skin_concerns,Redness,a7f7343833774d688ed1162a64c41d731d3a4f72f575619ad0a36d6129b14b55,facial_closeup,train,1,-1,1,-1,-1
44ff672a3e57075a,/Users/aryanmalla/PycharmProjects/Skin-Care-AI/dataset/Conditions/Rosacea/Rosacea_304.jpg,existing_conditions,Rosacea,dup_00963,facial_closeup,train,0,0,1,1,0
67f2adfbb22d087d,/Users/aryanmalla/PycharmProjects/Skin-Care-AI/dataset_sources/extracted/facial_skin_concerns/dataset/Redness/seed0698_png.rf.f010b01b68d16162d8d183fa00a3238b.jpg,facial_skin_concerns,Redness,dup_00004,facial_closeup,train,1,-1,1,-1,-1
ef11e2a2e5e336aa,/Users/aryanmalla/PycharmProjects/Skin-Care-AI/dataset/Conditions/Rosacea/Rosacea_134.jpg,existing_conditions,Rosacea,652aeb36d8d407cfca0125f6bd441443739988ddcdceab792a739aae295b9d99,facial_closeup,train,-1,-1,-1,-1,-1
e6ef7830274c6f55,/Users/aryanmalla/PycharmProjects/Skin-Care-AI/dataset_sources/extracted/facial_skin_concerns/dataset/Redness/seed0570_png.rf.bd2f0734eceff0d5df9156964b66e97a.jpg,facial_skin_concerns,Redness,dup_00004,facial_closeup,train,1,-1,1,-1,-1
cd67a45dcd7c1c3f,/Users/aryanmalla/PycharmProjects/Skin-Care-AI/dataset/Conditions/Rosacea/Rosacea_113.jpg,existing_conditions,Rosacea,dup_03160,facial_closeup,train,-1,-1,-1,-1,-1
4d5c79cda8a2a8c5,/Users/aryanmalla/PycharmProjects/Skin-Care-AI/dataset_sources/extracted/facial_skin_concerns/dataset/Redness/seed0441_png.rf.4cfff19ea8a146f0080086043e3d0220.jpg,facial_skin_concerns,Redness,c7b474650dbaa0d480e7f130f25ea5a25e217bb7b3a83a21c0d87d767053bd5d,facial_closeup,train,1,0,1,1,0
abbe85e5fcda68d0,/Users/aryanmalla/PycharmProjects/Skin-Care-AI/dataset/Conditions/Rosacea/Rosacea_351.jpg,existing_conditions,Rosacea,dc2b01d5f3925294be16a1c7ce7b38b0f3bc46ac4ce9c92846583448cf898437,facial_closeup,train,-1,-1,-1,-1,-1
15a6b611f9797ada,/Users/aryanmalla/PycharmProjects/Skin-Care-AI/dataset_sources/extracted/facial_skin_concerns/dataset/Redness/seed0907_png.rf.db783b65e508dbfef9639cd92ca6a243.jpg,facial_skin_concerns,Redness,549dfa92051f49f58a8129105995aaecf96ac2af337b2f8b3ff5a9c545c7b443,full_face,train,1,-1,1,-1,-1
4232448c9ea59399,/Users/aryanmalla/PycharmProjects/Skin-Care-AI/dataset_sources/extracted/facial_skin_concerns/dataset/Redness/seed0538_png.rf.8f684bd39090b65b16687435750a612c - Copy.jpg,facial_skin_concerns,Redness,3ec63482c0c8ff0069ed7d24120ef459d12a8449c23c989b7ceb3473cb77e551,full_face,train,1,-1,1,-1,-1
5be2824bbdfd22c7,/Users/aryanmalla/PycharmProjects/Skin-Care-AI/dataset_sources/extracted/facial_skin_concerns/dataset/pores/42_PNG_jpg.rf.ae6fa6f916d2a7755dfc4b6ca78ae80a.jpg,facial_skin_concerns,pores,dup_03963,facial_closeup,train,0,0,0,1,0
d443de34d0a59a26,/Users/aryanmalla/PycharmProjects/Skin-Care-AI/dataset_sources/extracted/facial_skin_concerns/dataset/pores/39_PNG_jpg.rf.52084e49860b5f70ab74b1149ae72731.jpg,facial_skin_concerns,pores,dup_01252,facial_closeup,train,-1,-1,-1,1,-1
1c789687e3e83ef4,/Users/aryanmalla/PycharmProjects/Skin-Care-AI/dataset_sources/extracted/facial_skin_concerns/dataset/pores/35_PNG_jpg.rf.f8d798496c1b8929173a0590738777a7.jpg,facial_skin_concerns,pores,dup_00637,facial_closeup,train,-1,1,-1,-1,-1
f854d06bc97bc21c,/Users/aryanmalla/PycharmProjects/Skin-Care-AI/dataset_sources/extracted/facial_skin_concerns/dataset/pores/95_PNG_jpg.rf.8538b857bb0cf51fb68df103e1738147.jpg,facial_skin_concerns,pores,dup_01291,facial_closeup,train,-1,-1,-1,-1,1
cd5494938ff38fe0,/Users/aryanmalla/PycharmProjects/Skin-Care-AI/dataset_sources/extracted/facial_skin_concerns/dataset/pores/20_PNG_jpg.rf.f1b79953a7fd6d2a43290530c568533f.jpg,facial_skin_concerns,pores,dup_03937,facial_closeup,train,-1,1,-1,-1,-1
348e5e71accc4e12,/Users/aryanmalla/PycharmProjects/Skin-Care-AI/dataset_sources/extracted/facial_skin_concerns/dataset/pores/49_PNG_jpg.rf.bf128531ba074871984c16e3d07d2e03.jpg,facial_skin_concerns,pores,dup_03970,facial_closeup,train,1,-1,-1,1,-1
15934600751eabd6,/Users/aryanmalla/PycharmProjects/Skin-Care-AI/dataset_sources/extracted/facial_skin_concerns/dataset/pores/51_PNG_jpg.rf.0dfb842a60a0e337141ca6f0a2b20f71.jpg,facial_skin_concerns,pores,dup_00649,facial_closeup,train,1,1,0,1,0
dbd119c3b9abad86,/Users/aryanmalla/PycharmProjects/Skin-Care-AI/dataset_sources/extracted/facial_skin_concerns/dataset/pores/-8_PNG_jpg.rf.31406912e14e9e3663eb9150fa3dca55.jpg,facial_skin_concerns,pores,dup_03928,facial_closeup,train,-1,-1,-1,-1,-1
6973f0cbc88d1833,/Users/aryanmalla/PycharmProjects/Skin-Care-AI/dataset_sources/extracted/facial_skin_concerns/dataset/pores/22_PNG_jpg.rf.f8873e4193dcd7c7345be1a8d2767da3.jpg,facial_skin_concerns,pores,dup_01238,facial_closeup,train,1,0,1,1,0
1ed2f58309ce4422,/Users/aryanmalla/PycharmProjects/Skin-Care-AI/dataset_sources/extracted/facial_skin_concerns/dataset/pores/34_PNG_jpg.rf.0a363e33909333578e0c57eaffcdc8db.jpg,facial_skin_concerns,pores,dup_01246,facial_closeup,train,-1,-1,-1,1,-1
f4dda3f42ceea8d3,/Users/aryanmalla/PycharmProjects/Skin-Care-AI/dataset_sources/extracted/facial_skin_concerns/dataset/pores/14_PNG_jpg.rf.0f989061e886d320cfbdccfaed8c44bb.jpg,facial_skin_concerns,pores,dup_03931,facial_closeup,train,-1,-1,-1,-1,-1
b36db46af4c17af8,/Users/aryanmalla/PycharmProjects/Skin-Care-AI/dataset_sources/extracted/facial_skin_concerns/dataset/pores/22_PNG_jpg.rf.def416b38300d7aed8c7b1cf8c9c3114.jpg,facial_skin_concerns,pores,dup_03940,facial_closeup,train,-1,-1,-1,-1,-1
d528440e98dad595,/Users/aryanmalla/PycharmProjects/Skin-Care-AI/dataset_sources/extracted/facial_skin_concerns/dataset/pores/201a5f6f17c216db7800faef8836e125_jpg.rf.aaa80cf661ff44712b3647eecae0eda8.jpg,facial_skin_concerns,pores,dup_00102,facial_closeup,train,-1,-1,-1,-1,-1
f19accc7d2f2144b,/Users/aryanmalla/PycharmProjects/Skin-Care-AI/dataset_sources/extracted/facial_skin_concerns/dataset/pores/37_PNG_jpg.rf.36e5f636b02d82f690377b6f2b3f2b83.jpg,facial_skin_concerns,pores,dup_03955,facial_closeup,train,-1,-1,-1,-1,-1
54c45a42e96076eb,/Users/aryanmalla/PycharmProjects/Skin-Care-AI/dataset_sources/extracted/facial_skin_concerns/dataset/pores/62_PNG_jpg.rf.1cb0ab96d8022efaede3c59959fb02bf.jpg,facial_skin_concerns,pores,dup_01267,facial_closeup,train,0,1,0,1,0
6485fe00782aa3ad,/Users/aryanmalla/PycharmProjects/Skin-Care-AI/dataset_sources/extracted/facial_skin_concerns/dataset/pores/68_PNG_jpg.rf.ded6e9ed8b2e9f55adf7b519ea482d25.jpg,facial_skin_concerns,pores,dup_01274,facial_closeup,train,-1,-1,-1,1,-1
45a314b7059e2278,/Users/aryanmalla/PycharmProjects/Skin-Care-AI/dataset_sources/extracted/facial_skin_concerns/dataset/pores/94_PNG_jpg.rf.45aa549343542e86acc7a63ed35dcfca.jpg,facial_skin_concerns,pores,dup_00023,facial_closeup,train,0,0,0,0,0
350cebba1ce369c7,/Users/aryanmalla/PycharmProjects/Skin-Care-AI/dataset_sources/extracted/facial_skin_concerns/dataset/pores/65_PNG_jpg.rf.b7662db532dda1cc62845656edef76bc.jpg,facial_skin_concerns,pores,dup_03977,facial_closeup,train,-1,-1,1,-1,-1
5eb587e68ff8ec59,/Users/aryanmalla/PycharmProjects/Skin-Care-AI/dataset_sources/extracted/facial_skin_concerns/dataset/pores/94_PNG_jpg.rf.8db65ba71b53494cbdd93968b17b1433.jpg,facial_skin_concerns,pores,dup_03996,facial_closeup,train,0,0,0,1,0
f7180d9e257fc943,/Users/aryanmalla/PycharmProjects/Skin-Care-AI/dataset_sources/extracted/facial_skin_concerns/dataset/pores/53_PNG_jpg.rf.9d34150f28a271817860392824c6b3e4.jpg,facial_skin_concerns,pores,dup_01261,facial_closeup,train,-1,-1,-1,-1,-1
9f64840f0071ff3c,/Users/aryanmalla/PycharmProjects/Skin-Care-AI/dataset_sources/extracted/facial_skin_concerns/dataset/pores/71_PNG_jpg.rf.5d9ac770648854e24a20855f78b810c7.jpg,facial_skin_concerns,pores,dup_01275,facial_closeup,train,1,0,0,1,0
141111a9150872be,/Users/aryanmalla/PycharmProjects/Skin-Care-AI/dataset_sources/extracted/facial_skin_concerns/dataset/pores/31_PNG_jpg.rf.38dfdc826b673bdf00f36b3edcad9e50.jpg,facial_skin_concerns,pores,dup_01245,facial_closeup,train,0,0,0,1,0
b49374d11cc23d00,/Users/aryanmalla/PycharmProjects/Skin-Care-AI/dataset_sources/extracted/facial_skin_concerns/dataset/pores/23_PNG_jpg.rf.4fbd18b4d524f4ace3e95e1ebbabe936.jpg,facial_skin_concerns,pores,dup_00229,facial_closeup,train,-1,-1,-1,1,-1
636ece3ef7fd9eb4,/Users/aryanmalla/PycharmProjects/Skin-Care-AI/dataset_sources/extracted/facial_skin_concerns/dataset/pores/39_PNG_jpg.rf.3609e6ba98bc4b34d4c306b7154c69b6.jpg,facial_skin_concerns,pores,dup_00335,facial_closeup,train,-1,-1,-1,1,-1
c32dff890898d9b0,/Users/aryanmalla/PycharmProjects/Skin-Care-AI/dataset_sources/extracted/facial_skin_concerns/dataset/pores/35_PNG_jpg.rf.acf5e3724d6dbb2f5c2ab55a9804f416.jpg,facial_skin_concerns,pores,dup_00637,facial_closeup,train,-1,1,-1,-1,-1
2cf8c6e98bfe2180,/Users/aryanmalla/PycharmProjects/Skin-Care-AI/dataset_sources/extracted/facial_skin_concerns/dataset/pores/59_PNG_jpg.rf.717d9c76f3872f063fdeef6abcae2666.jpg,facial_skin_concerns,pores,dup_00654,facial_closeup,train,-1,-1,-1,1,-1
0b0e3cc9553513da,/Users/aryanmalla/PycharmProjects/Skin-Care-AI/dataset_sources/extracted/facial_skin_concerns/dataset/pores/35_PNG_jpg.rf.25893d9e0ca39f4e45c887530fac97a8.jpg,facial_skin_concerns,pores,dup_00078,facial_closeup,train,-1,-1,-1,1,-1
3caae89adc5a6414,/Users/aryanmalla/PycharmProjects/Skin-Care-AI/dataset_sources/extracted/facial_skin_concerns/dataset/pores/29_PNG_jpg.rf.7e04c7fea7093f1052bdb831449cc91c.jpg,facial_skin_concerns,pores,dup_01244,facial_closeup,train,-1,-1,-1,1,-1
928f6329934e7a93,/Users/aryanmalla/PycharmProjects/Skin-Care-AI/dataset_sources/extracted/facial_skin_concerns/dataset/pores/91_PNG_jpg.rf.bd9a0438618e58bd4161c61e6070ab48.jpg,facial_skin_concerns,pores,dup_00663,facial_closeup,train,-1,-1,-1,0,-1
ec0d72f50aca6cd3,/Users/aryanmalla/PycharmProjects/Skin-Care-AI/dataset_sources/extracted/facial_skin_concerns/dataset/pores/73_PNG_jpg.rf.c354afb3701dbc155b0c4e323a7a3f3a.jpg,facial_skin_concerns,pores,dup_03981,facial_closeup,train,-1,-1,-1,1,-1
c82a91f5df4a19ce,/Users/aryanmalla/PycharmProjects/Skin-Care-AI/dataset_sources/extracted/facial_skin_concerns/dataset/pores/34_PNG_jpg.rf.c4b6faa2ffe0e53ea2e285567db3b9ae.jpg,facial_skin_concerns,pores,dup_03953,facial_closeup,train,-1,-1,-1,1,-1
3a62bcf183b463c5,/Users/aryanmalla/PycharmProjects/Skin-Care-AI/dataset_sources/extracted/facial_skin_concerns/dataset/pores/-9_PNG_jpg.rf.3a0ef0af41b683a4e1d06a39b403772e.jpg,facial_skin_concerns,pores,dup_01219,facial_closeup,train,-1,-1,-1,0,-1
57ea9485b8195437,/Users/aryanmalla/PycharmProjects/Skin-Care-AI/dataset_sources/extracted/facial_skin_concerns/dataset/wrinkles/21074_png_jpg.rf.370827383c7ff453eb69c5883e4350ee.jpg,facial_skin_concerns,wrinkles,dup_04020,facial_closeup,train,0,0,0,1,0
8d89af4265a9a423,/Users/aryanmalla/PycharmProjects/Skin-Care-AI/dataset_sources/extracted/facial_skin_concerns/dataset/wrinkles/13_jpeg_jpg.rf.86764d7f264a94d31bf8b0da5e2a72b9.jpg,facial_skin_concerns,wrinkles,dup_00104,facial_closeup,train,1,1,1,1,1
956ea3383f2f0484,/Users/aryanmalla/PycharmProjects/Skin-Care-AI/dataset_sources/extracted/facial_skin_concerns/dataset/wrinkles/56_jpg.rf.b90a4c1601f46a4a08885b5d09274069.jpg,facial_skin_concerns,wrinkles,dup_04109,facial_closeup,train,0,0,0,1,1
dd3a65e5f3873102,/Users/aryanmalla/PycharmProjects/Skin-Care-AI/dataset_sources/extracted/facial_skin_concerns/dataset/wrinkles/271_jpg.rf.7ef09fa03529071e6caf47fffbcd2eaf.jpg,facial_skin_concerns,wrinkles,dup_00671,facial_closeup,train,-1,-1,-1,-1,1
338b60ca37961254,/Users/aryanmalla/PycharmProjects/Skin-Care-AI/dataset_sources/extracted/facial_skin_concerns/dataset/wrinkles/wrinkles131.png,facial_skin_concerns,wrinkles,af6e8af3abd9ce7d5b8b129447e3f9e03d551fd13b7c83dbe9d9d01e460bd2f3,facial_closeup,train,0,0,0,1,1
e406f55b865d1e90,/Users/aryanmalla/PycharmProjects/Skin-Care-AI/dataset_sources/extracted/facial_skin_concerns/dataset/wrinkles/wrinkles92.png,facial_skin_concerns,wrinkles,cdb59eee62059df948f103c3b13d94e04b83dc45ff1957fcc7e31bd00bffd3c8,full_face,train,-1,-1,-1,-1,1
e9fda44a3398a50a,/Users/aryanmalla/PycharmProjects/Skin-Care-AI/dataset_sources/extracted/facial_skin_concerns/dataset/wrinkles/wrinkles155.png,facial_skin_concerns,wrinkles,dup_03348,facial_closeup,train,-1,-1,-1,-1,1
d35bfe639ceb0441,/Users/aryanmalla/PycharmProjects/Skin-Care-AI/dataset_sources/extracted/facial_skin_concerns/dataset/wrinkles/18588_png_jpg.rf.8a2ddf4d7e77250bbe25abe5f8e3e23f.jpg,facial_skin_concerns,wrinkles,dup_04018,facial_closeup,train,-1,-1,-1,-1,1
2f42b46d0ed6039b,/Users/aryanmalla/PycharmProjects/Skin-Care-AI/dataset_sources/extracted/facial_skin_concerns/dataset/wrinkles/80_jpg.rf.ddba0a72eb349dbd6a544d4df30d49d9.jpg,facial_skin_concerns,wrinkles,dup_04175,facial_closeup,train,0,0,0,1,1
f0ff3b99e63d37d6,/Users/aryanmalla/PycharmProjects/Skin-Care-AI/dataset_sources/extracted/facial_skin_concerns/dataset/wrinkles/7_jpeg_jpg.rf.48a243dfe8a09c6a7a8c0cfe4748fd19.jpg,facial_skin_concerns,wrinkles,dup_04173,facial_closeup,train,-1,-1,-1,-1,1
df179a5286bf2ec7,/Users/aryanmalla/PycharmProjects/Skin-Care-AI/dataset_sources/extracted/facial_skin_concerns/dataset/wrinkles/wrinkles48.png,facial_skin_concerns,wrinkles,dup_01331,full_face,train,-1,-1,-1,-1,1
5cc48aa682844d14,/Users/aryanmalla/PycharmProjects/Skin-Care-AI/dataset_sources/extracted/facial_skin_concerns/dataset/wrinkles/wrinkles4.png,facial_skin_concerns,wrinkles,dup_04257,full_face,train,0,1,0,1,1
a2767050f4b03bc5,/Users/aryanmalla/PycharmProjects/Skin-Care-AI/dataset_sources/extracted/facial_skin_concerns/dataset/wrinkles/wrinkles91.png,facial_skin_concerns,wrinkles,dup_03360,facial_closeup,train,-1,-1,-1,-1,1
0fe69fd6758cdf31,/Users/aryanmalla/PycharmProjects/Skin-Care-AI/dataset_sources/extracted/facial_skin_concerns/dataset/wrinkles/wrinkle183.png,facial_skin_concerns,wrinkles,dup_00525,facial_closeup,train,0,0,0,1,1
5bda0fe6e30c1947,/Users/aryanmalla/PycharmProjects/Skin-Care-AI/dataset_sources/extracted/facial_skin_concerns/dataset/wrinkles/wrinkles52.png,facial_skin_concerns,wrinkles,dup_00242,full_face,train,0,1,0,1,1
bbeb9065f0ae23de,/Users/aryanmalla/PycharmProjects/Skin-Care-AI/dataset_sources/extracted/facial_skin_concerns/dataset/wrinkles/26563_png_jpg.rf.6e2cb0eae20603755aae1db45dd4c3fc.jpg,facial_skin_concerns,wrinkles,dup_04030,facial_closeup,train,-1,1,-1,-1,-1
5d349f88773aee70,/Users/aryanmalla/PycharmProjects/Skin-Care-AI/dataset_sources/extracted/facial_skin_concerns/dataset/wrinkles/wrinkle160.png,facial_skin_concerns,wrinkles,e8afa6b085d740913500b1cf84f504328d168003d83ff104b263368f15033962,facial_closeup,train,0,1,0,1,1
eccaab2b00166fd3,/Users/aryanmalla/PycharmProjects/Skin-Care-AI/dataset_sources/extracted/facial_skin_concerns/dataset/wrinkles/wrinkles41.png,facial_skin_concerns,wrinkles,dup_01316,facial_closeup,train,-1,-1,-1,-1,1
624b60b12a7d26d2,/Users/aryanmalla/PycharmProjects/Skin-Care-AI/dataset_sources/extracted/facial_skin_concerns/dataset/wrinkles/wrinkles42.png,facial_skin_concerns,wrinkles,dup_04267,facial_closeup,train,0,1,0,1,1
72cb36c02e4063d8,/Users/aryanmalla/PycharmProjects/Skin-Care-AI/dataset_sources/extracted/facial_skin_concerns/dataset/wrinkles/wrinkles208.png,facial_skin_concerns,wrinkles,bed36c142641512b1df0b72efb939e4409be607660080300e280f187db144aa2,facial_closeup,train,0,1,0,1,1
44005fb35d8472ad,/Users/aryanmalla/PycharmProjects/Skin-Care-AI/dataset_sources/extracted/facial_skin_concerns/dataset/wrinkles/wrinkles122.png,facial_skin_concerns,wrinkles,b168eaa54275cd06dee3a2d42f7cc7be1250384554467e3959c74b245c446d08,full_face,train,0,1,0,1,1
e0fbb61985667f2b,/Users/aryanmalla/PycharmProjects/Skin-Care-AI/dataset_sources/extracted/facial_skin_concerns/dataset/wrinkles/wrinkles198.png,facial_skin_concerns,wrinkles,8a2fb082cf93f710a9077fb300f8b19eb22b08c7fff90a7da4b10820b998d37f,facial_closeup,train,-1,-1,-1,-1,1
4b9d75921b2e100b,/Users/aryanmalla/PycharmProjects/Skin-Care-AI/dataset_sources/extracted/facial_skin_concerns/dataset/wrinkles/26660_png_jpg.rf.b436e32329fc7dcb2437af03454bc478.jpg,facial_skin_concerns,wrinkles,dup_01302,facial_closeup,train,0,0,0,1,0
5bdd41fefc01bb48,/Users/aryanmalla/PycharmProjects/Skin-Care-AI/dataset_sources/extracted/facial_skin_concerns/dataset/wrinkles/4_jpeg.rf.33ad99c4b32264a44cebb9197fcaf07c.jpg,facial_skin_concerns,wrinkles,dup_00242,facial_closeup,train,0,1,0,1,1
300058cb6833a22f,/Users/aryanmalla/PycharmProjects/Skin-Care-AI/dataset_sources/extracted/facial_skin_concerns/dataset/wrinkles/wrinkles20.png,facial_skin_concerns,wrinkles,dup_00699,facial_closeup,train,0,0,0,1,1
00d11dace9c302fd,/Users/aryanmalla/PycharmProjects/Skin-Care-AI/dataset_sources/extracted/facial_skin_concerns/dataset/wrinkles/360_jpg.rf.938924a28a5664d28b947f5f59058645.jpg,facial_skin_concerns,wrinkles,dup_04065,facial_closeup,train,-1,-1,-1,-1,1
5f4fd7cf6881c2ed,/Users/aryanmalla/PycharmProjects/Skin-Care-AI/dataset_sources/extracted/facial_skin_concerns/dataset/wrinkles/wrinkles75.png,facial_skin_concerns,wrinkles,2b6d8fda7f06db4e719734de6b0b187e0f15080db8e02b2437876f67285223aa,full_face,train,0,1,0,1,1
caa89f141d9c2dd7,/Users/aryanmalla/PycharmProjects/Skin-Care-AI/dataset_sources/extracted/facial_skin_concerns/dataset/wrinkles/wrinkles25.png,facial_skin_concerns,wrinkles,dup_00530,facial_closeup,train,-1,-1,-1,-1,1
9a4ff21f0baa93a4,/Users/aryanmalla/PycharmProjects/Skin-Care-AI/dataset_sources/extracted/facial_skin_concerns/dataset/wrinkles/269_jpg.rf.43aeca3959ab8bce3ba3cfe45d56784e.jpg,facial_skin_concerns,wrinkles,dup_04033,full_face,train,0,1,0,1,1
f1a0e9bc67061b17,/Users/aryanmalla/PycharmProjects/Skin-Care-AI/dataset_sources/extracted/facial_skin_concerns/dataset/wrinkles/4_jpg.rf.0423fc1c5ef0c0e8bdb3955560edfe61.jpg,facial_skin_concerns,wrinkles,dup_00022,facial_closeup,train,-1,-1,-1,-1,1
28e4112482dc4591,/Users/aryanmalla/PycharmProjects/Skin-Care-AI/dataset_sources/extracted/facial_skin_concerns/dataset/wrinkles/wrinkles3.png,facial_skin_concerns,wrinkles,dup_00022,facial_closeup,train,0,0,0,1,1
dd9bad2babea8376,/Users/aryanmalla/PycharmProjects/Skin-Care-AI/dataset_sources/extracted/facial_skin_concerns/dataset/wrinkles/364_jpg.rf.c6ee87d75cba14202a24e462b92710f9.jpg,facial_skin_concerns,wrinkles,dup_00343,full_face,train,-1,-1,-1,-1,1
e716dae813df84fa,/Users/aryanmalla/PycharmProjects/Skin-Care-AI/dataset_sources/extracted/facial_skin_concerns/dataset/wrinkles/wrinkles82.png,facial_skin_concerns,wrinkles,dup_03359,full_face,train,-1,-1,-1,-1,1
095365f951c28a36,/Users/aryanmalla/PycharmProjects/Skin-Care-AI/dataset_sources/extracted/facial_skin_concerns/dataset/wrinkles/14101_png_jpg.rf.7ee57d1dfd8eb9961f9669dc20cd6e70.jpg,facial_skin_concerns,wrinkles,dup_04008,full_face,train,-1,1,-1,-1,1
623a0296297d9062,/Users/aryanmalla/PycharmProjects/Skin-Care-AI/dataset_sources/extracted/facial_skin_concerns/dataset/wrinkles/18490_png_jpg.rf.61ce0c03a0209e4bebdf7755a9914a87.jpg,facial_skin_concerns,wrinkles,dup_04017,full_face,train,0,1,0,1,1
fe4ddaeb22f720fe,/Users/aryanmalla/PycharmProjects/Skin-Care-AI/dataset_sources/extracted/facial_skin_concerns/dataset/wrinkles/wrinkles45.png,facial_skin_concerns,wrinkles,dup_03354,full_face,train,-1,-1,-1,-1,1
4a0901b2e217202d,/Users/aryanmalla/PycharmProjects/Skin-Care-AI/dataset_sources/extracted/facial_skin_concerns/dataset/wrinkles/wrinkles43.png,facial_skin_concerns,wrinkles,61b44f3d201c9c17f8004591c596fc8e9c34635beb60ef788b16ac5430b7dc21,facial_closeup,train,0,0,0,1,1
f0c7bd9fa48da470,/Users/aryanmalla/PycharmProjects/Skin-Care-AI/dataset_sources/extracted/facial_skin_concerns/dataset/wrinkles/wrinkles90.png,facial_skin_concerns,wrinkles,23d65a1ee05291f3a68b2410d5e9aed5b2f0b20d92c545846e98f1fe1598b57f,facial_closeup,train,-1,-1,-1,-1,0
28968516cf67fd77,/Users/aryanmalla/PycharmProjects/Skin-Care-AI/dataset_sources/extracted/facial_skin_concerns/dataset/wrinkles/54_jpg.rf.c783764b238796cfcffe613b79c5bbf8.jpg,facial_skin_concerns,wrinkles,dup_00683,full_face,train,0,0,0,0,1
37188ef727b2d4da,/Users/aryanmalla/PycharmProjects/Skin-Care-AI/dataset_sources/extracted/facial_skin_concerns/dataset/wrinkles/wrinkles153.png,facial_skin_concerns,wrinkles,dup_03347,facial_closeup,train,0,0,0,1,1
b880f9d1aba30550,/Users/aryanmalla/PycharmProjects/Skin-Care-AI/dataset_sources/extracted/facial_skin_concerns/dataset/wrinkles/587c120e4f34f605445d3100b462decb_jpg.rf.4b9f02efb828757fe65ff3a4e01b0b00.jpg,facial_skin_concerns,wrinkles,dup_04117,full_face,train,-1,-1,-1,-1,1
171cf83f326b1799,/Users/aryanmalla/PycharmProjects/Skin-Care-AI/dataset_sources/extracted/facial_skin_concerns/dataset/wrinkles/wrinkles110.png,facial_skin_concerns,wrinkles,dup_00195,facial_closeup,train,0,0,0,1,1
459b23ad0d4088a0,/Users/aryanmalla/PycharmProjects/Skin-Care-AI/dataset_sources/extracted/facial_skin_concerns/dataset/wrinkles/wrinkles16.png,facial_skin_concerns,wrinkles,dup_04265,full_face,train,0,0,0,1,1
6b4d1c388b446648,/Users/aryanmalla/PycharmProjects/Skin-Care-AI/dataset_sources/extracted/facial_skin_concerns/dataset/wrinkles/wrinkles94.png,facial_skin_concerns,wrinkles,36e81b709eff7948152b4228a26fbbf6f682076aeba9bdf8de5b08f9babce059,full_face,train,0,1,0,1,1
8b64a52d704863cf,/Users/aryanmalla/PycharmProjects/Skin-Care-AI/dataset_sources/extracted/facial_skin_concerns/dataset/wrinkles/wrinkles28.png,facial_skin_concerns,wrinkles,2f4be19fc394d77ae9d659c364c229e615c03e59d909132c15e5f9641194f50a,full_face,train,0,1,0,1,1
8fa46054905dbd1b,/Users/aryanmalla/PycharmProjects/Skin-Care-AI/dataset_sources/extracted/facial_skin_concerns/dataset/wrinkles/wrinkles207.png,facial_skin_concerns,wrinkles,a0758e58cdb3aaa08b1261bce37a460772ed4199b7a10cc4ef2dafd0bebe8180,full_face,train,0,1,0,1,1
6d33b0c487555e77,/Users/aryanmalla/PycharmProjects/Skin-Care-AI/dataset_sources/extracted/facial_skin_concerns/dataset/wrinkles/Wrinkles_158_jpeg.rf.ba05f4d0f73650fed24bd1316c7c34c4.jpg,facial_skin_concerns,wrinkles,dup_00022,facial_closeup,train,0,1,0,1,1
a937bad4ace1b018,/Users/aryanmalla/PycharmProjects/Skin-Care-AI/dataset_sources/extracted/facial_skin_concerns/dataset/wrinkles/wrinkles99.png,facial_skin_concerns,wrinkles,b56a364e94f501ef1346f19995b23ebfb70a4cf575766fe96f31acc29c707667,full_face,train,-1,-1,-1,-1,1
bfad9493adf8f507,/Users/aryanmalla/PycharmProjects/Skin-Care-AI/dataset_sources/extracted/facial_skin_concerns/dataset/wrinkles/wrinkles39.png,facial_skin_concerns,wrinkles,9f4f2c2e3dd4c56ae63f89bade8a5a70ff4dd67ee704d4e78d94e1c429c39ab0,full_face,train,-1,-1,-1,-1,1
8b088209bcc54f24,/Users/aryanmalla/PycharmProjects/Skin-Care-AI/dataset_sources/extracted/facial_skin_concerns/dataset/wrinkles/wrinkle178.png,facial_skin_concerns,wrinkles,6bb70bf4d8b5f8b56c2f5b3e23d473d1894a44425dea4ae03e1a1429689e3f27,full_face,train,0,1,0,1,1
336f4942f099ead8,/Users/aryanmalla/PycharmProjects/Skin-Care-AI/dataset_sources/extracted/facial_skin_concerns/dataset/wrinkles/64_jpg.rf.f0270619f905e59fc54ca7be14a21c4d.jpg,facial_skin_concerns,wrinkles,dup_01320,full_face,train,0,0,0,1,1
f635d9b32c3856cf,/Users/aryanmalla/PycharmProjects/Skin-Care-AI/dataset_sources/extracted/facial_skin_concerns/dataset/wrinkles/13_jpeg_jpg.rf.fdc92205a86fb0f9b75f2ab73e177339.jpg,facial_skin_concerns,wrinkles,dup_00104,full_face,train,-1,1,-1,-1,1
0bd8d0dbcdca7d31,/Users/aryanmalla/PycharmProjects/Skin-Care-AI/dataset_sources/extracted/facial_skin_concerns/dataset/wrinkles/261_jpg.rf.782e7267e4723ec86179ef01793984b0.jpg,facial_skin_concerns,wrinkles,dup_00105,facial_closeup,train,1,1,0,1,1
5c3f7d9961fdeffd,/Users/aryanmalla/PycharmProjects/Skin-Care-AI/dataset_sources/extracted/facial_skin_concerns/dataset/wrinkles/wrinkles93.png,facial_skin_concerns,wrinkles,1783d8d9b03ed281d5e78666d4ac514a9ff3a8ff87339169d67b738a047c9732,facial_closeup,train,0,0,0,1,1
61591c2932711eb4,/Users/aryanmalla/PycharmProjects/Skin-Care-AI/dataset_sources/extracted/facial_skin_concerns/dataset/wrinkles/wrinkles111.png,facial_skin_concerns,wrinkles,d699e63b209e76ebc021e02a4ae1a4df3ad8a7af56e6f2793157459c833e19da,full_face,train,0,1,0,1,1
c310284ac5838de3,/Users/aryanmalla/PycharmProjects/Skin-Care-AI/dataset_sources/extracted/facial_skin_concerns/dataset/wrinkles/wrinkles96.png,facial_skin_concerns,wrinkles,accd38d2cba09f832a6034df9c6e1ddd4515e5e67e44c1d2e67fbb13eac541aa,full_face,train,-1,-1,-1,-1,1
b1b801bd80bbf5cc,/Users/aryanmalla/PycharmProjects/Skin-Care-AI/dataset_sources/extracted/facial_skin_concerns/dataset/wrinkles/wrinkles79.png,facial_skin_concerns,wrinkles,7ec0db69ed7bf490dfdfee5a3c561747c7c4c107087c60d0d318f6afefe81cb5,full_face,train,-1,-1,-1,-1,1
d06901122d30d77a,/Users/aryanmalla/PycharmProjects/Skin-Care-AI/dataset_sources/extracted/facial_skin_concerns/dataset/wrinkles/wrinkles123.png,facial_skin_concerns,wrinkles,9c9ab29b43e2fd0eacd39cc1bcb69031e288be8945d88b7fa5d593a3ed516f53,facial_closeup,train,-1,-1,-1,-1,1
4c08ded8bf956c8f,/Users/aryanmalla/PycharmProjects/Skin-Care-AI/dataset_sources/extracted/facial_skin_concerns/dataset/wrinkles/wrinkles7.png,facial_skin_concerns,wrinkles,a525a4a5fb7e9fa79b37107e80b8735f513df6b83974af3ea06c6bf32bc53844,full_face,train,0,0,0,1,1
77b8e44206af11c2,/Users/aryanmalla/PycharmProjects/Skin-Care-AI/dataset_sources/extracted/facial_skin_concerns/dataset/wrinkles/wrinkle187.png,facial_skin_concerns,wrinkles,373684f5c2ceaefded8971d01e76bcf8237dd30d0398aa8e498cb102369e6976,facial_closeup,train,0,1,0,1,1
dbcbbbcaf3ae1f67,/Users/aryanmalla/PycharmProjects/Skin-Care-AI/dataset_sources/extracted/facial_skin_concerns/dataset/wrinkles/wrinkles119.png,facial_skin_concerns,wrinkles,bdc848f677e98258ab12ba6b5697caae2fdb98c278f5eb86cc4cdd0b581de4e5,full_face,train,-1,1,-1,-1,1
6a1de6ffaed3eaac,/Users/aryanmalla/PycharmProjects/Skin-Care-AI/dataset_sources/extracted/facial_skin_concerns/dataset/wrinkles/185_jpg.rf.0355d686b24741f5ebfdd247515c21d4.jpg,facial_skin_concerns,wrinkles,dup_00063,facial_closeup,train,0,0,0,1,1
8fc25023302d4e94,/Users/aryanmalla/PycharmProjects/Skin-Care-AI/dataset_sources/extracted/facial_skin_concerns/dataset/wrinkles/wrinkles209.png,facial_skin_concerns,wrinkles,dup_03392,facial_closeup,train,0,1,0,1,1
1bffd244d5979894,/Users/aryanmalla/PycharmProjects/Skin-Care-AI/dataset_sources/extracted/facial_skin_concerns/dataset/wrinkles/52_jpg.rf.1f1de4e63b68a5d7f60893d5aa61d2e4.jpg,facial_skin_concerns,wrinkles,dup_00349,full_face,train,0,0,0,1,1
9092d4fd75e5f187,/Users/aryanmalla/PycharmProjects/Skin-Care-AI/dataset_sources/extracted/facial_skin_concerns/dataset/wrinkles/wrinkles210.png,facial_skin_concerns,wrinkles,8160458f2cd67a6e51ecba5afda42b8820db68840363125deb86b16dc3d89b18,facial_closeup,train,0,1,0,1,1
76ece46a5b5b00bc,/Users/aryanmalla/PycharmProjects/Skin-Care-AI/dataset_sources/extracted/facial_skin_concerns/dataset/wrinkles/wrinkle159.png,facial_skin_concerns,wrinkles,e14aa34bde832a3fc2bc74fedd27fbb56382a4f64d22c3af649d08eeb0c7134d,facial_closeup,train,0,1,0,1,1
3bf416b8668e8db9,/Users/aryanmalla/PycharmProjects/Skin-Care-AI/dataset_sources/extracted/facial_skin_concerns/dataset/wrinkles/26865_png_jpg.rf.9109e9778f9a24703b8dec7b755212e6.jpg,facial_skin_concerns,wrinkles,dup_04032,facial_closeup,train,0,0,0,1,1
1946d0d281ff3029,/Users/aryanmalla/PycharmProjects/Skin-Care-AI/dataset_sources/extracted/facial_skin_concerns/dataset/wrinkles/wrinkles148.png,facial_skin_concerns,wrinkles,1eebd1f071e14daab28150de2bd10e8b70436fb44f7bca51036215532bec9389,facial_closeup,train,0,0,0,1,1
0243263b9323c235,/Users/aryanmalla/PycharmProjects/Skin-Care-AI/dataset_sources/extracted/facial_skin_concerns/dataset/wrinkles/14_jpeg_jpg.rf.4963d7e70d449ef1df6f9d729c14bb4f.jpg,facial_skin_concerns,wrinkles,dup_00668,full_face,train,-1,1,-1,-1,1
e9feceb195941763,/Users/aryanmalla/PycharmProjects/Skin-Care-AI/dataset_sources/extracted/facial_skin_concerns/dataset/wrinkles/52_jpg.rf.f42322dcf1b5a46992aa536ef4829b64.jpg,facial_skin_concerns,wrinkles,dup_00349,full_face,train,-1,-1,-1,-1,1
967f31f8bf542946,/Users/aryanmalla/PycharmProjects/Skin-Care-AI/dataset_sources/extracted/facial_skin_concerns/dataset/wrinkles/wrinkles86.png,facial_skin_concerns,wrinkles,bad4ae3c28739fb5e6d4de3040bde733d115d4f58a90c426e18905a42711b2e8,facial_closeup,train,0,1,0,1,1
52a94114192a2d7c,/Users/aryanmalla/PycharmProjects/Skin-Care-AI/dataset_sources/extracted/facial_skin_concerns/dataset/wrinkles/66_jpg.rf.2c75f1f326bb65734deed60bb16348d9.jpg,facial_skin_concerns,wrinkles,dup_00350,full_face,train,0,0,0,0,1
6210e51d215f474c,/Users/aryanmalla/PycharmProjects/Skin-Care-AI/dataset_sources/extracted/facial_skin_concerns/dataset/wrinkles/wrinkles76.png,facial_skin_concerns,wrinkles,30e1d5ae3caab5b8d55c313be19e5c6ae4cf1a212fe05aebd9649e5dea285a89,full_face,train,0,0,0,1,1
d11a1d8b5667ef4c,/Users/aryanmalla/PycharmProjects/Skin-Care-AI/dataset_sources/extracted/facial_skin_concerns/dataset/wrinkles/6_jpeg_jpg.rf.cde00279afbf35c2fca22f15c62611ca.jpg,facial_skin_concerns,wrinkles,dup_04154,facial_closeup,train,-1,-1,-1,-1,1
b57d4d91ade59bff,/Users/aryanmalla/PycharmProjects/Skin-Care-AI/dataset_sources/extracted/facial_skin_concerns/dataset/wrinkles/58_jpg.rf.30fc5100deac555ffb5c0fc816a3e206.jpg,facial_skin_concerns,wrinkles,dup_01316,facial_closeup,train,-1,-1,-1,-1,1
4aa70e01a3f773ab,/Users/aryanmalla/PycharmProjects/Skin-Care-AI/dataset_sources/extracted/facial_skin_concerns/dataset/wrinkles/74_jpg.rf.ae70bda0e95123afa3212efb6dbd2dc6.jpg,facial_skin_concerns,wrinkles,dup_04163,facial_closeup,train,0,0,0,1,1
3f3498457c5007ca,/Users/aryanmalla/PycharmProjects/Skin-Care-AI/dataset_sources/extracted/facial_skin_concerns/dataset/wrinkles/wrinkles70.png,facial_skin_concerns,wrinkles,297d1a7be63077823cc6cc63fbb4336f9454506239f27b166eb0706d9ca9d468,full_face,train,0,0,0,1,1
c8a9f234e4e75107,/Users/aryanmalla/PycharmProjects/Skin-Care-AI/dataset_sources/extracted/facial_skin_concerns/dataset/wrinkles/wrinkles7_jpg.rf.7cf1d7b4fe6fb10c00fcd7a9fc69f3c2.jpg,facial_skin_concerns,wrinkles,dup_01337,facial_closeup,train,-1,-1,-1,-1,1
6744af381187da7b,/Users/aryanmalla/PycharmProjects/Skin-Care-AI/dataset_sources/extracted/facial_skin_concerns/dataset/wrinkles/wrinkles202.png,facial_skin_concerns,wrinkles,065047b06e18a643eafa78a1df72d590340997717e6e477057bb0a8d56cdfcd0,facial_closeup,train,0,1,0,1,1
41f96afe4972ab19,/Users/aryanmalla/PycharmProjects/Skin-Care-AI/dataset_sources/extracted/facial_skin_concerns/dataset/wrinkles/26664_png_jpg.rf.6c0441c95ff751ff0610e93fdf58d011.jpg,facial_skin_concerns,wrinkles,dup_04031,facial_closeup,train,0,0,0,1,1
f3be85caf0acd947,/Users/aryanmalla/PycharmProjects/Skin-Care-AI/dataset_sources/extracted/facial_skin_concerns/dataset/wrinkles/wrinkles78.png,facial_skin_concerns,wrinkles,3864d96820db3c5f0d09e215a407455db044c2a197aefb4790c99e7eb9c736ef,facial_closeup,train,-1,-1,-1,-1,1
d620dfe38f2cdd2d,/Users/aryanmalla/PycharmProjects/Skin-Care-AI/dataset_sources/extracted/facial_skin_concerns/dataset/wrinkles/39_jpg.rf.c7145d08ea7d94c114a4e77358d8bf17.jpg,facial_skin_concerns,wrinkles,dup_01306,full_face,train,-1,-1,-1,-1,1
dbaf9079ae89c6fe,/Users/aryanmalla/PycharmProjects/Skin-Care-AI/dataset_sources/extracted/facial_skin_concerns/dataset/wrinkles/37_jpeg_jpg.rf.3da8441cb755f1230cedffa52b4a2be2.jpg,facial_skin_concerns,wrinkles,dup_04070,full_face,train,-1,-1,-1,-1,1
004b097771531ae6,/Users/aryanmalla/PycharmProjects/Skin-Care-AI/dataset_sources/extracted/facial_skin_concerns/dataset/wrinkles/wrinkles124.png,facial_skin_concerns,wrinkles,dup_03391,facial_closeup,train,1,1,0,1,1
dae6aca4a3941ccb,/Users/aryanmalla/PycharmProjects/Skin-Care-AI/dataset_sources/extracted/facial_skin_concerns/dataset/wrinkles/wrinkle188.png,facial_skin_concerns,wrinkles,55df35a0e79fedbf79f0e6d1033bfcf0b1dfafd8bf8513d263d6aa9462eedf03,facial_closeup,train,-1,-1,-1,-1,1
145bf146aed6dd61,/Users/aryanmalla/PycharmProjects/Skin-Care-AI/dataset_sources/extracted/facial_skin_concerns/dataset/wrinkles/20787_png_jpg.rf.d26d48746dc648b210dfd6557dfec28d.jpg,facial_skin_concerns,wrinkles,dup_04019,facial_closeup,train,0,0,1,1,1
8d4d820e74bf974e,/Users/aryanmalla/PycharmProjects/Skin-Care-AI/dataset_sources/extracted/facial_skin_concerns/dataset/wrinkles/wrinkles2.png,facial_skin_concerns,wrinkles,dup_00196,facial_closeup,train,0,1,0,1,1
e006b415cdfdb2bd,/Users/aryanmalla/PycharmProjects/Skin-Care-AI/dataset_sources/extracted/facial_skin_concerns/dataset/wrinkles/67_jpg.rf.549b98cd7b773a9c34d0ba050ea841a5.jpg,facial_skin_concerns,wrinkles,dup_04145,facial_closeup,train,-1,-1,-1,-1,1
b97eeb6e90e3407b,/Users/aryanmalla/PycharmProjects/Skin-Care-AI/dataset_sources/extracted/facial_skin_concerns/dataset/wrinkles/3_jpg.rf.91278f0bdb35d37ca3dd71ea6b564350.jpg,facial_skin_concerns,wrinkles,dup_00241,facial_closeup,train,-1,-1,-1,-1,1
51e236ac3b73f2e3,/Users/aryanmalla/PycharmProjects/Skin-Care-AI/dataset_sources/extracted/facial_skin_concerns/dataset/wrinkles/57_jpg.rf.c0d7197364e0187ef574fcfe82a2303f.jpg,facial_skin_concerns,wrinkles,dup_04112,facial_closeup,train,0,0,0,1,1
484b5fd3e66257e5,/Users/aryanmalla/PycharmProjects/Skin-Care-AI/dataset_sources/extracted/facial_skin_concerns/dataset/wrinkles/64_jpg.rf.0730b85487982058776c0794bcf325d3.jpg,facial_skin_concerns,wrinkles,dup_04138,facial_closeup,train,0,0,0,1,1
0ad2c23d0204103a,/Users/aryanmalla/PycharmProjects/Skin-Care-AI/dataset_sources/extracted/facial_skin_concerns/dataset/wrinkles/wrinkles55.png,facial_skin_concerns,wrinkles,5e7781637263d93216a95f0fdd4ab9282dacc778aed362a46745acae57b563f6,facial_closeup,train,0,1,0,1,1
7f3dafa1d9452cad,/Users/aryanmalla/PycharmProjects/Skin-Care-AI/dataset_sources/extracted/facial_skin_concerns/dataset/wrinkles/wrinkles62.png,facial_skin_concerns,wrinkles,dup_01336,full_face,train,1,1,0,1,1
23ba2b5939d4e2b4,/Users/aryanmalla/PycharmProjects/Skin-Care-AI/dataset_sources/extracted/facial_skin_concerns/dataset/wrinkles/86_jpg.rf.ad041da117196c1e4925fc45b8804b6a.jpg,facial_skin_concerns,wrinkles,dup_01328,full_face,train,0,0,0,0,1
278cd25fb0e6b714,/Users/aryanmalla/PycharmProjects/Skin-Care-AI/dataset_sources/extracted/facial_skin_concerns/dataset/wrinkles/wrinkle177.png,facial_skin_concerns,wrinkles,2d98fc2b3571f17dbe6aa7ad4a3876dbb2375aafb1279589120e1168a4e538d3,facial_closeup,train,0,0,0,1,1
e5b6c0f900f303dd,/Users/aryanmalla/PycharmProjects/Skin-Care-AI/dataset_sources/extracted/facial_skin_concerns/dataset/wrinkles/wrinkles83.png,facial_skin_concerns,wrinkles,dup_01335,full_face,train,-1,-1,-1,-1,1
91fe3a6af3524fb4,/Users/aryanmalla/PycharmProjects/Skin-Care-AI/dataset_sources/extracted/facial_skin_concerns/dataset/wrinkles/86_jpg.rf.17c09e772a052a016e1ca8db698f9ed6.jpg,facial_skin_concerns,wrinkles,dup_04186,full_face,train,0,1,0,1,1
b33e0d6afdfa7d87,/Users/aryanmalla/PycharmProjects/Skin-Care-AI/dataset_sources/extracted/facial_skin_concerns/dataset/wrinkles/97_jpg.rf.55195991bfa77e2a45a2f95fad3e3d96.jpg,facial_skin_concerns,wrinkles,dup_00695,full_face,train,-1,-1,-1,-1,1
93a0554ddff2d250,/Users/aryanmalla/PycharmProjects/Skin-Care-AI/dataset_sources/extracted/facial_skin_concerns/dataset/wrinkles/wrinkle180.png,facial_skin_concerns,wrinkles,15ca661e797f851cf1774cbcd520b529a2ce1239bf19edfcc9b99d6a4efa7974,facial_closeup,train,0,1,0,1,1
0c581e76f2834ea5,/Users/aryanmalla/PycharmProjects/Skin-Care-AI/dataset_sources/extracted/facial_skin_concerns/dataset/wrinkles/26183_png_jpg.rf.117ee8820ab6302ce8c289c324562f5a.jpg,facial_skin_concerns,wrinkles,dup_04027,facial_closeup,train,0,0,0,1,1
2cf5881b19498aab,/Users/aryanmalla/PycharmProjects/Skin-Care-AI/dataset_sources/extracted/facial_skin_concerns/dataset/wrinkles/wrinkles115.png,facial_skin_concerns,wrinkles,1c416d802007893e689d6588f1f046739d4e86ec4c7985b4c13aa8a3ace414e7,facial_closeup,train,0,0,0,1,1
a5a822475355cf90,/Users/aryanmalla/PycharmProjects/Skin-Care-AI/dataset_sources/extracted/facial_skin_concerns/dataset/wrinkles/wrinkle184.png,facial_skin_concerns,wrinkles,42d6d9f7791a3fdc55c78475bd554d69cc96a4e1f86f348b79a7cbd67f99f32d,full_face,train,-1,-1,-1,-1,1
77a161ce2fc66303,/Users/aryanmalla/PycharmProjects/Skin-Care-AI/dataset_sources/extracted/facial_skin_concerns/dataset/wrinkles/29_jpeg.rf.8b944d6004b935428eebaab1f4508de1.jpg,facial_skin_concerns,wrinkles,dup_04049,facial_closeup,train,0,0,0,1,1
d34d6ab6a0deae6b,/Users/aryanmalla/PycharmProjects/Skin-Care-AI/dataset_sources/extracted/facial_skin_concerns/dataset/wrinkles/49_jpg.rf.25dcd0f83ffe32f6f623aa4e83fcf359.jpg,facial_skin_concerns,wrinkles,dup_04090,facial_closeup,train,-1,-1,-1,-1,1
2c376bb019b61b8b,/Users/aryanmalla/PycharmProjects/Skin-Care-AI/dataset_sources/extracted/facial_skin_concerns/dataset/wrinkles/wrinkles95.png,facial_skin_concerns,wrinkles,bded34a480b2db14b0d94bf3b616e18f0bc6a1563a0cfda35fbcbc6b253c4312,full_face,train,0,0,0,0,1
9ca6c60f44e740a8,/Users/aryanmalla/PycharmProjects/Skin-Care-AI/dataset_sources/extracted/facial_skin_concerns/dataset/wrinkles/wrinkles60.png,facial_skin_concerns,wrinkles,c8b428d190b6dceb5a914f88f49cad506aa19c639def0453032986451724c27a,full_face,train,0,1,0,1,1
911c6d555d699452,/Users/aryanmalla/PycharmProjects/Skin-Care-AI/dataset_sources/extracted/facial_skin_concerns/dataset/wrinkles/13706_png_jpg.rf.c53bbbcd89c10234c4530ddd6c2a36a7.jpg,facial_skin_concerns,wrinkles,dup_04007,facial_closeup,train,0,1,0,1,1
c00b0082f27d9602,/Users/aryanmalla/PycharmProjects/Skin-Care-AI/dataset_sources/extracted/facial_skin_concerns/dataset/wrinkles/wrinkle171.png,facial_skin_concerns,wrinkles,dup_01334,full_face,train,-1,-1,-1,-1,1
a55b10197e3fdc06,/Users/aryanmalla/PycharmProjects/Skin-Care-AI/dataset_sources/extracted/facial_skin_concerns/dataset/wrinkles/wrinkle172.png,facial_skin_concerns,wrinkles,c6b77fb359e771a07bf4d63ab1fd995787685fc6a414d6db08daf6586d665d4d,full_face,train,-1,-1,-1,-1,1
90cff434448b1d8c,/Users/aryanmalla/PycharmProjects/Skin-Care-AI/dataset_sources/extracted/facial_skin_concerns/dataset/wrinkles/wrinkle179.png,facial_skin_concerns,wrinkles,25bdc42b77cc08d137839920c646a4d3b7d3a7802931b833e305eeb5538c89f2,facial_closeup,train,0,1,0,1,1
2420d353d63e7c42,/Users/aryanmalla/PycharmProjects/Skin-Care-AI/dataset_sources/extracted/facial_skin_concerns/dataset/wrinkles/57_jpg.rf.c3b14c7fc09536e37853bf81de55f93f.jpg,facial_skin_concerns,wrinkles,dup_04113,facial_closeup,train,0,0,0,0,1
e904899793321a05,/Users/aryanmalla/PycharmProjects/Skin-Care-AI/dataset_sources/extracted/facial_skin_concerns/dataset/wrinkles/wrinkles137.png,facial_skin_concerns,wrinkles,8432644f8e2a313dddc9b220d4a12869e06580f154978fa4aa77cd8094cb29c5,facial_closeup,train,-1,-1,-1,-1,1
1030b16869dc78f3,/Users/aryanmalla/PycharmProjects/Skin-Care-AI/dataset_sources/extracted/facial_skin_concerns/dataset/wrinkles/70_jpg.rf.6bab7d5e8df33a218dabc6ecbd66a699.jpg,facial_skin_concerns,wrinkles,dup_04156,full_face,train,0,0,0,0,1
692c0b77f633c76c,/Users/aryanmalla/PycharmProjects/Skin-Care-AI/dataset_sources/extracted/facial_skin_concerns/dataset/wrinkles/wrinkle163.png,facial_skin_concerns,wrinkles,95f6b345a94e09eec7f41cd0a33fb57647978d3136cefe95929cc5088368028e,full_face,train,1,1,0,1,1
a90b9ebadb8cdfcc,/Users/aryanmalla/PycharmProjects/Skin-Care-AI/dataset_sources/extracted/facial_skin_concerns/dataset/wrinkles/270_jpg.rf.ce1e604f790a24796b04719fb97a3956.jpg,facial_skin_concerns,wrinkles,dup_04039,facial_closeup,train,-1,-1,-1,-1,1
2448d8af0cf2e7d0,/Users/aryanmalla/PycharmProjects/Skin-Care-AI/dataset_sources/extracted/facial_skin_concerns/dataset/wrinkles/27994_png_jpg.rf.4b66106a72822f585bcd5ff7c93a0fc6.jpg,facial_skin_concerns,wrinkles,dup_04043,facial_closeup,train,0,0,0,1,1
fa500dcd7f3cd3b9,/Users/aryanmalla/PycharmProjects/Skin-Care-AI/dataset_sources/extracted/facial_skin_concerns/dataset/wrinkles/14_jpeg_jpg.rf.a70134b63e4bcda3932d1150aa626a13.jpg,facial_skin_concerns,wrinkles,dup_00668,full_face,train,-1,-1,-1,-1,1
97f9464924439467,/Users/aryanmalla/PycharmProjects/Skin-Care-AI/dataset_sources/extracted/facial_skin_concerns/dataset/wrinkles/wrinkles64.png,facial_skin_concerns,wrinkles,57545ed94fa02cb986c845c6248af7789b81ee5f4a5530498b40b184aa0eecf4,facial_closeup,train,0,1,0,1,1
2c9b0e738f2407db,/Users/aryanmalla/PycharmProjects/Skin-Care-AI/dataset_sources/extracted/facial_skin_concerns/dataset/wrinkles/27_jpg.rf.61b0970aa6aaf178d31e77dbd0b14dce.jpg,facial_skin_concerns,wrinkles,dup_00022,facial_closeup,train,0,0,0,1,1
4778d63a73a253c1,/Users/aryanmalla/PycharmProjects/Skin-Care-AI/dataset_sources/extracted/facial_skin_concerns/dataset/wrinkles/72_jpg.rf.1843425df554c3ee693c349f3c0d640c.jpg,facial_skin_concerns,wrinkles,dup_04160,facial_closeup,train,0,0,0,0,1
5313ebed3d0db89d,/Users/aryanmalla/PycharmProjects/Skin-Care-AI/dataset_sources/extracted/facial_skin_concerns/dataset/wrinkles/18186_png_jpg.rf.5c3f6668ceb75aa8fd9c18e7eb3ba7f6.jpg,facial_skin_concerns,wrinkles,dup_01298,facial_closeup,train,0,0,0,1,1
a51f67ba8fd66025,/Users/aryanmalla/PycharmProjects/Skin-Care-AI/dataset_sources/extracted/facial_skin_concerns/dataset/wrinkles/57_jpg.rf.48aaac8c2fc80515f6edc85293d75b3a.jpg,facial_skin_concerns,wrinkles,dup_00685,facial_closeup,train,-1,-1,-1,-1,1
ee5f075aad9d6d63,/Users/aryanmalla/PycharmProjects/Skin-Care-AI/dataset_sources/extracted/facial_skin_concerns/dataset/wrinkles/34_jpg.rf.c96b652782439c1ee205a7b0288e09cb.jpg,facial_skin_concerns,wrinkles,dup_00676,facial_closeup,train,-1,-1,-1,-1,0
41c058c8be97df6d,/Users/aryanmalla/PycharmProjects/Skin-Care-AI/dataset_sources/extracted/facial_skin_concerns/dataset/wrinkles/53_jpg.rf.38ad09c1f7e4ea0c8c269d551cc28635.jpg,facial_skin_concerns,wrinkles,dup_04102,facial_closeup,train,0,0,0,0,1
3c3c5429f4056a2e,/Users/aryanmalla/PycharmProjects/Skin-Care-AI/dataset_sources/extracted/facial_skin_concerns/dataset/wrinkles/182_jpg.rf.4ce8f95bd7892a0914790b2aec3725f8.jpg,facial_skin_concerns,wrinkles,dup_01299,full_face,train,0,0,0,0,1
58817f0f090466f8,/Users/aryanmalla/PycharmProjects/Skin-Care-AI/dataset_sources/extracted/facial_skin_concerns/dataset/wrinkles/51_jpg.rf.2f92dbc8685d0c5add83a97f09109ddb.jpg,facial_skin_concerns,wrinkles,dup_00682,full_face,train,0,0,0,1,1
d2099d97e415c0d7,/Users/aryanmalla/PycharmProjects/Skin-Care-AI/dataset_sources/extracted/facial_skin_concerns/dataset/wrinkles/57_jpg.rf.c4c49b4de6aad2033feb4894a1c96ad9.jpg,facial_skin_concerns,wrinkles,dup_00685,facial_closeup,train,-1,-1,-1,-1,1
63614f0c3bb9ef11,/Users/aryanmalla/PycharmProjects/Skin-Care-AI/dataset_sources/extracted/facial_skin_concerns/dataset/wrinkles/9_jpeg_jpg.rf.b64fdc3199e861e8081afe4def1e3bce.jpg,facial_skin_concerns,wrinkles,dup_00696,full_face,train,0,0,0,1,0
840928b06a4f99af,/Users/aryanmalla/PycharmProjects/Skin-Care-AI/dataset_sources/extracted/facial_skin_concerns/dataset/wrinkles/wrinkle164.png,facial_skin_concerns,wrinkles,0c0258d586a465fd80231a6cd09337cff09d18ec959ade8c679dc93fcf33439d,full_face,train,0,1,1,1,1
d65d66d03d7e9b5f,/Users/aryanmalla/PycharmProjects/Skin-Care-AI/dataset_sources/extracted/facial_skin_concerns/dataset/wrinkles/56_jpg.rf.835c20beceff5181d849bd896a1ffe03.jpg,facial_skin_concerns,wrinkles,dup_01315,full_face,train,-1,-1,-1,-1,1
46329d97926c88a0,/Users/aryanmalla/PycharmProjects/Skin-Care-AI/dataset_sources/extracted/facial_skin_concerns/dataset/wrinkles/34_jpg.rf.3c8192c1870674bb2135c34b116b9bbf.jpg,facial_skin_concerns,wrinkles,dup_00676,facial_closeup,train,0,1,0,1,1
55e0aecd28ae2a3e,/Users/aryanmalla/PycharmProjects/Skin-Care-AI/dataset_sources/extracted/facial_skin_concerns/dataset/wrinkles/60_png.rf.6a0dcfa6853206cbd36785297e8fe660.jpg,facial_skin_concerns,wrinkles,dup_00689,full_face,train,0,0,0,1,1
7770e7581fbe8f7f,/Users/aryanmalla/PycharmProjects/Skin-Care-AI/dataset_sources/extracted/facial_skin_concerns/dataset/wrinkles/349_jpg.rf.eb3d0ad54bb9ce7eecae56fbee3ed7a9.jpg,facial_skin_concerns,wrinkles,dup_04055,full_face,train,0,0,0,1,0
f2f36ffa858a706b,/Users/aryanmalla/PycharmProjects/Skin-Care-AI/dataset_sources/extracted/facial_skin_concerns/dataset/wrinkles/265_jpeg.rf.1696b74f6bb2022b450b4d43a0b66b77.jpg,facial_skin_concerns,wrinkles,dup_01301,full_face,train,-1,-1,-1,-1,1
1d9c22abe9448882,/Users/aryanmalla/PycharmProjects/Skin-Care-AI/dataset_sources/extracted/facial_skin_concerns/dataset/wrinkles/GetFile_jpg.rf.610af7d5d994ab2cf59e1fc03bbdd84f.jpg,facial_skin_concerns,wrinkles,dup_04218,full_face,train,0,0,0,1,1
bc7ae3f9f39c3fd2,/Users/aryanmalla/PycharmProjects/Skin-Care-AI/dataset_sources/extracted/facial_skin_concerns/dataset/wrinkles/51_jpg.rf.10060cfb6463aa51f48f2746c61cf4f8.jpg,facial_skin_concerns,wrinkles,dup_00682,full_face,train,-1,-1,-1,-1,1
5494c60c0f75e4f6,/Users/aryanmalla/PycharmProjects/Skin-Care-AI/dataset_sources/extracted/facial_skin_concerns/dataset/wrinkles/12_jpeg.rf.9191396a707e02e3c3c9579982a35702.jpg,facial_skin_concerns,wrinkles,dup_00667,full_face,train,0,0,0,0,1
dde54eab72b5dda5,/Users/aryanmalla/PycharmProjects/Skin-Care-AI/dataset_sources/extracted/facial_skin_concerns/dataset/wrinkles/265_jpeg_jpg.rf.52f6f70f70c6e44a964dff7f2fa2f434.jpg,facial_skin_concerns,wrinkles,dup_01301,full_face,train,-1,-1,-1,-1,1
48fb1da6732c55e7,/Users/aryanmalla/PycharmProjects/Skin-Care-AI/dataset_sources/extracted/facial_skin_concerns/dataset/wrinkles/50_jpg.rf.fea55ef1881186e8c33e66f3a8ec40f7.jpg,facial_skin_concerns,wrinkles,dup_04093,full_face,train,0,0,0,1,1
e9a0fc14291f5744,/Users/aryanmalla/PycharmProjects/Skin-Care-AI/dataset_sources/extracted/facial_skin_concerns/dataset/wrinkles/Wrinkles_158_jpeg.rf.c58e09192206969e394cf6ae2c5484e9.jpg,facial_skin_concerns,wrinkles,dup_04228,facial_closeup,train,-1,-1,-1,-1,1
35caa46a760a70b7,/Users/aryanmalla/PycharmProjects/Skin-Care-AI/dataset_sources/extracted/facial_skin_concerns/dataset/wrinkles/49_png.rf.81ad1b6011a77214551c7a6a39f5f13e.jpg,facial_skin_concerns,wrinkles,dup_01310,full_face,train,1,0,0,1,1
3714db959c5443b5,/Users/aryanmalla/PycharmProjects/Skin-Care-AI/dataset_sources/extracted/facial_skin_concerns/dataset/wrinkles/26_jpg.rf.1002b41b2e7a50b701b34da30b4b5058.jpg,facial_skin_concerns,wrinkles,dup_04035,facial_closeup,train,0,0,1,0,1
e82cff576fd4a7c7,/Users/aryanmalla/PycharmProjects/Skin-Care-AI/dataset_sources/extracted/facial_skin_concerns/dataset/wrinkles/Wrinkles_110_png.rf.6c96c3677b4467e81ef420c26b95bbaa.jpg,facial_skin_concerns,wrinkles,dup_04222,facial_closeup,train,-1,-1,-1,-1,1
fcb63c76113c08d4,/Users/aryanmalla/PycharmProjects/Skin-Care-AI/dataset_sources/extracted/facial_skin_concerns/dataset/wrinkles/71_jpg.rf.63c44de4a4bac0e291504dd86688abad.jpg,facial_skin_concerns,wrinkles,dup_04159,facial_closeup,train,-1,-1,-1,-1,1
433d5439dfc51bff,/Users/aryanmalla/PycharmProjects/Skin-Care-AI/dataset_sources/extracted/facial_skin_concerns/dataset/wrinkles/Wrinkles_5_jpeg.rf.55eca89db54456840e2bdf73fe34b57e.jpg,facial_skin_concerns,wrinkles,dup_00196,facial_closeup,train,0,0,0,1,1
8b89e7f3f52e68aa,/Users/aryanmalla/PycharmProjects/Skin-Care-AI/dataset_sources/extracted/facial_skin_concerns/dataset/wrinkles/44_jpg.rf.d672f70df7451587fb9e1039327e1826.jpg,facial_skin_concerns,wrinkles,dup_04085,facial_closeup,train,0,1,0,1,1
d30252786e59fd62,/Users/aryanmalla/PycharmProjects/Skin-Care-AI/dataset_sources/extracted/facial_skin_concerns/dataset/wrinkles/27_jpg.rf.9cba496cf6ecd9e6540e33de4019b7a3.jpg,facial_skin_concerns,wrinkles,dup_04045,facial_closeup,train,-1,-1,-1,-1,1
a4bb16b2fbd069c0,/Users/aryanmalla/PycharmProjects/Skin-Care-AI/dataset_sources/extracted/facial_skin_concerns/dataset/wrinkles/5_jpg.rf.989e21f404ccac4907aa2c679d6b6b71.jpg,facial_skin_concerns,wrinkles,dup_04121,facial_closeup,train,-1,-1,-1,-1,1
364a9dcb375e9b66,/Users/aryanmalla/PycharmProjects/Skin-Care-AI/dataset_sources/extracted/facial_skin_concerns/dataset/wrinkles/64_jpg.rf.8e04ded3dc45d52bfbd7a2e63fed7de4.jpg,facial_skin_concerns,wrinkles,dup_04140,full_face,train,0,0,1,0,0
43842dc02f52f496,/Users/aryanmalla/PycharmProjects/Skin-Care-AI/dataset_sources/extracted/facial_skin_concerns/dataset/wrinkles/27_jpeg.rf.447ad16027f5510b7d56b933bbfa7720.jpg,facial_skin_concerns,wrinkles,dup_00672,full_face,train,0,0,0,0,1
eafbf72e1b9de861,/Users/aryanmalla/PycharmProjects/Skin-Care-AI/dataset_sources/extracted/facial_skin_concerns/dataset/wrinkles/Wrinkles_14_jpeg.rf.5d2e83426e3ed7200a97cda601d1a5f4.jpg,facial_skin_concerns,wrinkles,dup_04226,facial_closeup,train,-1,-1,-1,-1,1
057cf8791093e460,/Users/aryanmalla/PycharmProjects/Skin-Care-AI/dataset_sources/extracted/facial_skin_concerns/dataset/wrinkles/ds00890-sn7_wrinklesthu_jpg_jpg.rf.b084367cf1b03eba6e70cbce8a9449f3.jpg,facial_skin_concerns,wrinkles,dup_00062,facial_closeup,train,0,0,1,1,0
f502d18e2a5760ed,/Users/aryanmalla/PycharmProjects/Skin-Care-AI/dataset_sources/extracted/facial_skin_concerns/dataset/wrinkles/5db9eb242dbe5b53d2e156a8_wrinklereduction_jpg.rf.e454d696ff33ea013c95378d6905bd2c.jpg,facial_skin_concerns,wrinkles,dup_04127,facial_closeup,train,-1,-1,-1,-1,1
df2fb4ff826e20d0,/Users/aryanmalla/PycharmProjects/Skin-Care-AI/dataset_sources/extracted/facial_skin_concerns/dataset/wrinkles/56_jpg.rf.6d932da262ce0047caecdd87500ff8a7.jpg,facial_skin_concerns,wrinkles,dup_04108,full_face,train,-1,-1,-1,-1,1
0b59a055d0fe99da,/Users/aryanmalla/PycharmProjects/Skin-Care-AI/dataset_sources/extracted/facial_skin_concerns/dataset/wrinkles/587c120e4f34f605445d3100b462decb_jpg.rf.21c29607b17522ef8362fd0d3e1591ea.jpg,facial_skin_concerns,wrinkles,dup_04116,facial_closeup,train,0,0,0,0,1
f166879d47fbd4ab,/Users/aryanmalla/PycharmProjects/Skin-Care-AI/dataset_sources/extracted/facial_skin_concerns/dataset/wrinkles/Wrinkles_61_jpeg.rf.8484cd9555b6fcf567af41392caae39f.jpg,facial_skin_concerns,wrinkles,dup_04243,facial_closeup,train,-1,-1,-1,-1,1
ffhq_00001,/Users/aryanmalla/PycharmProjects/Skin-Care-AI/dataset_sources/extracted/ffhq_wrinkle/images/Part1/00001.png,ffhq_wrinkle,ffhq,ffhq_00001,full_face,train,-1,-1,-1,-1,1
ffhq_00011,/Users/aryanmalla/PycharmProjects/Skin-Care-AI/dataset_sources/extracted/ffhq_wrinkle/images/Part1/00011.png,ffhq_wrinkle,ffhq,ffhq_00011,full_face,train,-1,-1,-1,-1,1
ffhq_00017,/Users/aryanmalla/PycharmProjects/Skin-Care-AI/dataset_sources/extracted/ffhq_wrinkle/images/Part1/00017.png,ffhq_wrinkle,ffhq,ffhq_00017,full_face,train,-1,-1,-1,-1,-1
ffhq_00021,/Users/aryanmalla/PycharmProjects/Skin-Care-AI/dataset_sources/extracted/ffhq_wrinkle/images/Part1/00021.png,ffhq_wrinkle,ffhq,ffhq_00021,full_face,train,-1,-1,-1,-1,1
ffhq_00027,/Users/aryanmalla/PycharmProjects/Skin-Care-AI/dataset_sources/extracted/ffhq_wrinkle/images/Part1/00027.png,ffhq_wrinkle,ffhq,ffhq_00027,full_face,train,-1,-1,-1,-1,-1
ffhq_00040,/Users/aryanmalla/PycharmProjects/Skin-Care-AI/dataset_sources/extracted/ffhq_wrinkle/images/Part1/00040.png,ffhq_wrinkle,ffhq,ffhq_00040,full_face,train,-1,-1,-1,-1,-1
ffhq_00045,/Users/aryanmalla/PycharmProjects/Skin-Care-AI/dataset_sources/extracted/ffhq_wrinkle/images/Part1/00045.png,ffhq_wrinkle,ffhq,ffhq_00045,full_face,train,-1,-1,-1,-1,-1
ffhq_00048,/Users/aryanmalla/PycharmProjects/Skin-Care-AI/dataset_sources/extracted/ffhq_wrinkle/images/Part1/00048.png,ffhq_wrinkle,ffhq,ffhq_00048,full_face,train,-1,-1,-1,-1,-1
ffhq_00056,/Users/aryanmalla/PycharmProjects/Skin-Care-AI/dataset_sources/extracted/ffhq_wrinkle/images/Part1/00056.png,ffhq_wrinkle,ffhq,ffhq_00056,full_face,train,-1,-1,-1,-1,-1
ffhq_00062,/Users/aryanmalla/PycharmProjects/Skin-Care-AI/dataset_sources/extracted/ffhq_wrinkle/images/Part1/00062.png,ffhq_wrinkle,ffhq,ffhq_00062,full_face,train,-1,-1,-1,-1,1
ffhq_00065,/Users/aryanmalla/PycharmProjects/Skin-Care-AI/dataset_sources/extracted/ffhq_wrinkle/images/Part1/00065.png,ffhq_wrinkle,ffhq,ffhq_00065,full_face,train,-1,-1,-1,-1,1
ffhq_00074,/Users/aryanmalla/PycharmProjects/Skin-Care-AI/dataset_sources/extracted/ffhq_wrinkle/images/Part1/00074.png,ffhq_wrinkle,ffhq,ffhq_00074,full_face,train,-1,-1,-1,-1,-1
ffhq_00094,/Users/aryanmalla/PycharmProjects/Skin-Care-AI/dataset_sources/extracted/ffhq_wrinkle/images/Part1/00094.png,ffhq_wrinkle,ffhq,ffhq_00094,full_face,train,-1,-1,-1,-1,0
ffhq_00114,/Users/aryanmalla/PycharmProjects/Skin-Care-AI/dataset_sources/extracted/ffhq_wrinkle/images/Part1/00114.png,ffhq_wrinkle,ffhq,ffhq_00114,full_face,train,-1,-1,-1,-1,1
ffhq_00125,/Users/aryanmalla/PycharmProjects/Skin-Care-AI/dataset_sources/extracted/ffhq_wrinkle/images/Part1/00125.png,ffhq_wrinkle,ffhq,ffhq_00125,full_face,train,-1,-1,-1,-1,1
ffhq_00132,/Users/aryanmalla/PycharmProjects/Skin-Care-AI/dataset_sources/extracted/ffhq_wrinkle/images/Part1/00132.png,ffhq_wrinkle,ffhq,ffhq_00132,full_face,train,-1,-1,-1,-1,1
ffhq_00142,/Users/aryanmalla/PycharmProjects/Skin-Care-AI/dataset_sources/extracted/ffhq_wrinkle/images/Part1/00142.png,ffhq_wrinkle,ffhq,ffhq_00142,full_face,train,-1,-1,-1,-1,1
ffhq_00144,/Users/aryanmalla/PycharmProjects/Skin-Care-AI/dataset_sources/extracted/ffhq_wrinkle/images/Part1/00144.png,ffhq_wrinkle,ffhq,ffhq_00144,full_face,train,-1,-1,-1,-1,1
ffhq_00167,/Users/aryanmalla/PycharmProjects/Skin-Care-AI/dataset_sources/extracted/ffhq_wrinkle/images/Part1/00167.png,ffhq_wrinkle,ffhq,ffhq_00167,full_face,train,-1,-1,-1,-1,1
ffhq_00174,/Users/aryanmalla/PycharmProjects/Skin-Care-AI/dataset_sources/extracted/ffhq_wrinkle/images/Part1/00174.png,ffhq_wrinkle,ffhq,ffhq_00174,full_face,train,-1,-1,-1,-1,-1
ffhq_00189,/Users/aryanmalla/PycharmProjects/Skin-Care-AI/dataset_sources/extracted/ffhq_wrinkle/images/Part1/00189.png,ffhq_wrinkle,ffhq,ffhq_00189,full_face,train,-1,-1,-1,-1,1
ffhq_00197,/Users/aryanmalla/PycharmProjects/Skin-Care-AI/dataset_sources/extracted/ffhq_wrinkle/images/Part1/00197.png,ffhq_wrinkle,ffhq,ffhq_00197,full_face,train,-1,-1,-1,-1,1
ffhq_00259,/Users/aryanmalla/PycharmProjects/Skin-Care-AI/dataset_sources/extracted/ffhq_wrinkle/images/Part1/00259.png,ffhq_wrinkle,ffhq,ffhq_00259,full_face,train,-1,-1,-1,-1,1
ffhq_00264,/Users/aryanmalla/PycharmProjects/Skin-Care-AI/dataset_sources/extracted/ffhq_wrinkle/images/Part1/00264.png,ffhq_wrinkle,ffhq,ffhq_00264,full_face,train,-1,-1,-1,-1,1
ffhq_00267,/Users/aryanmalla/PycharmProjects/Skin-Care-AI/dataset_sources/extracted/ffhq_wrinkle/images/Part1/00267.png,ffhq_wrinkle,ffhq,ffhq_00267,full_face,train,-1,-1,-1,-1,1
ffhq_00336,/Users/aryanmalla/PycharmProjects/Skin-Care-AI/dataset_sources/extracted/ffhq_wrinkle/images/Part1/00336.png,ffhq_wrinkle,ffhq,ffhq_00336,full_face,train,-1,-1,-1,-1,1
ffhq_00378,/Users/aryanmalla/PycharmProjects/Skin-Care-AI/dataset_sources/extracted/ffhq_wrinkle/images/Part1/00378.png,ffhq_wrinkle,ffhq,ffhq_00378,full_face,train,-1,-1,-1,-1,1
ffhq_00396,/Users/aryanmalla/PycharmProjects/Skin-Care-AI/dataset_sources/extracted/ffhq_wrinkle/images/Part1/00396.png,ffhq_wrinkle,ffhq,ffhq_00396,full_face,train,-1,-1,-1,-1,1
ffhq_00420,/Users/aryanmalla/PycharmProjects/Skin-Care-AI/dataset_sources/extracted/ffhq_wrinkle/images/Part1/00420.png,ffhq_wrinkle,ffhq,ffhq_00420,full_face,train,-1,-1,-1,-1,-1
ffhq_00427,/Users/aryanmalla/PycharmProjects/Skin-Care-AI/dataset_sources/extracted/ffhq_wrinkle/images/Part1/00427.png,ffhq_wrinkle,ffhq,ffhq_00427,full_face,train,-1,-1,-1,-1,0
ffhq_00439,/Users/aryanmalla/PycharmProjects/Skin-Care-AI/dataset_sources/extracted/ffhq_wrinkle/images/Part1/00439.png,ffhq_wrinkle,ffhq,ffhq_00439,full_face,train,-1,-1,-1,-1,-1
ffhq_00447,/Users/aryanmalla/PycharmProjects/Skin-Care-AI/dataset_sources/extracted/ffhq_wrinkle/images/Part1/00447.png,ffhq_wrinkle,ffhq,ffhq_00447,full_face,train,-1,-1,-1,-1,-1
ffhq_00566,/Users/aryanmalla/PycharmProjects/Skin-Care-AI/dataset_sources/extracted/ffhq_wrinkle/images/Part1/00566.png,ffhq_wrinkle,ffhq,ffhq_00566,full_face,train,-1,-1,-1,-1,-1
ffhq_00652,/Users/aryanmalla/PycharmProjects/Skin-Care-AI/dataset_sources/extracted/ffhq_wrinkle/images/Part1/00652.png,ffhq_wrinkle,ffhq,ffhq_00652,full_face,train,-1,-1,-1,-1,1
ffhq_00656,/Users/aryanmalla/PycharmProjects/Skin-Care-AI/dataset_sources/extracted/ffhq_wrinkle/images/Part1/00656.png,ffhq_wrinkle,ffhq,ffhq_00656,full_face,train,-1,-1,-1,-1,1
ffhq_00679,/Users/aryanmalla/PycharmProjects/Skin-Care-AI/dataset_sources/extracted/ffhq_wrinkle/images/Part1/00679.png,ffhq_wrinkle,ffhq,ffhq_00679,full_face,train,-1,-1,-1,-1,1
ffhq_00689,/Users/aryanmalla/PycharmProjects/Skin-Care-AI/dataset_sources/extracted/ffhq_wrinkle/images/Part1/00689.png,ffhq_wrinkle,ffhq,ffhq_00689,full_face,train,-1,-1,-1,-1,1
ffhq_01000,/Users/aryanmalla/PycharmProjects/Skin-Care-AI/dataset_sources/extracted/ffhq_wrinkle/images/Part1/01000.png,ffhq_wrinkle,ffhq,ffhq_01000,full_face,train,-1,-1,-1,-1,1
ffhq_01014,/Users/aryanmalla/PycharmProjects/Skin-Care-AI/dataset_sources/extracted/ffhq_wrinkle/images/Part1/01014.png,ffhq_wrinkle,ffhq,ffhq_01014,full_face,train,-1,-1,-1,-1,1
ffhq_01018,/Users/aryanmalla/PycharmProjects/Skin-Care-AI/dataset_sources/extracted/ffhq_wrinkle/images/Part1/01018.png,ffhq_wrinkle,ffhq,ffhq_01018,full_face,train,-1,-1,-1,-1,0
ffhq_01031,/Users/aryanmalla/PycharmProjects/Skin-Care-AI/dataset_sources/extracted/ffhq_wrinkle/images/Part1/01031.png,ffhq_wrinkle,ffhq,ffhq_01031,full_face,train,-1,-1,-1,-1,-1
ffhq_01033,/Users/aryanmalla/PycharmProjects/Skin-Care-AI/dataset_sources/extracted/ffhq_wrinkle/images/Part1/01033.png,ffhq_wrinkle,ffhq,ffhq_01033,full_face,train,-1,-1,-1,-1,1
ffhq_01044,/Users/aryanmalla/PycharmProjects/Skin-Care-AI/dataset_sources/extracted/ffhq_wrinkle/images/Part1/01044.png,ffhq_wrinkle,ffhq,ffhq_01044,full_face,train,-1,-1,-1,-1,0
ffhq_01051,/Users/aryanmalla/PycharmProjects/Skin-Care-AI/dataset_sources/extracted/ffhq_wrinkle/images/Part1/01051.png,ffhq_wrinkle,ffhq,ffhq_01051,full_face,train,-1,-1,-1,-1,0
ffhq_01054,/Users/aryanmalla/PycharmProjects/Skin-Care-AI/dataset_sources/extracted/ffhq_wrinkle/images/Part1/01054.png,ffhq_wrinkle,ffhq,ffhq_01054,full_face,train,-1,-1,-1,-1,-1
ffhq_01059,/Users/aryanmalla/PycharmProjects/Skin-Care-AI/dataset_sources/extracted/ffhq_wrinkle/images/Part1/01059.png,ffhq_wrinkle,ffhq,ffhq_01059,full_face,train,-1,-1,-1,-1,0
ffhq_01068,/Users/aryanmalla/PycharmProjects/Skin-Care-AI/dataset_sources/extracted/ffhq_wrinkle/images/Part1/01068.png,ffhq_wrinkle,ffhq,ffhq_01068,full_face,train,-1,-1,-1,-1,-1
ffhq_01084,/Users/aryanmalla/PycharmProjects/Skin-Care-AI/dataset_sources/extracted/ffhq_wrinkle/images/Part1/01084.png,ffhq_wrinkle,ffhq,ffhq_01084,full_face,train,-1,-1,-1,-1,-1
ffhq_01088,/Users/aryanmalla/PycharmProjects/Skin-Care-AI/dataset_sources/extracted/ffhq_wrinkle/images/Part1/01088.png,ffhq_wrinkle,ffhq,ffhq_01088,full_face,train,-1,-1,-1,-1,-1
ffhq_01103,/Users/aryanmalla/PycharmProjects/Skin-Care-AI/dataset_sources/extracted/ffhq_wrinkle/images/Part1/01103.png,ffhq_wrinkle,ffhq,ffhq_01103,full_face,train,-1,-1,-1,-1,0
ffhq_01126,/Users/aryanmalla/PycharmProjects/Skin-Care-AI/dataset_sources/extracted/ffhq_wrinkle/images/Part1/01126.png,ffhq_wrinkle,ffhq,ffhq_01126,full_face,train,-1,-1,-1,-1,-1
ffhq_01165,/Users/aryanmalla/PycharmProjects/Skin-Care-AI/dataset_sources/extracted/ffhq_wrinkle/images/Part1/01165.png,ffhq_wrinkle,ffhq,ffhq_01165,full_face,train,-1,-1,-1,-1,0
ffhq_01171,/Users/aryanmalla/PycharmProjects/Skin-Care-AI/dataset_sources/extracted/ffhq_wrinkle/images/Part1/01171.png,ffhq_wrinkle,ffhq,ffhq_01171,full_face,train,-1,-1,-1,-1,-1
ffhq_01179,/Users/aryanmalla/PycharmProjects/Skin-Care-AI/dataset_sources/extracted/ffhq_wrinkle/images/Part1/01179.png,ffhq_wrinkle,ffhq,ffhq_01179,full_face,train,-1,-1,-1,-1,-1
ffhq_01189,/Users/aryanmalla/PycharmProjects/Skin-Care-AI/dataset_sources/extracted/ffhq_wrinkle/images/Part1/01189.png,ffhq_wrinkle,ffhq,ffhq_01189,full_face,train,-1,-1,-1,-1,0
ffhq_01212,/Users/aryanmalla/PycharmProjects/Skin-Care-AI/dataset_sources/extracted/ffhq_wrinkle/images/Part1/01212.png,ffhq_wrinkle,ffhq,ffhq_01212,full_face,train,-1,-1,-1,-1,0
ffhq_01217,/Users/aryanmalla/PycharmProjects/Skin-Care-AI/dataset_sources/extracted/ffhq_wrinkle/images/Part1/01217.png,ffhq_wrinkle,ffhq,ffhq_01217,full_face,train,-1,-1,-1,-1,-1
ffhq_01224,/Users/aryanmalla/PycharmProjects/Skin-Care-AI/dataset_sources/extracted/ffhq_wrinkle/images/Part1/01224.png,ffhq_wrinkle,ffhq,ffhq_01224,full_face,train,-1,-1,-1,-1,1
ffhq_01238,/Users/aryanmalla/PycharmProjects/Skin-Care-AI/dataset_sources/extracted/ffhq_wrinkle/images/Part1/01238.png,ffhq_wrinkle,ffhq,ffhq_01238,full_face,train,-1,-1,-1,-1,1
ffhq_01248,/Users/aryanmalla/PycharmProjects/Skin-Care-AI/dataset_sources/extracted/ffhq_wrinkle/images/Part1/01248.png,ffhq_wrinkle,ffhq,ffhq_01248,full_face,train,-1,-1,-1,-1,1
ffhq_01301,/Users/aryanmalla/PycharmProjects/Skin-Care-AI/dataset_sources/extracted/ffhq_wrinkle/images/Part1/01301.png,ffhq_wrinkle,ffhq,ffhq_01301,full_face,train,-1,-1,-1,-1,0
ffhq_01309,/Users/aryanmalla/PycharmProjects/Skin-Care-AI/dataset_sources/extracted/ffhq_wrinkle/images/Part1/01309.png,ffhq_wrinkle,ffhq,ffhq_01309,full_face,train,-1,-1,-1,-1,-1
ffhq_01357,/Users/aryanmalla/PycharmProjects/Skin-Care-AI/dataset_sources/extracted/ffhq_wrinkle/images/Part1/01357.png,ffhq_wrinkle,ffhq,ffhq_01357,full_face,train,-1,-1,-1,-1,0
ffhq_01360,/Users/aryanmalla/PycharmProjects/Skin-Care-AI/dataset_sources/extracted/ffhq_wrinkle/images/Part1/01360.png,ffhq_wrinkle,ffhq,ffhq_01360,full_face,train,-1,-1,-1,-1,0
ffhq_01410,/Users/aryanmalla/PycharmProjects/Skin-Care-AI/dataset_sources/extracted/ffhq_wrinkle/images/Part1/01410.png,ffhq_wrinkle,ffhq,ffhq_01410,full_face,train,-1,-1,-1,-1,1
ffhq_01421,/Users/aryanmalla/PycharmProjects/Skin-Care-AI/dataset_sources/extracted/ffhq_wrinkle/images/Part1/01421.png,ffhq_wrinkle,ffhq,ffhq_01421,full_face,train,-1,-1,-1,-1,0
ffhq_01423,/Users/aryanmalla/PycharmProjects/Skin-Care-AI/dataset_sources/extracted/ffhq_wrinkle/images/Part1/01423.png,ffhq_wrinkle,ffhq,ffhq_01423,full_face,train,-1,-1,-1,-1,0
ffhq_01447,/Users/aryanmalla/PycharmProjects/Skin-Care-AI/dataset_sources/extracted/ffhq_wrinkle/images/Part1/01447.png,ffhq_wrinkle,ffhq,ffhq_01447,full_face,train,-1,-1,-1,-1,-1
ffhq_01454,/Users/aryanmalla/PycharmProjects/Skin-Care-AI/dataset_sources/extracted/ffhq_wrinkle/images/Part1/01454.png,ffhq_wrinkle,ffhq,ffhq_01454,full_face,train,-1,-1,-1,-1,0
ffhq_01455,/Users/aryanmalla/PycharmProjects/Skin-Care-AI/dataset_sources/extracted/ffhq_wrinkle/images/Part1/01455.png,ffhq_wrinkle,ffhq,ffhq_01455,full_face,train,-1,-1,-1,-1,0
ffhq_01481,/Users/aryanmalla/PycharmProjects/Skin-Care-AI/dataset_sources/extracted/ffhq_wrinkle/images/Part1/01481.png,ffhq_wrinkle,ffhq,ffhq_01481,full_face,train,-1,-1,-1,-1,-1
ffhq_01513,/Users/aryanmalla/PycharmProjects/Skin-Care-AI/dataset_sources/extracted/ffhq_wrinkle/images/Part1/01513.png,ffhq_wrinkle,ffhq,ffhq_01513,full_face,train,-1,-1,-1,-1,0
ffhq_01556,/Users/aryanmalla/PycharmProjects/Skin-Care-AI/dataset_sources/extracted/ffhq_wrinkle/images/Part1/01556.png,ffhq_wrinkle,ffhq,ffhq_01556,full_face,train,-1,-1,-1,-1,1
ffhq_01564,/Users/aryanmalla/PycharmProjects/Skin-Care-AI/dataset_sources/extracted/ffhq_wrinkle/images/Part1/01564.png,ffhq_wrinkle,ffhq,ffhq_01564,full_face,train,-1,-1,-1,-1,-1
ffhq_01574,/Users/aryanmalla/PycharmProjects/Skin-Care-AI/dataset_sources/extracted/ffhq_wrinkle/images/Part1/01574.png,ffhq_wrinkle,ffhq,ffhq_01574,full_face,train,-1,-1,-1,-1,-1
ffhq_01601,/Users/aryanmalla/PycharmProjects/Skin-Care-AI/dataset_sources/extracted/ffhq_wrinkle/images/Part1/01601.png,ffhq_wrinkle,ffhq,ffhq_01601,full_face,train,-1,-1,-1,-1,-1
ffhq_01602,/Users/aryanmalla/PycharmProjects/Skin-Care-AI/dataset_sources/extracted/ffhq_wrinkle/images/Part1/01602.png,ffhq_wrinkle,ffhq,ffhq_01602,full_face,train,-1,-1,-1,-1,0
ffhq_01627,/Users/aryanmalla/PycharmProjects/Skin-Care-AI/dataset_sources/extracted/ffhq_wrinkle/images/Part1/01627.png,ffhq_wrinkle,ffhq,ffhq_01627,full_face,train,-1,-1,-1,-1,0
ffhq_01639,/Users/aryanmalla/PycharmProjects/Skin-Care-AI/dataset_sources/extracted/ffhq_wrinkle/images/Part1/01639.png,ffhq_wrinkle,ffhq,ffhq_01639,full_face,train,-1,-1,-1,-1,-1
ffhq_01670,/Users/aryanmalla/PycharmProjects/Skin-Care-AI/dataset_sources/extracted/ffhq_wrinkle/images/Part1/01670.png,ffhq_wrinkle,ffhq,ffhq_01670,full_face,train,-1,-1,-1,-1,0
ffhq_01695,/Users/aryanmalla/PycharmProjects/Skin-Care-AI/dataset_sources/extracted/ffhq_wrinkle/images/Part1/01695.png,ffhq_wrinkle,ffhq,ffhq_01695,full_face,train,-1,-1,-1,-1,0
ffhq_01712,/Users/aryanmalla/PycharmProjects/Skin-Care-AI/dataset_sources/extracted/ffhq_wrinkle/images/Part1/01712.png,ffhq_wrinkle,ffhq,ffhq_01712,full_face,train,-1,-1,-1,-1,0
ffhq_01734,/Users/aryanmalla/PycharmProjects/Skin-Care-AI/dataset_sources/extracted/ffhq_wrinkle/images/Part1/01734.png,ffhq_wrinkle,ffhq,ffhq_01734,full_face,train,-1,-1,-1,-1,-1
ffhq_01760,/Users/aryanmalla/PycharmProjects/Skin-Care-AI/dataset_sources/extracted/ffhq_wrinkle/images/Part1/01760.png,ffhq_wrinkle,ffhq,ffhq_01760,full_face,train,-1,-1,-1,-1,0
ffhq_01763,/Users/aryanmalla/PycharmProjects/Skin-Care-AI/dataset_sources/extracted/ffhq_wrinkle/images/Part1/01763.png,ffhq_wrinkle,ffhq,ffhq_01763,full_face,train,-1,-1,-1,-1,0
ffhq_01770,/Users/aryanmalla/PycharmProjects/Skin-Care-AI/dataset_sources/extracted/ffhq_wrinkle/images/Part1/01770.png,ffhq_wrinkle,ffhq,ffhq_01770,full_face,train,-1,-1,-1,-1,0
ffhq_01788,/Users/aryanmalla/PycharmProjects/Skin-Care-AI/dataset_sources/extracted/ffhq_wrinkle/images/Part1/01788.png,ffhq_wrinkle,ffhq,ffhq_01788,full_face,train,-1,-1,-1,-1,-1
ffhq_01803,/Users/aryanmalla/PycharmProjects/Skin-Care-AI/dataset_sources/extracted/ffhq_wrinkle/images/Part1/01803.png,ffhq_wrinkle,ffhq,ffhq_01803,full_face,train,-1,-1,-1,-1,1
ffhq_01805,/Users/aryanmalla/PycharmProjects/Skin-Care-AI/dataset_sources/extracted/ffhq_wrinkle/images/Part1/01805.png,ffhq_wrinkle,ffhq,ffhq_01805,full_face,train,-1,-1,-1,-1,0
ffhq_01808,/Users/aryanmalla/PycharmProjects/Skin-Care-AI/dataset_sources/extracted/ffhq_wrinkle/images/Part1/01808.png,ffhq_wrinkle,ffhq,ffhq_01808,full_face,train,-1,-1,-1,-1,-1
ffhq_01822,/Users/aryanmalla/PycharmProjects/Skin-Care-AI/dataset_sources/extracted/ffhq_wrinkle/images/Part1/01822.png,ffhq_wrinkle,ffhq,ffhq_01822,full_face,train,-1,-1,-1,-1,1
ffhq_01868,/Users/aryanmalla/PycharmProjects/Skin-Care-AI/dataset_sources/extracted/ffhq_wrinkle/images/Part1/01868.png,ffhq_wrinkle,ffhq,ffhq_01868,full_face,train,-1,-1,-1,-1,0
ffhq_01890,/Users/aryanmalla/PycharmProjects/Skin-Care-AI/dataset_sources/extracted/ffhq_wrinkle/images/Part1/01890.png,ffhq_wrinkle,ffhq,ffhq_01890,full_face,train,-1,-1,-1,-1,0
ffhq_01897,/Users/aryanmalla/PycharmProjects/Skin-Care-AI/dataset_sources/extracted/ffhq_wrinkle/images/Part1/01897.png,ffhq_wrinkle,ffhq,ffhq_01897,full_face,train,-1,-1,-1,-1,-1
ffhq_01953,/Users/aryanmalla/PycharmProjects/Skin-Care-AI/dataset_sources/extracted/ffhq_wrinkle/images/Part1/01953.png,ffhq_wrinkle,ffhq,ffhq_01953,full_face,train,-1,-1,-1,-1,-1
ffhq_01966,/Users/aryanmalla/PycharmProjects/Skin-Care-AI/dataset_sources/extracted/ffhq_wrinkle/images/Part1/01966.png,ffhq_wrinkle,ffhq,ffhq_01966,full_face,train,-1,-1,-1,-1,0
ffhq_01994,/Users/aryanmalla/PycharmProjects/Skin-Care-AI/dataset_sources/extracted/ffhq_wrinkle/images/Part1/01994.png,ffhq_wrinkle,ffhq,ffhq_01994,full_face,train,-1,-1,-1,-1,1
ffhq_02011,/Users/aryanmalla/PycharmProjects/Skin-Care-AI/dataset_sources/extracted/ffhq_wrinkle/images/Part1/02011.png,ffhq_wrinkle,ffhq,ffhq_02011,full_face,train,-1,-1,-1,-1,-1
ffhq_02016,/Users/aryanmalla/PycharmProjects/Skin-Care-AI/dataset_sources/extracted/ffhq_wrinkle/images/Part1/02016.png,ffhq_wrinkle,ffhq,ffhq_02016,full_face,train,-1,-1,-1,-1,0
ffhq_02042,/Users/aryanmalla/PycharmProjects/Skin-Care-AI/dataset_sources/extracted/ffhq_wrinkle/images/Part1/02042.png,ffhq_wrinkle,ffhq,ffhq_02042,full_face,train,-1,-1,-1,-1,1
ffhq_02045,/Users/aryanmalla/PycharmProjects/Skin-Care-AI/dataset_sources/extracted/ffhq_wrinkle/images/Part1/02045.png,ffhq_wrinkle,ffhq,ffhq_02045,full_face,train,-1,-1,-1,-1,1
ffhq_03006,/Users/aryanmalla/PycharmProjects/Skin-Care-AI/dataset_sources/extracted/ffhq_wrinkle/images/Part1/03006.png,ffhq_wrinkle,ffhq,ffhq_03006,full_face,train,-1,-1,-1,-1,-1
ffhq_03013,/Users/aryanmalla/PycharmProjects/Skin-Care-AI/dataset_sources/extracted/ffhq_wrinkle/images/Part1/03013.png,ffhq_wrinkle,ffhq,ffhq_03013,full_face,train,-1,-1,-1,-1,1
ffhq_03018,/Users/aryanmalla/PycharmProjects/Skin-Care-AI/dataset_sources/extracted/ffhq_wrinkle/images/Part1/03018.png,ffhq_wrinkle,ffhq,ffhq_03018,full_face,train,-1,-1,-1,-1,0
ffhq_03020,/Users/aryanmalla/PycharmProjects/Skin-Care-AI/dataset_sources/extracted/ffhq_wrinkle/images/Part1/03020.png,ffhq_wrinkle,ffhq,ffhq_03020,full_face,train,-1,-1,-1,-1,1
ffhq_03025,/Users/aryanmalla/PycharmProjects/Skin-Care-AI/dataset_sources/extracted/ffhq_wrinkle/images/Part1/03025.png,ffhq_wrinkle,ffhq,ffhq_03025,full_face,train,-1,-1,-1,-1,1
ffhq_03027,/Users/aryanmalla/PycharmProjects/Skin-Care-AI/dataset_sources/extracted/ffhq_wrinkle/images/Part1/03027.png,ffhq_wrinkle,ffhq,ffhq_03027,full_face,train,-1,-1,-1,-1,-1
ffhq_03033,/Users/aryanmalla/PycharmProjects/Skin-Care-AI/dataset_sources/extracted/ffhq_wrinkle/images/Part1/03033.png,ffhq_wrinkle,ffhq,ffhq_03033,full_face,train,-1,-1,-1,-1,1
ffhq_03034,/Users/aryanmalla/PycharmProjects/Skin-Care-AI/dataset_sources/extracted/ffhq_wrinkle/images/Part1/03034.png,ffhq_wrinkle,ffhq,ffhq_03034,full_face,train,-1,-1,-1,-1,1
ffhq_03049,/Users/aryanmalla/PycharmProjects/Skin-Care-AI/dataset_sources/extracted/ffhq_wrinkle/images/Part1/03049.png,ffhq_wrinkle,ffhq,ffhq_03049,full_face,train,-1,-1,-1,-1,1
ffhq_03053,/Users/aryanmalla/PycharmProjects/Skin-Care-AI/dataset_sources/extracted/ffhq_wrinkle/images/Part1/03053.png,ffhq_wrinkle,ffhq,ffhq_03053,full_face,train,-1,-1,-1,-1,1
ffhq_03057,/Users/aryanmalla/PycharmProjects/Skin-Care-AI/dataset_sources/extracted/ffhq_wrinkle/images/Part1/03057.png,ffhq_wrinkle,ffhq,ffhq_03057,full_face,train,-1,-1,-1,-1,-1
ffhq_03058,/Users/aryanmalla/PycharmProjects/Skin-Care-AI/dataset_sources/extracted/ffhq_wrinkle/images/Part1/03058.png,ffhq_wrinkle,ffhq,ffhq_03058,full_face,train,-1,-1,-1,-1,-1
ffhq_03059,/Users/aryanmalla/PycharmProjects/Skin-Care-AI/dataset_sources/extracted/ffhq_wrinkle/images/Part1/03059.png,ffhq_wrinkle,ffhq,ffhq_03059,full_face,train,-1,-1,-1,-1,0
ffhq_03068,/Users/aryanmalla/PycharmProjects/Skin-Care-AI/dataset_sources/extracted/ffhq_wrinkle/images/Part1/03068.png,ffhq_wrinkle,ffhq,ffhq_03068,full_face,train,-1,-1,-1,-1,-1
ffhq_03071,/Users/aryanmalla/PycharmProjects/Skin-Care-AI/dataset_sources/extracted/ffhq_wrinkle/images/Part1/03071.png,ffhq_wrinkle,ffhq,ffhq_03071,full_face,train,-1,-1,-1,-1,-1
ffhq_03076,/Users/aryanmalla/PycharmProjects/Skin-Care-AI/dataset_sources/extracted/ffhq_wrinkle/images/Part1/03076.png,ffhq_wrinkle,ffhq,ffhq_03076,full_face,train,-1,-1,-1,-1,-1
ffhq_03077,/Users/aryanmalla/PycharmProjects/Skin-Care-AI/dataset_sources/extracted/ffhq_wrinkle/images/Part1/03077.png,ffhq_wrinkle,ffhq,ffhq_03077,full_face,train,-1,-1,-1,-1,1
ffhq_03078,/Users/aryanmalla/PycharmProjects/Skin-Care-AI/dataset_sources/extracted/ffhq_wrinkle/images/Part1/03078.png,ffhq_wrinkle,ffhq,ffhq_03078,full_face,train,-1,-1,-1,-1,-1
ffhq_03080,/Users/aryanmalla/PycharmProjects/Skin-Care-AI/dataset_sources/extracted/ffhq_wrinkle/images/Part1/03080.png,ffhq_wrinkle,ffhq,ffhq_03080,full_face,train,-1,-1,-1,-1,-1
ffhq_03082,/Users/aryanmalla/PycharmProjects/Skin-Care-AI/dataset_sources/extracted/ffhq_wrinkle/images/Part1/03082.png,ffhq_wrinkle,ffhq,ffhq_03082,full_face,train,-1,-1,-1,-1,1
ffhq_03084,/Users/aryanmalla/PycharmProjects/Skin-Care-AI/dataset_sources/extracted/ffhq_wrinkle/images/Part1/03084.png,ffhq_wrinkle,ffhq,ffhq_03084,full_face,train,-1,-1,-1,-1,-1
ffhq_03099,/Users/aryanmalla/PycharmProjects/Skin-Care-AI/dataset_sources/extracted/ffhq_wrinkle/images/Part1/03099.png,ffhq_wrinkle,ffhq,ffhq_03099,full_face,train,-1,-1,-1,-1,1
ffhq_03102,/Users/aryanmalla/PycharmProjects/Skin-Care-AI/dataset_sources/extracted/ffhq_wrinkle/images/Part1/03102.png,ffhq_wrinkle,ffhq,ffhq_03102,full_face,train,-1,-1,-1,-1,1
ffhq_03110,/Users/aryanmalla/PycharmProjects/Skin-Care-AI/dataset_sources/extracted/ffhq_wrinkle/images/Part1/03110.png,ffhq_wrinkle,ffhq,ffhq_03110,full_face,train,-1,-1,-1,-1,1
ffhq_03118,/Users/aryanmalla/PycharmProjects/Skin-Care-AI/dataset_sources/extracted/ffhq_wrinkle/images/Part1/03118.png,ffhq_wrinkle,ffhq,ffhq_03118,full_face,train,-1,-1,-1,-1,1
ffhq_03119,/Users/aryanmalla/PycharmProjects/Skin-Care-AI/dataset_sources/extracted/ffhq_wrinkle/images/Part1/03119.png,ffhq_wrinkle,ffhq,ffhq_03119,full_face,train,-1,-1,-1,-1,1
ffhq_03120,/Users/aryanmalla/PycharmProjects/Skin-Care-AI/dataset_sources/extracted/ffhq_wrinkle/images/Part1/03120.png,ffhq_wrinkle,ffhq,ffhq_03120,full_face,train,-1,-1,-1,-1,1
ffhq_03126,/Users/aryanmalla/PycharmProjects/Skin-Care-AI/dataset_sources/extracted/ffhq_wrinkle/images/Part1/03126.png,ffhq_wrinkle,ffhq,ffhq_03126,full_face,train,-1,-1,-1,-1,1
ffhq_03127,/Users/aryanmalla/PycharmProjects/Skin-Care-AI/dataset_sources/extracted/ffhq_wrinkle/images/Part1/03127.png,ffhq_wrinkle,ffhq,ffhq_03127,full_face,train,-1,-1,-1,-1,-1
ffhq_03128,/Users/aryanmalla/PycharmProjects/Skin-Care-AI/dataset_sources/extracted/ffhq_wrinkle/images/Part1/03128.png,ffhq_wrinkle,ffhq,ffhq_03128,full_face,train,-1,-1,-1,-1,-1
ffhq_03129,/Users/aryanmalla/PycharmProjects/Skin-Care-AI/dataset_sources/extracted/ffhq_wrinkle/images/Part1/03129.png,ffhq_wrinkle,ffhq,ffhq_03129,full_face,train,-1,-1,-1,-1,0
ffhq_03132,/Users/aryanmalla/PycharmProjects/Skin-Care-AI/dataset_sources/extracted/ffhq_wrinkle/images/Part1/03132.png,ffhq_wrinkle,ffhq,ffhq_03132,full_face,train,-1,-1,-1,-1,-1
ffhq_03133,/Users/aryanmalla/PycharmProjects/Skin-Care-AI/dataset_sources/extracted/ffhq_wrinkle/images/Part1/03133.png,ffhq_wrinkle,ffhq,ffhq_03133,full_face,train,-1,-1,-1,-1,1
ffhq_03134,/Users/aryanmalla/PycharmProjects/Skin-Care-AI/dataset_sources/extracted/ffhq_wrinkle/images/Part1/03134.png,ffhq_wrinkle,ffhq,ffhq_03134,full_face,train,-1,-1,-1,-1,-1
ffhq_03135,/Users/aryanmalla/PycharmProjects/Skin-Care-AI/dataset_sources/extracted/ffhq_wrinkle/images/Part1/03135.png,ffhq_wrinkle,ffhq,ffhq_03135,full_face,train,-1,-1,-1,-1,0
ffhq_03138,/Users/aryanmalla/PycharmProjects/Skin-Care-AI/dataset_sources/extracted/ffhq_wrinkle/images/Part1/03138.png,ffhq_wrinkle,ffhq,ffhq_03138,full_face,train,-1,-1,-1,-1,1
ffhq_03140,/Users/aryanmalla/PycharmProjects/Skin-Care-AI/dataset_sources/extracted/ffhq_wrinkle/images/Part1/03140.png,ffhq_wrinkle,ffhq,ffhq_03140,full_face,train,-1,-1,-1,-1,-1
ffhq_03146,/Users/aryanmalla/PycharmProjects/Skin-Care-AI/dataset_sources/extracted/ffhq_wrinkle/images/Part1/03146.png,ffhq_wrinkle,ffhq,ffhq_03146,full_face,train,-1,-1,-1,-1,-1
ffhq_03149,/Users/aryanmalla/PycharmProjects/Skin-Care-AI/dataset_sources/extracted/ffhq_wrinkle/images/Part1/03149.png,ffhq_wrinkle,ffhq,ffhq_03149,full_face,train,-1,-1,-1,-1,0
ffhq_03150,/Users/aryanmalla/PycharmProjects/Skin-Care-AI/dataset_sources/extracted/ffhq_wrinkle/images/Part1/03150.png,ffhq_wrinkle,ffhq,ffhq_03150,full_face,train,-1,-1,-1,-1,0
ffhq_03151,/Users/aryanmalla/PycharmProjects/Skin-Care-AI/dataset_sources/extracted/ffhq_wrinkle/images/Part1/03151.png,ffhq_wrinkle,ffhq,ffhq_03151,full_face,train,-1,-1,-1,-1,0
ffhq_03154,/Users/aryanmalla/PycharmProjects/Skin-Care-AI/dataset_sources/extracted/ffhq_wrinkle/images/Part1/03154.png,ffhq_wrinkle,ffhq,ffhq_03154,full_face,train,-1,-1,-1,-1,-1
ffhq_03157,/Users/aryanmalla/PycharmProjects/Skin-Care-AI/dataset_sources/extracted/ffhq_wrinkle/images/Part1/03157.png,ffhq_wrinkle,ffhq,ffhq_03157,full_face,train,-1,-1,-1,-1,1
ffhq_03159,/Users/aryanmalla/PycharmProjects/Skin-Care-AI/dataset_sources/extracted/ffhq_wrinkle/images/Part1/03159.png,ffhq_wrinkle,ffhq,ffhq_03159,full_face,train,-1,-1,-1,-1,1
ffhq_03162,/Users/aryanmalla/PycharmProjects/Skin-Care-AI/dataset_sources/extracted/ffhq_wrinkle/images/Part1/03162.png,ffhq_wrinkle,ffhq,ffhq_03162,full_face,train,-1,-1,-1,-1,-1
ffhq_03164,/Users/aryanmalla/PycharmProjects/Skin-Care-AI/dataset_sources/extracted/ffhq_wrinkle/images/Part1/03164.png,ffhq_wrinkle,ffhq,ffhq_03164,full_face,train,-1,-1,-1,-1,0
ffhq_03165,/Users/aryanmalla/PycharmProjects/Skin-Care-AI/dataset_sources/extracted/ffhq_wrinkle/images/Part1/03165.png,ffhq_wrinkle,ffhq,ffhq_03165,full_face,train,-1,-1,-1,-1,0
ffhq_03167,/Users/aryanmalla/PycharmProjects/Skin-Care-AI/dataset_sources/extracted/ffhq_wrinkle/images/Part1/03167.png,ffhq_wrinkle,ffhq,ffhq_03167,full_face,train,-1,-1,-1,-1,1
ffhq_03175,/Users/aryanmalla/PycharmProjects/Skin-Care-AI/dataset_sources/extracted/ffhq_wrinkle/images/Part1/03175.png,ffhq_wrinkle,ffhq,ffhq_03175,full_face,train,-1,-1,-1,-1,0
ffhq_03176,/Users/aryanmalla/PycharmProjects/Skin-Care-AI/dataset_sources/extracted/ffhq_wrinkle/images/Part1/03176.png,ffhq_wrinkle,ffhq,ffhq_03176,full_face,train,-1,-1,-1,-1,1
ffhq_03179,/Users/aryanmalla/PycharmProjects/Skin-Care-AI/dataset_sources/extracted/ffhq_wrinkle/images/Part1/03179.png,ffhq_wrinkle,ffhq,ffhq_03179,full_face,train,-1,-1,-1,-1,1
ffhq_03181,/Users/aryanmalla/PycharmProjects/Skin-Care-AI/dataset_sources/extracted/ffhq_wrinkle/images/Part1/03181.png,ffhq_wrinkle,ffhq,ffhq_03181,full_face,train,-1,-1,-1,-1,0
ffhq_03182,/Users/aryanmalla/PycharmProjects/Skin-Care-AI/dataset_sources/extracted/ffhq_wrinkle/images/Part1/03182.png,ffhq_wrinkle,ffhq,ffhq_03182,full_face,train,-1,-1,-1,-1,-1
ffhq_03183,/Users/aryanmalla/PycharmProjects/Skin-Care-AI/dataset_sources/extracted/ffhq_wrinkle/images/Part1/03183.png,ffhq_wrinkle,ffhq,ffhq_03183,full_face,train,-1,-1,-1,-1,-1
ffhq_03185,/Users/aryanmalla/PycharmProjects/Skin-Care-AI/dataset_sources/extracted/ffhq_wrinkle/images/Part1/03185.png,ffhq_wrinkle,ffhq,ffhq_03185,full_face,train,-1,-1,-1,-1,1
ffhq_03193,/Users/aryanmalla/PycharmProjects/Skin-Care-AI/dataset_sources/extracted/ffhq_wrinkle/images/Part1/03193.png,ffhq_wrinkle,ffhq,ffhq_03193,full_face,train,-1,-1,-1,-1,1
ffhq_03194,/Users/aryanmalla/PycharmProjects/Skin-Care-AI/dataset_sources/extracted/ffhq_wrinkle/images/Part1/03194.png,ffhq_wrinkle,ffhq,ffhq_03194,full_face,train,-1,-1,-1,-1,0
ffhq_03198,/Users/aryanmalla/PycharmProjects/Skin-Care-AI/dataset_sources/extracted/ffhq_wrinkle/images/Part1/03198.png,ffhq_wrinkle,ffhq,ffhq_03198,full_face,train,-1,-1,-1,-1,-1
ffhq_03199,/Users/aryanmalla/PycharmProjects/Skin-Care-AI/dataset_sources/extracted/ffhq_wrinkle/images/Part1/03199.png,ffhq_wrinkle,ffhq,ffhq_03199,full_face,train,-1,-1,-1,-1,0
ffhq_03201,/Users/aryanmalla/PycharmProjects/Skin-Care-AI/dataset_sources/extracted/ffhq_wrinkle/images/Part1/03201.png,ffhq_wrinkle,ffhq,ffhq_03201,full_face,train,-1,-1,-1,-1,0
ffhq_03207,/Users/aryanmalla/PycharmProjects/Skin-Care-AI/dataset_sources/extracted/ffhq_wrinkle/images/Part1/03207.png,ffhq_wrinkle,ffhq,ffhq_03207,full_face,train,-1,-1,-1,-1,-1
ffhq_03208,/Users/aryanmalla/PycharmProjects/Skin-Care-AI/dataset_sources/extracted/ffhq_wrinkle/images/Part1/03208.png,ffhq_wrinkle,ffhq,ffhq_03208,full_face,train,-1,-1,-1,-1,-1
ffhq_03209,/Users/aryanmalla/PycharmProjects/Skin-Care-AI/dataset_sources/extracted/ffhq_wrinkle/images/Part1/03209.png,ffhq_wrinkle,ffhq,ffhq_03209,full_face,train,-1,-1,-1,-1,1
ffhq_03212,/Users/aryanmalla/PycharmProjects/Skin-Care-AI/dataset_sources/extracted/ffhq_wrinkle/images/Part1/03212.png,ffhq_wrinkle,ffhq,ffhq_03212,full_face,train,-1,-1,-1,-1,-1
ffhq_03213,/Users/aryanmalla/PycharmProjects/Skin-Care-AI/dataset_sources/extracted/ffhq_wrinkle/images/Part1/03213.png,ffhq_wrinkle,ffhq,ffhq_03213,full_face,train,-1,-1,-1,-1,-1
ffhq_03214,/Users/aryanmalla/PycharmProjects/Skin-Care-AI/dataset_sources/extracted/ffhq_wrinkle/images/Part1/03214.png,ffhq_wrinkle,ffhq,ffhq_03214,full_face,train,-1,-1,-1,-1,-1
ffhq_03219,/Users/aryanmalla/PycharmProjects/Skin-Care-AI/dataset_sources/extracted/ffhq_wrinkle/images/Part1/03219.png,ffhq_wrinkle,ffhq,ffhq_03219,full_face,train,-1,-1,-1,-1,1
ffhq_04012,/Users/aryanmalla/PycharmProjects/Skin-Care-AI/dataset_sources/extracted/ffhq_wrinkle/images/Part1/04012.png,ffhq_wrinkle,ffhq,ffhq_04012,full_face,train,-1,-1,-1,-1,-1
ffhq_04014,/Users/aryanmalla/PycharmProjects/Skin-Care-AI/dataset_sources/extracted/ffhq_wrinkle/images/Part1/04014.png,ffhq_wrinkle,ffhq,ffhq_04014,full_face,train,-1,-1,-1,-1,0
ffhq_04020,/Users/aryanmalla/PycharmProjects/Skin-Care-AI/dataset_sources/extracted/ffhq_wrinkle/images/Part1/04020.png,ffhq_wrinkle,ffhq,ffhq_04020,full_face,train,-1,-1,-1,-1,0
ffhq_04023,/Users/aryanmalla/PycharmProjects/Skin-Care-AI/dataset_sources/extracted/ffhq_wrinkle/images/Part1/04023.png,ffhq_wrinkle,ffhq,ffhq_04023,full_face,train,-1,-1,-1,-1,0
ffhq_04024,/Users/aryanmalla/PycharmProjects/Skin-Care-AI/dataset_sources/extracted/ffhq_wrinkle/images/Part1/04024.png,ffhq_wrinkle,ffhq,ffhq_04024,full_face,train,-1,-1,-1,-1,-1
ffhq_04027,/Users/aryanmalla/PycharmProjects/Skin-Care-AI/dataset_sources/extracted/ffhq_wrinkle/images/Part1/04027.png,ffhq_wrinkle,ffhq,ffhq_04027,full_face,train,-1,-1,-1,-1,0
ffhq_04052,/Users/aryanmalla/PycharmProjects/Skin-Care-AI/dataset_sources/extracted/ffhq_wrinkle/images/Part1/04052.png,ffhq_wrinkle,ffhq,ffhq_04052,full_face,train,-1,-1,-1,-1,-1
ffhq_04058,/Users/aryanmalla/PycharmProjects/Skin-Care-AI/dataset_sources/extracted/ffhq_wrinkle/images/Part1/04058.png,ffhq_wrinkle,ffhq,ffhq_04058,full_face,train,-1,-1,-1,-1,-1
ffhq_04060,/Users/aryanmalla/PycharmProjects/Skin-Care-AI/dataset_sources/extracted/ffhq_wrinkle/images/Part1/04060.png,ffhq_wrinkle,ffhq,ffhq_04060,full_face,train,-1,-1,-1,-1,1
ffhq_04061,/Users/aryanmalla/PycharmProjects/Skin-Care-AI/dataset_sources/extracted/ffhq_wrinkle/images/Part1/04061.png,ffhq_wrinkle,ffhq,ffhq_04061,full_face,train,-1,-1,-1,-1,0
ffhq_04064,/Users/aryanmalla/PycharmProjects/Skin-Care-AI/dataset_sources/extracted/ffhq_wrinkle/images/Part1/04064.png,ffhq_wrinkle,ffhq,ffhq_04064,full_face,train,-1,-1,-1,-1,0
ffhq_04073,/Users/aryanmalla/PycharmProjects/Skin-Care-AI/dataset_sources/extracted/ffhq_wrinkle/images/Part1/04073.png,ffhq_wrinkle,ffhq,ffhq_04073,full_face,train,-1,-1,-1,-1,-1
ffhq_04086,/Users/aryanmalla/PycharmProjects/Skin-Care-AI/dataset_sources/extracted/ffhq_wrinkle/images/Part1/04086.png,ffhq_wrinkle,ffhq,ffhq_04086,full_face,train,-1,-1,-1,-1,-1
ffhq_04094,/Users/aryanmalla/PycharmProjects/Skin-Care-AI/dataset_sources/extracted/ffhq_wrinkle/images/Part1/04094.png,ffhq_wrinkle,ffhq,ffhq_04094,full_face,train,-1,-1,-1,-1,1
ffhq_04098,/Users/aryanmalla/PycharmProjects/Skin-Care-AI/dataset_sources/extracted/ffhq_wrinkle/images/Part1/04098.png,ffhq_wrinkle,ffhq,ffhq_04098,full_face,train,-1,-1,-1,-1,-1
ffhq_04100,/Users/aryanmalla/PycharmProjects/Skin-Care-AI/dataset_sources/extracted/ffhq_wrinkle/images/Part1/04100.png,ffhq_wrinkle,ffhq,ffhq_04100,full_face,train,-1,-1,-1,-1,-1
ffhq_04108,/Users/aryanmalla/PycharmProjects/Skin-Care-AI/dataset_sources/extracted/ffhq_wrinkle/images/Part1/04108.png,ffhq_wrinkle,ffhq,ffhq_04108,full_face,train,-1,-1,-1,-1,-1
ffhq_04109,/Users/aryanmalla/PycharmProjects/Skin-Care-AI/dataset_sources/extracted/ffhq_wrinkle/images/Part1/04109.png,ffhq_wrinkle,ffhq,ffhq_04109,full_face,train,-1,-1,-1,-1,0
ffhq_04113,/Users/aryanmalla/PycharmProjects/Skin-Care-AI/dataset_sources/extracted/ffhq_wrinkle/images/Part1/04113.png,ffhq_wrinkle,ffhq,ffhq_04113,full_face,train,-1,-1,-1,-1,0
ffhq_04114,/Users/aryanmalla/PycharmProjects/Skin-Care-AI/dataset_sources/extracted/ffhq_wrinkle/images/Part1/04114.png,ffhq_wrinkle,ffhq,ffhq_04114,full_face,train,-1,-1,-1,-1,0
ffhq_04120,/Users/aryanmalla/PycharmProjects/Skin-Care-AI/dataset_sources/extracted/ffhq_wrinkle/images/Part1/04120.png,ffhq_wrinkle,ffhq,ffhq_04120,full_face,train,-1,-1,-1,-1,0
ffhq_04121,/Users/aryanmalla/PycharmProjects/Skin-Care-AI/dataset_sources/extracted/ffhq_wrinkle/images/Part1/04121.png,ffhq_wrinkle,ffhq,ffhq_04121,full_face,train,-1,-1,-1,-1,1
ffhq_04122,/Users/aryanmalla/PycharmProjects/Skin-Care-AI/dataset_sources/extracted/ffhq_wrinkle/images/Part1/04122.png,ffhq_wrinkle,ffhq,ffhq_04122,full_face,train,-1,-1,-1,-1,0
ffhq_04123,/Users/aryanmalla/PycharmProjects/Skin-Care-AI/dataset_sources/extracted/ffhq_wrinkle/images/Part1/04123.png,ffhq_wrinkle,ffhq,ffhq_04123,full_face,train,-1,-1,-1,-1,1
ffhq_04129,/Users/aryanmalla/PycharmProjects/Skin-Care-AI/dataset_sources/extracted/ffhq_wrinkle/images/Part1/04129.png,ffhq_wrinkle,ffhq,ffhq_04129,full_face,train,-1,-1,-1,-1,1
ffhq_04138,/Users/aryanmalla/PycharmProjects/Skin-Care-AI/dataset_sources/extracted/ffhq_wrinkle/images/Part1/04138.png,ffhq_wrinkle,ffhq,ffhq_04138,full_face,train,-1,-1,-1,-1,-1
ffhq_04141,/Users/aryanmalla/PycharmProjects/Skin-Care-AI/dataset_sources/extracted/ffhq_wrinkle/images/Part1/04141.png,ffhq_wrinkle,ffhq,ffhq_04141,full_face,train,-1,-1,-1,-1,-1
ffhq_04142,/Users/aryanmalla/PycharmProjects/Skin-Care-AI/dataset_sources/extracted/ffhq_wrinkle/images/Part1/04142.png,ffhq_wrinkle,ffhq,ffhq_04142,full_face,train,-1,-1,-1,-1,-1
ffhq_04143,/Users/aryanmalla/PycharmProjects/Skin-Care-AI/dataset_sources/extracted/ffhq_wrinkle/images/Part1/04143.png,ffhq_wrinkle,ffhq,ffhq_04143,full_face,train,-1,-1,-1,-1,1
ffhq_04144,/Users/aryanmalla/PycharmProjects/Skin-Care-AI/dataset_sources/extracted/ffhq_wrinkle/images/Part1/04144.png,ffhq_wrinkle,ffhq,ffhq_04144,full_face,train,-1,-1,-1,-1,1
ffhq_04145,/Users/aryanmalla/PycharmProjects/Skin-Care-AI/dataset_sources/extracted/ffhq_wrinkle/images/Part1/04145.png,ffhq_wrinkle,ffhq,ffhq_04145,full_face,train,-1,-1,-1,-1,0
ffhq_04156,/Users/aryanmalla/PycharmProjects/Skin-Care-AI/dataset_sources/extracted/ffhq_wrinkle/images/Part1/04156.png,ffhq_wrinkle,ffhq,ffhq_04156,full_face,train,-1,-1,-1,-1,0
ffhq_04157,/Users/aryanmalla/PycharmProjects/Skin-Care-AI/dataset_sources/extracted/ffhq_wrinkle/images/Part1/04157.png,ffhq_wrinkle,ffhq,ffhq_04157,full_face,train,-1,-1,-1,-1,-1
ffhq_04158,/Users/aryanmalla/PycharmProjects/Skin-Care-AI/dataset_sources/extracted/ffhq_wrinkle/images/Part1/04158.png,ffhq_wrinkle,ffhq,ffhq_04158,full_face,train,-1,-1,-1,-1,0
ffhq_04162,/Users/aryanmalla/PycharmProjects/Skin-Care-AI/dataset_sources/extracted/ffhq_wrinkle/images/Part1/04162.png,ffhq_wrinkle,ffhq,ffhq_04162,full_face,train,-1,-1,-1,-1,0
ffhq_04163,/Users/aryanmalla/PycharmProjects/Skin-Care-AI/dataset_sources/extracted/ffhq_wrinkle/images/Part1/04163.png,ffhq_wrinkle,ffhq,ffhq_04163,full_face,train,-1,-1,-1,-1,-1
ffhq_04174,/Users/aryanmalla/PycharmProjects/Skin-Care-AI/dataset_sources/extracted/ffhq_wrinkle/images/Part1/04174.png,ffhq_wrinkle,ffhq,ffhq_04174,full_face,train,-1,-1,-1,-1,0
ffhq_04179,/Users/aryanmalla/PycharmProjects/Skin-Care-AI/dataset_sources/extracted/ffhq_wrinkle/images/Part1/04179.png,ffhq_wrinkle,ffhq,ffhq_04179,full_face,train,-1,-1,-1,-1,-1
ffhq_04185,/Users/aryanmalla/PycharmProjects/Skin-Care-AI/dataset_sources/extracted/ffhq_wrinkle/images/Part1/04185.png,ffhq_wrinkle,ffhq,ffhq_04185,full_face,train,-1,-1,-1,-1,1
ffhq_04191,/Users/aryanmalla/PycharmProjects/Skin-Care-AI/dataset_sources/extracted/ffhq_wrinkle/images/Part1/04191.png,ffhq_wrinkle,ffhq,ffhq_04191,full_face,train,-1,-1,-1,-1,1
ffhq_04196,/Users/aryanmalla/PycharmProjects/Skin-Care-AI/dataset_sources/extracted/ffhq_wrinkle/images/Part1/04196.png,ffhq_wrinkle,ffhq,ffhq_04196,full_face,train,-1,-1,-1,-1,-1
ffhq_04199,/Users/aryanmalla/PycharmProjects/Skin-Care-AI/dataset_sources/extracted/ffhq_wrinkle/images/Part1/04199.png,ffhq_wrinkle,ffhq,ffhq_04199,full_face,train,-1,-1,-1,-1,0
ffhq_04205,/Users/aryanmalla/PycharmProjects/Skin-Care-AI/dataset_sources/extracted/ffhq_wrinkle/images/Part1/04205.png,ffhq_wrinkle,ffhq,ffhq_04205,full_face,train,-1,-1,-1,-1,1
ffhq_04207,/Users/aryanmalla/PycharmProjects/Skin-Care-AI/dataset_sources/extracted/ffhq_wrinkle/images/Part1/04207.png,ffhq_wrinkle,ffhq,ffhq_04207,full_face,train,-1,-1,-1,-1,-1
ffhq_04208,/Users/aryanmalla/PycharmProjects/Skin-Care-AI/dataset_sources/extracted/ffhq_wrinkle/images/Part1/04208.png,ffhq_wrinkle,ffhq,ffhq_04208,full_face,train,-1,-1,-1,-1,-1
ffhq_04218,/Users/aryanmalla/PycharmProjects/Skin-Care-AI/dataset_sources/extracted/ffhq_wrinkle/images/Part1/04218.png,ffhq_wrinkle,ffhq,ffhq_04218,full_face,train,-1,-1,-1,-1,1
ffhq_04224,/Users/aryanmalla/PycharmProjects/Skin-Care-AI/dataset_sources/extracted/ffhq_wrinkle/images/Part1/04224.png,ffhq_wrinkle,ffhq,ffhq_04224,full_face,train,-1,-1,-1,-1,0
ffhq_04225,/Users/aryanmalla/PycharmProjects/Skin-Care-AI/dataset_sources/extracted/ffhq_wrinkle/images/Part1/04225.png,ffhq_wrinkle,ffhq,ffhq_04225,full_face,train,-1,-1,-1,-1,1
ffhq_04233,/Users/aryanmalla/PycharmProjects/Skin-Care-AI/dataset_sources/extracted/ffhq_wrinkle/images/Part1/04233.png,ffhq_wrinkle,ffhq,ffhq_04233,full_face,train,-1,-1,-1,-1,1
ffhq_04234,/Users/aryanmalla/PycharmProjects/Skin-Care-AI/dataset_sources/extracted/ffhq_wrinkle/images/Part1/04234.png,ffhq_wrinkle,ffhq,ffhq_04234,full_face,train,-1,-1,-1,-1,-1
ffhq_04235,/Users/aryanmalla/PycharmProjects/Skin-Care-AI/dataset_sources/extracted/ffhq_wrinkle/images/Part1/04235.png,ffhq_wrinkle,ffhq,ffhq_04235,full_face,train,-1,-1,-1,-1,0
ffhq_04240,/Users/aryanmalla/PycharmProjects/Skin-Care-AI/dataset_sources/extracted/ffhq_wrinkle/images/Part1/04240.png,ffhq_wrinkle,ffhq,ffhq_04240,full_face,train,-1,-1,-1,-1,1
ffhq_04248,/Users/aryanmalla/PycharmProjects/Skin-Care-AI/dataset_sources/extracted/ffhq_wrinkle/images/Part1/04248.png,ffhq_wrinkle,ffhq,ffhq_04248,full_face,train,-1,-1,-1,-1,1
ffhq_04249,/Users/aryanmalla/PycharmProjects/Skin-Care-AI/dataset_sources/extracted/ffhq_wrinkle/images/Part1/04249.png,ffhq_wrinkle,ffhq,ffhq_04249,full_face,train,-1,-1,-1,-1,0
ffhq_05011,/Users/aryanmalla/PycharmProjects/Skin-Care-AI/dataset_sources/extracted/ffhq_wrinkle/images/Part1/05011.png,ffhq_wrinkle,ffhq,ffhq_05011,full_face,train,-1,-1,-1,-1,0
ffhq_05025,/Users/aryanmalla/PycharmProjects/Skin-Care-AI/dataset_sources/extracted/ffhq_wrinkle/images/Part1/05025.png,ffhq_wrinkle,ffhq,ffhq_05025,full_face,train,-1,-1,-1,-1,-1
ffhq_05031,/Users/aryanmalla/PycharmProjects/Skin-Care-AI/dataset_sources/extracted/ffhq_wrinkle/images/Part1/05031.png,ffhq_wrinkle,ffhq,ffhq_05031,full_face,train,-1,-1,-1,-1,0
ffhq_05055,/Users/aryanmalla/PycharmProjects/Skin-Care-AI/dataset_sources/extracted/ffhq_wrinkle/images/Part1/05055.png,ffhq_wrinkle,ffhq,ffhq_05055,full_face,train,-1,-1,-1,-1,0
ffhq_05063,/Users/aryanmalla/PycharmProjects/Skin-Care-AI/dataset_sources/extracted/ffhq_wrinkle/images/Part1/05063.png,ffhq_wrinkle,ffhq,ffhq_05063,full_face,train,-1,-1,-1,-1,0
ffhq_05070,/Users/aryanmalla/PycharmProjects/Skin-Care-AI/dataset_sources/extracted/ffhq_wrinkle/images/Part1/05070.png,ffhq_wrinkle,ffhq,ffhq_05070,full_face,train,-1,-1,-1,-1,1
ffhq_05074,/Users/aryanmalla/PycharmProjects/Skin-Care-AI/dataset_sources/extracted/ffhq_wrinkle/images/Part1/05074.png,ffhq_wrinkle,ffhq,ffhq_05074,full_face,train,-1,-1,-1,-1,-1
ffhq_05076,/Users/aryanmalla/PycharmProjects/Skin-Care-AI/dataset_sources/extracted/ffhq_wrinkle/images/Part1/05076.png,ffhq_wrinkle,ffhq,ffhq_05076,full_face,train,-1,-1,-1,-1,-1
ffhq_05085,/Users/aryanmalla/PycharmProjects/Skin-Care-AI/dataset_sources/extracted/ffhq_wrinkle/images/Part1/05085.png,ffhq_wrinkle,ffhq,ffhq_05085,full_face,train,-1,-1,-1,-1,0
ffhq_05102,/Users/aryanmalla/PycharmProjects/Skin-Care-AI/dataset_sources/extracted/ffhq_wrinkle/images/Part1/05102.png,ffhq_wrinkle,ffhq,ffhq_05102,full_face,train,-1,-1,-1,-1,-1
ffhq_05110,/Users/aryanmalla/PycharmProjects/Skin-Care-AI/dataset_sources/extracted/ffhq_wrinkle/images/Part1/05110.png,ffhq_wrinkle,ffhq,ffhq_05110,full_face,train,-1,-1,-1,-1,-1
ffhq_05123,/Users/aryanmalla/PycharmProjects/Skin-Care-AI/dataset_sources/extracted/ffhq_wrinkle/images/Part1/05123.png,ffhq_wrinkle,ffhq,ffhq_05123,full_face,train,-1,-1,-1,-1,0
ffhq_05131,/Users/aryanmalla/PycharmProjects/Skin-Care-AI/dataset_sources/extracted/ffhq_wrinkle/images/Part1/05131.png,ffhq_wrinkle,ffhq,ffhq_05131,full_face,train,-1,-1,-1,-1,0
ffhq_05133,/Users/aryanmalla/PycharmProjects/Skin-Care-AI/dataset_sources/extracted/ffhq_wrinkle/images/Part1/05133.png,ffhq_wrinkle,ffhq,ffhq_05133,full_face,train,-1,-1,-1,-1,0
ffhq_05136,/Users/aryanmalla/PycharmProjects/Skin-Care-AI/dataset_sources/extracted/ffhq_wrinkle/images/Part1/05136.png,ffhq_wrinkle,ffhq,ffhq_05136,full_face,train,-1,-1,-1,-1,0
ffhq_05137,/Users/aryanmalla/PycharmProjects/Skin-Care-AI/dataset_sources/extracted/ffhq_wrinkle/images/Part1/05137.png,ffhq_wrinkle,ffhq,ffhq_05137,full_face,train,-1,-1,-1,-1,1
ffhq_05142,/Users/aryanmalla/PycharmProjects/Skin-Care-AI/dataset_sources/extracted/ffhq_wrinkle/images/Part1/05142.png,ffhq_wrinkle,ffhq,ffhq_05142,full_face,train,-1,-1,-1,-1,0
ffhq_05145,/Users/aryanmalla/PycharmProjects/Skin-Care-AI/dataset_sources/extracted/ffhq_wrinkle/images/Part1/05145.png,ffhq_wrinkle,ffhq,ffhq_05145,full_face,train,-1,-1,-1,-1,1
ffhq_05146,/Users/aryanmalla/PycharmProjects/Skin-Care-AI/dataset_sources/extracted/ffhq_wrinkle/images/Part1/05146.png,ffhq_wrinkle,ffhq,ffhq_05146,full_face,train,-1,-1,-1,-1,-1
ffhq_05158,/Users/aryanmalla/PycharmProjects/Skin-Care-AI/dataset_sources/extracted/ffhq_wrinkle/images/Part1/05158.png,ffhq_wrinkle,ffhq,ffhq_05158,full_face,train,-1,-1,-1,-1,-1
ffhq_05160,/Users/aryanmalla/PycharmProjects/Skin-Care-AI/dataset_sources/extracted/ffhq_wrinkle/images/Part1/05160.png,ffhq_wrinkle,ffhq,ffhq_05160,full_face,train,-1,-1,-1,-1,0
ffhq_05166,/Users/aryanmalla/PycharmProjects/Skin-Care-AI/dataset_sources/extracted/ffhq_wrinkle/images/Part1/05166.png,ffhq_wrinkle,ffhq,ffhq_05166,full_face,train,-1,-1,-1,-1,1
ffhq_05171,/Users/aryanmalla/PycharmProjects/Skin-Care-AI/dataset_sources/extracted/ffhq_wrinkle/images/Part1/05171.png,ffhq_wrinkle,ffhq,ffhq_05171,full_face,train,-1,-1,-1,-1,1
ffhq_05178,/Users/aryanmalla/PycharmProjects/Skin-Care-AI/dataset_sources/extracted/ffhq_wrinkle/images/Part1/05178.png,ffhq_wrinkle,ffhq,ffhq_05178,full_face,train,-1,-1,-1,-1,-1
ffhq_05181,/Users/aryanmalla/PycharmProjects/Skin-Care-AI/dataset_sources/extracted/ffhq_wrinkle/images/Part1/05181.png,ffhq_wrinkle,ffhq,ffhq_05181,full_face,train,-1,-1,-1,-1,0
ffhq_05182,/Users/aryanmalla/PycharmProjects/Skin-Care-AI/dataset_sources/extracted/ffhq_wrinkle/images/Part1/05182.png,ffhq_wrinkle,ffhq,ffhq_05182,full_face,train,-1,-1,-1,-1,0
ffhq_05184,/Users/aryanmalla/PycharmProjects/Skin-Care-AI/dataset_sources/extracted/ffhq_wrinkle/images/Part1/05184.png,ffhq_wrinkle,ffhq,ffhq_05184,full_face,train,-1,-1,-1,-1,1
ffhq_05198,/Users/aryanmalla/PycharmProjects/Skin-Care-AI/dataset_sources/extracted/ffhq_wrinkle/images/Part1/05198.png,ffhq_wrinkle,ffhq,ffhq_05198,full_face,train,-1,-1,-1,-1,0
ffhq_05204,/Users/aryanmalla/PycharmProjects/Skin-Care-AI/dataset_sources/extracted/ffhq_wrinkle/images/Part1/05204.png,ffhq_wrinkle,ffhq,ffhq_05204,full_face,train,-1,-1,-1,-1,1
ffhq_05213,/Users/aryanmalla/PycharmProjects/Skin-Care-AI/dataset_sources/extracted/ffhq_wrinkle/images/Part1/05213.png,ffhq_wrinkle,ffhq,ffhq_05213,full_face,train,-1,-1,-1,-1,0
ffhq_05215,/Users/aryanmalla/PycharmProjects/Skin-Care-AI/dataset_sources/extracted/ffhq_wrinkle/images/Part1/05215.png,ffhq_wrinkle,ffhq,ffhq_05215,full_face,train,-1,-1,-1,-1,-1
ffhq_05220,/Users/aryanmalla/PycharmProjects/Skin-Care-AI/dataset_sources/extracted/ffhq_wrinkle/images/Part1/05220.png,ffhq_wrinkle,ffhq,ffhq_05220,full_face,train,-1,-1,-1,-1,1
ffhq_05221,/Users/aryanmalla/PycharmProjects/Skin-Care-AI/dataset_sources/extracted/ffhq_wrinkle/images/Part1/05221.png,ffhq_wrinkle,ffhq,ffhq_05221,full_face,train,-1,-1,-1,-1,0
ffhq_05224,/Users/aryanmalla/PycharmProjects/Skin-Care-AI/dataset_sources/extracted/ffhq_wrinkle/images/Part1/05224.png,ffhq_wrinkle,ffhq,ffhq_05224,full_face,train,-1,-1,-1,-1,-1
ffhq_05225,/Users/aryanmalla/PycharmProjects/Skin-Care-AI/dataset_sources/extracted/ffhq_wrinkle/images/Part1/05225.png,ffhq_wrinkle,ffhq,ffhq_05225,full_face,train,-1,-1,-1,-1,1
ffhq_05241,/Users/aryanmalla/PycharmProjects/Skin-Care-AI/dataset_sources/extracted/ffhq_wrinkle/images/Part1/05241.png,ffhq_wrinkle,ffhq,ffhq_05241,full_face,train,-1,-1,-1,-1,0
ffhq_05245,/Users/aryanmalla/PycharmProjects/Skin-Care-AI/dataset_sources/extracted/ffhq_wrinkle/images/Part1/05245.png,ffhq_wrinkle,ffhq,ffhq_05245,full_face,train,-1,-1,-1,-1,0
ffhq_05248,/Users/aryanmalla/PycharmProjects/Skin-Care-AI/dataset_sources/extracted/ffhq_wrinkle/images/Part1/05248.png,ffhq_wrinkle,ffhq,ffhq_05248,full_face,train,-1,-1,-1,-1,1
ffhq_05253,/Users/aryanmalla/PycharmProjects/Skin-Care-AI/dataset_sources/extracted/ffhq_wrinkle/images/Part1/05253.png,ffhq_wrinkle,ffhq,ffhq_05253,full_face,train,-1,-1,-1,-1,0
ffhq_05258,/Users/aryanmalla/PycharmProjects/Skin-Care-AI/dataset_sources/extracted/ffhq_wrinkle/images/Part1/05258.png,ffhq_wrinkle,ffhq,ffhq_05258,full_face,train,-1,-1,-1,-1,0
ffhq_05259,/Users/aryanmalla/PycharmProjects/Skin-Care-AI/dataset_sources/extracted/ffhq_wrinkle/images/Part1/05259.png,ffhq_wrinkle,ffhq,ffhq_05259,full_face,train,-1,-1,-1,-1,-1
ffhq_05263,/Users/aryanmalla/PycharmProjects/Skin-Care-AI/dataset_sources/extracted/ffhq_wrinkle/images/Part1/05263.png,ffhq_wrinkle,ffhq,ffhq_05263,full_face,train,-1,-1,-1,-1,-1
ffhq_05267,/Users/aryanmalla/PycharmProjects/Skin-Care-AI/dataset_sources/extracted/ffhq_wrinkle/images/Part1/05267.png,ffhq_wrinkle,ffhq,ffhq_05267,full_face,train,-1,-1,-1,-1,-1
ffhq_05272,/Users/aryanmalla/PycharmProjects/Skin-Care-AI/dataset_sources/extracted/ffhq_wrinkle/images/Part1/05272.png,ffhq_wrinkle,ffhq,ffhq_05272,full_face,train,-1,-1,-1,-1,1
ffhq_05285,/Users/aryanmalla/PycharmProjects/Skin-Care-AI/dataset_sources/extracted/ffhq_wrinkle/images/Part1/05285.png,ffhq_wrinkle,ffhq,ffhq_05285,full_face,train,-1,-1,-1,-1,0
ffhq_05286,/Users/aryanmalla/PycharmProjects/Skin-Care-AI/dataset_sources/extracted/ffhq_wrinkle/images/Part1/05286.png,ffhq_wrinkle,ffhq,ffhq_05286,full_face,train,-1,-1,-1,-1,1
ffhq_05287,/Users/aryanmalla/PycharmProjects/Skin-Care-AI/dataset_sources/extracted/ffhq_wrinkle/images/Part1/05287.png,ffhq_wrinkle,ffhq,ffhq_05287,full_face,train,-1,-1,-1,-1,1
ffhq_05289,/Users/aryanmalla/PycharmProjects/Skin-Care-AI/dataset_sources/extracted/ffhq_wrinkle/images/Part1/05289.png,ffhq_wrinkle,ffhq,ffhq_05289,full_face,train,-1,-1,-1,-1,1
ffhq_05290,/Users/aryanmalla/PycharmProjects/Skin-Care-AI/dataset_sources/extracted/ffhq_wrinkle/images/Part1/05290.png,ffhq_wrinkle,ffhq,ffhq_05290,full_face,train,-1,-1,-1,-1,0
ffhq_05292,/Users/aryanmalla/PycharmProjects/Skin-Care-AI/dataset_sources/extracted/ffhq_wrinkle/images/Part1/05292.png,ffhq_wrinkle,ffhq,ffhq_05292,full_face,train,-1,-1,-1,-1,0
ffhq_05296,/Users/aryanmalla/PycharmProjects/Skin-Care-AI/dataset_sources/extracted/ffhq_wrinkle/images/Part1/05296.png,ffhq_wrinkle,ffhq,ffhq_05296,full_face,train,-1,-1,-1,-1,-1
ffhq_05316,/Users/aryanmalla/PycharmProjects/Skin-Care-AI/dataset_sources/extracted/ffhq_wrinkle/images/Part1/05316.png,ffhq_wrinkle,ffhq,ffhq_05316,full_face,train,-1,-1,-1,-1,0
ffhq_05317,/Users/aryanmalla/PycharmProjects/Skin-Care-AI/dataset_sources/extracted/ffhq_wrinkle/images/Part1/05317.png,ffhq_wrinkle,ffhq,ffhq_05317,full_face,train,-1,-1,-1,-1,1
ffhq_05319,/Users/aryanmalla/PycharmProjects/Skin-Care-AI/dataset_sources/extracted/ffhq_wrinkle/images/Part1/05319.png,ffhq_wrinkle,ffhq,ffhq_05319,full_face,train,-1,-1,-1,-1,0
ffhq_05325,/Users/aryanmalla/PycharmProjects/Skin-Care-AI/dataset_sources/extracted/ffhq_wrinkle/images/Part1/05325.png,ffhq_wrinkle,ffhq,ffhq_05325,full_face,train,-1,-1,-1,-1,0
ffhq_06011,/Users/aryanmalla/PycharmProjects/Skin-Care-AI/dataset_sources/extracted/ffhq_wrinkle/images/Part1/06011.png,ffhq_wrinkle,ffhq,ffhq_06011,full_face,train,-1,-1,-1,-1,0
ffhq_06013,/Users/aryanmalla/PycharmProjects/Skin-Care-AI/dataset_sources/extracted/ffhq_wrinkle/images/Part1/06013.png,ffhq_wrinkle,ffhq,ffhq_06013,full_face,train,-1,-1,-1,-1,-1
ffhq_06015,/Users/aryanmalla/PycharmProjects/Skin-Care-AI/dataset_sources/extracted/ffhq_wrinkle/images/Part1/06015.png,ffhq_wrinkle,ffhq,ffhq_06015,full_face,train,-1,-1,-1,-1,-1
ffhq_06018,/Users/aryanmalla/PycharmProjects/Skin-Care-AI/dataset_sources/extracted/ffhq_wrinkle/images/Part1/06018.png,ffhq_wrinkle,ffhq,ffhq_06018,full_face,train,-1,-1,-1,-1,-1
ffhq_06021,/Users/aryanmalla/PycharmProjects/Skin-Care-AI/dataset_sources/extracted/ffhq_wrinkle/images/Part1/06021.png,ffhq_wrinkle,ffhq,ffhq_06021,full_face,train,-1,-1,-1,-1,0
ffhq_06023,/Users/aryanmalla/PycharmProjects/Skin-Care-AI/dataset_sources/extracted/ffhq_wrinkle/images/Part1/06023.png,ffhq_wrinkle,ffhq,ffhq_06023,full_face,train,-1,-1,-1,-1,-1
ffhq_06024,/Users/aryanmalla/PycharmProjects/Skin-Care-AI/dataset_sources/extracted/ffhq_wrinkle/images/Part1/06024.png,ffhq_wrinkle,ffhq,ffhq_06024,full_face,train,-1,-1,-1,-1,-1
ffhq_06026,/Users/aryanmalla/PycharmProjects/Skin-Care-AI/dataset_sources/extracted/ffhq_wrinkle/images/Part1/06026.png,ffhq_wrinkle,ffhq,ffhq_06026,full_face,train,-1,-1,-1,-1,0
ffhq_06033,/Users/aryanmalla/PycharmProjects/Skin-Care-AI/dataset_sources/extracted/ffhq_wrinkle/images/Part1/06033.png,ffhq_wrinkle,ffhq,ffhq_06033,full_face,train,-1,-1,-1,-1,-1
ffhq_06041,/Users/aryanmalla/PycharmProjects/Skin-Care-AI/dataset_sources/extracted/ffhq_wrinkle/images/Part1/06041.png,ffhq_wrinkle,ffhq,ffhq_06041,full_face,train,-1,-1,-1,-1,0
ffhq_06042,/Users/aryanmalla/PycharmProjects/Skin-Care-AI/dataset_sources/extracted/ffhq_wrinkle/images/Part1/06042.png,ffhq_wrinkle,ffhq,ffhq_06042,full_face,train,-1,-1,-1,-1,-1
ffhq_06043,/Users/aryanmalla/PycharmProjects/Skin-Care-AI/dataset_sources/extracted/ffhq_wrinkle/images/Part1/06043.png,ffhq_wrinkle,ffhq,ffhq_06043,full_face,train,-1,-1,-1,-1,0
ffhq_06047,/Users/aryanmalla/PycharmProjects/Skin-Care-AI/dataset_sources/extracted/ffhq_wrinkle/images/Part1/06047.png,ffhq_wrinkle,ffhq,ffhq_06047,full_face,train,-1,-1,-1,-1,0
ffhq_06049,/Users/aryanmalla/PycharmProjects/Skin-Care-AI/dataset_sources/extracted/ffhq_wrinkle/images/Part1/06049.png,ffhq_wrinkle,ffhq,ffhq_06049,full_face,train,-1,-1,-1,-1,-1
ffhq_06051,/Users/aryanmalla/PycharmProjects/Skin-Care-AI/dataset_sources/extracted/ffhq_wrinkle/images/Part1/06051.png,ffhq_wrinkle,ffhq,ffhq_06051,full_face,train,-1,-1,-1,-1,0
ffhq_06057,/Users/aryanmalla/PycharmProjects/Skin-Care-AI/dataset_sources/extracted/ffhq_wrinkle/images/Part1/06057.png,ffhq_wrinkle,ffhq,ffhq_06057,full_face,train,-1,-1,-1,-1,1
ffhq_06058,/Users/aryanmalla/PycharmProjects/Skin-Care-AI/dataset_sources/extracted/ffhq_wrinkle/images/Part1/06058.png,ffhq_wrinkle,ffhq,ffhq_06058,full_face,train,-1,-1,-1,-1,1
ffhq_06059,/Users/aryanmalla/PycharmProjects/Skin-Care-AI/dataset_sources/extracted/ffhq_wrinkle/images/Part1/06059.png,ffhq_wrinkle,ffhq,ffhq_06059,full_face,train,-1,-1,-1,-1,0
ffhq_06064,/Users/aryanmalla/PycharmProjects/Skin-Care-AI/dataset_sources/extracted/ffhq_wrinkle/images/Part1/06064.png,ffhq_wrinkle,ffhq,ffhq_06064,full_face,train,-1,-1,-1,-1,0
ffhq_06065,/Users/aryanmalla/PycharmProjects/Skin-Care-AI/dataset_sources/extracted/ffhq_wrinkle/images/Part1/06065.png,ffhq_wrinkle,ffhq,ffhq_06065,full_face,train,-1,-1,-1,-1,-1
ffhq_06069,/Users/aryanmalla/PycharmProjects/Skin-Care-AI/dataset_sources/extracted/ffhq_wrinkle/images/Part1/06069.png,ffhq_wrinkle,ffhq,ffhq_06069,full_face,train,-1,-1,-1,-1,-1
ffhq_06070,/Users/aryanmalla/PycharmProjects/Skin-Care-AI/dataset_sources/extracted/ffhq_wrinkle/images/Part1/06070.png,ffhq_wrinkle,ffhq,ffhq_06070,full_face,train,-1,-1,-1,-1,1
ffhq_06071,/Users/aryanmalla/PycharmProjects/Skin-Care-AI/dataset_sources/extracted/ffhq_wrinkle/images/Part1/06071.png,ffhq_wrinkle,ffhq,ffhq_06071,full_face,train,-1,-1,-1,-1,0
ffhq_06072,/Users/aryanmalla/PycharmProjects/Skin-Care-AI/dataset_sources/extracted/ffhq_wrinkle/images/Part1/06072.png,ffhq_wrinkle,ffhq,ffhq_06072,full_face,train,-1,-1,-1,-1,-1
ffhq_06074,/Users/aryanmalla/PycharmProjects/Skin-Care-AI/dataset_sources/extracted/ffhq_wrinkle/images/Part1/06074.png,ffhq_wrinkle,ffhq,ffhq_06074,full_face,train,-1,-1,-1,-1,-1
ffhq_06076,/Users/aryanmalla/PycharmProjects/Skin-Care-AI/dataset_sources/extracted/ffhq_wrinkle/images/Part1/06076.png,ffhq_wrinkle,ffhq,ffhq_06076,full_face,train,-1,-1,-1,-1,-1
ffhq_06079,/Users/aryanmalla/PycharmProjects/Skin-Care-AI/dataset_sources/extracted/ffhq_wrinkle/images/Part1/06079.png,ffhq_wrinkle,ffhq,ffhq_06079,full_face,train,-1,-1,-1,-1,0
ffhq_06083,/Users/aryanmalla/PycharmProjects/Skin-Care-AI/dataset_sources/extracted/ffhq_wrinkle/images/Part1/06083.png,ffhq_wrinkle,ffhq,ffhq_06083,full_face,train,-1,-1,-1,-1,0
ffhq_06085,/Users/aryanmalla/PycharmProjects/Skin-Care-AI/dataset_sources/extracted/ffhq_wrinkle/images/Part1/06085.png,ffhq_wrinkle,ffhq,ffhq_06085,full_face,train,-1,-1,-1,-1,0
ffhq_06093,/Users/aryanmalla/PycharmProjects/Skin-Care-AI/dataset_sources/extracted/ffhq_wrinkle/images/Part1/06093.png,ffhq_wrinkle,ffhq,ffhq_06093,full_face,train,-1,-1,-1,-1,-1
ffhq_06095,/Users/aryanmalla/PycharmProjects/Skin-Care-AI/dataset_sources/extracted/ffhq_wrinkle/images/Part1/06095.png,ffhq_wrinkle,ffhq,ffhq_06095,full_face,train,-1,-1,-1,-1,-1
ffhq_06099,/Users/aryanmalla/PycharmProjects/Skin-Care-AI/dataset_sources/extracted/ffhq_wrinkle/images/Part1/06099.png,ffhq_wrinkle,ffhq,ffhq_06099,full_face,train,-1,-1,-1,-1,-1
ffhq_06102,/Users/aryanmalla/PycharmProjects/Skin-Care-AI/dataset_sources/extracted/ffhq_wrinkle/images/Part1/06102.png,ffhq_wrinkle,ffhq,ffhq_06102,full_face,train,-1,-1,-1,-1,1
ffhq_06103,/Users/aryanmalla/PycharmProjects/Skin-Care-AI/dataset_sources/extracted/ffhq_wrinkle/images/Part1/06103.png,ffhq_wrinkle,ffhq,ffhq_06103,full_face,train,-1,-1,-1,-1,-1
ffhq_06108,/Users/aryanmalla/PycharmProjects/Skin-Care-AI/dataset_sources/extracted/ffhq_wrinkle/images/Part1/06108.png,ffhq_wrinkle,ffhq,ffhq_06108,full_face,train,-1,-1,-1,-1,0
ffhq_06109,/Users/aryanmalla/PycharmProjects/Skin-Care-AI/dataset_sources/extracted/ffhq_wrinkle/images/Part1/06109.png,ffhq_wrinkle,ffhq,ffhq_06109,full_face,train,-1,-1,-1,-1,-1
ffhq_06110,/Users/aryanmalla/PycharmProjects/Skin-Care-AI/dataset_sources/extracted/ffhq_wrinkle/images/Part1/06110.png,ffhq_wrinkle,ffhq,ffhq_06110,full_face,train,-1,-1,-1,-1,0
ffhq_06113,/Users/aryanmalla/PycharmProjects/Skin-Care-AI/dataset_sources/extracted/ffhq_wrinkle/images/Part1/06113.png,ffhq_wrinkle,ffhq,ffhq_06113,full_face,train,-1,-1,-1,-1,0
ffhq_06115,/Users/aryanmalla/PycharmProjects/Skin-Care-AI/dataset_sources/extracted/ffhq_wrinkle/images/Part1/06115.png,ffhq_wrinkle,ffhq,ffhq_06115,full_face,train,-1,-1,-1,-1,-1
ffhq_06117,/Users/aryanmalla/PycharmProjects/Skin-Care-AI/dataset_sources/extracted/ffhq_wrinkle/images/Part1/06117.png,ffhq_wrinkle,ffhq,ffhq_06117,full_face,train,-1,-1,-1,-1,0
ffhq_06122,/Users/aryanmalla/PycharmProjects/Skin-Care-AI/dataset_sources/extracted/ffhq_wrinkle/images/Part1/06122.png,ffhq_wrinkle,ffhq,ffhq_06122,full_face,train,-1,-1,-1,-1,0
ffhq_06123,/Users/aryanmalla/PycharmProjects/Skin-Care-AI/dataset_sources/extracted/ffhq_wrinkle/images/Part1/06123.png,ffhq_wrinkle,ffhq,ffhq_06123,full_face,train,-1,-1,-1,-1,1
ffhq_06124,/Users/aryanmalla/PycharmProjects/Skin-Care-AI/dataset_sources/extracted/ffhq_wrinkle/images/Part1/06124.png,ffhq_wrinkle,ffhq,ffhq_06124,full_face,train,-1,-1,-1,-1,1
ffhq_06129,/Users/aryanmalla/PycharmProjects/Skin-Care-AI/dataset_sources/extracted/ffhq_wrinkle/images/Part1/06129.png,ffhq_wrinkle,ffhq,ffhq_06129,full_face,train,-1,-1,-1,-1,1
ffhq_06140,/Users/aryanmalla/PycharmProjects/Skin-Care-AI/dataset_sources/extracted/ffhq_wrinkle/images/Part1/06140.png,ffhq_wrinkle,ffhq,ffhq_06140,full_face,train,-1,-1,-1,-1,-1
ffhq_06141,/Users/aryanmalla/PycharmProjects/Skin-Care-AI/dataset_sources/extracted/ffhq_wrinkle/images/Part1/06141.png,ffhq_wrinkle,ffhq,ffhq_06141,full_face,train,-1,-1,-1,-1,0
ffhq_06148,/Users/aryanmalla/PycharmProjects/Skin-Care-AI/dataset_sources/extracted/ffhq_wrinkle/images/Part1/06148.png,ffhq_wrinkle,ffhq,ffhq_06148,full_face,train,-1,-1,-1,-1,0
ffhq_06149,/Users/aryanmalla/PycharmProjects/Skin-Care-AI/dataset_sources/extracted/ffhq_wrinkle/images/Part1/06149.png,ffhq_wrinkle,ffhq,ffhq_06149,full_face,train,-1,-1,-1,-1,0
ffhq_06152,/Users/aryanmalla/PycharmProjects/Skin-Care-AI/dataset_sources/extracted/ffhq_wrinkle/images/Part1/06152.png,ffhq_wrinkle,ffhq,ffhq_06152,full_face,train,-1,-1,-1,-1,1
ffhq_06174,/Users/aryanmalla/PycharmProjects/Skin-Care-AI/dataset_sources/extracted/ffhq_wrinkle/images/Part1/06174.png,ffhq_wrinkle,ffhq,ffhq_06174,full_face,train,-1,-1,-1,-1,-1
ffhq_06182,/Users/aryanmalla/PycharmProjects/Skin-Care-AI/dataset_sources/extracted/ffhq_wrinkle/images/Part1/06182.png,ffhq_wrinkle,ffhq,ffhq_06182,full_face,train,-1,-1,-1,-1,1
ffhq_06189,/Users/aryanmalla/PycharmProjects/Skin-Care-AI/dataset_sources/extracted/ffhq_wrinkle/images/Part1/06189.png,ffhq_wrinkle,ffhq,ffhq_06189,full_face,train,-1,-1,-1,-1,1
ffhq_06198,/Users/aryanmalla/PycharmProjects/Skin-Care-AI/dataset_sources/extracted/ffhq_wrinkle/images/Part1/06198.png,ffhq_wrinkle,ffhq,ffhq_06198,full_face,train,-1,-1,-1,-1,0
ffhq_06200,/Users/aryanmalla/PycharmProjects/Skin-Care-AI/dataset_sources/extracted/ffhq_wrinkle/images/Part1/06200.png,ffhq_wrinkle,ffhq,ffhq_06200,full_face,train,-1,-1,-1,-1,1
ffhq_07018,/Users/aryanmalla/PycharmProjects/Skin-Care-AI/dataset_sources/extracted/ffhq_wrinkle/images/Part1/07018.png,ffhq_wrinkle,ffhq,ffhq_07018,full_face,train,-1,-1,-1,-1,1
ffhq_07105,/Users/aryanmalla/PycharmProjects/Skin-Care-AI/dataset_sources/extracted/ffhq_wrinkle/images/Part1/07105.png,ffhq_wrinkle,ffhq,ffhq_07105,full_face,train,-1,-1,-1,-1,0
ffhq_07108,/Users/aryanmalla/PycharmProjects/Skin-Care-AI/dataset_sources/extracted/ffhq_wrinkle/images/Part1/07108.png,ffhq_wrinkle,ffhq,ffhq_07108,full_face,train,-1,-1,-1,-1,0
ffhq_07139,/Users/aryanmalla/PycharmProjects/Skin-Care-AI/dataset_sources/extracted/ffhq_wrinkle/images/Part1/07139.png,ffhq_wrinkle,ffhq,ffhq_07139,full_face,train,-1,-1,-1,-1,0
ffhq_07145,/Users/aryanmalla/PycharmProjects/Skin-Care-AI/dataset_sources/extracted/ffhq_wrinkle/images/Part1/07145.png,ffhq_wrinkle,ffhq,ffhq_07145,full_face,train,-1,-1,-1,-1,0
ffhq_07148,/Users/aryanmalla/PycharmProjects/Skin-Care-AI/dataset_sources/extracted/ffhq_wrinkle/images/Part1/07148.png,ffhq_wrinkle,ffhq,ffhq_07148,full_face,train,-1,-1,-1,-1,0
ffhq_07155,/Users/aryanmalla/PycharmProjects/Skin-Care-AI/dataset_sources/extracted/ffhq_wrinkle/images/Part1/07155.png,ffhq_wrinkle,ffhq,ffhq_07155,full_face,train,-1,-1,-1,-1,0
ffhq_07174,/Users/aryanmalla/PycharmProjects/Skin-Care-AI/dataset_sources/extracted/ffhq_wrinkle/images/Part1/07174.png,ffhq_wrinkle,ffhq,ffhq_07174,full_face,train,-1,-1,-1,-1,1
ffhq_07177,/Users/aryanmalla/PycharmProjects/Skin-Care-AI/dataset_sources/extracted/ffhq_wrinkle/images/Part1/07177.png,ffhq_wrinkle,ffhq,ffhq_07177,full_face,train,-1,-1,-1,-1,0
ffhq_07187,/Users/aryanmalla/PycharmProjects/Skin-Care-AI/dataset_sources/extracted/ffhq_wrinkle/images/Part1/07187.png,ffhq_wrinkle,ffhq,ffhq_07187,full_face,train,-1,-1,-1,-1,0
ffhq_07192,/Users/aryanmalla/PycharmProjects/Skin-Care-AI/dataset_sources/extracted/ffhq_wrinkle/images/Part1/07192.png,ffhq_wrinkle,ffhq,ffhq_07192,full_face,train,-1,-1,-1,-1,1
ffhq_07228,/Users/aryanmalla/PycharmProjects/Skin-Care-AI/dataset_sources/extracted/ffhq_wrinkle/images/Part1/07228.png,ffhq_wrinkle,ffhq,ffhq_07228,full_face,train,-1,-1,-1,-1,-1
ffhq_07267,/Users/aryanmalla/PycharmProjects/Skin-Care-AI/dataset_sources/extracted/ffhq_wrinkle/images/Part1/07267.png,ffhq_wrinkle,ffhq,ffhq_07267,full_face,train,-1,-1,-1,-1,1
ffhq_07291,/Users/aryanmalla/PycharmProjects/Skin-Care-AI/dataset_sources/extracted/ffhq_wrinkle/images/Part1/07291.png,ffhq_wrinkle,ffhq,ffhq_07291,full_face,train,-1,-1,-1,-1,1
ffhq_07292,/Users/aryanmalla/PycharmProjects/Skin-Care-AI/dataset_sources/extracted/ffhq_wrinkle/images/Part1/07292.png,ffhq_wrinkle,ffhq,ffhq_07292,full_face,train,-1,-1,-1,-1,0
ffhq_07296,/Users/aryanmalla/PycharmProjects/Skin-Care-AI/dataset_sources/extracted/ffhq_wrinkle/images/Part1/07296.png,ffhq_wrinkle,ffhq,ffhq_07296,full_face,train,-1,-1,-1,-1,0
ffhq_07304,/Users/aryanmalla/PycharmProjects/Skin-Care-AI/dataset_sources/extracted/ffhq_wrinkle/images/Part1/07304.png,ffhq_wrinkle,ffhq,ffhq_07304,full_face,train,-1,-1,-1,-1,-1
ffhq_07306,/Users/aryanmalla/PycharmProjects/Skin-Care-AI/dataset_sources/extracted/ffhq_wrinkle/images/Part1/07306.png,ffhq_wrinkle,ffhq,ffhq_07306,full_face,train,-1,-1,-1,-1,0
ffhq_07332,/Users/aryanmalla/PycharmProjects/Skin-Care-AI/dataset_sources/extracted/ffhq_wrinkle/images/Part1/07332.png,ffhq_wrinkle,ffhq,ffhq_07332,full_face,train,-1,-1,-1,-1,0
ffhq_07336,/Users/aryanmalla/PycharmProjects/Skin-Care-AI/dataset_sources/extracted/ffhq_wrinkle/images/Part1/07336.png,ffhq_wrinkle,ffhq,ffhq_07336,full_face,train,-1,-1,-1,-1,0
ffhq_07375,/Users/aryanmalla/PycharmProjects/Skin-Care-AI/dataset_sources/extracted/ffhq_wrinkle/images/Part1/07375.png,ffhq_wrinkle,ffhq,ffhq_07375,full_face,train,-1,-1,-1,-1,0
ffhq_07436,/Users/aryanmalla/PycharmProjects/Skin-Care-AI/dataset_sources/extracted/ffhq_wrinkle/images/Part1/07436.png,ffhq_wrinkle,ffhq,ffhq_07436,full_face,train,-1,-1,-1,-1,-1
ffhq_07591,/Users/aryanmalla/PycharmProjects/Skin-Care-AI/dataset_sources/extracted/ffhq_wrinkle/images/Part1/07591.png,ffhq_wrinkle,ffhq,ffhq_07591,full_face,train,-1,-1,-1,-1,0
ffhq_07592,/Users/aryanmalla/PycharmProjects/Skin-Care-AI/dataset_sources/extracted/ffhq_wrinkle/images/Part1/07592.png,ffhq_wrinkle,ffhq,ffhq_07592,full_face,train,-1,-1,-1,-1,-1
ffhq_07649,/Users/aryanmalla/PycharmProjects/Skin-Care-AI/dataset_sources/extracted/ffhq_wrinkle/images/Part1/07649.png,ffhq_wrinkle,ffhq,ffhq_07649,full_face,train,-1,-1,-1,-1,1
ffhq_07655,/Users/aryanmalla/PycharmProjects/Skin-Care-AI/dataset_sources/extracted/ffhq_wrinkle/images/Part1/07655.png,ffhq_wrinkle,ffhq,ffhq_07655,full_face,train,-1,-1,-1,-1,0
ffhq_07694,/Users/aryanmalla/PycharmProjects/Skin-Care-AI/dataset_sources/extracted/ffhq_wrinkle/images/Part1/07694.png,ffhq_wrinkle,ffhq,ffhq_07694,full_face,train,-1,-1,-1,-1,-1
ffhq_07738,/Users/aryanmalla/PycharmProjects/Skin-Care-AI/dataset_sources/extracted/ffhq_wrinkle/images/Part1/07738.png,ffhq_wrinkle,ffhq,ffhq_07738,full_face,train,-1,-1,-1,-1,0
ffhq_07748,/Users/aryanmalla/PycharmProjects/Skin-Care-AI/dataset_sources/extracted/ffhq_wrinkle/images/Part1/07748.png,ffhq_wrinkle,ffhq,ffhq_07748,full_face,train,-1,-1,-1,-1,0
ffhq_07750,/Users/aryanmalla/PycharmProjects/Skin-Care-AI/dataset_sources/extracted/ffhq_wrinkle/images/Part1/07750.png,ffhq_wrinkle,ffhq,ffhq_07750,full_face,train,-1,-1,-1,-1,0
ffhq_07757,/Users/aryanmalla/PycharmProjects/Skin-Care-AI/dataset_sources/extracted/ffhq_wrinkle/images/Part1/07757.png,ffhq_wrinkle,ffhq,ffhq_07757,full_face,train,-1,-1,-1,-1,0
ffhq_07769,/Users/aryanmalla/PycharmProjects/Skin-Care-AI/dataset_sources/extracted/ffhq_wrinkle/images/Part1/07769.png,ffhq_wrinkle,ffhq,ffhq_07769,full_face,train,-1,-1,-1,-1,0
ffhq_07798,/Users/aryanmalla/PycharmProjects/Skin-Care-AI/dataset_sources/extracted/ffhq_wrinkle/images/Part1/07798.png,ffhq_wrinkle,ffhq,ffhq_07798,full_face,train,-1,-1,-1,-1,0
ffhq_07819,/Users/aryanmalla/PycharmProjects/Skin-Care-AI/dataset_sources/extracted/ffhq_wrinkle/images/Part1/07819.png,ffhq_wrinkle,ffhq,ffhq_07819,full_face,train,-1,-1,-1,-1,0
ffhq_07820,/Users/aryanmalla/PycharmProjects/Skin-Care-AI/dataset_sources/extracted/ffhq_wrinkle/images/Part1/07820.png,ffhq_wrinkle,ffhq,ffhq_07820,full_face,train,-1,-1,-1,-1,0
ffhq_07821,/Users/aryanmalla/PycharmProjects/Skin-Care-AI/dataset_sources/extracted/ffhq_wrinkle/images/Part1/07821.png,ffhq_wrinkle,ffhq,ffhq_07821,full_face,train,-1,-1,-1,-1,0
ffhq_07822,/Users/aryanmalla/PycharmProjects/Skin-Care-AI/dataset_sources/extracted/ffhq_wrinkle/images/Part1/07822.png,ffhq_wrinkle,ffhq,ffhq_07822,full_face,train,-1,-1,-1,-1,-1
ffhq_07824,/Users/aryanmalla/PycharmProjects/Skin-Care-AI/dataset_sources/extracted/ffhq_wrinkle/images/Part1/07824.png,ffhq_wrinkle,ffhq,ffhq_07824,full_face,train,-1,-1,-1,-1,-1
ffhq_07825,/Users/aryanmalla/PycharmProjects/Skin-Care-AI/dataset_sources/extracted/ffhq_wrinkle/images/Part1/07825.png,ffhq_wrinkle,ffhq,ffhq_07825,full_face,train,-1,-1,-1,-1,1
ffhq_07829,/Users/aryanmalla/PycharmProjects/Skin-Care-AI/dataset_sources/extracted/ffhq_wrinkle/images/Part1/07829.png,ffhq_wrinkle,ffhq,ffhq_07829,full_face,train,-1,-1,-1,-1,0
ffhq_07839,/Users/aryanmalla/PycharmProjects/Skin-Care-AI/dataset_sources/extracted/ffhq_wrinkle/images/Part1/07839.png,ffhq_wrinkle,ffhq,ffhq_07839,full_face,train,-1,-1,-1,-1,0
ffhq_07851,/Users/aryanmalla/PycharmProjects/Skin-Care-AI/dataset_sources/extracted/ffhq_wrinkle/images/Part1/07851.png,ffhq_wrinkle,ffhq,ffhq_07851,full_face,train,-1,-1,-1,-1,-1
ffhq_07852,/Users/aryanmalla/PycharmProjects/Skin-Care-AI/dataset_sources/extracted/ffhq_wrinkle/images/Part1/07852.png,ffhq_wrinkle,ffhq,ffhq_07852,full_face,train,-1,-1,-1,-1,-1
ffhq_07854,/Users/aryanmalla/PycharmProjects/Skin-Care-AI/dataset_sources/extracted/ffhq_wrinkle/images/Part1/07854.png,ffhq_wrinkle,ffhq,ffhq_07854,full_face,train,-1,-1,-1,-1,-1
ffhq_07862,/Users/aryanmalla/PycharmProjects/Skin-Care-AI/dataset_sources/extracted/ffhq_wrinkle/images/Part1/07862.png,ffhq_wrinkle,ffhq,ffhq_07862,full_face,train,-1,-1,-1,-1,0
ffhq_07865,/Users/aryanmalla/PycharmProjects/Skin-Care-AI/dataset_sources/extracted/ffhq_wrinkle/images/Part1/07865.png,ffhq_wrinkle,ffhq,ffhq_07865,full_face,train,-1,-1,-1,-1,0
ffhq_07867,/Users/aryanmalla/PycharmProjects/Skin-Care-AI/dataset_sources/extracted/ffhq_wrinkle/images/Part1/07867.png,ffhq_wrinkle,ffhq,ffhq_07867,full_face,train,-1,-1,-1,-1,-1
ffhq_07874,/Users/aryanmalla/PycharmProjects/Skin-Care-AI/dataset_sources/extracted/ffhq_wrinkle/images/Part1/07874.png,ffhq_wrinkle,ffhq,ffhq_07874,full_face,train,-1,-1,-1,-1,0
ffhq_07885,/Users/aryanmalla/PycharmProjects/Skin-Care-AI/dataset_sources/extracted/ffhq_wrinkle/images/Part1/07885.png,ffhq_wrinkle,ffhq,ffhq_07885,full_face,train,-1,-1,-1,-1,-1
ffhq_07894,/Users/aryanmalla/PycharmProjects/Skin-Care-AI/dataset_sources/extracted/ffhq_wrinkle/images/Part1/07894.png,ffhq_wrinkle,ffhq,ffhq_07894,full_face,train,-1,-1,-1,-1,0
ffhq_07907,/Users/aryanmalla/PycharmProjects/Skin-Care-AI/dataset_sources/extracted/ffhq_wrinkle/images/Part1/07907.png,ffhq_wrinkle,ffhq,ffhq_07907,full_face,train,-1,-1,-1,-1,-1
ffhq_07908,/Users/aryanmalla/PycharmProjects/Skin-Care-AI/dataset_sources/extracted/ffhq_wrinkle/images/Part1/07908.png,ffhq_wrinkle,ffhq,ffhq_07908,full_face,train,-1,-1,-1,-1,0
ffhq_07909,/Users/aryanmalla/PycharmProjects/Skin-Care-AI/dataset_sources/extracted/ffhq_wrinkle/images/Part1/07909.png,ffhq_wrinkle,ffhq,ffhq_07909,full_face,train,-1,-1,-1,-1,0
ffhq_07911,/Users/aryanmalla/PycharmProjects/Skin-Care-AI/dataset_sources/extracted/ffhq_wrinkle/images/Part1/07911.png,ffhq_wrinkle,ffhq,ffhq_07911,full_face,train,-1,-1,-1,-1,-1
ffhq_07914,/Users/aryanmalla/PycharmProjects/Skin-Care-AI/dataset_sources/extracted/ffhq_wrinkle/images/Part1/07914.png,ffhq_wrinkle,ffhq,ffhq_07914,full_face,train,-1,-1,-1,-1,0
ffhq_07917,/Users/aryanmalla/PycharmProjects/Skin-Care-AI/dataset_sources/extracted/ffhq_wrinkle/images/Part1/07917.png,ffhq_wrinkle,ffhq,ffhq_07917,full_face,train,-1,-1,-1,-1,1
ffhq_07919,/Users/aryanmalla/PycharmProjects/Skin-Care-AI/dataset_sources/extracted/ffhq_wrinkle/images/Part1/07919.png,ffhq_wrinkle,ffhq,ffhq_07919,full_face,train,-1,-1,-1,-1,0
ffhq_07928,/Users/aryanmalla/PycharmProjects/Skin-Care-AI/dataset_sources/extracted/ffhq_wrinkle/images/Part1/07928.png,ffhq_wrinkle,ffhq,ffhq_07928,full_face,train,-1,-1,-1,-1,1
ffhq_07932,/Users/aryanmalla/PycharmProjects/Skin-Care-AI/dataset_sources/extracted/ffhq_wrinkle/images/Part1/07932.png,ffhq_wrinkle,ffhq,ffhq_07932,full_face,train,-1,-1,-1,-1,0
ffhq_07940,/Users/aryanmalla/PycharmProjects/Skin-Care-AI/dataset_sources/extracted/ffhq_wrinkle/images/Part1/07940.png,ffhq_wrinkle,ffhq,ffhq_07940,full_face,train,-1,-1,-1,-1,0
ffhq_07953,/Users/aryanmalla/PycharmProjects/Skin-Care-AI/dataset_sources/extracted/ffhq_wrinkle/images/Part1/07953.png,ffhq_wrinkle,ffhq,ffhq_07953,full_face,train,-1,-1,-1,-1,1
ffhq_07955,/Users/aryanmalla/PycharmProjects/Skin-Care-AI/dataset_sources/extracted/ffhq_wrinkle/images/Part1/07955.png,ffhq_wrinkle,ffhq,ffhq_07955,full_face,train,-1,-1,-1,-1,0
ffhq_07960,/Users/aryanmalla/PycharmProjects/Skin-Care-AI/dataset_sources/extracted/ffhq_wrinkle/images/Part1/07960.png,ffhq_wrinkle,ffhq,ffhq_07960,full_face,train,-1,-1,-1,-1,0
ffhq_07970,/Users/aryanmalla/PycharmProjects/Skin-Care-AI/dataset_sources/extracted/ffhq_wrinkle/images/Part1/07970.png,ffhq_wrinkle,ffhq,ffhq_07970,full_face,train,-1,-1,-1,-1,-1
ffhq_07973,/Users/aryanmalla/PycharmProjects/Skin-Care-AI/dataset_sources/extracted/ffhq_wrinkle/images/Part1/07973.png,ffhq_wrinkle,ffhq,ffhq_07973,full_face,train,-1,-1,-1,-1,0
ffhq_07990,/Users/aryanmalla/PycharmProjects/Skin-Care-AI/dataset_sources/extracted/ffhq_wrinkle/images/Part1/07990.png,ffhq_wrinkle,ffhq,ffhq_07990,full_face,train,-1,-1,-1,-1,0
ffhq_07992,/Users/aryanmalla/PycharmProjects/Skin-Care-AI/dataset_sources/extracted/ffhq_wrinkle/images/Part1/07992.png,ffhq_wrinkle,ffhq,ffhq_07992,full_face,train,-1,-1,-1,-1,0
ffhq_08001,/Users/aryanmalla/PycharmProjects/Skin-Care-AI/dataset_sources/extracted/ffhq_wrinkle/images/Part1/08001.png,ffhq_wrinkle,ffhq,ffhq_08001,full_face,train,-1,-1,-1,-1,1
ffhq_08004,/Users/aryanmalla/PycharmProjects/Skin-Care-AI/dataset_sources/extracted/ffhq_wrinkle/images/Part1/08004.png,ffhq_wrinkle,ffhq,ffhq_08004,full_face,train,-1,-1,-1,-1,-1
ffhq_08011,/Users/aryanmalla/PycharmProjects/Skin-Care-AI/dataset_sources/extracted/ffhq_wrinkle/images/Part1/08011.png,ffhq_wrinkle,ffhq,ffhq_08011,full_face,train,-1,-1,-1,-1,-1
ffhq_08014,/Users/aryanmalla/PycharmProjects/Skin-Care-AI/dataset_sources/extracted/ffhq_wrinkle/images/Part1/08014.png,ffhq_wrinkle,ffhq,ffhq_08014,full_face,train,-1,-1,-1,-1,0
ffhq_08015,/Users/aryanmalla/PycharmProjects/Skin-Care-AI/dataset_sources/extracted/ffhq_wrinkle/images/Part1/08015.png,ffhq_wrinkle,ffhq,ffhq_08015,full_face,train,-1,-1,-1,-1,-1
ffhq_08017,/Users/aryanmalla/PycharmProjects/Skin-Care-AI/dataset_sources/extracted/ffhq_wrinkle/images/Part1/08017.png,ffhq_wrinkle,ffhq,ffhq_08017,full_face,train,-1,-1,-1,-1,0
ffhq_08023,/Users/aryanmalla/PycharmProjects/Skin-Care-AI/dataset_sources/extracted/ffhq_wrinkle/images/Part1/08023.png,ffhq_wrinkle,ffhq,ffhq_08023,full_face,train,-1,-1,-1,-1,0
ffhq_08031,/Users/aryanmalla/PycharmProjects/Skin-Care-AI/dataset_sources/extracted/ffhq_wrinkle/images/Part1/08031.png,ffhq_wrinkle,ffhq,ffhq_08031,full_face,train,-1,-1,-1,-1,0
ffhq_08033,/Users/aryanmalla/PycharmProjects/Skin-Care-AI/dataset_sources/extracted/ffhq_wrinkle/images/Part1/08033.png,ffhq_wrinkle,ffhq,ffhq_08033,full_face,train,-1,-1,-1,-1,1
ffhq_08045,/Users/aryanmalla/PycharmProjects/Skin-Care-AI/dataset_sources/extracted/ffhq_wrinkle/images/Part1/08045.png,ffhq_wrinkle,ffhq,ffhq_08045,full_face,train,-1,-1,-1,-1,-1
ffhq_08052,/Users/aryanmalla/PycharmProjects/Skin-Care-AI/dataset_sources/extracted/ffhq_wrinkle/images/Part1/08052.png,ffhq_wrinkle,ffhq,ffhq_08052,full_face,train,-1,-1,-1,-1,-1
ffhq_08053,/Users/aryanmalla/PycharmProjects/Skin-Care-AI/dataset_sources/extracted/ffhq_wrinkle/images/Part1/08053.png,ffhq_wrinkle,ffhq,ffhq_08053,full_face,train,-1,-1,-1,-1,-1
ffhq_08054,/Users/aryanmalla/PycharmProjects/Skin-Care-AI/dataset_sources/extracted/ffhq_wrinkle/images/Part1/08054.png,ffhq_wrinkle,ffhq,ffhq_08054,full_face,train,-1,-1,-1,-1,0
ffhq_08059,/Users/aryanmalla/PycharmProjects/Skin-Care-AI/dataset_sources/extracted/ffhq_wrinkle/images/Part1/08059.png,ffhq_wrinkle,ffhq,ffhq_08059,full_face,train,-1,-1,-1,-1,-1
ffhq_08061,/Users/aryanmalla/PycharmProjects/Skin-Care-AI/dataset_sources/extracted/ffhq_wrinkle/images/Part1/08061.png,ffhq_wrinkle,ffhq,ffhq_08061,full_face,train,-1,-1,-1,-1,0
ffhq_08066,/Users/aryanmalla/PycharmProjects/Skin-Care-AI/dataset_sources/extracted/ffhq_wrinkle/images/Part1/08066.png,ffhq_wrinkle,ffhq,ffhq_08066,full_face,train,-1,-1,-1,-1,-1
ffhq_08068,/Users/aryanmalla/PycharmProjects/Skin-Care-AI/dataset_sources/extracted/ffhq_wrinkle/images/Part1/08068.png,ffhq_wrinkle,ffhq,ffhq_08068,full_face,train,-1,-1,-1,-1,1
ffhq_08073,/Users/aryanmalla/PycharmProjects/Skin-Care-AI/dataset_sources/extracted/ffhq_wrinkle/images/Part1/08073.png,ffhq_wrinkle,ffhq,ffhq_08073,full_face,train,-1,-1,-1,-1,0
ffhq_08075,/Users/aryanmalla/PycharmProjects/Skin-Care-AI/dataset_sources/extracted/ffhq_wrinkle/images/Part1/08075.png,ffhq_wrinkle,ffhq,ffhq_08075,full_face,train,-1,-1,-1,-1,1
ffhq_08083,/Users/aryanmalla/PycharmProjects/Skin-Care-AI/dataset_sources/extracted/ffhq_wrinkle/images/Part1/08083.png,ffhq_wrinkle,ffhq,ffhq_08083,full_face,train,-1,-1,-1,-1,-1
ffhq_08085,/Users/aryanmalla/PycharmProjects/Skin-Care-AI/dataset_sources/extracted/ffhq_wrinkle/images/Part1/08085.png,ffhq_wrinkle,ffhq,ffhq_08085,full_face,train,-1,-1,-1,-1,0
ffhq_08089,/Users/aryanmalla/PycharmProjects/Skin-Care-AI/dataset_sources/extracted/ffhq_wrinkle/images/Part1/08089.png,ffhq_wrinkle,ffhq,ffhq_08089,full_face,train,-1,-1,-1,-1,0
ffhq_08093,/Users/aryanmalla/PycharmProjects/Skin-Care-AI/dataset_sources/extracted/ffhq_wrinkle/images/Part1/08093.png,ffhq_wrinkle,ffhq,ffhq_08093,full_face,train,-1,-1,-1,-1,0
ffhq_08096,/Users/aryanmalla/PycharmProjects/Skin-Care-AI/dataset_sources/extracted/ffhq_wrinkle/images/Part1/08096.png,ffhq_wrinkle,ffhq,ffhq_08096,full_face,train,-1,-1,-1,-1,-1
ffhq_08099,/Users/aryanmalla/PycharmProjects/Skin-Care-AI/dataset_sources/extracted/ffhq_wrinkle/images/Part1/08099.png,ffhq_wrinkle,ffhq,ffhq_08099,full_face,train,-1,-1,-1,-1,0
ffhq_08100,/Users/aryanmalla/PycharmProjects/Skin-Care-AI/dataset_sources/extracted/ffhq_wrinkle/images/Part1/08100.png,ffhq_wrinkle,ffhq,ffhq_08100,full_face,train,-1,-1,-1,-1,0
ffhq_08105,/Users/aryanmalla/PycharmProjects/Skin-Care-AI/dataset_sources/extracted/ffhq_wrinkle/images/Part1/08105.png,ffhq_wrinkle,ffhq,ffhq_08105,full_face,train,-1,-1,-1,-1,0
ffhq_08111,/Users/aryanmalla/PycharmProjects/Skin-Care-AI/dataset_sources/extracted/ffhq_wrinkle/images/Part1/08111.png,ffhq_wrinkle,ffhq,ffhq_08111,full_face,train,-1,-1,-1,-1,0
ffhq_08115,/Users/aryanmalla/PycharmProjects/Skin-Care-AI/dataset_sources/extracted/ffhq_wrinkle/images/Part1/08115.png,ffhq_wrinkle,ffhq,ffhq_08115,full_face,train,-1,-1,-1,-1,1
ffhq_08116,/Users/aryanmalla/PycharmProjects/Skin-Care-AI/dataset_sources/extracted/ffhq_wrinkle/images/Part1/08116.png,ffhq_wrinkle,ffhq,ffhq_08116,full_face,train,-1,-1,-1,-1,-1
ffhq_08123,/Users/aryanmalla/PycharmProjects/Skin-Care-AI/dataset_sources/extracted/ffhq_wrinkle/images/Part1/08123.png,ffhq_wrinkle,ffhq,ffhq_08123,full_face,train,-1,-1,-1,-1,-1
ffhq_08133,/Users/aryanmalla/PycharmProjects/Skin-Care-AI/dataset_sources/extracted/ffhq_wrinkle/images/Part1/08133.png,ffhq_wrinkle,ffhq,ffhq_08133,full_face,train,-1,-1,-1,-1,1
ffhq_08152,/Users/aryanmalla/PycharmProjects/Skin-Care-AI/dataset_sources/extracted/ffhq_wrinkle/images/Part1/08152.png,ffhq_wrinkle,ffhq,ffhq_08152,full_face,train,-1,-1,-1,-1,1
ffhq_08158,/Users/aryanmalla/PycharmProjects/Skin-Care-AI/dataset_sources/extracted/ffhq_wrinkle/images/Part1/08158.png,ffhq_wrinkle,ffhq,ffhq_08158,full_face,train,-1,-1,-1,-1,1
ffhq_08169,/Users/aryanmalla/PycharmProjects/Skin-Care-AI/dataset_sources/extracted/ffhq_wrinkle/images/Part1/08169.png,ffhq_wrinkle,ffhq,ffhq_08169,full_face,train,-1,-1,-1,-1,-1
ffhq_08187,/Users/aryanmalla/PycharmProjects/Skin-Care-AI/dataset_sources/extracted/ffhq_wrinkle/images/Part1/08187.png,ffhq_wrinkle,ffhq,ffhq_08187,full_face,train,-1,-1,-1,-1,0
ffhq_08188,/Users/aryanmalla/PycharmProjects/Skin-Care-AI/dataset_sources/extracted/ffhq_wrinkle/images/Part1/08188.png,ffhq_wrinkle,ffhq,ffhq_08188,full_face,train,-1,-1,-1,-1,-1
ffhq_08190,/Users/aryanmalla/PycharmProjects/Skin-Care-AI/dataset_sources/extracted/ffhq_wrinkle/images/Part1/08190.png,ffhq_wrinkle,ffhq,ffhq_08190,full_face,train,-1,-1,-1,-1,0
ffhq_08192,/Users/aryanmalla/PycharmProjects/Skin-Care-AI/dataset_sources/extracted/ffhq_wrinkle/images/Part1/08192.png,ffhq_wrinkle,ffhq,ffhq_08192,full_face,train,-1,-1,-1,-1,0
ffhq_08196,/Users/aryanmalla/PycharmProjects/Skin-Care-AI/dataset_sources/extracted/ffhq_wrinkle/images/Part1/08196.png,ffhq_wrinkle,ffhq,ffhq_08196,full_face,train,-1,-1,-1,-1,0
ffhq_08201,/Users/aryanmalla/PycharmProjects/Skin-Care-AI/dataset_sources/extracted/ffhq_wrinkle/images/Part1/08201.png,ffhq_wrinkle,ffhq,ffhq_08201,full_face,train,-1,-1,-1,-1,-1
ffhq_08209,/Users/aryanmalla/PycharmProjects/Skin-Care-AI/dataset_sources/extracted/ffhq_wrinkle/images/Part1/08209.png,ffhq_wrinkle,ffhq,ffhq_08209,full_face,train,-1,-1,-1,-1,0
ffhq_08210,/Users/aryanmalla/PycharmProjects/Skin-Care-AI/dataset_sources/extracted/ffhq_wrinkle/images/Part1/08210.png,ffhq_wrinkle,ffhq,ffhq_08210,full_face,train,-1,-1,-1,-1,0
ffhq_08212,/Users/aryanmalla/PycharmProjects/Skin-Care-AI/dataset_sources/extracted/ffhq_wrinkle/images/Part1/08212.png,ffhq_wrinkle,ffhq,ffhq_08212,full_face,train,-1,-1,-1,-1,0
ffhq_08214,/Users/aryanmalla/PycharmProjects/Skin-Care-AI/dataset_sources/extracted/ffhq_wrinkle/images/Part1/08214.png,ffhq_wrinkle,ffhq,ffhq_08214,full_face,train,-1,-1,-1,-1,-1
ffhq_08219,/Users/aryanmalla/PycharmProjects/Skin-Care-AI/dataset_sources/extracted/ffhq_wrinkle/images/Part1/08219.png,ffhq_wrinkle,ffhq,ffhq_08219,full_face,train,-1,-1,-1,-1,-1
ffhq_08225,/Users/aryanmalla/PycharmProjects/Skin-Care-AI/dataset_sources/extracted/ffhq_wrinkle/images/Part1/08225.png,ffhq_wrinkle,ffhq,ffhq_08225,full_face,train,-1,-1,-1,-1,-1
ffhq_08229,/Users/aryanmalla/PycharmProjects/Skin-Care-AI/dataset_sources/extracted/ffhq_wrinkle/images/Part1/08229.png,ffhq_wrinkle,ffhq,ffhq_08229,full_face,train,-1,-1,-1,-1,-1
ffhq_08230,/Users/aryanmalla/PycharmProjects/Skin-Care-AI/dataset_sources/extracted/ffhq_wrinkle/images/Part1/08230.png,ffhq_wrinkle,ffhq,ffhq_08230,full_face,train,-1,-1,-1,-1,0
ffhq_08235,/Users/aryanmalla/PycharmProjects/Skin-Care-AI/dataset_sources/extracted/ffhq_wrinkle/images/Part1/08235.png,ffhq_wrinkle,ffhq,ffhq_08235,full_face,train,-1,-1,-1,-1,0
ffhq_08236,/Users/aryanmalla/PycharmProjects/Skin-Care-AI/dataset_sources/extracted/ffhq_wrinkle/images/Part1/08236.png,ffhq_wrinkle,ffhq,ffhq_08236,full_face,train,-1,-1,-1,-1,0
ffhq_08239,/Users/aryanmalla/PycharmProjects/Skin-Care-AI/dataset_sources/extracted/ffhq_wrinkle/images/Part1/08239.png,ffhq_wrinkle,ffhq,ffhq_08239,full_face,train,-1,-1,-1,-1,0
ffhq_08247,/Users/aryanmalla/PycharmProjects/Skin-Care-AI/dataset_sources/extracted/ffhq_wrinkle/images/Part1/08247.png,ffhq_wrinkle,ffhq,ffhq_08247,full_face,train,-1,-1,-1,-1,-1
ffhq_08250,/Users/aryanmalla/PycharmProjects/Skin-Care-AI/dataset_sources/extracted/ffhq_wrinkle/images/Part1/08250.png,ffhq_wrinkle,ffhq,ffhq_08250,full_face,train,-1,-1,-1,-1,0
ffhq_08251,/Users/aryanmalla/PycharmProjects/Skin-Care-AI/dataset_sources/extracted/ffhq_wrinkle/images/Part1/08251.png,ffhq_wrinkle,ffhq,ffhq_08251,full_face,train,-1,-1,-1,-1,0
ffhq_08254,/Users/aryanmalla/PycharmProjects/Skin-Care-AI/dataset_sources/extracted/ffhq_wrinkle/images/Part1/08254.png,ffhq_wrinkle,ffhq,ffhq_08254,full_face,train,-1,-1,-1,-1,-1
ffhq_08255,/Users/aryanmalla/PycharmProjects/Skin-Care-AI/dataset_sources/extracted/ffhq_wrinkle/images/Part1/08255.png,ffhq_wrinkle,ffhq,ffhq_08255,full_face,train,-1,-1,-1,-1,0
ffhq_08257,/Users/aryanmalla/PycharmProjects/Skin-Care-AI/dataset_sources/extracted/ffhq_wrinkle/images/Part1/08257.png,ffhq_wrinkle,ffhq,ffhq_08257,full_face,train,-1,-1,-1,-1,1
ffhq_08260,/Users/aryanmalla/PycharmProjects/Skin-Care-AI/dataset_sources/extracted/ffhq_wrinkle/images/Part1/08260.png,ffhq_wrinkle,ffhq,ffhq_08260,full_face,train,-1,-1,-1,-1,0
ffhq_08267,/Users/aryanmalla/PycharmProjects/Skin-Care-AI/dataset_sources/extracted/ffhq_wrinkle/images/Part1/08267.png,ffhq_wrinkle,ffhq,ffhq_08267,full_face,train,-1,-1,-1,-1,-1
ffhq_08268,/Users/aryanmalla/PycharmProjects/Skin-Care-AI/dataset_sources/extracted/ffhq_wrinkle/images/Part1/08268.png,ffhq_wrinkle,ffhq,ffhq_08268,full_face,train,-1,-1,-1,-1,1
ffhq_08279,/Users/aryanmalla/PycharmProjects/Skin-Care-AI/dataset_sources/extracted/ffhq_wrinkle/images/Part1/08279.png,ffhq_wrinkle,ffhq,ffhq_08279,full_face,train,-1,-1,-1,-1,0
ffhq_08283,/Users/aryanmalla/PycharmProjects/Skin-Care-AI/dataset_sources/extracted/ffhq_wrinkle/images/Part1/08283.png,ffhq_wrinkle,ffhq,ffhq_08283,full_face,train,-1,-1,-1,-1,0
ffhq_09010,/Users/aryanmalla/PycharmProjects/Skin-Care-AI/dataset_sources/extracted/ffhq_wrinkle/images/Part1/09010.png,ffhq_wrinkle,ffhq,ffhq_09010,full_face,train,-1,-1,-1,-1,0
ffhq_09019,/Users/aryanmalla/PycharmProjects/Skin-Care-AI/dataset_sources/extracted/ffhq_wrinkle/images/Part1/09019.png,ffhq_wrinkle,ffhq,ffhq_09019,full_face,train,-1,-1,-1,-1,-1
ffhq_09023,/Users/aryanmalla/PycharmProjects/Skin-Care-AI/dataset_sources/extracted/ffhq_wrinkle/images/Part1/09023.png,ffhq_wrinkle,ffhq,ffhq_09023,full_face,train,-1,-1,-1,-1,0
ffhq_09027,/Users/aryanmalla/PycharmProjects/Skin-Care-AI/dataset_sources/extracted/ffhq_wrinkle/images/Part1/09027.png,ffhq_wrinkle,ffhq,ffhq_09027,full_face,train,-1,-1,-1,-1,1
ffhq_09028,/Users/aryanmalla/PycharmProjects/Skin-Care-AI/dataset_sources/extracted/ffhq_wrinkle/images/Part1/09028.png,ffhq_wrinkle,ffhq,ffhq_09028,full_face,train,-1,-1,-1,-1,-1
ffhq_09031,/Users/aryanmalla/PycharmProjects/Skin-Care-AI/dataset_sources/extracted/ffhq_wrinkle/images/Part1/09031.png,ffhq_wrinkle,ffhq,ffhq_09031,full_face,train,-1,-1,-1,-1,0
ffhq_09035,/Users/aryanmalla/PycharmProjects/Skin-Care-AI/dataset_sources/extracted/ffhq_wrinkle/images/Part1/09035.png,ffhq_wrinkle,ffhq,ffhq_09035,full_face,train,-1,-1,-1,-1,1
ffhq_09040,/Users/aryanmalla/PycharmProjects/Skin-Care-AI/dataset_sources/extracted/ffhq_wrinkle/images/Part1/09040.png,ffhq_wrinkle,ffhq,ffhq_09040,full_face,train,-1,-1,-1,-1,1
ffhq_09043,/Users/aryanmalla/PycharmProjects/Skin-Care-AI/dataset_sources/extracted/ffhq_wrinkle/images/Part1/09043.png,ffhq_wrinkle,ffhq,ffhq_09043,full_face,train,-1,-1,-1,-1,-1
ffhq_09054,/Users/aryanmalla/PycharmProjects/Skin-Care-AI/dataset_sources/extracted/ffhq_wrinkle/images/Part1/09054.png,ffhq_wrinkle,ffhq,ffhq_09054,full_face,train,-1,-1,-1,-1,1
ffhq_09055,/Users/aryanmalla/PycharmProjects/Skin-Care-AI/dataset_sources/extracted/ffhq_wrinkle/images/Part1/09055.png,ffhq_wrinkle,ffhq,ffhq_09055,full_face,train,-1,-1,-1,-1,0
ffhq_09060,/Users/aryanmalla/PycharmProjects/Skin-Care-AI/dataset_sources/extracted/ffhq_wrinkle/images/Part1/09060.png,ffhq_wrinkle,ffhq,ffhq_09060,full_face,train,-1,-1,-1,-1,1
ffhq_09071,/Users/aryanmalla/PycharmProjects/Skin-Care-AI/dataset_sources/extracted/ffhq_wrinkle/images/Part1/09071.png,ffhq_wrinkle,ffhq,ffhq_09071,full_face,train,-1,-1,-1,-1,1
ffhq_09072,/Users/aryanmalla/PycharmProjects/Skin-Care-AI/dataset_sources/extracted/ffhq_wrinkle/images/Part1/09072.png,ffhq_wrinkle,ffhq,ffhq_09072,full_face,train,-1,-1,-1,-1,-1
ffhq_09074,/Users/aryanmalla/PycharmProjects/Skin-Care-AI/dataset_sources/extracted/ffhq_wrinkle/images/Part1/09074.png,ffhq_wrinkle,ffhq,ffhq_09074,full_face,train,-1,-1,-1,-1,1
ffhq_09084,/Users/aryanmalla/PycharmProjects/Skin-Care-AI/dataset_sources/extracted/ffhq_wrinkle/images/Part1/09084.png,ffhq_wrinkle,ffhq,ffhq_09084,full_face,train,-1,-1,-1,-1,-1
ffhq_09093,/Users/aryanmalla/PycharmProjects/Skin-Care-AI/dataset_sources/extracted/ffhq_wrinkle/images/Part1/09093.png,ffhq_wrinkle,ffhq,ffhq_09093,full_face,train,-1,-1,-1,-1,0
ffhq_09104,/Users/aryanmalla/PycharmProjects/Skin-Care-AI/dataset_sources/extracted/ffhq_wrinkle/images/Part1/09104.png,ffhq_wrinkle,ffhq,ffhq_09104,full_face,train,-1,-1,-1,-1,-1
ffhq_09111,/Users/aryanmalla/PycharmProjects/Skin-Care-AI/dataset_sources/extracted/ffhq_wrinkle/images/Part1/09111.png,ffhq_wrinkle,ffhq,ffhq_09111,full_face,train,-1,-1,-1,-1,1
ffhq_09112,/Users/aryanmalla/PycharmProjects/Skin-Care-AI/dataset_sources/extracted/ffhq_wrinkle/images/Part1/09112.png,ffhq_wrinkle,ffhq,ffhq_09112,full_face,train,-1,-1,-1,-1,1
ffhq_09118,/Users/aryanmalla/PycharmProjects/Skin-Care-AI/dataset_sources/extracted/ffhq_wrinkle/images/Part1/09118.png,ffhq_wrinkle,ffhq,ffhq_09118,full_face,train,-1,-1,-1,-1,1
ffhq_09127,/Users/aryanmalla/PycharmProjects/Skin-Care-AI/dataset_sources/extracted/ffhq_wrinkle/images/Part1/09127.png,ffhq_wrinkle,ffhq,ffhq_09127,full_face,train,-1,-1,-1,-1,1
ffhq_09129,/Users/aryanmalla/PycharmProjects/Skin-Care-AI/dataset_sources/extracted/ffhq_wrinkle/images/Part1/09129.png,ffhq_wrinkle,ffhq,ffhq_09129,full_face,train,-1,-1,-1,-1,1
ffhq_09131,/Users/aryanmalla/PycharmProjects/Skin-Care-AI/dataset_sources/extracted/ffhq_wrinkle/images/Part1/09131.png,ffhq_wrinkle,ffhq,ffhq_09131,full_face,train,-1,-1,-1,-1,1
ffhq_09135,/Users/aryanmalla/PycharmProjects/Skin-Care-AI/dataset_sources/extracted/ffhq_wrinkle/images/Part1/09135.png,ffhq_wrinkle,ffhq,ffhq_09135,full_face,train,-1,-1,-1,-1,1
ffhq_09145,/Users/aryanmalla/PycharmProjects/Skin-Care-AI/dataset_sources/extracted/ffhq_wrinkle/images/Part1/09145.png,ffhq_wrinkle,ffhq,ffhq_09145,full_face,train,-1,-1,-1,-1,-1
ffhq_09156,/Users/aryanmalla/PycharmProjects/Skin-Care-AI/dataset_sources/extracted/ffhq_wrinkle/images/Part1/09156.png,ffhq_wrinkle,ffhq,ffhq_09156,full_face,train,-1,-1,-1,-1,1
ffhq_09162,/Users/aryanmalla/PycharmProjects/Skin-Care-AI/dataset_sources/extracted/ffhq_wrinkle/images/Part1/09162.png,ffhq_wrinkle,ffhq,ffhq_09162,full_face,train,-1,-1,-1,-1,1
ffhq_09163,/Users/aryanmalla/PycharmProjects/Skin-Care-AI/dataset_sources/extracted/ffhq_wrinkle/images/Part1/09163.png,ffhq_wrinkle,ffhq,ffhq_09163,full_face,train,-1,-1,-1,-1,1
ffhq_09169,/Users/aryanmalla/PycharmProjects/Skin-Care-AI/dataset_sources/extracted/ffhq_wrinkle/images/Part1/09169.png,ffhq_wrinkle,ffhq,ffhq_09169,full_face,train,-1,-1,-1,-1,-1
ffhq_09173,/Users/aryanmalla/PycharmProjects/Skin-Care-AI/dataset_sources/extracted/ffhq_wrinkle/images/Part1/09173.png,ffhq_wrinkle,ffhq,ffhq_09173,full_face,train,-1,-1,-1,-1,-1
ffhq_09175,/Users/aryanmalla/PycharmProjects/Skin-Care-AI/dataset_sources/extracted/ffhq_wrinkle/images/Part1/09175.png,ffhq_wrinkle,ffhq,ffhq_09175,full_face,train,-1,-1,-1,-1,1
ffhq_09182,/Users/aryanmalla/PycharmProjects/Skin-Care-AI/dataset_sources/extracted/ffhq_wrinkle/images/Part1/09182.png,ffhq_wrinkle,ffhq,ffhq_09182,full_face,train,-1,-1,-1,-1,-1
ffhq_09183,/Users/aryanmalla/PycharmProjects/Skin-Care-AI/dataset_sources/extracted/ffhq_wrinkle/images/Part1/09183.png,ffhq_wrinkle,ffhq,ffhq_09183,full_face,train,-1,-1,-1,-1,-1
ffhq_09187,/Users/aryanmalla/PycharmProjects/Skin-Care-AI/dataset_sources/extracted/ffhq_wrinkle/images/Part1/09187.png,ffhq_wrinkle,ffhq,ffhq_09187,full_face,train,-1,-1,-1,-1,1
ffhq_09190,/Users/aryanmalla/PycharmProjects/Skin-Care-AI/dataset_sources/extracted/ffhq_wrinkle/images/Part1/09190.png,ffhq_wrinkle,ffhq,ffhq_09190,full_face,train,-1,-1,-1,-1,-1
ffhq_09193,/Users/aryanmalla/PycharmProjects/Skin-Care-AI/dataset_sources/extracted/ffhq_wrinkle/images/Part1/09193.png,ffhq_wrinkle,ffhq,ffhq_09193,full_face,train,-1,-1,-1,-1,1
ffhq_09194,/Users/aryanmalla/PycharmProjects/Skin-Care-AI/dataset_sources/extracted/ffhq_wrinkle/images/Part1/09194.png,ffhq_wrinkle,ffhq,ffhq_09194,full_face,train,-1,-1,-1,-1,-1
ffhq_09197,/Users/aryanmalla/PycharmProjects/Skin-Care-AI/dataset_sources/extracted/ffhq_wrinkle/images/Part1/09197.png,ffhq_wrinkle,ffhq,ffhq_09197,full_face,train,-1,-1,-1,-1,1
ffhq_09198,/Users/aryanmalla/PycharmProjects/Skin-Care-AI/dataset_sources/extracted/ffhq_wrinkle/images/Part1/09198.png,ffhq_wrinkle,ffhq,ffhq_09198,full_face,train,-1,-1,-1,-1,1
ffhq_09200,/Users/aryanmalla/PycharmProjects/Skin-Care-AI/dataset_sources/extracted/ffhq_wrinkle/images/Part1/09200.png,ffhq_wrinkle,ffhq,ffhq_09200,full_face,train,-1,-1,-1,-1,1
ffhq_09201,/Users/aryanmalla/PycharmProjects/Skin-Care-AI/dataset_sources/extracted/ffhq_wrinkle/images/Part1/09201.png,ffhq_wrinkle,ffhq,ffhq_09201,full_face,train,-1,-1,-1,-1,-1
ffhq_09205,/Users/aryanmalla/PycharmProjects/Skin-Care-AI/dataset_sources/extracted/ffhq_wrinkle/images/Part1/09205.png,ffhq_wrinkle,ffhq,ffhq_09205,full_face,train,-1,-1,-1,-1,-1
ffhq_09210,/Users/aryanmalla/PycharmProjects/Skin-Care-AI/dataset_sources/extracted/ffhq_wrinkle/images/Part1/09210.png,ffhq_wrinkle,ffhq,ffhq_09210,full_face,train,-1,-1,-1,-1,1
ffhq_09213,/Users/aryanmalla/PycharmProjects/Skin-Care-AI/dataset_sources/extracted/ffhq_wrinkle/images/Part1/09213.png,ffhq_wrinkle,ffhq,ffhq_09213,full_face,train,-1,-1,-1,-1,1
ffhq_09217,/Users/aryanmalla/PycharmProjects/Skin-Care-AI/dataset_sources/extracted/ffhq_wrinkle/images/Part1/09217.png,ffhq_wrinkle,ffhq,ffhq_09217,full_face,train,-1,-1,-1,-1,1
ffhq_09219,/Users/aryanmalla/PycharmProjects/Skin-Care-AI/dataset_sources/extracted/ffhq_wrinkle/images/Part1/09219.png,ffhq_wrinkle,ffhq,ffhq_09219,full_face,train,-1,-1,-1,-1,1
ffhq_09225,/Users/aryanmalla/PycharmProjects/Skin-Care-AI/dataset_sources/extracted/ffhq_wrinkle/images/Part1/09225.png,ffhq_wrinkle,ffhq,ffhq_09225,full_face,train,-1,-1,-1,-1,-1
ffhq_09226,/Users/aryanmalla/PycharmProjects/Skin-Care-AI/dataset_sources/extracted/ffhq_wrinkle/images/Part1/09226.png,ffhq_wrinkle,ffhq,ffhq_09226,full_face,train,-1,-1,-1,-1,-1
ffhq_09228,/Users/aryanmalla/PycharmProjects/Skin-Care-AI/dataset_sources/extracted/ffhq_wrinkle/images/Part1/09228.png,ffhq_wrinkle,ffhq,ffhq_09228,full_face,train,-1,-1,-1,-1,-1
ffhq_09231,/Users/aryanmalla/PycharmProjects/Skin-Care-AI/dataset_sources/extracted/ffhq_wrinkle/images/Part1/09231.png,ffhq_wrinkle,ffhq,ffhq_09231,full_face,train,-1,-1,-1,-1,1
ffhq_09233,/Users/aryanmalla/PycharmProjects/Skin-Care-AI/dataset_sources/extracted/ffhq_wrinkle/images/Part1/09233.png,ffhq_wrinkle,ffhq,ffhq_09233,full_face,train,-1,-1,-1,-1,0
ffhq_09237,/Users/aryanmalla/PycharmProjects/Skin-Care-AI/dataset_sources/extracted/ffhq_wrinkle/images/Part1/09237.png,ffhq_wrinkle,ffhq,ffhq_09237,full_face,train,-1,-1,-1,-1,1
ffhq_09238,/Users/aryanmalla/PycharmProjects/Skin-Care-AI/dataset_sources/extracted/ffhq_wrinkle/images/Part1/09238.png,ffhq_wrinkle,ffhq,ffhq_09238,full_face,train,-1,-1,-1,-1,0
ffhq_09245,/Users/aryanmalla/PycharmProjects/Skin-Care-AI/dataset_sources/extracted/ffhq_wrinkle/images/Part1/09245.png,ffhq_wrinkle,ffhq,ffhq_09245,full_face,train,-1,-1,-1,-1,1
ffhq_09266,/Users/aryanmalla/PycharmProjects/Skin-Care-AI/dataset_sources/extracted/ffhq_wrinkle/images/Part1/09266.png,ffhq_wrinkle,ffhq,ffhq_09266,full_face,train,-1,-1,-1,-1,1
ffhq_09272,/Users/aryanmalla/PycharmProjects/Skin-Care-AI/dataset_sources/extracted/ffhq_wrinkle/images/Part1/09272.png,ffhq_wrinkle,ffhq,ffhq_09272,full_face,train,-1,-1,-1,-1,0
ffhq_09278,/Users/aryanmalla/PycharmProjects/Skin-Care-AI/dataset_sources/extracted/ffhq_wrinkle/images/Part1/09278.png,ffhq_wrinkle,ffhq,ffhq_09278,full_face,train,-1,-1,-1,-1,-1
ffhq_09285,/Users/aryanmalla/PycharmProjects/Skin-Care-AI/dataset_sources/extracted/ffhq_wrinkle/images/Part1/09285.png,ffhq_wrinkle,ffhq,ffhq_09285,full_face,train,-1,-1,-1,-1,-1
ffhq_10004,/Users/aryanmalla/PycharmProjects/Skin-Care-AI/dataset_sources/extracted/ffhq_wrinkle/images/Part2/10004.png,ffhq_wrinkle,ffhq,ffhq_10004,full_face,train,-1,-1,-1,-1,1
ffhq_10005,/Users/aryanmalla/PycharmProjects/Skin-Care-AI/dataset_sources/extracted/ffhq_wrinkle/images/Part2/10005.png,ffhq_wrinkle,ffhq,ffhq_10005,full_face,train,-1,-1,-1,-1,-1
ffhq_10007,/Users/aryanmalla/PycharmProjects/Skin-Care-AI/dataset_sources/extracted/ffhq_wrinkle/images/Part2/10007.png,ffhq_wrinkle,ffhq,ffhq_10007,full_face,train,-1,-1,-1,-1,-1
ffhq_10010,/Users/aryanmalla/PycharmProjects/Skin-Care-AI/dataset_sources/extracted/ffhq_wrinkle/images/Part2/10010.png,ffhq_wrinkle,ffhq,ffhq_10010,full_face,train,-1,-1,-1,-1,1
ffhq_10015,/Users/aryanmalla/PycharmProjects/Skin-Care-AI/dataset_sources/extracted/ffhq_wrinkle/images/Part2/10015.png,ffhq_wrinkle,ffhq,ffhq_10015,full_face,train,-1,-1,-1,-1,1
ffhq_10020,/Users/aryanmalla/PycharmProjects/Skin-Care-AI/dataset_sources/extracted/ffhq_wrinkle/images/Part2/10020.png,ffhq_wrinkle,ffhq,ffhq_10020,full_face,train,-1,-1,-1,-1,-1
ffhq_10022,/Users/aryanmalla/PycharmProjects/Skin-Care-AI/dataset_sources/extracted/ffhq_wrinkle/images/Part2/10022.png,ffhq_wrinkle,ffhq,ffhq_10022,full_face,train,-1,-1,-1,-1,1
ffhq_10034,/Users/aryanmalla/PycharmProjects/Skin-Care-AI/dataset_sources/extracted/ffhq_wrinkle/images/Part2/10034.png,ffhq_wrinkle,ffhq,ffhq_10034,full_face,train,-1,-1,-1,-1,1
ffhq_10038,/Users/aryanmalla/PycharmProjects/Skin-Care-AI/dataset_sources/extracted/ffhq_wrinkle/images/Part2/10038.png,ffhq_wrinkle,ffhq,ffhq_10038,full_face,train,-1,-1,-1,-1,1
ffhq_10041,/Users/aryanmalla/PycharmProjects/Skin-Care-AI/dataset_sources/extracted/ffhq_wrinkle/images/Part2/10041.png,ffhq_wrinkle,ffhq,ffhq_10041,full_face,train,-1,-1,-1,-1,1
ffhq_10044,/Users/aryanmalla/PycharmProjects/Skin-Care-AI/dataset_sources/extracted/ffhq_wrinkle/images/Part2/10044.png,ffhq_wrinkle,ffhq,ffhq_10044,full_face,train,-1,-1,-1,-1,1
ffhq_10047,/Users/aryanmalla/PycharmProjects/Skin-Care-AI/dataset_sources/extracted/ffhq_wrinkle/images/Part2/10047.png,ffhq_wrinkle,ffhq,ffhq_10047,full_face,train,-1,-1,-1,-1,1
ffhq_10052,/Users/aryanmalla/PycharmProjects/Skin-Care-AI/dataset_sources/extracted/ffhq_wrinkle/images/Part2/10052.png,ffhq_wrinkle,ffhq,ffhq_10052,full_face,train,-1,-1,-1,-1,1
ffhq_10054,/Users/aryanmalla/PycharmProjects/Skin-Care-AI/dataset_sources/extracted/ffhq_wrinkle/images/Part2/10054.png,ffhq_wrinkle,ffhq,ffhq_10054,full_face,train,-1,-1,-1,-1,1
ffhq_10064,/Users/aryanmalla/PycharmProjects/Skin-Care-AI/dataset_sources/extracted/ffhq_wrinkle/images/Part2/10064.png,ffhq_wrinkle,ffhq,ffhq_10064,full_face,train,-1,-1,-1,-1,-1
ffhq_10069,/Users/aryanmalla/PycharmProjects/Skin-Care-AI/dataset_sources/extracted/ffhq_wrinkle/images/Part2/10069.png,ffhq_wrinkle,ffhq,ffhq_10069,full_face,train,-1,-1,-1,-1,-1
ffhq_10080,/Users/aryanmalla/PycharmProjects/Skin-Care-AI/dataset_sources/extracted/ffhq_wrinkle/images/Part2/10080.png,ffhq_wrinkle,ffhq,ffhq_10080,full_face,train,-1,-1,-1,-1,-1
ffhq_10084,/Users/aryanmalla/PycharmProjects/Skin-Care-AI/dataset_sources/extracted/ffhq_wrinkle/images/Part2/10084.png,ffhq_wrinkle,ffhq,ffhq_10084,full_face,train,-1,-1,-1,-1,1
ffhq_10087,/Users/aryanmalla/PycharmProjects/Skin-Care-AI/dataset_sources/extracted/ffhq_wrinkle/images/Part2/10087.png,ffhq_wrinkle,ffhq,ffhq_10087,full_face,train,-1,-1,-1,-1,1
ffhq_10092,/Users/aryanmalla/PycharmProjects/Skin-Care-AI/dataset_sources/extracted/ffhq_wrinkle/images/Part2/10092.png,ffhq_wrinkle,ffhq,ffhq_10092,full_face,train,-1,-1,-1,-1,1
ffhq_10098,/Users/aryanmalla/PycharmProjects/Skin-Care-AI/dataset_sources/extracted/ffhq_wrinkle/images/Part2/10098.png,ffhq_wrinkle,ffhq,ffhq_10098,full_face,train,-1,-1,-1,-1,1
ffhq_10105,/Users/aryanmalla/PycharmProjects/Skin-Care-AI/dataset_sources/extracted/ffhq_wrinkle/images/Part2/10105.png,ffhq_wrinkle,ffhq,ffhq_10105,full_face,train,-1,-1,-1,-1,-1
ffhq_10110,/Users/aryanmalla/PycharmProjects/Skin-Care-AI/dataset_sources/extracted/ffhq_wrinkle/images/Part2/10110.png,ffhq_wrinkle,ffhq,ffhq_10110,full_face,train,-1,-1,-1,-1,1
ffhq_10113,/Users/aryanmalla/PycharmProjects/Skin-Care-AI/dataset_sources/extracted/ffhq_wrinkle/images/Part2/10113.png,ffhq_wrinkle,ffhq,ffhq_10113,full_face,train,-1,-1,-1,-1,1
ffhq_10124,/Users/aryanmalla/PycharmProjects/Skin-Care-AI/dataset_sources/extracted/ffhq_wrinkle/images/Part2/10124.png,ffhq_wrinkle,ffhq,ffhq_10124,full_face,train,-1,-1,-1,-1,1
ffhq_10134,/Users/aryanmalla/PycharmProjects/Skin-Care-AI/dataset_sources/extracted/ffhq_wrinkle/images/Part2/10134.png,ffhq_wrinkle,ffhq,ffhq_10134,full_face,train,-1,-1,-1,-1,1
ffhq_10135,/Users/aryanmalla/PycharmProjects/Skin-Care-AI/dataset_sources/extracted/ffhq_wrinkle/images/Part2/10135.png,ffhq_wrinkle,ffhq,ffhq_10135,full_face,train,-1,-1,-1,-1,1
ffhq_10149,/Users/aryanmalla/PycharmProjects/Skin-Care-AI/dataset_sources/extracted/ffhq_wrinkle/images/Part2/10149.png,ffhq_wrinkle,ffhq,ffhq_10149,full_face,train,-1,-1,-1,-1,-1
ffhq_10155,/Users/aryanmalla/PycharmProjects/Skin-Care-AI/dataset_sources/extracted/ffhq_wrinkle/images/Part2/10155.png,ffhq_wrinkle,ffhq,ffhq_10155,full_face,train,-1,-1,-1,-1,1
ffhq_10175,/Users/aryanmalla/PycharmProjects/Skin-Care-AI/dataset_sources/extracted/ffhq_wrinkle/images/Part2/10175.png,ffhq_wrinkle,ffhq,ffhq_10175,full_face,train,-1,-1,-1,-1,1
ffhq_10180,/Users/aryanmalla/PycharmProjects/Skin-Care-AI/dataset_sources/extracted/ffhq_wrinkle/images/Part2/10180.png,ffhq_wrinkle,ffhq,ffhq_10180,full_face,train,-1,-1,-1,-1,1
ffhq_10190,/Users/aryanmalla/PycharmProjects/Skin-Care-AI/dataset_sources/extracted/ffhq_wrinkle/images/Part2/10190.png,ffhq_wrinkle,ffhq,ffhq_10190,full_face,train,-1,-1,-1,-1,1
ffhq_10191,/Users/aryanmalla/PycharmProjects/Skin-Care-AI/dataset_sources/extracted/ffhq_wrinkle/images/Part2/10191.png,ffhq_wrinkle,ffhq,ffhq_10191,full_face,train,-1,-1,-1,-1,-1
ffhq_10201,/Users/aryanmalla/PycharmProjects/Skin-Care-AI/dataset_sources/extracted/ffhq_wrinkle/images/Part2/10201.png,ffhq_wrinkle,ffhq,ffhq_10201,full_face,train,-1,-1,-1,-1,1
ffhq_10209,/Users/aryanmalla/PycharmProjects/Skin-Care-AI/dataset_sources/extracted/ffhq_wrinkle/images/Part2/10209.png,ffhq_wrinkle,ffhq,ffhq_10209,full_face,train,-1,-1,-1,-1,1
ffhq_10210,/Users/aryanmalla/PycharmProjects/Skin-Care-AI/dataset_sources/extracted/ffhq_wrinkle/images/Part2/10210.png,ffhq_wrinkle,ffhq,ffhq_10210,full_face,train,-1,-1,-1,-1,1
ffhq_10213,/Users/aryanmalla/PycharmProjects/Skin-Care-AI/dataset_sources/extracted/ffhq_wrinkle/images/Part2/10213.png,ffhq_wrinkle,ffhq,ffhq_10213,full_face,train,-1,-1,-1,-1,1
ffhq_10216,/Users/aryanmalla/PycharmProjects/Skin-Care-AI/dataset_sources/extracted/ffhq_wrinkle/images/Part2/10216.png,ffhq_wrinkle,ffhq,ffhq_10216,full_face,train,-1,-1,-1,-1,-1
ffhq_10221,/Users/aryanmalla/PycharmProjects/Skin-Care-AI/dataset_sources/extracted/ffhq_wrinkle/images/Part2/10221.png,ffhq_wrinkle,ffhq,ffhq_10221,full_face,train,-1,-1,-1,-1,1
ffhq_10234,/Users/aryanmalla/PycharmProjects/Skin-Care-AI/dataset_sources/extracted/ffhq_wrinkle/images/Part2/10234.png,ffhq_wrinkle,ffhq,ffhq_10234,full_face,train,-1,-1,-1,-1,1
ffhq_10249,/Users/aryanmalla/PycharmProjects/Skin-Care-AI/dataset_sources/extracted/ffhq_wrinkle/images/Part2/10249.png,ffhq_wrinkle,ffhq,ffhq_10249,full_face,train,-1,-1,-1,-1,-1
ffhq_10256,/Users/aryanmalla/PycharmProjects/Skin-Care-AI/dataset_sources/extracted/ffhq_wrinkle/images/Part2/10256.png,ffhq_wrinkle,ffhq,ffhq_10256,full_face,train,-1,-1,-1,-1,-1
ffhq_10275,/Users/aryanmalla/PycharmProjects/Skin-Care-AI/dataset_sources/extracted/ffhq_wrinkle/images/Part2/10275.png,ffhq_wrinkle,ffhq,ffhq_10275,full_face,train,-1,-1,-1,-1,1
ffhq_10286,/Users/aryanmalla/PycharmProjects/Skin-Care-AI/dataset_sources/extracted/ffhq_wrinkle/images/Part2/10286.png,ffhq_wrinkle,ffhq,ffhq_10286,full_face,train,-1,-1,-1,-1,1
ffhq_10287,/Users/aryanmalla/PycharmProjects/Skin-Care-AI/dataset_sources/extracted/ffhq_wrinkle/images/Part2/10287.png,ffhq_wrinkle,ffhq,ffhq_10287,full_face,train,-1,-1,-1,-1,1
ffhq_10292,/Users/aryanmalla/PycharmProjects/Skin-Care-AI/dataset_sources/extracted/ffhq_wrinkle/images/Part2/10292.png,ffhq_wrinkle,ffhq,ffhq_10292,full_face,train,-1,-1,-1,-1,1
ffhq_10299,/Users/aryanmalla/PycharmProjects/Skin-Care-AI/dataset_sources/extracted/ffhq_wrinkle/images/Part2/10299.png,ffhq_wrinkle,ffhq,ffhq_10299,full_face,train,-1,-1,-1,-1,-1
ffhq_10317,/Users/aryanmalla/PycharmProjects/Skin-Care-AI/dataset_sources/extracted/ffhq_wrinkle/images/Part2/10317.png,ffhq_wrinkle,ffhq,ffhq_10317,full_face,train,-1,-1,-1,-1,-1
ffhq_10318,/Users/aryanmalla/PycharmProjects/Skin-Care-AI/dataset_sources/extracted/ffhq_wrinkle/images/Part2/10318.png,ffhq_wrinkle,ffhq,ffhq_10318,full_face,train,-1,-1,-1,-1,1
ffhq_10323,/Users/aryanmalla/PycharmProjects/Skin-Care-AI/dataset_sources/extracted/ffhq_wrinkle/images/Part2/10323.png,ffhq_wrinkle,ffhq,ffhq_10323,full_face,train,-1,-1,-1,-1,1
ffhq_10326,/Users/aryanmalla/PycharmProjects/Skin-Care-AI/dataset_sources/extracted/ffhq_wrinkle/images/Part2/10326.png,ffhq_wrinkle,ffhq,ffhq_10326,full_face,train,-1,-1,-1,-1,1
ffhq_10329,/Users/aryanmalla/PycharmProjects/Skin-Care-AI/dataset_sources/extracted/ffhq_wrinkle/images/Part2/10329.png,ffhq_wrinkle,ffhq,ffhq_10329,full_face,train,-1,-1,-1,-1,0
ffhq_10334,/Users/aryanmalla/PycharmProjects/Skin-Care-AI/dataset_sources/extracted/ffhq_wrinkle/images/Part2/10334.png,ffhq_wrinkle,ffhq,ffhq_10334,full_face,train,-1,-1,-1,-1,1
ffhq_10341,/Users/aryanmalla/PycharmProjects/Skin-Care-AI/dataset_sources/extracted/ffhq_wrinkle/images/Part2/10341.png,ffhq_wrinkle,ffhq,ffhq_10341,full_face,train,-1,-1,-1,-1,1
ffhq_10353,/Users/aryanmalla/PycharmProjects/Skin-Care-AI/dataset_sources/extracted/ffhq_wrinkle/images/Part2/10353.png,ffhq_wrinkle,ffhq,ffhq_10353,full_face,train,-1,-1,-1,-1,1
ffhq_10360,/Users/aryanmalla/PycharmProjects/Skin-Care-AI/dataset_sources/extracted/ffhq_wrinkle/images/Part2/10360.png,ffhq_wrinkle,ffhq,ffhq_10360,full_face,train,-1,-1,-1,-1,1
ffhq_10376,/Users/aryanmalla/PycharmProjects/Skin-Care-AI/dataset_sources/extracted/ffhq_wrinkle/images/Part2/10376.png,ffhq_wrinkle,ffhq,ffhq_10376,full_face,train,-1,-1,-1,-1,-1
ffhq_10387,/Users/aryanmalla/PycharmProjects/Skin-Care-AI/dataset_sources/extracted/ffhq_wrinkle/images/Part2/10387.png,ffhq_wrinkle,ffhq,ffhq_10387,full_face,train,-1,-1,-1,-1,1
ffhq_10392,/Users/aryanmalla/PycharmProjects/Skin-Care-AI/dataset_sources/extracted/ffhq_wrinkle/images/Part2/10392.png,ffhq_wrinkle,ffhq,ffhq_10392,full_face,train,-1,-1,-1,-1,1
ffhq_10414,/Users/aryanmalla/PycharmProjects/Skin-Care-AI/dataset_sources/extracted/ffhq_wrinkle/images/Part2/10414.png,ffhq_wrinkle,ffhq,ffhq_10414,full_face,train,-1,-1,-1,-1,1
ffhq_10415,/Users/aryanmalla/PycharmProjects/Skin-Care-AI/dataset_sources/extracted/ffhq_wrinkle/images/Part2/10415.png,ffhq_wrinkle,ffhq,ffhq_10415,full_face,train,-1,-1,-1,-1,1
ffhq_10422,/Users/aryanmalla/PycharmProjects/Skin-Care-AI/dataset_sources/extracted/ffhq_wrinkle/images/Part2/10422.png,ffhq_wrinkle,ffhq,ffhq_10422,full_face,train,-1,-1,-1,-1,1
ffhq_21008,/Users/aryanmalla/PycharmProjects/Skin-Care-AI/dataset_sources/extracted/ffhq_wrinkle/images/Part3/21008.png,ffhq_wrinkle,ffhq,ffhq_21008,full_face,train,-1,-1,-1,-1,1
ffhq_21022,/Users/aryanmalla/PycharmProjects/Skin-Care-AI/dataset_sources/extracted/ffhq_wrinkle/images/Part3/21022.png,ffhq_wrinkle,ffhq,ffhq_21022,full_face,train,-1,-1,-1,-1,0
ffhq_21024,/Users/aryanmalla/PycharmProjects/Skin-Care-AI/dataset_sources/extracted/ffhq_wrinkle/images/Part3/21024.png,ffhq_wrinkle,ffhq,ffhq_21024,full_face,train,-1,-1,-1,-1,1
ffhq_21026,/Users/aryanmalla/PycharmProjects/Skin-Care-AI/dataset_sources/extracted/ffhq_wrinkle/images/Part3/21026.png,ffhq_wrinkle,ffhq,ffhq_21026,full_face,train,-1,-1,-1,-1,-1
memi_105_F,/Users/aryanmalla/PycharmProjects/Skin-Care-AI/dataset_sources/extracted/memi_ds/images/105_F.jpg,memi_ds,melasma_mask,memi_subject_105,full_face,train,-1,1,-1,-1,-1
memi_10_L,/Users/aryanmalla/PycharmProjects/Skin-Care-AI/dataset_sources/extracted/memi_ds/images/10_L.jpg,memi_ds,melasma_mask,memi_subject_10,full_face,train,-1,1,-1,-1,-1
memi_10_R,/Users/aryanmalla/PycharmProjects/Skin-Care-AI/dataset_sources/extracted/memi_ds/images/10_R.jpg,memi_ds,melasma_mask,memi_subject_10,full_face,train,-1,1,-1,-1,-1
memi_11_F,/Users/aryanmalla/PycharmProjects/Skin-Care-AI/dataset_sources/extracted/memi_ds/images/11_F.jpg,memi_ds,melasma_mask,memi_subject_11,full_face,train,-1,1,-1,-1,-1
memi_11_L,/Users/aryanmalla/PycharmProjects/Skin-Care-AI/dataset_sources/extracted/memi_ds/images/11_L.jpg,memi_ds,melasma_mask,memi_subject_11,full_face,train,-1,1,-1,-1,-1
memi_11_R,/Users/aryanmalla/PycharmProjects/Skin-Care-AI/dataset_sources/extracted/memi_ds/images/11_R.jpg,memi_ds,melasma_mask,memi_subject_11,full_face,train,-1,1,-1,-1,-1
memi_12_F,/Users/aryanmalla/PycharmProjects/Skin-Care-AI/dataset_sources/extracted/memi_ds/images/12_F.jpg,memi_ds,melasma_mask,memi_subject_12,full_face,train,-1,1,-1,-1,-1
memi_12_L,/Users/aryanmalla/PycharmProjects/Skin-Care-AI/dataset_sources/extracted/memi_ds/images/12_L.jpg,memi_ds,melasma_mask,memi_subject_12,full_face,train,-1,1,-1,-1,-1
memi_12_R,/Users/aryanmalla/PycharmProjects/Skin-Care-AI/dataset_sources/extracted/memi_ds/images/12_R.jpg,memi_ds,melasma_mask,memi_subject_12,full_face,train,-1,1,-1,-1,-1
memi_13_F,/Users/aryanmalla/PycharmProjects/Skin-Care-AI/dataset_sources/extracted/memi_ds/images/13_F.jpg,memi_ds,melasma_mask,memi_subject_13,full_face,train,-1,1,-1,-1,-1
memi_13_L,/Users/aryanmalla/PycharmProjects/Skin-Care-AI/dataset_sources/extracted/memi_ds/images/13_L.jpg,memi_ds,melasma_mask,memi_subject_13,full_face,train,-1,1,-1,-1,-1
memi_13_R,/Users/aryanmalla/PycharmProjects/Skin-Care-AI/dataset_sources/extracted/memi_ds/images/13_R.jpg,memi_ds,melasma_mask,memi_subject_13,full_face,train,-1,1,-1,-1,-1
memi_14_L,/Users/aryanmalla/PycharmProjects/Skin-Care-AI/dataset_sources/extracted/memi_ds/images/14_L.jpg,memi_ds,melasma_mask,memi_subject_14,full_face,train,-1,1,-1,-1,-1
memi_14_R,/Users/aryanmalla/PycharmProjects/Skin-Care-AI/dataset_sources/extracted/memi_ds/images/14_R.jpg,memi_ds,melasma_mask,memi_subject_14,full_face,train,-1,1,-1,-1,-1
memi_15_F,/Users/aryanmalla/PycharmProjects/Skin-Care-AI/dataset_sources/extracted/memi_ds/images/15_F.jpg,memi_ds,melasma_mask,memi_subject_15,full_face,train,-1,1,-1,-1,-1
memi_15_L,/Users/aryanmalla/PycharmProjects/Skin-Care-AI/dataset_sources/extracted/memi_ds/images/15_L.jpg,memi_ds,melasma_mask,memi_subject_15,full_face,train,-1,1,-1,-1,-1
memi_15_R,/Users/aryanmalla/PycharmProjects/Skin-Care-AI/dataset_sources/extracted/memi_ds/images/15_R.jpg,memi_ds,melasma_mask,memi_subject_15,full_face,train,-1,1,-1,-1,-1
memi_16_F,/Users/aryanmalla/PycharmProjects/Skin-Care-AI/dataset_sources/extracted/memi_ds/images/16_F.jpg,memi_ds,melasma_mask,memi_subject_16,full_face,train,-1,1,-1,-1,-1
memi_16_L,/Users/aryanmalla/PycharmProjects/Skin-Care-AI/dataset_sources/extracted/memi_ds/images/16_L.jpg,memi_ds,melasma_mask,memi_subject_16,full_face,train,-1,1,-1,-1,-1
memi_16_R,/Users/aryanmalla/PycharmProjects/Skin-Care-AI/dataset_sources/extracted/memi_ds/images/16_R.jpg,memi_ds,melasma_mask,memi_subject_16,full_face,train,-1,1,-1,-1,-1
memi_17_F,/Users/aryanmalla/PycharmProjects/Skin-Care-AI/dataset_sources/extracted/memi_ds/images/17_F.jpg,memi_ds,melasma_mask,memi_subject_17,full_face,train,-1,1,-1,-1,-1
memi_17_L,/Users/aryanmalla/PycharmProjects/Skin-Care-AI/dataset_sources/extracted/memi_ds/images/17_L.jpg,memi_ds,melasma_mask,memi_subject_17,full_face,train,-1,1,-1,-1,-1
memi_17_R,/Users/aryanmalla/PycharmProjects/Skin-Care-AI/dataset_sources/extracted/memi_ds/images/17_R.jpg,memi_ds,melasma_mask,memi_subject_17,full_face,train,-1,1,-1,-1,-1
memi_18_F,/Users/aryanmalla/PycharmProjects/Skin-Care-AI/dataset_sources/extracted/memi_ds/images/18_F.jpg,memi_ds,melasma_mask,memi_subject_18,full_face,train,-1,1,-1,-1,-1
memi_18_L,/Users/aryanmalla/PycharmProjects/Skin-Care-AI/dataset_sources/extracted/memi_ds/images/18_L.jpg,memi_ds,melasma_mask,memi_subject_18,full_face,train,-1,1,-1,-1,-1
memi_18_R,/Users/aryanmalla/PycharmProjects/Skin-Care-AI/dataset_sources/extracted/memi_ds/images/18_R.jpg,memi_ds,melasma_mask,memi_subject_18,full_face,train,-1,1,-1,-1,-1
memi_1_L,/Users/aryanmalla/PycharmProjects/Skin-Care-AI/dataset_sources/extracted/memi_ds/images/1_L.jpg,memi_ds,melasma_mask,memi_subject_1,full_face,train,-1,1,-1,-1,-1
memi_1_R,/Users/aryanmalla/PycharmProjects/Skin-Care-AI/dataset_sources/extracted/memi_ds/images/1_R.jpg,memi_ds,melasma_mask,memi_subject_1,full_face,train,-1,1,-1,-1,-1
memi_20_F,/Users/aryanmalla/PycharmProjects/Skin-Care-AI/dataset_sources/extracted/memi_ds/images/20_F.jpg,memi_ds,melasma_mask,memi_subject_20,full_face,train,-1,1,-1,-1,-1
memi_20_L,/Users/aryanmalla/PycharmProjects/Skin-Care-AI/dataset_sources/extracted/memi_ds/images/20_L.jpg,memi_ds,melasma_mask,memi_subject_20,full_face,train,-1,1,-1,-1,-1
memi_21_F,/Users/aryanmalla/PycharmProjects/Skin-Care-AI/dataset_sources/extracted/memi_ds/images/21_F.jpg,memi_ds,melasma_mask,memi_subject_21,full_face,train,-1,1,-1,-1,-1
memi_21_L,/Users/aryanmalla/PycharmProjects/Skin-Care-AI/dataset_sources/extracted/memi_ds/images/21_L.jpg,memi_ds,melasma_mask,memi_subject_21,full_face,train,-1,1,-1,-1,-1
memi_21_R,/Users/aryanmalla/PycharmProjects/Skin-Care-AI/dataset_sources/extracted/memi_ds/images/21_R.jpg,memi_ds,melasma_mask,memi_subject_21,full_face,train,-1,1,-1,-1,-1
memi_22_F,/Users/aryanmalla/PycharmProjects/Skin-Care-AI/dataset_sources/extracted/memi_ds/images/22_F.jpg,memi_ds,melasma_mask,memi_subject_22,full_face,train,-1,1,-1,-1,-1
memi_22_R,/Users/aryanmalla/PycharmProjects/Skin-Care-AI/dataset_sources/extracted/memi_ds/images/22_R.jpg,memi_ds,melasma_mask,memi_subject_22,full_face,train,-1,1,-1,-1,-1
memi_24_F,/Users/aryanmalla/PycharmProjects/Skin-Care-AI/dataset_sources/extracted/memi_ds/images/24_F.jpg,memi_ds,melasma_mask,memi_subject_24,full_face,train,-1,1,-1,-1,-1
memi_24_L,/Users/aryanmalla/PycharmProjects/Skin-Care-AI/dataset_sources/extracted/memi_ds/images/24_L.jpg,memi_ds,melasma_mask,memi_subject_24,full_face,train,-1,1,-1,-1,-1
memi_24_R,/Users/aryanmalla/PycharmProjects/Skin-Care-AI/dataset_sources/extracted/memi_ds/images/24_R.jpg,memi_ds,melasma_mask,memi_subject_24,full_face,train,-1,1,-1,-1,-1
memi_25_F,/Users/aryanmalla/PycharmProjects/Skin-Care-AI/dataset_sources/extracted/memi_ds/images/25_F.jpg,memi_ds,melasma_mask,memi_subject_25,full_face,train,-1,1,-1,-1,-1
memi_25_L,/Users/aryanmalla/PycharmProjects/Skin-Care-AI/dataset_sources/extracted/memi_ds/images/25_L.jpg,memi_ds,melasma_mask,memi_subject_25,full_face,train,-1,1,-1,-1,-1
memi_25_R,/Users/aryanmalla/PycharmProjects/Skin-Care-AI/dataset_sources/extracted/memi_ds/images/25_R.jpg,memi_ds,melasma_mask,memi_subject_25,full_face,train,-1,1,-1,-1,-1
memi_26_F,/Users/aryanmalla/PycharmProjects/Skin-Care-AI/dataset_sources/extracted/memi_ds/images/26_F.jpg,memi_ds,melasma_mask,memi_subject_26,full_face,train,-1,1,-1,-1,-1
memi_26_L,/Users/aryanmalla/PycharmProjects/Skin-Care-AI/dataset_sources/extracted/memi_ds/images/26_L.jpg,memi_ds,melasma_mask,memi_subject_26,full_face,train,-1,1,-1,-1,-1
memi_26_R,/Users/aryanmalla/PycharmProjects/Skin-Care-AI/dataset_sources/extracted/memi_ds/images/26_R.jpg,memi_ds,melasma_mask,memi_subject_26,full_face,train,-1,1,-1,-1,-1
memi_27_F,/Users/aryanmalla/PycharmProjects/Skin-Care-AI/dataset_sources/extracted/memi_ds/images/27_F.jpg,memi_ds,melasma_mask,memi_subject_27,full_face,train,-1,1,-1,-1,-1
memi_27_L,/Users/aryanmalla/PycharmProjects/Skin-Care-AI/dataset_sources/extracted/memi_ds/images/27_L.jpg,memi_ds,melasma_mask,memi_subject_27,full_face,train,-1,1,-1,-1,-1
memi_27_R,/Users/aryanmalla/PycharmProjects/Skin-Care-AI/dataset_sources/extracted/memi_ds/images/27_R.jpg,memi_ds,melasma_mask,memi_subject_27,full_face,train,-1,1,-1,-1,-1
memi_28_F,/Users/aryanmalla/PycharmProjects/Skin-Care-AI/dataset_sources/extracted/memi_ds/images/28_F.jpg,memi_ds,melasma_mask,memi_subject_28,full_face,train,-1,1,-1,-1,-1
memi_28_L,/Users/aryanmalla/PycharmProjects/Skin-Care-AI/dataset_sources/extracted/memi_ds/images/28_L.jpg,memi_ds,melasma_mask,memi_subject_28,full_face,train,-1,1,-1,-1,-1
memi_29_F,/Users/aryanmalla/PycharmProjects/Skin-Care-AI/dataset_sources/extracted/memi_ds/images/29_F.jpg,memi_ds,melasma_mask,memi_subject_29,full_face,train,-1,1,-1,-1,-1
memi_29_L,/Users/aryanmalla/PycharmProjects/Skin-Care-AI/dataset_sources/extracted/memi_ds/images/29_L.jpg,memi_ds,melasma_mask,memi_subject_29,full_face,train,-1,1,-1,-1,-1
memi_29_R,/Users/aryanmalla/PycharmProjects/Skin-Care-AI/dataset_sources/extracted/memi_ds/images/29_R.jpg,memi_ds,melasma_mask,memi_subject_29,full_face,train,-1,1,-1,-1,-1
memi_2_F,/Users/aryanmalla/PycharmProjects/Skin-Care-AI/dataset_sources/extracted/memi_ds/images/2_F.jpg,memi_ds,melasma_mask,memi_subject_2,full_face,train,-1,1,-1,-1,-1
memi_2_L,/Users/aryanmalla/PycharmProjects/Skin-Care-AI/dataset_sources/extracted/memi_ds/images/2_L.jpg,memi_ds,melasma_mask,memi_subject_2,full_face,train,-1,1,-1,-1,-1
memi_2_R,/Users/aryanmalla/PycharmProjects/Skin-Care-AI/dataset_sources/extracted/memi_ds/images/2_R.jpg,memi_ds,melasma_mask,memi_subject_2,full_face,train,-1,1,-1,-1,-1
memi_30_F,/Users/aryanmalla/PycharmProjects/Skin-Care-AI/dataset_sources/extracted/memi_ds/images/30_F.jpg,memi_ds,melasma_mask,memi_subject_30,full_face,train,-1,1,-1,-1,-1
memi_30_L,/Users/aryanmalla/PycharmProjects/Skin-Care-AI/dataset_sources/extracted/memi_ds/images/30_L.jpg,memi_ds,melasma_mask,memi_subject_30,full_face,train,-1,1,-1,-1,-1
memi_31_F,/Users/aryanmalla/PycharmProjects/Skin-Care-AI/dataset_sources/extracted/memi_ds/images/31_F.jpg,memi_ds,melasma_mask,memi_subject_31,full_face,train,-1,1,-1,-1,-1
memi_31_L,/Users/aryanmalla/PycharmProjects/Skin-Care-AI/dataset_sources/extracted/memi_ds/images/31_L.jpg,memi_ds,melasma_mask,memi_subject_31,full_face,train,-1,1,-1,-1,-1
memi_31_R,/Users/aryanmalla/PycharmProjects/Skin-Care-AI/dataset_sources/extracted/memi_ds/images/31_R.jpg,memi_ds,melasma_mask,memi_subject_31,full_face,train,-1,1,-1,-1,-1
memi_32_F,/Users/aryanmalla/PycharmProjects/Skin-Care-AI/dataset_sources/extracted/memi_ds/images/32_F.jpg,memi_ds,melasma_mask,memi_subject_32,full_face,train,-1,1,-1,-1,-1
memi_32_L,/Users/aryanmalla/PycharmProjects/Skin-Care-AI/dataset_sources/extracted/memi_ds/images/32_L.jpg,memi_ds,melasma_mask,memi_subject_32,full_face,train,-1,1,-1,-1,-1
memi_32_R,/Users/aryanmalla/PycharmProjects/Skin-Care-AI/dataset_sources/extracted/memi_ds/images/32_R.jpg,memi_ds,melasma_mask,memi_subject_32,full_face,train,-1,1,-1,-1,-1
memi_33_F,/Users/aryanmalla/PycharmProjects/Skin-Care-AI/dataset_sources/extracted/memi_ds/images/33_F.jpg,memi_ds,melasma_mask,memi_subject_33,full_face,train,-1,1,-1,-1,-1
memi_33_L,/Users/aryanmalla/PycharmProjects/Skin-Care-AI/dataset_sources/extracted/memi_ds/images/33_L.jpg,memi_ds,melasma_mask,memi_subject_33,full_face,train,-1,1,-1,-1,-1
memi_33_R,/Users/aryanmalla/PycharmProjects/Skin-Care-AI/dataset_sources/extracted/memi_ds/images/33_R.jpg,memi_ds,melasma_mask,memi_subject_33,full_face,train,-1,1,-1,-1,-1
memi_34_F,/Users/aryanmalla/PycharmProjects/Skin-Care-AI/dataset_sources/extracted/memi_ds/images/34_F.jpg,memi_ds,melasma_mask,memi_subject_34,full_face,train,-1,1,-1,-1,-1
memi_34_L,/Users/aryanmalla/PycharmProjects/Skin-Care-AI/dataset_sources/extracted/memi_ds/images/34_L.jpg,memi_ds,melasma_mask,memi_subject_34,full_face,train,-1,1,-1,-1,-1
memi_34_R,/Users/aryanmalla/PycharmProjects/Skin-Care-AI/dataset_sources/extracted/memi_ds/images/34_R.jpg,memi_ds,melasma_mask,memi_subject_34,full_face,train,-1,1,-1,-1,-1
memi_35_F,/Users/aryanmalla/PycharmProjects/Skin-Care-AI/dataset_sources/extracted/memi_ds/images/35_F.jpg,memi_ds,melasma_mask,memi_subject_35,full_face,train,-1,1,-1,-1,-1
memi_35_L,/Users/aryanmalla/PycharmProjects/Skin-Care-AI/dataset_sources/extracted/memi_ds/images/35_L.jpg,memi_ds,melasma_mask,memi_subject_35,full_face,train,-1,1,-1,-1,-1
memi_35_R,/Users/aryanmalla/PycharmProjects/Skin-Care-AI/dataset_sources/extracted/memi_ds/images/35_R.jpg,memi_ds,melasma_mask,memi_subject_35,full_face,train,-1,1,-1,-1,-1
memi_36_F,/Users/aryanmalla/PycharmProjects/Skin-Care-AI/dataset_sources/extracted/memi_ds/images/36_F.jpg,memi_ds,melasma_mask,memi_subject_36,full_face,train,-1,1,-1,-1,-1
memi_37_F,/Users/aryanmalla/PycharmProjects/Skin-Care-AI/dataset_sources/extracted/memi_ds/images/37_F.jpg,memi_ds,melasma_mask,memi_subject_37,full_face,train,-1,1,-1,-1,-1
memi_3_F,/Users/aryanmalla/PycharmProjects/Skin-Care-AI/dataset_sources/extracted/memi_ds/images/3_F.jpg,memi_ds,melasma_mask,memi_subject_3,full_face,train,-1,1,-1,-1,-1
memi_40_F,/Users/aryanmalla/PycharmProjects/Skin-Care-AI/dataset_sources/extracted/memi_ds/images/40_F.jpg,memi_ds,melasma_mask,memi_subject_40,full_face,train,-1,1,-1,-1,-1
memi_45_F,/Users/aryanmalla/PycharmProjects/Skin-Care-AI/dataset_sources/extracted/memi_ds/images/45_F.jpg,memi_ds,melasma_mask,memi_subject_45,full_face,train,-1,1,-1,-1,-1
memi_48_F,/Users/aryanmalla/PycharmProjects/Skin-Care-AI/dataset_sources/extracted/memi_ds/images/48_F.jpg,memi_ds,melasma_mask,memi_subject_48,full_face,train,-1,1,-1,-1,-1
memi_49_F,/Users/aryanmalla/PycharmProjects/Skin-Care-AI/dataset_sources/extracted/memi_ds/images/49_F.jpg,memi_ds,melasma_mask,memi_subject_49,full_face,train,-1,1,-1,-1,-1
memi_49_L,/Users/aryanmalla/PycharmProjects/Skin-Care-AI/dataset_sources/extracted/memi_ds/images/49_L.jpg,memi_ds,melasma_mask,memi_subject_49,full_face,train,-1,1,-1,-1,-1
memi_4_F,/Users/aryanmalla/PycharmProjects/Skin-Care-AI/dataset_sources/extracted/memi_ds/images/4_F.jpg,memi_ds,melasma_mask,memi_subject_4,full_face,train,-1,1,-1,-1,-1
memi_4_L,/Users/aryanmalla/PycharmProjects/Skin-Care-AI/dataset_sources/extracted/memi_ds/images/4_L.jpg,memi_ds,melasma_mask,memi_subject_4,full_face,train,-1,1,-1,-1,-1
memi_4_R,/Users/aryanmalla/PycharmProjects/Skin-Care-AI/dataset_sources/extracted/memi_ds/images/4_R.jpg,memi_ds,melasma_mask,memi_subject_4,full_face,train,-1,1,-1,-1,-1
memi_50_F,/Users/aryanmalla/PycharmProjects/Skin-Care-AI/dataset_sources/extracted/memi_ds/images/50_F.jpg,memi_ds,melasma_mask,memi_subject_50,full_face,train,-1,1,-1,-1,-1
memi_50_L,/Users/aryanmalla/PycharmProjects/Skin-Care-AI/dataset_sources/extracted/memi_ds/images/50_L.jpg,memi_ds,melasma_mask,memi_subject_50,full_face,train,-1,1,-1,-1,-1
memi_51_F,/Users/aryanmalla/PycharmProjects/Skin-Care-AI/dataset_sources/extracted/memi_ds/images/51_F.jpg,memi_ds,melasma_mask,memi_subject_51,full_face,train,-1,1,-1,-1,-1
memi_51_R,/Users/aryanmalla/PycharmProjects/Skin-Care-AI/dataset_sources/extracted/memi_ds/images/51_R.jpg,memi_ds,melasma_mask,memi_subject_51,full_face,train,-1,1,-1,-1,-1
memi_52_F,/Users/aryanmalla/PycharmProjects/Skin-Care-AI/dataset_sources/extracted/memi_ds/images/52_F.jpg,memi_ds,melasma_mask,memi_subject_52,full_face,train,-1,1,-1,-1,-1
memi_55_F,/Users/aryanmalla/PycharmProjects/Skin-Care-AI/dataset_sources/extracted/memi_ds/images/55_F.jpg,memi_ds,melasma_mask,memi_subject_55,full_face,train,-1,1,-1,-1,-1
memi_55_L,/Users/aryanmalla/PycharmProjects/Skin-Care-AI/dataset_sources/extracted/memi_ds/images/55_L.jpg,memi_ds,melasma_mask,memi_subject_55,full_face,train,-1,1,-1,-1,-1
memi_55_R,/Users/aryanmalla/PycharmProjects/Skin-Care-AI/dataset_sources/extracted/memi_ds/images/55_R.jpg,memi_ds,melasma_mask,memi_subject_55,full_face,train,-1,1,-1,-1,-1
memi_5_L,/Users/aryanmalla/PycharmProjects/Skin-Care-AI/dataset_sources/extracted/memi_ds/images/5_L.jpg,memi_ds,melasma_mask,memi_subject_5,full_face,train,-1,1,-1,-1,-1
memi_5_R,/Users/aryanmalla/PycharmProjects/Skin-Care-AI/dataset_sources/extracted/memi_ds/images/5_R.jpg,memi_ds,melasma_mask,memi_subject_5,full_face,train,-1,1,-1,-1,-1
memi_61_F,/Users/aryanmalla/PycharmProjects/Skin-Care-AI/dataset_sources/extracted/memi_ds/images/61_F.jpg,memi_ds,melasma_mask,memi_subject_61,full_face,train,-1,1,-1,-1,-1
memi_63_F,/Users/aryanmalla/PycharmProjects/Skin-Care-AI/dataset_sources/extracted/memi_ds/images/63_F.jpg,memi_ds,melasma_mask,memi_subject_63,full_face,train,-1,1,-1,-1,-1
memi_66_F,/Users/aryanmalla/PycharmProjects/Skin-Care-AI/dataset_sources/extracted/memi_ds/images/66_F.jpg,memi_ds,melasma_mask,memi_subject_66,full_face,train,-1,1,-1,-1,-1
memi_6_F,/Users/aryanmalla/PycharmProjects/Skin-Care-AI/dataset_sources/extracted/memi_ds/images/6_F.jpg,memi_ds,melasma_mask,memi_subject_6,full_face,train,-1,1,-1,-1,-1
memi_6_L,/Users/aryanmalla/PycharmProjects/Skin-Care-AI/dataset_sources/extracted/memi_ds/images/6_L.jpg,memi_ds,melasma_mask,memi_subject_6,full_face,train,-1,1,-1,-1,-1
memi_6_R,/Users/aryanmalla/PycharmProjects/Skin-Care-AI/dataset_sources/extracted/memi_ds/images/6_R.jpg,memi_ds,melasma_mask,memi_subject_6,full_face,train,-1,1,-1,-1,-1
memi_71_F,/Users/aryanmalla/PycharmProjects/Skin-Care-AI/dataset_sources/extracted/memi_ds/images/71_F.jpg,memi_ds,melasma_mask,memi_subject_71,full_face,train,-1,1,-1,-1,-1
memi_73_F,/Users/aryanmalla/PycharmProjects/Skin-Care-AI/dataset_sources/extracted/memi_ds/images/73_F.jpg,memi_ds,melasma_mask,memi_subject_73,full_face,train,-1,1,-1,-1,-1
memi_74_F,/Users/aryanmalla/PycharmProjects/Skin-Care-AI/dataset_sources/extracted/memi_ds/images/74_F.jpg,memi_ds,melasma_mask,memi_subject_74,full_face,train,-1,1,-1,-1,-1
memi_79_F,/Users/aryanmalla/PycharmProjects/Skin-Care-AI/dataset_sources/extracted/memi_ds/images/79_F.jpg,memi_ds,melasma_mask,memi_subject_79,full_face,train,-1,1,-1,-1,-1
memi_7_F,/Users/aryanmalla/PycharmProjects/Skin-Care-AI/dataset_sources/extracted/memi_ds/images/7_F.jpg,memi_ds,melasma_mask,memi_subject_7,full_face,train,-1,1,-1,-1,-1
memi_7_L,/Users/aryanmalla/PycharmProjects/Skin-Care-AI/dataset_sources/extracted/memi_ds/images/7_L.jpg,memi_ds,melasma_mask,memi_subject_7,full_face,train,-1,1,-1,-1,-1
memi_81_F,/Users/aryanmalla/PycharmProjects/Skin-Care-AI/dataset_sources/extracted/memi_ds/images/81_F.jpg,memi_ds,melasma_mask,memi_subject_81,full_face,train,-1,1,-1,-1,-1
memi_82_F,/Users/aryanmalla/PycharmProjects/Skin-Care-AI/dataset_sources/extracted/memi_ds/images/82_F.jpg,memi_ds,melasma_mask,memi_subject_82,full_face,train,-1,1,-1,-1,-1
memi_84_F,/Users/aryanmalla/PycharmProjects/Skin-Care-AI/dataset_sources/extracted/memi_ds/images/84_F.jpg,memi_ds,melasma_mask,memi_subject_84,full_face,train,-1,1,-1,-1,-1
memi_86_F,/Users/aryanmalla/PycharmProjects/Skin-Care-AI/dataset_sources/extracted/memi_ds/images/86_F.jpg,memi_ds,melasma_mask,memi_subject_86,full_face,train,-1,1,-1,-1,-1
memi_89_F,/Users/aryanmalla/PycharmProjects/Skin-Care-AI/dataset_sources/extracted/memi_ds/images/89_F.jpg,memi_ds,melasma_mask,memi_subject_89,full_face,train,-1,1,-1,-1,-1
memi_8_F,/Users/aryanmalla/PycharmProjects/Skin-Care-AI/dataset_sources/extracted/memi_ds/images/8_F.jpg,memi_ds,melasma_mask,memi_subject_8,full_face,train,-1,1,-1,-1,-1
memi_8_L,/Users/aryanmalla/PycharmProjects/Skin-Care-AI/dataset_sources/extracted/memi_ds/images/8_L.jpg,memi_ds,melasma_mask,memi_subject_8,full_face,train,-1,1,-1,-1,-1
memi_8_R,/Users/aryanmalla/PycharmProjects/Skin-Care-AI/dataset_sources/extracted/memi_ds/images/8_R.jpg,memi_ds,melasma_mask,memi_subject_8,full_face,train,-1,1,-1,-1,-1
memi_90_F,/Users/aryanmalla/PycharmProjects/Skin-Care-AI/dataset_sources/extracted/memi_ds/images/90_F.jpg,memi_ds,melasma_mask,memi_subject_90,full_face,train,-1,1,-1,-1,-1
memi_90_L,/Users/aryanmalla/PycharmProjects/Skin-Care-AI/dataset_sources/extracted/memi_ds/images/90_L.jpg,memi_ds,melasma_mask,memi_subject_90,full_face,train,-1,1,-1,-1,-1
memi_91_F,/Users/aryanmalla/PycharmProjects/Skin-Care-AI/dataset_sources/extracted/memi_ds/images/91_F.jpg,memi_ds,melasma_mask,memi_subject_91,full_face,train,-1,1,-1,-1,-1
memi_95_F,/Users/aryanmalla/PycharmProjects/Skin-Care-AI/dataset_sources/extracted/memi_ds/images/95_F.jpg,memi_ds,melasma_mask,memi_subject_95,full_face,train,-1,1,-1,-1,-1
memi_95_L,/Users/aryanmalla/PycharmProjects/Skin-Care-AI/dataset_sources/extracted/memi_ds/images/95_L.jpg,memi_ds,melasma_mask,memi_subject_95,full_face,train,-1,1,-1,-1,-1
memi_95_R,/Users/aryanmalla/PycharmProjects/Skin-Care-AI/dataset_sources/extracted/memi_ds/images/95_R.jpg,memi_ds,melasma_mask,memi_subject_95,full_face,train,-1,1,-1,-1,-1
memi_96_F,/Users/aryanmalla/PycharmProjects/Skin-Care-AI/dataset_sources/extracted/memi_ds/images/96_F.jpg,memi_ds,melasma_mask,memi_subject_96,full_face,train,-1,1,-1,-1,-1
memi_98_F,/Users/aryanmalla/PycharmProjects/Skin-Care-AI/dataset_sources/extracted/memi_ds/images/98_F.jpg,memi_ds,melasma_mask,memi_subject_98,full_face,train,-1,1,-1,-1,-1
memi_99_F,/Users/aryanmalla/PycharmProjects/Skin-Care-AI/dataset_sources/extracted/memi_ds/images/99_F.jpg,memi_ds,melasma_mask,memi_subject_99,full_face,train,-1,1,-1,-1,-1
memi_9_F,/Users/aryanmalla/PycharmProjects/Skin-Care-AI/dataset_sources/extracted/memi_ds/images/9_F.jpg,memi_ds,melasma_mask,memi_subject_9,full_face,train,-1,1,-1,-1,-1
memi_9_L,/Users/aryanmalla/PycharmProjects/Skin-Care-AI/dataset_sources/extracted/memi_ds/images/9_L.jpg,memi_ds,melasma_mask,memi_subject_9,full_face,train,-1,1,-1,-1,-1
memi_9_R,/Users/aryanmalla/PycharmProjects/Skin-Care-AI/dataset_sources/extracted/memi_ds/images/9_R.jpg,memi_ds,melasma_mask,memi_subject_9,full_face,train,-1,1,-1,-1,-1
