product_id,name,brand,price,discounted_price,rating,review_count,availability,image_url,source,category,skin_types,skin_concerns,ingredients,confidence_score
fng_4977,Pax Moly Dr.Jk1 Sunscreen Lotion Spf 50+/+++ - 200ml,Pax Moly Dr.Jk1 Sunscreen Lotion Spf 50+/+++,1350.0,1283.0,4.6,812,in_stock,https://d2wfc4v12a2zxr.cloudfront.net/resized/medium/products/main_pax-moly-drjk1-sunscreen-lotion-spf-50-200ml_1738144835.webp,for_every_ng,sunscreen,,,,0.35
fng_10210,Aqualogica Radiance+ Dewy Gel Sunscreen - 50g | SPF 50+ PA++++| New-age Filters | Anti Pollution Factor| Lightweight | For Men & Women,Aqualogica Radiance+ Dewy Gel Sunscreen,719.0,669.0,4.7,515,in_stock,https://d2wfc4v12a2zxr.cloudfront.net/resized/medium/products/main_aqualogica-radiance-dewy-sunscreen-50gm_1778838011.webp,for_every_ng,sunscreen,['oily'],,,0.55
fng_6447,Plum Mandarin & Vitamin C Serum,Plum Mandarin,1265.0,1139.0,4.6,400,in_stock,https://d2wfc4v12a2zxr.cloudfront.net/resized/medium/products/plum-mandarin-vitamin-c-serum-20ml_1628566989.webp,for_every_ng,serum,,"['pigmentation', 'dark_circles', 'dullness', 'aging']",['vitamin_c'],0.8
fng_7665,Derma Co 1% Salicylic Acid Gel Face Wash with Salicylic Acid & Witch Hazel,Derma Co,480.0,442.0,4.7,368,in_stock,https://d2wfc4v12a2zxr.cloudfront.net/resized/medium/products/derma-co-1-salicylic-acid-gel-face-wash-with-salicylic-acid-witch-hazel-for-active-acne-100-m_1640512396.webp,for_every_ng,cleanser,['oily'],"['oiliness', 'acne']","['salicylic_acid', 'witch_hazel']",1.0
fng_10786,COSRX Advanced Snail 96 Mucin Power Essence - 100ml,COSRX Advanced Snail 96 Mucin Power Essence,2800.0,2520.0,4.7,363,in_stock,https://d2wfc4v12a2zxr.cloudfront.net/resized/medium/products/cosrx-advanced-snail-96-mucin-power-essence-100ml_1673586201.webp,for_every_ng,serum,,,,0.35
fng_12928,Plum 2% Niacinamide & Rice Water Hybrid Face Sunscreen with SPF 50 PA+++ -50gm,Plum 2%,638.0,574.0,4.6,326,in_stock,https://d2wfc4v12a2zxr.cloudfront.net/resized/medium/products/main_plum-2-niacinamide-rice-water-hybrid-face-sunscreen-with-spf-50-pa-50gm_1782818546.webp,for_every_ng,sunscreen,,"['aging', 'acne', 'pigmentation', 'oiliness', 'dullness']",['niacinamide'],0.8
fng_6296,Derma Co. 2% Salicylic Acid Serum - 30ml,Derma Co. 2% Salicylic Acid Serum,799.0,735.0,4.7,288,in_stock,https://d2wfc4v12a2zxr.cloudfront.net/resized/medium/products/2-salicylic-acid-serum-30-ml_1626452464.webp,for_every_ng,serum,,"['oiliness', 'acne']",['salicylic_acid'],0.8
fng_3677,Mamaearth Oil-Free Face Moisturizer for Acne-Prone Skin - 80ml,Mamaearth Oil-Free Face Moisturizer for Acne-Prone Skin,510.0,469.0,4.6,278,in_stock,https://d2wfc4v12a2zxr.cloudfront.net/resized/medium/products/main_mamaearth-oil-free-face-moisturizer-for-acne-prone-skin-80ml_1660475642.webp,for_every_ng,moisturizer,['oily'],,,0.55
fng_5824,"UV Doux Silicone Sunscreen Gel SPF 50 PA+++ | India’s No.1 Dermatologist Recommended Brand | UVA/UVB Protection, Benzene Free |No White Cast | Oily & Acne-Prone Skin",UV Doux Silicone Sunscreen Gel SPF 50 PA+++,2384.0,2265.0,4.8,251,in_stock,https://d2wfc4v12a2zxr.cloudfront.net/resized/medium/products/main_uv-doux-silicone-sunscreen-gel-spf-50-pa-indias-no1-dermatologist-recommended-brand-u_1780572208.webp,for_every_ng,sunscreen,['oily'],,,0.55
fng_9645,Derma Co. 2% Kojic Acid Face Serum with 1% Alpha Arbutin & Niacinamide - 30 ml,Derma Co. 2% Kojic Acid Face Serum with 1% Alpha Arbutin & Niacinamide,799.0,735.0,4.5,235,in_stock,https://d2wfc4v12a2zxr.cloudfront.net/resized/medium/products/derma-co-2-kojic-acid-face-serum-with-1-alpha-arbutin-niacinamide-30-ml_1662875513.webp,for_every_ng,serum,,"['aging', 'acne', 'pigmentation', 'oiliness', 'dullness']","['niacinamide', 'kojic_acid', 'arbutin']",0.8
fng_8949,Derma Co 10% Vitamin C Face Serum,Derma Co,559.0,514.0,4.3,232,in_stock,https://d2wfc4v12a2zxr.cloudfront.net/resized/medium/products/main_derma-co-10-vitamin-c-face-serum_1743671398.webp,for_every_ng,serum,,"['pigmentation', 'dark_circles', 'dullness', 'aging']",['vitamin_c'],0.8
fng_12026,Plum 3% Niacinamide Toner with Rice Water | Vitamin B3 with Japanese Fermented Rice Water - 150ml,Plum 3% Niacinamide Toner with Rice Water | Vitamin B3 with Japanese Fermented Rice Water,704.0,634.0,4.6,214,in_stock,https://d2wfc4v12a2zxr.cloudfront.net/resized/medium/products/main_plum-3-niacinamide-toner-with-rice-water-vitamin-b3-with-japanese-fermented-rice-wate_1721620585.webp,for_every_ng,toner,,"['aging', 'acne', 'pigmentation', 'oiliness', 'dullness']",['niacinamide'],0.8
fng_1245,Acnes C10 - 10% Pure Vitamin C Serum for Dark Spots And Scars Treatment 15ml,Acnes C10,1775.0,1775.0,4.5,211,in_stock,https://d2wfc4v12a2zxr.cloudfront.net/resized/medium/product/cover_image1591781918.png,for_every_ng,serum,,"['pigmentation', 'dark_circles', 'dullness', 'aging']",['vitamin_c'],0.8
fng_6277,Derma Co. Ceramide + HA Intense Moisturizer - 50gm,Derma Co. Ceramide + HA Intense Moisturizer,559.0,514.0,4.6,190,in_stock,https://d2wfc4v12a2zxr.cloudfront.net/resized/medium/products/derma-co-ceramide-ha-intense-moisturizer-50gm_1626443748.webp,for_every_ng,moisturizer,,"['sensitivity', 'dryness']",['ceramides'],0.8
fng_2040,Hada Labo Advanced Nourish Cleanser For Dry and Dull Skin 80g,Hada Labo,500.0,500.0,4.6,183,in_stock,https://d2wfc4v12a2zxr.cloudfront.net/products/main_hada-labo-advanced-nourish-cleanser-for-dry-and-dull-skin-80g_1768885976.webp,for_every_ng,cleanser,['dry'],,,0.55
fng_3946,Plum Green Tea Pore Cleansing Face Wash,Plum Green,440.0,396.0,4.6,163,in_stock,https://d2wfc4v12a2zxr.cloudfront.net/resized/medium/products/main_plum-green-tea-pore-cleansing-face-wash_1726131833.webp,for_every_ng,cleanser,,,,0.35
fng_7013,Plum 1% Retinol Face Serum with Bakuchiol,Plum 1%,880.0,792.0,4.7,163,in_stock,https://d2wfc4v12a2zxr.cloudfront.net/resized/medium/products/main_plum-1-retinol-face-serum-with-bakuchiol_1726131598.webp,for_every_ng,serum,,"['pigmentation', 'aging', 'acne', 'dark_circles']",['retinol'],0.8
fng_12536,Mamaearth Rice Face Wash - 100ml,Mamaearth Rice Face Wash,456.0,420.0,4.7,157,in_stock,https://d2wfc4v12a2zxr.cloudfront.net/resized/medium/products/mamaearth-rice-face-wash-100-ml_1679391991.webp,for_every_ng,cleanser,,,,0.35
fng_7938,"FURR By Pee Safe Charcoal Nose Strips - 3N | Reduces Blackheads, Oil and Dirt | Aloevera and Tea Tree Infused",FURR By Pee Safe Charcoal Nose Strips,159.0,151.0,4.0,133,in_stock,https://d2wfc4v12a2zxr.cloudfront.net/resized/medium/products/main_furr-by-pee-safe-charcoal-nose-strips-3n-reduces-blackheads-oil-and-dirt-aloevera-and_1775716296.webp,for_every_ng,mask,,"['sensitivity', 'oiliness', 'acne', 'dryness']","['tea_tree', 'aloe_vera']",0.8
fng_7666,Derma Co 3% Vitamin E Face Moisturizer With Vitamin E & Lactic Acid - 100gm,Derma Co 3% Vitamin E Face Moisturizer With Vitamin E & Lactic Acid,559.0,514.0,4.8,130,in_stock,https://d2wfc4v12a2zxr.cloudfront.net/resized/medium/products/derma-co-3-vitamin-e-face-moisturizer-with-vitamin-e-lactic-acid_1640512630.webp,for_every_ng,moisturizer,,"['dark_circles', 'dullness', 'aging', 'dryness']","['lactic_acid', 'vitamin_e']",0.8
fng_6524,Plum Bulgarian Valley Rose Water toner - 100ml,Plum Bulgarian Valley Rose Water toner,408.0,367.0,4.8,130,in_stock,https://d2wfc4v12a2zxr.cloudfront.net/resized/medium/products/plum-bulgarian-valley-rose-water-toner-100ml_1628992852.webp,for_every_ng,toner,,,,0.35
fng_10339,Derma Co.1% Salicylic Acid Oil-Free Face Moisturizer - 50gm,Derma Co.1% Salicylic Acid Oil-Free Face Moisturizer,559.0,514.0,4.7,129,in_stock,https://d2wfc4v12a2zxr.cloudfront.net/resized/medium/products/derma-co1-salicylic-acid-oil-free-face-moisturizer_1670235640.webp,for_every_ng,moisturizer,['oily'],"['oiliness', 'acne']",['salicylic_acid'],1.0
fng_8474,Chemist At Play Acne Control Body Wash (1% Salicylic Acid) - 236ML,Chemist At Play Acne Control Body Wash (1% Salicylic Acid),639.0,594.0,4.7,128,in_stock,https://d2wfc4v12a2zxr.cloudfront.net/resized/medium/products/main_chemist-at-play-acne-control-body-wash-1-salicylic-acid-236ml_1712831720.webp,for_every_ng,toner,,"['oiliness', 'acne']",['salicylic_acid'],0.8
fng_13346,Aqualogica Detan+ Dewy Sunscreen with Cherry Tomato & Hyaluronic Acid with SPF 50 & PA++++ - 50g,Aqualogica Detan+ Dewy Sunscreen with Cherry Tomato & Hyaluronic Acid with SPF 50 & PA++++,719.0,669.0,4.7,128,in_stock,https://d2wfc4v12a2zxr.cloudfront.net/resized/medium/products/main_aqualogica-detan-dewy-sunscreen-with-cherry-tomato-hyaluronic-acid-with-spf-50-pa-50g_1686291808.webp,for_every_ng,sunscreen,,"['aging', 'dryness']",['hyaluronic_acid'],0.8
fng_7929,Fix Derma Multi Active Moisturizing Lotion 150ml,Fix Derma,536.0,509.0,4.7,125,in_stock,https://d2wfc4v12a2zxr.cloudfront.net/resized/medium/products/main_fix-derma-multi-active-moisturizing-lotion-150ml_1719378307.webp,for_every_ng,moisturizer,,,,0.35
fng_2892,Sunplay Skin Aqua Silky Sunscreen Gel For Normal to Dry Skin with SPF 50 PA++++,Sunplay Skin,520.0,520.0,4.5,122,in_stock,https://d2wfc4v12a2zxr.cloudfront.net/resized/medium/products/main_sunplay-skin-aqua-silky-sunscreen-gel-for-normal-to-dry-skin-with-spf-50-pa_1768820431.webp,for_every_ng,sunscreen,"['oily', 'dry', 'normal']",,,0.55
fng_13659,COSRX Advanced Snail 92 All in one Cream - 100gm,COSRX Advanced Snail 92 All in one Cream,3100.0,2790.0,4.8,118,in_stock,https://d2wfc4v12a2zxr.cloudfront.net/resized/medium/products/main_cosrx-advanced-snail-92-all-in-one-cream-100gm_1688121621.webp,for_every_ng,,['dry'],,,0.55
fng_3176,Mamaearth Castor Oil 100% Pure Cold Pressed Oil For Skin- Hair & Nails (150ml),Mamaearth Castor,479.0,441.0,4.6,113,in_stock,https://d2wfc4v12a2zxr.cloudfront.net/resized/medium/product/cover_image1594009071.jpg,for_every_ng,,,,,0.35
fng_3168,Mamaearth Ubtan Face Wash For Tan Removal - 100ml (Normal to Oily Skin),Mamaearth Ubtan Face Wash For Tan Removal,456.0,420.0,4.5,111,in_stock,https://d2wfc4v12a2zxr.cloudfront.net/resized/medium/products/main_mamaearth-ubtan-face-wash-for-tan-removal-100ml_1770894673.webp,for_every_ng,cleanser,"['oily', 'normal']",,,0.55
fng_8951,Derma Co. 15% AHA+1% BHA Beginner Face Peeling Solution - 30ml,Derma Co. 15% AHA+1% BHA Beginner Face Peeling Solution,799.0,735.0,4.7,103,in_stock,https://d2wfc4v12a2zxr.cloudfront.net/resized/medium/products/derma-co-15-aha1-bha-beginner-face-peeling-solution_1650801412.webp,for_every_ng,exfoliant,,"['oiliness', 'pigmentation', 'dullness', 'acne']","['salicylic_acid', 'glycolic_acid', 'lactic_acid']",0.8
fng_3661,Mamaearth Vitamin C Face Wash with Vitamin C and Turmeric for Skin Illumination – 100ml,Mamaearth Vitamin,456.0,420.0,4.6,102,in_stock,https://d2wfc4v12a2zxr.cloudfront.net/resized/medium/product/cover_image1596020082.jpg,for_every_ng,cleanser,,"['pigmentation', 'dark_circles', 'dullness', 'aging']",['vitamin_c'],0.8
fng_15182,Derma Co Sali-Cinamide Anti-Acne Face Wash with 2% Salicylic Acid - 80ml,Derma Co Sali-Cinamide Anti-Acne Face Wash with 2% Salicylic Acid,400.0,368.0,4.8,101,in_stock,https://d2wfc4v12a2zxr.cloudfront.net/resized/medium/products/main_derma-co-sali-cinamide-anti-acne-face-wash-with-2-salicylic-acid-80ml_1731302541.webp,for_every_ng,cleanser,,"['oiliness', 'acne']",['salicylic_acid'],0.8
fng_2043,Hada Labo Advanced Nourish And Hydrating Cream 50g,Hada Labo,1150.0,1150.0,4.7,100,in_stock,https://d2wfc4v12a2zxr.cloudfront.net/resized/medium/products/main_hada-labo-advanced-nourish-and-hydrating-cream-50g_1768884485.webp,for_every_ng,moisturizer,['dry'],,,0.55
fng_9684,Derma Co. 1% Hyaluronic Tinted Sunscreen Gel for Broad Spectrum Protection - 50gm,Derma Co. 1% Hyaluronic Tinted Sunscreen Gel for Broad Spectrum Protection,1118.0,1029.0,4.0,98,in_stock,https://d2wfc4v12a2zxr.cloudfront.net/resized/medium/products/derma-co-1-hyaluronic-tinted-sunscreen-gel-for-broad-spectrum-protection-50g_1663752677.webp,for_every_ng,sunscreen,['oily'],"['aging', 'dryness']",['hyaluronic_acid'],1.0
fng_17766,Dot & Key Ceramides Moisturizer with Hyaluronic Barrier Repair Cream - 100gm,Dot & Key Ceramides Moisturizer with Hyaluronic Barrier Repair Cream,632.0,569.0,4.8,97,in_stock,https://d2wfc4v12a2zxr.cloudfront.net/resized/medium/products/main_dot-key-ceramides-moisturizer-with-hyaluronic-barrier-repair-cream-100gm_1782882749.webp,for_every_ng,moisturizer,['dry'],"['sensitivity', 'aging', 'dryness']","['hyaluronic_acid', 'ceramides']",1.0
fng_6276,Derma Co. 0.1 % Retinol Serum - 30ml,Derma Co. 0.1 % Retinol Serum,1120.0,1030.0,4.5,95,in_stock,https://d2wfc4v12a2zxr.cloudfront.net/resized/medium/products/derma-co-01-retinol-serum-30ml_1626443530.webp,for_every_ng,serum,,"['pigmentation', 'aging', 'acne', 'dark_circles']",['retinol'],0.8
fng_9059,Chemist At Play 5% AHAs Under Arm Roll On - Fragrance Free - 40ML,Chemist At Play 5% AHAs Under Arm Roll On,638.0,593.0,4.6,93,in_stock,https://d2wfc4v12a2zxr.cloudfront.net/resized/medium/products/main_chemist-at-play-under-arm-roll-on-fragrance-free-40ml-4-lactic-acid-1-mandelic-acid_1716097436.webp,for_every_ng,toner,['sensitive'],"['oiliness', 'pigmentation', 'dullness', 'acne']","['glycolic_acid', 'lactic_acid']",1.0
fng_14795,FURR Dual Head Face Razor - 3N,FURR Dual Head Face Razor,559.0,531.0,4.7,90,in_stock,https://d2wfc4v12a2zxr.cloudfront.net/resized/medium/products/main_furr-face-razor-for-women-facial-hair-with-dual-blade_1695816620.webp,for_every_ng,,,,,0.35
fng_6274,Derma Co 20% Vitamin C Serum - 20ml,Derma Co 20% Vitamin C Serum,1440.0,1325.0,4.7,88,in_stock,https://d2wfc4v12a2zxr.cloudfront.net/resized/medium/products/derma-co-20-vitamin-c-serum-20-ml_1626443241.webp,for_every_ng,serum,,"['pigmentation', 'dark_circles', 'dullness', 'aging']",['vitamin_c'],0.8
fng_10204,Aqualogica Hydrate+ Sunscreen with Coconut water & Hyaluronic Acid - 50gm,Aqualogica Hydrate+ Sunscreen with Coconut water & Hyaluronic Acid,719.0,669.0,4.7,87,in_stock,https://d2wfc4v12a2zxr.cloudfront.net/resized/medium/products/aqualogica-hydrate-sunscreen-with-coconut-water-hyaluronic-acid_1669534756.webp,for_every_ng,sunscreen,,"['aging', 'dryness']",['hyaluronic_acid'],0.8
fng_16300,Minimalist 10% Vitamin B5 Gel Face Moisturizer - 50gm,Minimalist 10% Vitamin B5 Gel Face Moisturizer,561.0,533.0,4.6,83,in_stock,https://d2wfc4v12a2zxr.cloudfront.net/resized/medium/products/main_minimalist-10-vitamin-b5-gel-face-moisturizer-50g_1712484076.webp,for_every_ng,moisturizer,['oily'],,,0.55
fng_12971,Derma co. Hyaluronic Sunscreen Stick - 20gm,Derma co. Hyaluronic Sunscreen Stick,1600.0,1472.0,4.7,83,in_stock,https://d2wfc4v12a2zxr.cloudfront.net/resized/medium/products/main_dema-co-hyaluronic-sunscreen-stick_1683179521.webp,for_every_ng,sunscreen,,"['aging', 'dryness']",['hyaluronic_acid'],0.8
fng_10332,Derma Co. Pore Minimizing Priming Sunscreen - 50gm,Derma Co. Pore Minimizing Priming Sunscreen,719.0,661.0,4.7,83,in_stock,https://d2wfc4v12a2zxr.cloudfront.net/resized/medium/products/derma-co-pore-minimizing-priming-sunscreen_1670225945.webp,for_every_ng,sunscreen,['oily'],,,0.55
fng_6291,Derma Co. Ultra Matte Sunscreen Gel,Derma Co.,1119.0,1029.0,4.8,82,in_stock,https://d2wfc4v12a2zxr.cloudfront.net/resized/medium/products/derma-co-ultra-matte-sunscreen-gel-50gm_1626450708.webp,for_every_ng,sunscreen,['oily'],,,0.55
fng_16229,Mamaearth Rice Oil-Free Face Moisturizer - 80gm,Mamaearth Rice Oil-Free Face Moisturizer,511.0,470.0,4.7,79,in_stock,https://d2wfc4v12a2zxr.cloudfront.net/resized/medium/products/main_mamaearth-rice-oil-free-face-moisturizer_1711004765.webp,for_every_ng,moisturizer,['oily'],,,0.55
fng_1229,Acnes Vitamin Cleanser Face Wash for Gentle Cleansing And Nourishment,Acnes Vitamin,575.0,575.0,4.5,79,in_stock,https://d2wfc4v12a2zxr.cloudfront.net/resized/medium/products/main_acnes-vitamin-cleanser-face-wash-for-gentle-cleansing-and-nourishment_1768910827.webp,for_every_ng,cleanser,"['dry', 'sensitive']","['pigmentation', 'dark_circles', 'dullness', 'aging']",['vitamin_c'],1.0
fng_10275,Derma Co. 5% Niacinamide Daily Face Serum,Derma Co.,799.0,735.0,4.6,78,in_stock,https://d2wfc4v12a2zxr.cloudfront.net/resized/medium/products/main_derma-co-5-niacinamide-daily-face-serum_1690695643.webp,for_every_ng,serum,,"['aging', 'acne', 'pigmentation', 'oiliness', 'dullness']",['niacinamide'],0.8
fng_10264,Derma Co.5% Vitamin C Oil Free Moisturizer - 100gm,Derma Co.5% Vitamin C Oil Free Moisturizer,559.0,514.0,4.8,76,in_stock,https://d2wfc4v12a2zxr.cloudfront.net/resized/medium/products/derma-co5-vitamin-c-oil-free-moisturizer_1669803787.webp,for_every_ng,moisturizer,['oily'],"['pigmentation', 'dark_circles', 'dullness', 'aging']",['vitamin_c'],1.0
fng_13750,Derma Co 1% Kojic Acid Face Wash - 100ml,Derma Co 1% Kojic Acid Face Wash,479.0,441.0,4.7,75,in_stock,https://d2wfc4v12a2zxr.cloudfront.net/resized/medium/products/main_derma-co-1-kojic-acid-face-wash_1731313813.webp,for_every_ng,cleanser,,"['pigmentation', 'dullness']",['kojic_acid'],0.8
fng_13808,The Derma Co 2% Salicylic Acid Serum with Witch Hazel & Willow Bark for Active Acne - 10ml,The Derma Co 2% Salicylic Acid Serum with Witch Hazel & Willow Bark for Active Acne,399.0,367.0,4.4,74,in_stock,https://d2wfc4v12a2zxr.cloudfront.net/resized/medium/products/main_the-derma-co-2-salicylic-acid-serum-with-witch-hazel-willow-bark-for-active-acne-10ml_1688731630.webp,for_every_ng,serum,,"['oiliness', 'acne']","['salicylic_acid', 'witch_hazel']",0.8
fng_6303,Derma Co 2% Alpha Arbutin Face Serum 30ml,Derma Co,799.0,735.0,4.5,72,in_stock,https://d2wfc4v12a2zxr.cloudfront.net/resized/medium/products/derma-co-2-alpha-arbutin-face-serum-30ml_1626454812.webp,for_every_ng,serum,,"['pigmentation', 'dullness']",['arbutin'],0.8
fng_9204,Derma Co. 3% AHA+BHA Foaming Facial Wash - 100ml,Derma Co. 3% AHA+BHA Foaming Facial Wash,559.0,514.0,4.7,66,in_stock,https://d2wfc4v12a2zxr.cloudfront.net/resized/medium/products/dermaco-3-ahabha-foaming-facial-cleanser-100ml_1656417317.webp,for_every_ng,exfoliant,,"['oiliness', 'pigmentation', 'dullness', 'acne']","['salicylic_acid', 'glycolic_acid', 'lactic_acid']",0.8
fng_6287,Derma Co. 0.3% Retinol Serum - 30 ml,Derma Co. 0.3% Retinol Serum,1280.0,1178.0,4.7,66,in_stock,https://d2wfc4v12a2zxr.cloudfront.net/resized/medium/products/derma-co-03-retinol-serum-30-ml_1626448756.webp,for_every_ng,serum,,"['pigmentation', 'aging', 'acne', 'dark_circles']",['retinol'],0.8
fng_16316,Minimalist Gentle Cleanser Oat Extract For Sensitive Skin - 120ml,Minimalist Gentle Cleanser Oat Extract For Sensitive Skin,481.0,457.0,4.7,64,in_stock,https://d2wfc4v12a2zxr.cloudfront.net/resized/medium/products/main_minimalist-gentle-cleanser-oat-extract-for-sensitive-skin-120ml_1712488181.webp,for_every_ng,cleanser,['sensitive'],"['sensitivity', 'dryness']",['colloidal_oatmeal'],1.0
fng_13454,"Mamaearth Daily Glow Sunscreen SPF 50 PA+++, with Vitamin C & Turmeric",Mamaearth Daily,559.0,514.0,4.4,64,in_stock,https://d2wfc4v12a2zxr.cloudfront.net/resized/medium/products/main_mamaearth-daily-glow-sunscreen-spf-50-pa-no-white-cast-with-vitamin-c-turmeric-for-su_1687343787.webp,for_every_ng,sunscreen,,"['pigmentation', 'dark_circles', 'dullness', 'aging']",['vitamin_c'],0.8
fng_10343,Derma Co. 2% Salicylic Acid Mask - 50gm,Derma Co. 2% Salicylic Acid Mask,799.0,735.0,4.8,61,in_stock,https://d2wfc4v12a2zxr.cloudfront.net/resized/medium/products/derma-co-2-salicylic-acid-mask_1670237817.webp,for_every_ng,mask,,"['oiliness', 'acne']",['salicylic_acid'],0.8
fng_6299,Derma Co. 30% AHA + 2% BHA Peeling Solution - 30ml,Derma Co. 30% AHA + 2% BHA Peeling Solution,960.0,883.0,4.6,61,in_stock,https://d2wfc4v12a2zxr.cloudfront.net/resized/medium/products/derma-co-30-aha-2-bha-peeling-solution_1626453774.webp,for_every_ng,exfoliant,,"['oiliness', 'pigmentation', 'dullness', 'acne']","['salicylic_acid', 'glycolic_acid', 'lactic_acid']",0.8
fng_6297,Derma Co. 5% Caffeine Eye serum - 15 ml,Derma Co. 5% Caffeine Eye serum,958.0,881.0,4.5,60,in_stock,https://d2wfc4v12a2zxr.cloudfront.net/resized/medium/products/derma-co-5-caffeine-serum-15-ml_1626453277.webp,for_every_ng,eye_cream,,,,0.35
fng_6280,Derma Co 2% Kojic Acid Cream - 30gm,Derma Co 2% Kojic Acid Cream,799.0,735.0,4.5,60,in_stock,https://d2wfc4v12a2zxr.cloudfront.net/resized/medium/products/main_derma-co-2-kojic-acid-cream-30gm_1659789671.webp,for_every_ng,,['dry'],"['pigmentation', 'dullness']",['kojic_acid'],1.0
fng_17193,Aqualogica Barrier+ Hydra Gel Moisturizer - 200gm,Aqualogica Barrier+ Hydra Gel Moisturizer,799.0,743.0,4.6,60,in_stock,https://d2wfc4v12a2zxr.cloudfront.net/resized/medium/products/main_aqualogica-barrier-hydra-gel-moisturizer-200gm_1722427803.webp,for_every_ng,moisturizer,['oily'],,,0.55
fng_16308,Minimalist Marula Oil 5% Face Moisturizer For Dry Skin - 50gm,Minimalist Marula Oil 5% Face Moisturizer For Dry Skin,481.0,457.0,4.7,59,in_stock,https://d2wfc4v12a2zxr.cloudfront.net/resized/medium/products/main_minimalist-marula-oil-5-face-moisturizer-for-dry-skin-50g_1712486044.webp,for_every_ng,moisturizer,['dry'],,,0.55
fng_6306,Acnes Creamy Face Wash For Acne And Pimple Treatment 50g,Acnes Creamy,425.0,425.0,4.8,58,in_stock,https://d2wfc4v12a2zxr.cloudfront.net/resized/medium/products/main_acnes-creamy-face-wash-for-acne-and-pimple-treatment-50g_1768823434.webp,for_every_ng,cleanser,['dry'],,,0.55
fng_11981,COSRX Acne Pimple Patch,COSRX Acne,600.0,540.0,4.6,57,in_stock,https://d2wfc4v12a2zxr.cloudfront.net/resized/medium/products/cosrx-acne-pimple-patch-24patches_1677580175.webp,for_every_ng,spot_treatment,,,,0.35
fng_10338,Derma Co. Pore Minimizing Daily Face Moisturizer - 50gm,Derma Co. Pore Minimizing Daily Face Moisturizer,559.0,514.0,4.4,57,in_stock,https://d2wfc4v12a2zxr.cloudfront.net/resized/medium/products/derma-co-pore-minimizing-daily-face-moisturizer_1670234808.webp,for_every_ng,moisturizer,['oily'],,,0.55
fng_13807,The Derma Co 2% Kojic Acid Face Serum for Dark Spots And Pigmentation - 10 ml,The Derma Co 2% Kojic Acid Face Serum for Dark Spots And Pigmentation,398.0,366.0,4.3,56,in_stock,https://d2wfc4v12a2zxr.cloudfront.net/resized/medium/products/main_the-derma-co-2-kojic-acid-face-serum-with-1-alpha-arbutin-niacinamide-for-dark-spots-_1688731571.webp,for_every_ng,serum,,"['pigmentation', 'dullness']",['kojic_acid'],0.8
fng_16063,Beauty of Joseon Relief Sun Cream (SPF50+ PA++++) - 50ml,Beauty of Joseon Relief Sun Cream (SPF50+ PA++++),2385.0,2147.0,4.9,55,in_stock,https://d2wfc4v12a2zxr.cloudfront.net/resized/medium/products/main_beauty-of-joseon-relief-sun-cream-spf50-pa-50ml_1782887993.webp,for_every_ng,sunscreen,['dry'],,,0.55
fng_16989,Derma Co 2% Niacinamide Oily-Skin Cleanser 125ml,Derma Co,479.0,441.0,4.6,55,in_stock,https://d2wfc4v12a2zxr.cloudfront.net/resized/medium/products/main_derma-co-2-niacinamide-oily-skin-cleanser-125ml_1718106130.webp,for_every_ng,cleanser,['oily'],"['aging', 'acne', 'pigmentation', 'oiliness', 'dullness']",['niacinamide'],1.0
fng_13749,Derma Co 1% Hyaluronic Tinted Sunscreen Gel SPF 60 - 30gm,Derma Co 1% Hyaluronic Tinted Sunscreen Gel SPF 60,799.0,735.0,4.3,54,in_stock,https://d2wfc4v12a2zxr.cloudfront.net/resized/medium/products/main_derma-co-1-hyaluronic-tinted-sunscreen-gel-spf-60_1708420299.webp,for_every_ng,sunscreen,['oily'],"['aging', 'dryness']",['hyaluronic_acid'],1.0
fng_8967,Derma co. 3% Niacinamide Foaming Face Wash - 100ml,Derma co. 3% Niacinamide Foaming Face Wash,560.0,515.0,4.9,54,in_stock,https://d2wfc4v12a2zxr.cloudfront.net/resized/medium/products/derma-co-3-niacinamide-foaming-face-wash_1651051017.webp,for_every_ng,cleanser,,"['aging', 'acne', 'pigmentation', 'oiliness', 'dullness']",['niacinamide'],0.8
fng_9289,CeraVe Hydrating Facial Cleanser - 473ml,CeraVe Hydrating Facial Cleanser,4000.0,3600.0,4.7,53,in_stock,https://d2wfc4v12a2zxr.cloudfront.net/resized/medium/products/main_cerave-hydrating-facial-cleanser-473ml_1668530978.webp,for_every_ng,cleanser,['dry'],,,0.55
fng_15222,Chemist at play under eye cream,Chemist at,559.0,520.0,4.0,51,in_stock,https://d2wfc4v12a2zxr.cloudfront.net/resized/medium/products/main_chemist-at-play-under-eye-cream_1702963121.webp,for_every_ng,eye_cream,['dry'],,,0.55
fng_3669,"Mamaearth Vitamin C Face Toner with Vitamin C & Cucumber for Pore Tightening, 200 ml",Mamaearth Vitamin,640.0,589.0,4.3,51,in_stock,https://d2wfc4v12a2zxr.cloudfront.net/resized/medium/product/cover_image1596024428.jpg,for_every_ng,toner,,"['pigmentation', 'dark_circles', 'dullness', 'aging']",['vitamin_c'],0.8
fng_17765,Dot & Key Lip Balm for Moisturization - 12gm,Dot & Key Lip Balm for Moisturization,398.0,358.0,4.5,50,in_stock,https://d2wfc4v12a2zxr.cloudfront.net/resized/medium/products/main_dot-key-lip-balm-for-moisturization-12gm_1731236579.webp,for_every_ng,lip_care,,,,0.35
fng_16990,Derma Co 2% Niacinamide Gentle Skin Cleanser - 125ml,Derma Co 2% Niacinamide Gentle Skin Cleanser,479.0,441.0,4.7,49,in_stock,https://d2wfc4v12a2zxr.cloudfront.net/resized/medium/products/main_derma-co-2-niacinamide-gentle-skin-cleanser-125ml_1718105999.webp,for_every_ng,cleanser,['sensitive'],"['aging', 'acne', 'pigmentation', 'oiliness', 'dullness']",['niacinamide'],1.0
fng_9908,Derma Co. Pore Minimizing Face Serum For Open Pores - 30ml,Derma Co. Pore Minimizing Face Serum For Open Pores,959.0,882.0,4.7,49,in_stock,https://d2wfc4v12a2zxr.cloudfront.net/resized/medium/products/the-derma-co-pore-minimizing-face-serum-with-4-niacinamide-5-pha-and-p-refinyl-for-open-pores-30ml_1666540507.webp,for_every_ng,serum,['oily'],,,0.55
fng_12974,Derma co. C-Cinamide R Sunscreen AquaGel - 50gm,Derma co. C-Cinamide R Sunscreen AquaGel,799.0,735.0,4.2,48,in_stock,https://d2wfc4v12a2zxr.cloudfront.net/resized/medium/products/main_derma-co-c-cinamide-r-sunscreen-aquagel-50g_1683180181.webp,for_every_ng,sunscreen,['oily'],,,0.55
fng_10213,Aqualogica Radiance+ Face Wash - 100ml,Aqualogica Radiance+ Face Wash,478.0,445.0,4.4,47,in_stock,https://d2wfc4v12a2zxr.cloudfront.net/resized/medium/products/aqualogica-radiance-face-wash_1669538891.webp,for_every_ng,cleanser,,,,0.35
fng_12240,Le Tan Watermelon SPF50+ Lotion 125ml,Le Tan,1645.0,1596.0,4.2,46,in_stock,https://d2wfc4v12a2zxr.cloudfront.net/resized/medium/products/le-tan-watermelon-spf50-lotion-125ml_1678191231.webp,for_every_ng,sunscreen,,,,0.35
fng_1246,Sunplay UV Sunscreen For All Skin Types With SPF 50+ PA++++,Sunplay UV,875.0,875.0,4.6,44,in_stock,https://d2wfc4v12a2zxr.cloudfront.net/resized/medium/products/main_sunplay-uv-sunscreen-for-all-skin-types-with-spf-50-pa_1768820994.webp,for_every_ng,sunscreen,['combination'],,,0.55
fng_19274,FAIRY SKIN PREMIUM TINTED SUNSCREEN SPF 50++++ 50g,FAIRY SKIN,1495.0,1279.0,4.6,44,in_stock,https://d2wfc4v12a2zxr.cloudfront.net/resized/medium/products/main_fairy-skin-premium-tinted-sunscreen-spf-50-50g_1782887666.webp,for_every_ng,sunscreen,,,,0.35
fng_16246,The Derma Co 4% Ceramide Barrier Repair Moisturizer - 50gm,The Derma Co 4% Ceramide Barrier Repair Moisturizer,367.0,338.0,4.6,43,in_stock,https://d2wfc4v12a2zxr.cloudfront.net/resized/medium/products/main_the-derma-co-4-ceramide-barrier-repair-moisturizer-50gm_1743509243.webp,for_every_ng,moisturizer,['dry'],"['sensitivity', 'dryness']",['ceramides'],1.0
fng_16283,Minimalist 2% Alpha Arbutin Serum - 30ml,Minimalist 2% Alpha Arbutin Serum,881.0,837.0,4.3,42,in_stock,https://d2wfc4v12a2zxr.cloudfront.net/resized/medium/products/main_minimalist-2-alpha-arbutin-serum-30ml_1712479674.webp,for_every_ng,serum,,"['pigmentation', 'dullness']",['arbutin'],0.8
fng_14636,Dr. Sheth’s Haldi & Hyaluronic Acid Oil-Free Moisturizer - 50g,Dr. Sheth’s Haldi & Hyaluronic Acid Oil-Free Moisturizer,558.0,513.0,4.1,42,in_stock,https://d2wfc4v12a2zxr.cloudfront.net/resized/medium/products/main_dr-sheths-haldi-hyaluronic-acid-oil-free-moisturizer-50g_1693449156.webp,for_every_ng,moisturizer,['oily'],"['aging', 'dryness']",['hyaluronic_acid'],1.0
fng_10330,Derma Co. 2% Cica-Glow Daily Face Wash - 100ml,Derma Co. 2% Cica-Glow Daily Face Wash,559.0,514.0,4.7,41,in_stock,https://d2wfc4v12a2zxr.cloudfront.net/resized/medium/products/derma-co-2-cica-glow-daily-face-wash-100ml_1670224695.webp,for_every_ng,cleanser,,['sensitivity'],['centella_asiatica'],0.8
fng_16876,Acnemoist Cream For Acne Prone Skin - 60gm,Acnemoist Cream For Acne Prone Skin,719.0,683.0,4.7,41,in_stock,https://d2wfc4v12a2zxr.cloudfront.net/resized/medium/products/main_acnemoist-cream-for-acne-prone-skin-60gm_1740466321.webp,for_every_ng,,"['oily', 'dry']",,,0.55
fng_2062,Hada Labo Pro Anti-Aging Lifting Cleanser 80g,Hada Labo,550.0,550.0,4.7,40,in_stock,https://d2wfc4v12a2zxr.cloudfront.net/resized/medium/products/main_hada-labo-pro-anti-aging-lifting-cleanser-80g_1768885640.webp,for_every_ng,cleanser,,,,0.35
fng_10341,Derma Co. 1% Salicylic Acid Foaming Daily FaceWash - 100ml,Derma Co. 1% Salicylic Acid Foaming Daily FaceWash,559.0,514.0,4.8,40,in_stock,https://d2wfc4v12a2zxr.cloudfront.net/resized/medium/products/derma-co-1-salicylic-acid-foaming-daily-facewash_1670236724.webp,for_every_ng,,,"['oiliness', 'acne']",['salicylic_acid'],0.8
fng_17812,Plum Simply Bright 2% Niacinamide Face Wash With Rice Water - 100ml,Plum Simply Bright 2% Niacinamide Face Wash With Rice Water,479.0,431.0,4.7,40,in_stock,https://d2wfc4v12a2zxr.cloudfront.net/resized/medium/products/main_plum-simply-bright-2-niacinamide-face-wash-with-rice-water-100ml_1729840277.webp,for_every_ng,cleanser,,"['aging', 'acne', 'pigmentation', 'oiliness', 'dullness']",['niacinamide'],0.8
fng_2037,Hada Labo Advanced Nourish Lotion/Toner For Oily to Combination Skin - 100ml,Hada Labo Advanced Nourish Lotion/Toner For Oily to Combination Skin,790.0,790.0,4.5,40,in_stock,https://d2wfc4v12a2zxr.cloudfront.net/resized/medium/products/main_hada-labo-advanced-nourish-lotiontoner-for-oily-to-combination-skin-100ml_1768884599.webp,for_every_ng,toner,"['oily', 'dry', 'combination']",,,0.55
fng_3191,Mamaearth Milky Soft Baby Face Cream - 60gm,Mamaearth Milky Soft Baby Face Cream,320.0,294.0,4.8,40,in_stock,https://d2wfc4v12a2zxr.cloudfront.net/resized/medium/product/cover_image1594016266.jpg,for_every_ng,moisturizer,['dry'],,,0.55
fng_10207,Aqualogica Glow+ Smoothie Face Wash - 100ml,Aqualogica Glow+ Smoothie Face Wash,399.0,371.0,4.8,40,in_stock,https://d2wfc4v12a2zxr.cloudfront.net/resized/medium/products/main_aqualogica-glow-smoothie-face-wash-100ml_1781419778.webp,for_every_ng,cleanser,,,,0.35
fng_15732,"The Derma Co 1% Kojic Acid Lip Balm With Alpha Arbutin & Hyaluronic Acid, Spf 30 Pa++ For Dark & Pigmented Lips - 4G, Off White","The Derma Co 1% Kojic Acid Lip Balm With Alpha Arbutin & Hyaluronic Acid, Spf 30 Pa++ For Dark & Pigmented Lips",526.0,484.0,4.5,37,in_stock,https://d2wfc4v12a2zxr.cloudfront.net/resized/medium/products/main_the-derma-co-1-kojic-acid-lip-balm-with-alpha-arbutin-hyaluronic-acid-spf-30-pa-for-d_1707468937.webp,for_every_ng,lip_care,,"['pigmentation', 'dullness', 'aging', 'dryness']","['hyaluronic_acid', 'kojic_acid', 'arbutin']",0.8
fng_10337,Derma Co. 5% Vitamin C Daily Face Serum - 30ml,Derma Co. 5% Vitamin C Daily Face Serum,878.0,808.0,4.4,36,in_stock,https://d2wfc4v12a2zxr.cloudfront.net/resized/medium/products/the-derma-co-5-vitamin-c-daily-face-serum_1670234151.webp,for_every_ng,serum,,"['pigmentation', 'dark_circles', 'dullness', 'aging']",['vitamin_c'],0.8
fng_15050,Chemist at Play Oil & Acne Control Face Wash - 100ML (2% Salicylic Acid + Azelaic Acid + Cica),Chemist at Play Oil & Acne Control Face Wash,479.0,445.0,4.6,36,in_stock,https://d2wfc4v12a2zxr.cloudfront.net/resized/medium/products/main_chemist-at-play-oil-acne-control-face-wash-100ml-2-salicylic-acid-azelaic-acid-cica_1698732517.webp,for_every_ng,cleanser,,"['sensitivity', 'oiliness', 'pigmentation', 'acne']","['salicylic_acid', 'azelaic_acid', 'centella_asiatica']",0.8
fng_13349,"UV Doux SPF 50 PA+++ Blue Light Sunscreen Gel  UVA/UVB Protection | Matte, Water-Resistant Formula | Suitable for Men & Women | All Skin Types",UV Doux SPF 50 PA+++ Blue Light Sunscreen Gel  UVA/UVB Protection,1408.0,1338.0,4.7,35,in_stock,https://d2wfc4v12a2zxr.cloudfront.net/resized/medium/products/main_uv-doux-blue-light-sunscreen-gel-spf-50-pa-50gm_1727238225.webp,for_every_ng,sunscreen,"['oily', 'combination']",,,0.55
fng_10342,Derma Co. 5% Cica-Glow Daily Face Moisturizer - 50gm,Derma Co. 5% Cica-Glow Daily Face Moisturizer,559.0,514.0,4.6,35,in_stock,https://d2wfc4v12a2zxr.cloudfront.net/resized/medium/products/derma-co-5-cica-glow-daily-face-moisturizer-50gm_1670237128.webp,for_every_ng,moisturizer,,['sensitivity'],['centella_asiatica'],0.8
fng_16297,Minimalist PHA 3% Alcohol Free Face Toner - 150ml,Minimalist PHA 3% Alcohol Free Face Toner,639.0,607.0,4.7,34,in_stock,https://d2wfc4v12a2zxr.cloudfront.net/resized/medium/products/main_minimalist-pha-3-alcohol-free-face-toner-150-ml_1712482749.webp,for_every_ng,toner,,,,0.35
fng_13273,Plum Salicylic Acid Face Wash - 110ml,Plum Salicylic Acid Face Wash,521.0,469.0,4.7,32,in_stock,https://d2wfc4v12a2zxr.cloudfront.net/resized/medium/products/main_plum-salicylic-acid-face-wash-110ml_1685526111.webp,for_every_ng,cleanser,,"['oiliness', 'acne']",['salicylic_acid'],0.8
fng_16528,Aqualogica Detan+ Dewy Sunscreen - 80gm,Aqualogica Detan+ Dewy Sunscreen,959.0,892.0,4.9,32,in_stock,https://d2wfc4v12a2zxr.cloudfront.net/resized/medium/products/main_aqualogica-detan-dewy-sunscreen_1715159621.webp,for_every_ng,sunscreen,,,,0.35
fng_16290,Minimalist 3% Tranexamic Acid Face Serum - 30ml,Minimalist 3% Tranexamic Acid Face Serum,1041.0,989.0,4.4,31,in_stock,https://d2wfc4v12a2zxr.cloudfront.net/resized/medium/products/main_minimalist-3-tranexamic-acid-face-serum-30ml_1712481065.webp,for_every_ng,serum,,,,0.35
fng_16244,Combo Of COSRX Advance Snail 96 Mucin Power Essence and Advance Snail 92 All in One,Combo Of,5900.0,5310.0,4.6,31,in_stock,https://d2wfc4v12a2zxr.cloudfront.net/resized/medium/products/main_combo-of-cosrx-advance-snail-96-mucin-power-essence-and-advance-snail-92-all-in-one_1782888714.webp,for_every_ng,serum,,,,0.35
fng_15181,The Derma Co Sali-Cinamide Anti-Acne Face Serum for Acne & Acne Marks - 30ml,The Derma Co Sali-Cinamide Anti-Acne Face Serum for Acne & Acne Marks,960.0,883.0,4.8,31,in_stock,https://d2wfc4v12a2zxr.cloudfront.net/resized/medium/products/main_the-derma-co-sali-cinamide-anti-acne-face-serum-with-2-salicylic-acid-5-niacinamide-f_1701859300.webp,for_every_ng,serum,,,,0.35
fng_5678,Mamaearth Vitamin C Foaming Face wash-150ml,Mamaearth Vitamin,639.0,588.0,4.4,31,in_stock,https://d2wfc4v12a2zxr.cloudfront.net/resized/medium/products/mamaearth-vitamin-c-foaming-face-wash-150ml_1620815249.webp,for_every_ng,cleanser,,"['pigmentation', 'dark_circles', 'dullness', 'aging']",['vitamin_c'],0.8
fng_330,"Himalaya Herbals Under Eye Cream, 15ml",Himalaya Herbals,360.0,342.0,4.2,31,in_stock,https://d2wfc4v12a2zxr.cloudfront.net/resized/medium/12/eye-cream-1.jpg,for_every_ng,eye_cream,['dry'],,,0.55
fng_10788,COSRX Salicylic Acid Daily Gentle Cleanser - 150ml,COSRX Salicylic Acid Daily Gentle Cleanser,1650.0,1485.0,4.4,30,in_stock,https://d2wfc4v12a2zxr.cloudfront.net/resized/medium/products/main_cosrx-salicylic-acid-daily-gentle-cleanser-150ml-21_1773118774.webp,for_every_ng,cleanser,['sensitive'],"['oiliness', 'acne']",['salicylic_acid'],1.0
fng_17769,Dot & Key CICA Face Wash for Acne Prone Skin with 2% Salicylic Acid & Green Tea Face Wash - 100ml,Dot & Key CICA Face Wash for Acne Prone Skin with 2% Salicylic Acid & Green Tea Face Wash,398.0,358.0,4.4,30,in_stock,https://d2wfc4v12a2zxr.cloudfront.net/resized/medium/products/main_dot-key-cica-face-wash-for-acne-prone-skin-2-salicylic-acid-face-wash-100ml_1729500217.webp,for_every_ng,cleanser,['oily'],"['sensitivity', 'oiliness', 'acne']","['salicylic_acid', 'centella_asiatica']",1.0
fng_14345,Nature Derma Glycolic Acid Toner Essence with Natural Biome-Boost™ Solution - 100 ml,Nature Derma Glycolic Acid Toner Essence with Natural Biome-Boost™ Solution,638.0,415.0,4.8,30,in_stock,https://d2wfc4v12a2zxr.cloudfront.net/resized/medium/products/main_nature-derma-brightening-toner-essence-100ml_1691150192.webp,for_every_ng,exfoliant,,"['oiliness', 'pigmentation', 'dullness', 'acne']",['glycolic_acid'],0.8
fng_12238,Le Tan Spf 50+ Coconut 125ml,Le Tan,1645.0,1596.0,4.7,29,in_stock,https://d2wfc4v12a2zxr.cloudfront.net/resized/medium/products/main_le-tan-spf-50-coconut-125ml_1715763208.webp,for_every_ng,sunscreen,,,,0.35
fng_11979,COSRX Aloe Soothing Sun Cream SPF50 PA+++ - 50ml,COSRX Aloe Soothing Sun Cream SPF50 PA+++,2000.0,1800.0,4.6,29,in_stock,https://d2wfc4v12a2zxr.cloudfront.net/resized/medium/products/cosrx-aloe-soothing-sun-cream-spf50-pa-50ml_1677579328.webp,for_every_ng,sunscreen,"['dry', 'sensitive']","['sensitivity', 'dryness']",['aloe_vera'],1.0
fng_17768,DOT & KEY Vitamin C + E Super Bright Sunscreen Spf 50++++ (50gm),DOT &,712.0,641.0,4.7,29,in_stock,https://d2wfc4v12a2zxr.cloudfront.net/resized/medium/products/main_dot-key-vitamin-c-e-super-bright-sunscreen-spf-50-50gm_1773830736.webp,for_every_ng,sunscreen,,"['pigmentation', 'dark_circles', 'dullness', 'aging']",['vitamin_c'],0.8
fng_17772,Dot & Key Watermelon Hyaluronic Sunscreen SPF 50 PA++++ (50gm),Dot &,712.0,641.0,4.6,29,in_stock,https://d2wfc4v12a2zxr.cloudfront.net/resized/medium/products/main_dot-key-watermelon-hyaluronic-sunscreen-spf-50-pa-50gm_1773830854.webp,for_every_ng,sunscreen,,"['aging', 'dryness']",['hyaluronic_acid'],0.8
fng_17663,Aqualogica Illuminate + Hydra Gel Moisturizer - 200gm,Aqualogica Illuminate + Hydra Gel Moisturizer,799.0,743.0,4.4,28,in_stock,https://d2wfc4v12a2zxr.cloudfront.net/resized/medium/products/main_aqualogica-illuminate-hydra-gel-moisturizer-200gm_1726565238.webp,for_every_ng,moisturizer,['oily'],,,0.55
fng_16298,Minimalist Multi Peptide Night Face Serum - 30ml,Minimalist Multi Peptide Night Face Serum,1121.0,1065.0,4.5,28,in_stock,https://d2wfc4v12a2zxr.cloudfront.net/resized/medium/products/main_minimalist-multi-peptide-night-face-serum-30-ml_1712483014.webp,for_every_ng,serum,,"['dark_circles', 'aging']",['peptides'],0.8
fng_16291,Minimalist Vitamin K + 01 retinol% Eyecream- 14g,Minimalist Vitamin,801.0,761.0,4.1,28,in_stock,https://d2wfc4v12a2zxr.cloudfront.net/resized/medium/products/main_minimalist-vitamin-k-retinal-01-eyecream-14g_1712481262.webp,for_every_ng,,['dry'],"['pigmentation', 'aging', 'acne', 'dark_circles']",['retinol'],1.0
fng_17315,Aqualogica Glow+ Hydra Gel Moisturizer with Vitamin C & Papaya - 200gm,Aqualogica Glow+ Hydra Gel Moisturizer with Vitamin C & Papaya,799.0,743.0,4.8,28,in_stock,https://d2wfc4v12a2zxr.cloudfront.net/resized/medium/products/main_aqualogica-glow-hydra-gel-moisturizer-with-vitamin-c-papaya-20-g24-hour-intense-hydra_1723089789.webp,for_every_ng,moisturizer,['oily'],"['pigmentation', 'dark_circles', 'dullness', 'aging']",['vitamin_c'],1.0
fng_12242,Le Tan SPF50+ BB Cream Light Tint 70ml,Le Tan,1645.0,1596.0,4.2,28,in_stock,https://d2wfc4v12a2zxr.cloudfront.net/resized/medium/products/main_le-tan-spf50-bb-cream-light-tint-70ml_1723805928.webp,for_every_ng,sunscreen,['dry'],,,0.55
fng_12243,Le Tan BB Cream Spf 50+ Medium Tint 70ml,Le Tan,1645.0,1596.0,4.7,27,in_stock,https://d2wfc4v12a2zxr.cloudfront.net/resized/medium/products/main_le-tan-bb-cream-spf-50-medium-tint-70ml_1703737611.webp,for_every_ng,sunscreen,['dry'],,,0.55
fng_16491,Pilgrim Tea Tree Light Non-oily Moisturizer - 80gm,Pilgrim Tea Tree Light Non-oily Moisturizer,440.0,405.0,4.0,27,in_stock,https://d2wfc4v12a2zxr.cloudfront.net/resized/medium/products/main_pilgrim-tea-tree-light-non-oily-moisturizer-80gm_1777791567.webp,for_every_ng,moisturizer,['oily'],"['oiliness', 'acne']",['tea_tree'],1.0
fng_1739,Acnes Oil Control Cleanser Face Wash,Acnes Oil,275.0,275.0,4.8,27,in_stock,https://d2wfc4v12a2zxr.cloudfront.net/resized/medium/products/main_acnes-oil-control-cleanser-face-wash_1768823176.webp,for_every_ng,cleanser,['oily'],,,0.55
fng_15051,Chemist at Play Gentle & Hydrating Face Wash - 100ML (Hyaluronic Acid + PolyGlutamic Acid + Rice Water + Oatmeal),Chemist at Play Gentle & Hydrating Face Wash,479.0,445.0,4.5,27,in_stock,https://d2wfc4v12a2zxr.cloudfront.net/resized/medium/products/main_chemist-at-play-gentle-hydrating-face-wash-100ml-hyaluronic-acid-polyglutamic-acid-ri_1698733001.webp,for_every_ng,cleanser,"['dry', 'sensitive']","['aging', 'dryness']",['hyaluronic_acid'],1.0
fng_11971,"COSRX Niacinamide 15% Face Serum with Zinc 1%, Minimizing Pores & Sebums - 20ml","COSRX Niacinamide 15% Face Serum with Zinc 1%, Minimizing Pores & Sebums",2850.0,2565.0,4.8,26,in_stock,https://d2wfc4v12a2zxr.cloudfront.net/resized/medium/products/cosrx-niacinamide-15-face-serum-with-zinc-1-minimizing-pores-sebums-20ml_1677576124.webp,for_every_ng,serum,['oily'],"['aging', 'acne', 'pigmentation', 'oiliness', 'dullness', 'sun_protection']","['niacinamide', 'zinc']",1.0
fng_10098,Dot & Key Vitamin C + E Sorbet Super Bright Moisturizer (60ml),Dot &,792.0,713.0,4.5,26,in_stock,https://d2wfc4v12a2zxr.cloudfront.net/resized/medium/products/main_dot-key-vitamin-c-e-sorbet-super-bright-moisturizer-60ml_1739183993.webp,for_every_ng,moisturizer,,"['pigmentation', 'dark_circles', 'dullness', 'aging']",['vitamin_c'],0.8
fng_16515,Pilgrim 2% Niacinamide Glow Gel Sunscreen SPF 50+ PA+++ - 50g,Pilgrim 2% Niacinamide Glow Gel Sunscreen SPF 50+ PA+++,712.0,655.0,4.4,25,in_stock,https://d2wfc4v12a2zxr.cloudfront.net/resized/medium/products/main_pilgrim-2-niacinamide-glow-gel-sunscreen-spf-50-pa-50g_1775033984.webp,for_every_ng,sunscreen,['oily'],"['aging', 'acne', 'pigmentation', 'oiliness', 'dullness']",['niacinamide'],1.0
fng_18510,Plum Green Tea & Zinc Super-Matte Gel Sunscreen SPF 50 PA +++ 50gm,Plum Green,680.0,612.0,4.4,25,in_stock,https://d2wfc4v12a2zxr.cloudfront.net/resized/medium/products/main_plum-green-tea-zinc-super-matte-gel-sunscreen-spf-50-pa-50gm_1743333767.webp,for_every_ng,sunscreen,['oily'],"['oiliness', 'sun_protection', 'acne']",['zinc'],1.0
fng_10263,Derma Co.3% Kojic Acid Dark Spot Corrector - 30gm,Derma Co.3% Kojic Acid Dark Spot Corrector,799.0,735.0,4.4,25,in_stock,https://d2wfc4v12a2zxr.cloudfront.net/resized/medium/products/derma-co3-kojic-acid-dark-spot-corrector_1669803282.webp,for_every_ng,spot_treatment,,"['pigmentation', 'dullness']",['kojic_acid'],0.8
fng_11972,COSRX Hyaluronic Acid Intensive Cream - 100gm,COSRX Hyaluronic Acid Intensive Cream,3200.0,2880.0,4.9,24,in_stock,https://d2wfc4v12a2zxr.cloudfront.net/resized/medium/products/cosrx-hyaluronic-acid-sensitive-cream-100g_1677576390.webp,for_every_ng,,['dry'],"['aging', 'dryness']",['hyaluronic_acid'],1.0
fng_10329,Derma Co. Pore Minimizing Clay Daily Face Wash - 100ml,Derma Co. Pore Minimizing Clay Daily Face Wash,559.0,514.0,4.7,24,in_stock,https://d2wfc4v12a2zxr.cloudfront.net/resized/medium/products/derma-co-pore-minimizing-clay-daily-face-wash_1670224381.webp,for_every_ng,cleanser,['oily'],,,0.55
fng_317,Himalaya Herbals Nourishing Skin Cream,Himalaya Herbals,272.0,258.0,4.2,24,in_stock,https://d2wfc4v12a2zxr.cloudfront.net/resized/medium/12/nourishing-skin-cream-1.jpg,for_every_ng,moisturizer,['dry'],,,0.55
fng_16309,Minimalist 5% Niacinamide Day And Night Face Serum - 30ml,Minimalist 5% Niacinamide Day And Night Face Serum,961.0,913.0,4.7,23,in_stock,https://d2wfc4v12a2zxr.cloudfront.net/resized/medium/products/main_minimalist-5-niacinamide-day-and-night-face-serum-30ml_1712486209.webp,for_every_ng,serum,,"['aging', 'acne', 'pigmentation', 'oiliness', 'dullness']",['niacinamide'],0.8
fng_10052,The Derma Co. Hyaluronic Invisible Sunscreen Gel - 50gm,The Derma Co. Hyaluronic Invisible Sunscreen Gel,959.0,882.0,4.3,23,in_stock,https://d2wfc4v12a2zxr.cloudfront.net/resized/medium/products/main_the-derma-co-hyaluronic-invisible-sunscreen-with-hyaluronic-acid-for-no-white-cast-sun-protection-50gm_1670219287.webp,for_every_ng,sunscreen,['oily'],"['aging', 'dryness']",['hyaluronic_acid'],1.0
fng_315,"Himalaya Oil Free Radiance Gel Cream, 50g",Himalaya Oil,416.0,395.0,4.5,23,in_stock,https://d2wfc4v12a2zxr.cloudfront.net/resized/medium/12/oil-free-gel-cream.jpg,for_every_ng,moisturizer,"['oily', 'dry']",,,0.55
fng_16299,Minimalist Aquaporin Booster 05% Cleanser - 100ml,Minimalist Aquaporin Booster 05% Cleanser,481.0,457.0,4.7,22,in_stock,https://d2wfc4v12a2zxr.cloudfront.net/resized/medium/products/main_minimalist-aquaporin-booster-05-cleanser-100ml_1712483458.webp,for_every_ng,cleanser,,,,0.35
fng_10787,COSRX Low pH Good Morning Gel Cleanser - 150ml,COSRX Low pH Good Morning Gel Cleanser,1650.0,1485.0,4.8,22,in_stock,https://d2wfc4v12a2zxr.cloudfront.net/resized/medium/products/main_cosrx-low-ph-good-morning-gel-cleanser-150ml-21_1773118441.webp,for_every_ng,cleanser,['oily'],,,0.55
fng_18331,"Chemist At Play Ceramides + 2% Kojic Acid Tinted Lip Balm | SPF 50, PA++++ - 10gm","Chemist At Play Ceramides + 2% Kojic Acid Tinted Lip Balm | SPF 50, PA++++",559.0,520.0,4.7,22,in_stock,https://d2wfc4v12a2zxr.cloudfront.net/resized/medium/products/main_chemist-at-play-ceramides-2-kojic-acid-tinted-lip-balm-spf-50-pa-10gm_1739072722.webp,for_every_ng,lip_care,,"['sensitivity', 'pigmentation', 'dullness', 'dryness']","['ceramides', 'kojic_acid']",0.8
fng_17172,Plum Hyaluronic Acid Aqua Light Sunscreen 50 spf+++ - 50gm,Plum Hyaluronic Acid Aqua Light Sunscreen 50 spf+++,638.0,574.0,4.0,22,in_stock,https://d2wfc4v12a2zxr.cloudfront.net/resized/medium/products/main_plum-hyaluronic-acid-aqua-light-sunscreen-50-spf-50g_1721641013.webp,for_every_ng,sunscreen,,"['aging', 'dryness']",['hyaluronic_acid'],0.8
fng_11999,Girlpal Rose Extract Brightening Day Cream - 20gm,Girlpal Rose Extract Brightening Day Cream,419.0,419.0,4.7,22,in_stock,https://d2wfc4v12a2zxr.cloudfront.net/resized/medium/products/girlpal-rose-extract-brightening-day-cream-20g_1677649973.webp,for_every_ng,moisturizer,['dry'],,,0.55
fng_17780,DOT & KEY Vitamin C + E Super Bright Gel Face Wash - 100ml,DOT & KEY Vitamin C + E Super Bright Gel Face Wash,398.0,358.0,4.3,22,in_stock,https://d2wfc4v12a2zxr.cloudfront.net/resized/medium/products/main_dot-key-vitamin-c-e-super-bright-gel-face-wash-100ml_1729505023.webp,for_every_ng,cleanser,['oily'],"['pigmentation', 'dark_circles', 'dullness', 'aging']",['vitamin_c'],1.0
fng_14487,Sunplay Skin Aqua Acne Clear Milk 25g with SPF 50+ PA++++ (Strong UV Protection & Ultra Protection),Sunplay Skin,599.0,599.0,4.4,21,in_stock,https://d2wfc4v12a2zxr.cloudfront.net/resized/medium/products/main_sunplay-skin-aqua-acne-clear-milk-25g-with-spf-50-pa-strong-uv-protection-ultra-prote_1768819008.webp,for_every_ng,sunscreen,,,,0.35
fng_1227,Acnes Sealing Gel for Pimple Treatment 9gm,Acnes Sealing,430.0,430.0,4.2,20,in_stock,https://d2wfc4v12a2zxr.cloudfront.net/resized/medium/products/main_acnes-sealing-gel-for-pimple-treatment-9g_1768559213.webp,for_every_ng,,['oily'],,,0.55
fng_16534,Derma Co 7% Glycolic Acid Hydrating Toner,Derma Co,799.0,735.0,4.8,20,in_stock,https://d2wfc4v12a2zxr.cloudfront.net/resized/medium/products/main_derma-co-7-glycolic-acid-hydrating-toner_1715161619.webp,for_every_ng,toner,['dry'],"['oiliness', 'pigmentation', 'dullness', 'acne']",['glycolic_acid'],1.0
fng_7425,Plum BodyLovin' Feelin' So Rose Body Mist,Plum BodyLovin',840.0,756.0,4.1,20,in_stock,https://d2wfc4v12a2zxr.cloudfront.net/resized/medium/products/plum-bodylovin-feelin-so-rose-body-mist-150ml_1638459532.webp,for_every_ng,toner,,,,0.35
fng_326,"Himalaya Herbals Refreshing Cleansing Milk, 100ml",Himalaya Herbals,176.0,167.0,4.2,20,in_stock,https://d2wfc4v12a2zxr.cloudfront.net/resized/medium/12/cleansing-milk-1.jpg,for_every_ng,cleanser,,,,0.35
fng_17786,Dot & Key Strawberry Dew Cleansing Balm - 70ml,Dot & Key Strawberry Dew Cleansing Balm,798.0,718.0,4.6,20,in_stock,https://d2wfc4v12a2zxr.cloudfront.net/resized/medium/products/main_dot-key-strawberry-dew-cleansing-balm-70ml_1729508268.webp,for_every_ng,cleanser,,,,0.35
fng_17936,Pilgrim 5 Ceramides Moisturizer for Face - 100gm,Pilgrim 5 Ceramides Moisturizer for Face,632.0,581.0,4.7,19,in_stock,https://d2wfc4v12a2zxr.cloudfront.net/resized/medium/products/main_pilgrim-5-ceramides-moisturizer-for-face-100gm_1733635140.webp,for_every_ng,moisturizer,,"['sensitivity', 'dryness']",['ceramides'],0.8
fng_10061,Dot & Key Probiotics Light Gel Moisturizer 72 hr Hydration - 60 ml,Dot & Key Probiotics Light Gel Moisturizer 72 hr Hydration,792.0,713.0,4.8,19,in_stock,https://d2wfc4v12a2zxr.cloudfront.net/resized/medium/products/dot-key-probiotics-light-gel-moisturizer-72-hr-hydration-60-ml_1667794963.webp,for_every_ng,moisturizer,['oily'],,,0.55
fng_1251,Sunplay Baby Mild Sunscreen with SPF 35 PA ++ 30ml (For Baby And Sensitive Skin),Sunplay Baby,475.0,475.0,4.9,19,in_stock,https://d2wfc4v12a2zxr.cloudfront.net/resized/medium/05/SUNPLAY-BABY-MILD-SPF35-PA.jpg,for_every_ng,sunscreen,['sensitive'],,,0.55
fng_3193,Mamaearth Charcoal Face Wash With Activated Charcoal And Coffee For Oil Control - 100ml,Mamaearth Charcoal Face Wash With Activated Charcoal And Coffee For Oil Control,431.0,397.0,4.4,19,in_stock,https://d2wfc4v12a2zxr.cloudfront.net/resized/medium/product/cover_image1594017220.jpg,for_every_ng,cleanser,['oily'],,,0.55
fng_8747,Mamaearth Tea Tree Facewash for acne & pimples - 100ml,Mamaearth Tea Tree Facewash for acne & pimples,431.0,397.0,4.4,19,in_stock,https://d2wfc4v12a2zxr.cloudfront.net/resized/medium/products/main_mamaearth-tea-tree-facewash-for-acne-pimples-100ml_1777791914.webp,for_every_ng,,,"['oiliness', 'acne']",['tea_tree'],0.8
fng_292,Himalaya Herbals Oil Clear Lemon Face Wash,Himalaya Herbals,144.0,137.0,4.7,19,in_stock,https://d2wfc4v12a2zxr.cloudfront.net/resized/medium/12/oil-clear-lemon-100ml.jpg,for_every_ng,cleanser,,,,0.35
fng_17771,DOT & KEY Watermelon Cooling Gel Face Wash - 100ml,DOT & KEY Watermelon Cooling Gel Face Wash,398.0,358.0,4.6,19,in_stock,https://d2wfc4v12a2zxr.cloudfront.net/resized/medium/products/main_dot-key-watermelon-cooling-gel-face-wash-100ml_1747547453.webp,for_every_ng,cleanser,['oily'],,,0.55
fng_17785,DOT & KEY Blueberry Hydrate Barrier Repair Toner with Ceramides & Rice Water  150ml,DOT &,632.0,569.0,4.7,19,in_stock,https://d2wfc4v12a2zxr.cloudfront.net/resized/medium/products/main_blueberry-hydrate-barrier-repair-toner-with-ceramides-rice-water-150ml_1747386004.webp,for_every_ng,toner,['dry'],"['sensitivity', 'dryness']",['ceramides'],1.0
fng_16988,Aqualogica Detan+ Dewy Sunscreen Spray SPF 50+ PA++++ - 100ml,Aqualogica Detan+ Dewy Sunscreen Spray SPF 50+ PA++++,959.0,892.0,4.5,18,in_stock,https://d2wfc4v12a2zxr.cloudfront.net/resized/medium/products/main_aqualogica-detan-dewy-sunscreen-spray-spf-50-pa-100ml_1718097566.webp,for_every_ng,sunscreen,,,,0.35
fng_3942,Plum Green Tea Clear Face Mask (60gm),Plum Green,785.0,707.0,4.3,18,in_stock,https://d2wfc4v12a2zxr.cloudfront.net/resized/medium/product/cover_image1599027941.jpg,for_every_ng,mask,,,,0.35
fng_17794,"DOT & KEY Blueberry Hydrate Barrier Repair Sunscreen Spf 50+,Pa++++|",DOT &,712.0,641.0,4.7,18,in_stock,https://d2wfc4v12a2zxr.cloudfront.net/resized/medium/products/main_dot-key-blueberry-hydrate-barrier-repair-sunscreen-spf-50pa_1772773175.webp,for_every_ng,sunscreen,['dry'],,,0.55
fng_1233,Acnes Vitamin Cream for Glowing And Even-Toned Skin 40g,Acnes Vitamin,595.0,595.0,4.4,17,in_stock,https://d2wfc4v12a2zxr.cloudfront.net/resized/medium/product/cover_image1591782125.png,for_every_ng,,['dry'],"['pigmentation', 'dark_circles', 'dullness', 'aging']",['vitamin_c'],1.0
fng_11155,"Himalaya Rich Cocoa Butter Body Cream, 200ml",Himalaya Rich,478.0,454.0,4.6,17,in_stock,https://d2wfc4v12a2zxr.cloudfront.net/resized/medium/products/himalaya-rich-cocoa-butter-body-cream-200ml_1675143182.webp,for_every_ng,,['dry'],,,0.55
fng_1234,Acnes Scar Care for Pimple And Acne Scar Treatment 12g,Acnes Scar,560.0,560.0,4.9,16,in_stock,https://d2wfc4v12a2zxr.cloudfront.net/resized/medium/products/main_acnes-scar-care-12gm_1658742285.webp,for_every_ng,spot_treatment,,,,0.35
fng_4548,Plum Green Tea Revitalizing Face Mist (100ml),Plum Green,577.0,519.0,4.4,16,in_stock,https://d2wfc4v12a2zxr.cloudfront.net/resized/medium/product/cover_image1607844138.jpg,for_every_ng,toner,,,,0.35
fng_14488,Sunplay Skin Aqua UV Moisture Milk 30g For Dry Skin with SPF 50+ PA++++ ((Long - Lasting UV Protection & Ultra Protection),Sunplay Skin Aqua UV Moisture Milk 30g For Dry Skin with SPF 50+ PA++++ ((Long,599.0,599.0,4.3,15,in_stock,https://d2wfc4v12a2zxr.cloudfront.net/resized/medium/products/main_sunplay-skin-aqua-uv-moisture-milk-30g-for-dry-skin-with-spf-50-pa-long-lasting-uv-pr_1768820734.webp,for_every_ng,sunscreen,['dry'],,,0.55
fng_1243,Acnes Hyaluronic & Niacinamide Pure Cream For All Skin Types 50g (Dermatologically Tested),Acnes Hyaluronic,575.0,575.0,4.3,15,in_stock,https://d2wfc4v12a2zxr.cloudfront.net/resized/medium/products/main_acnes-hyaluronic-niacinamide-pure-cream-for-all-skin-types-50g-dermatologically-teste_1770011859.webp,for_every_ng,,"['dry', 'combination']","['aging', 'acne', 'pigmentation', 'oiliness', 'dullness', 'dryness']","['niacinamide', 'hyaluronic_acid']",1.0
fng_11128,CeraVe Eye Repair Cream - 14.2gm,CeraVe Eye Repair Cream,2900.0,2755.0,4.9,15,in_stock,https://d2wfc4v12a2zxr.cloudfront.net/resized/medium/products/main_cerave-eye-repair-cream-142gm_1731383434.webp,for_every_ng,moisturizer,['dry'],,,0.55
fng_2436,The Ordinary Caffeine Solution 5% + EGCG - 30ml,The Ordinary Caffeine Solution 5% + EGCG,2200.0,1870.0,4.5,15,in_stock,https://d2wfc4v12a2zxr.cloudfront.net/resized/medium/product/cover_image1579502264.png,for_every_ng,,,,,0.35
fng_14789,Chemist at Play Brightening Boost Face Wash 100 ml,Chemist at,479.0,445.0,4.6,14,in_stock,https://d2wfc4v12a2zxr.cloudfront.net/resized/medium/products/main_chemist-at-play-brightening-boost-face-wash-100-ml_1695630775.webp,for_every_ng,cleanser,,,,0.35
fng_9443,Moonwake Lavender Lip Butter 5gm,Moonwake Lavender,300.0,300.0,4.6,14,in_stock,https://d2wfc4v12a2zxr.cloudfront.net/resized/medium/products/main_moonwake-lavender-lip-butter-5gm_1776062815.webp,for_every_ng,,,,,0.35
fng_6102,Raystop Sun Screen Lotion SPF 50,Raystop Sun,758.0,758.0,4.6,14,in_stock,https://d2wfc4v12a2zxr.cloudfront.net/resized/medium/products/main_raystop-sun-screen-lotion-spf-50-50gm_1625541647.webp,for_every_ng,sunscreen,,,,0.35
fng_17764,Dot & Key Barrier Repair Hydrating Lip Balm SPF 50 - 4.5gm,Dot & Key Barrier Repair Hydrating Lip Balm SPF 50,398.0,358.0,4.0,14,in_stock,https://d2wfc4v12a2zxr.cloudfront.net/resized/medium/products/main_dot-key-barrier-repair-hydrating-lip-balm-spf-50-45gm_1729491546.webp,for_every_ng,lip_care,['dry'],,,0.55
fng_17961,Combo Of UV Doux Silicone Sunscreen Gel - 50gm and Acmist Moisturizing Cream Gel - 50gm,Combo Of UV Doux Silicone Sunscreen Gel,1976.0,1877.0,4.5,13,in_stock,https://d2wfc4v12a2zxr.cloudfront.net/resized/medium/products/main_uv-doux-silicone-sunscreen-gel-50gm-and-acmist-moisturizing-cream-gel-50gm-combo-offe_1733804199.webp,for_every_ng,moisturizer,"['oily', 'dry']",,,0.55
fng_18308,The Derma Co. Snail Peptide 96 Under Eye Cream 15gm,The Derma,639.0,588.0,4.4,13,in_stock,https://d2wfc4v12a2zxr.cloudfront.net/resized/medium/products/main_the-derma-co-snail-peptide-96-under-eye-cream-15gm_1738573237.webp,for_every_ng,eye_cream,['dry'],"['dark_circles', 'aging']",['peptides'],1.0
fng_16489,Pilgrim Australian Tea Tree Purifying Gel Face Wash - 100ml,Pilgrim Australian Tea Tree Purifying Gel Face Wash,400.0,368.0,4.1,13,in_stock,https://d2wfc4v12a2zxr.cloudfront.net/resized/medium/products/main_pilgrim-australian-tea-tree-purifying-gel-face-wash-100ml_1775036538.webp,for_every_ng,cleanser,['oily'],"['oiliness', 'acne']",['tea_tree'],1.0
fng_17796,Dot & Key Mango Detan Gel Face Wash - 100ml,Dot & Key Mango Detan Gel Face Wash,398.0,358.0,4.7,13,in_stock,https://d2wfc4v12a2zxr.cloudfront.net/resized/medium/products/main_dot-key-mango-detan-gel-face-wash-100ml_1729569532.webp,for_every_ng,cleanser,['oily'],,,0.55
fng_5813,Mamaearth Ubtan Foaming Face Wash - 150ml,Mamaearth Ubtan Foaming Face Wash,639.0,588.0,4.9,13,in_stock,https://d2wfc4v12a2zxr.cloudfront.net/resized/medium/products/mamaearth-ubtan-foaming-face-wash_1622708189.webp,for_every_ng,cleanser,,,,0.35
fng_10181,Diva Brightening Natural Face Serum,Diva Brightening,875.0,831.0,4.5,13,in_stock,https://d2wfc4v12a2zxr.cloudfront.net/resized/medium/products/diva-brightening-natural-face-serum_1669004525.webp,for_every_ng,serum,,,,0.35
fng_5482,Avani Peppermint Lip Balm,Avani Peppermint,295.0,295.0,4.3,13,in_stock,https://d2wfc4v12a2zxr.cloudfront.net/resized/medium/products/avani-peppermint-lip-balm_1617786692.webp,for_every_ng,lip_care,,,,0.35
fng_17774,Dot & Key Strawberry Dew Spf 50 Sunscreen Stick Spf 50 Pa+++ | 20gm,Dot & Key Strawberry Dew Spf 50 Sunscreen Stick Spf 50 Pa+++,952.0,857.0,4.7,12,in_stock,https://d2wfc4v12a2zxr.cloudfront.net/resized/medium/products/main_dot-key-strawberry-dew-spf-50-sunscreen-stick-spf-50-pa-20gm_1729502745.webp,for_every_ng,sunscreen,,,,0.35
fng_318,Himalaya Herbals Winter Defense Moisturizing Cream,Himalaya Herbals,280.0,266.0,4.7,12,in_stock,https://d2wfc4v12a2zxr.cloudfront.net/resized/medium/products/main_himalaya-herbals-winter-defense-moisturizing-cream_1724931963.webp,for_every_ng,moisturizer,['dry'],,,0.55
fng_293,Himalaya Herbal Gentle Exfoliating Apricot Face Wash,Himalaya Herbal,136.0,129.0,4.2,12,in_stock,https://d2wfc4v12a2zxr.cloudfront.net/resized/medium/products/main_himalaya-herbal-gentle-exfoliating-apricot-face-wash_1749462783.webp,for_every_ng,exfoliant,['sensitive'],,,0.55
fng_10079,Dot & Key Night Reset Retinol + Ceramide Night Cream,Dot &,1112.0,1001.0,4.9,12,in_stock,https://d2wfc4v12a2zxr.cloudfront.net/resized/medium/products/main_dot-key-night-reset-retinol-ceramide-night-cream_1775473296.webp,for_every_ng,moisturizer,['dry'],"['dark_circles', 'aging', 'acne', 'sensitivity', 'pigmentation', 'dryness']","['retinol', 'ceramides']",1.0
fng_2269,Astaberry Gold Extra Glow Bleach Creme,Astaberry Gold,440.0,418.0,4.2,11,in_stock,https://d2wfc4v12a2zxr.cloudfront.net/resized/medium/product/cover_image1578218143.jpg,for_every_ng,,,,,0.35
fng_14342,"Nature Derma 3% AHA+BHA Exfoliating Foaming Cleanser, 100ml",Nature Derma,590.0,384.0,4.8,11,in_stock,https://d2wfc4v12a2zxr.cloudfront.net/resized/medium/products/main_nature-derma-3-ahabha-exfoliating-foaming-cleanser-100ml_1691922762.webp,for_every_ng,exfoliant,,"['oiliness', 'pigmentation', 'dullness', 'acne']","['salicylic_acid', 'glycolic_acid', 'lactic_acid']",0.8
fng_18591,Lord's Skin Active Crystal Clear Micellar Infusion 300ml,Lord's Skin,400.0,360.0,3.8,11,in_stock,https://d2wfc4v12a2zxr.cloudfront.net/resized/medium/products/main_lords-skin-active-crystal-clear-micellar-infusion-300ml_1744348758.webp,for_every_ng,,,,,0.35
fng_19026,Buy Uv Doux Silicon Sunscreen Gel (100gm) and get a Uv Doux Face Cleanser FREE,Buy Uv,2384.0,2265.0,5.0,11,in_stock,https://d2wfc4v12a2zxr.cloudfront.net/resized/medium/products/main_buy-uv-doux-silicon-sunscreen-gel-100gm-and-get-a-uv-doux-face-cleanser-free_1757998673.webp,for_every_ng,cleanser,['oily'],,,0.55
fng_997,"Himalaya Natural Glow Kesar Face Cream, 50g (Pack of 2)",Himalaya Natural,238.0,238.0,4.6,11,in_stock,https://d2wfc4v12a2zxr.cloudfront.net/resized/medium/02/0-02-06-00aa619fafdc10e2c7a24804b27f3d644feaad4e18d94d2984def5f793ade91b_fcf1dd3.jpg,for_every_ng,moisturizer,['dry'],,,0.55
fng_10269,Derma Co. 1% Kojic + Arbutin Night Repair Face Serum-Gel - 50gm,Derma Co. 1% Kojic + Arbutin Night Repair Face Serum-Gel,959.0,882.0,4.3,11,in_stock,https://d2wfc4v12a2zxr.cloudfront.net/resized/medium/products/derma-co-1-kojic-arbutin-night-repair-face-serum-gel_1669805838.webp,for_every_ng,serum,"['oily', 'dry']","['pigmentation', 'dullness']","['kojic_acid', 'arbutin']",1.0
fng_3770,Himalaya Tan Removal Orange Face Wash,Himalaya Tan,152.0,144.0,4.1,11,in_stock,https://d2wfc4v12a2zxr.cloudfront.net/resized/medium/product/cover_image1596695497.jpg,for_every_ng,cleanser,,,,0.35
fng_12239,Le Tan Spf 50+ Mango 125ml,Le Tan,1645.0,1596.0,4.3,10,in_stock,https://d2wfc4v12a2zxr.cloudfront.net/resized/medium/products/main_le-tan-spf-50-mango-125ml_1717484725.webp,for_every_ng,sunscreen,,,,0.35
fng_7347,PRRETI PURE WHITE MILK CREAM 50gm (Exp November 2023),PRRETI PURE,535.0,535.0,4.4,10,in_stock,https://d2wfc4v12a2zxr.cloudfront.net/resized/medium/products/prreti-pure-white-milk-cream-50gm_1638074538.webp,for_every_ng,,['dry'],,,0.55
fng_5728,Pax Moly Real Arbutin Mask Pack (2.1),Pax Moly,100.0,70.0,4.8,10,in_stock,https://d2wfc4v12a2zxr.cloudfront.net/resized/medium/products/pax-moly-real-arbutin-mask-pack_1621924337.webp,for_every_ng,mask,,"['pigmentation', 'dullness']",['arbutin'],0.8
fng_16842,Derma co. 1% Hyaluronic Long Lasting Sunscreen Spf 50 PA++++ - 50gm,Derma co. 1% Hyaluronic Long Lasting Sunscreen Spf 50 PA++++,1039.0,956.0,4.1,10,in_stock,https://d2wfc4v12a2zxr.cloudfront.net/resized/medium/products/main_derma-co-1-hyaluronic-long-lasting-sunscreen-spf-50-pa-50gm_1717049697.webp,for_every_ng,sunscreen,,"['aging', 'dryness']",['hyaluronic_acid'],0.8
fng_19101,Plum 2% Niacinamide & Rice Water SPF 50 PA++++ Brightening Sunscreen - 80gm,Plum 2% Niacinamide & Rice Water SPF 50 PA++++ Brightening Sunscreen,959.0,863.0,4.9,10,in_stock,https://d2wfc4v12a2zxr.cloudfront.net/resized/medium/products/main_plum-bodylovin-2-niacinamide-rice-water-spf-50-pa-brightening-sunscreen-80gm_1760350233.webp,for_every_ng,sunscreen,,"['aging', 'acne', 'pigmentation', 'oiliness', 'dullness']",['niacinamide'],0.8
fng_312,"Himalaya Herbals Anti Wrinkle Cream, 50g",Himalaya Herbals,432.0,410.0,4.6,10,in_stock,https://d2wfc4v12a2zxr.cloudfront.net/resized/medium/12/anti-wrinkle-cream.jpg,for_every_ng,,['dry'],,,0.55
fng_1076,SKIN DEVA 20% VITAMIN C+ E + FERULIC ACID SERUM 30ml (2.1),SKIN DEVA,3000.0,2850.0,4.9,10,in_stock,https://d2wfc4v12a2zxr.cloudfront.net/resized/medium/products/main_skin-deva-20-vitamin-c-e-ferulic-acid-serum-30ml_1773048069.webp,for_every_ng,serum,,"['pigmentation', 'dark_circles', 'dullness', 'aging']",['vitamin_c'],0.8
fng_16177,Lakme Blush & Glow Sheet Mask Fruit Facial Like GLow,Lakme Blush,160.0,144.0,4.6,9,in_stock,https://d2wfc4v12a2zxr.cloudfront.net/resized/medium/products/main_lakme-blush-glow-sheet-mask-fruit-facial-like-glow_1710496658.webp,for_every_ng,mask,,,,0.35
fng_14485,Sunplay Skin Aqua Clear CC Milk 25g with SPF 50+ PA++++ (Long - lasting UV Protection & Ultra Protection),Sunplay Skin Aqua Clear CC Milk 25g with SPF 50+ PA++++ (Long,799.0,799.0,4.0,9,in_stock,https://d2wfc4v12a2zxr.cloudfront.net/resized/medium/products/main_sunplay-skin-aqua-clear-cc-milk-25g-with-spf-50-pa-long-lasting-uv-protection-ultra-p_1768819114.webp,for_every_ng,sunscreen,,,,0.35
fng_18773,Pilgrim Korean White Lotus Tinted Sunscreen SPF 50+ PA++++ 50ml,Pilgrim Korean,792.0,729.0,3.0,9,in_stock,https://d2wfc4v12a2zxr.cloudfront.net/resized/medium/products/main_pilgrim-korean-white-lotus-tinted-sunscreen-spf-50-pa-50ml_1750401134.webp,for_every_ng,sunscreen,,,,0.35
fng_12859,DIVA Detoxifying Face Cleanser with Lavender - 100ml,DIVA Detoxifying Face Cleanser with Lavender,350.0,333.0,4.7,9,in_stock,https://d2wfc4v12a2zxr.cloudfront.net/resized/medium/products/diva-detoxifying-face-cleanser-with-lavender-100ml_1681793340.webp,for_every_ng,cleanser,,,,0.35
fng_16480,Pilgrim Salicylic & Glycolic Acid Foaming Face Wash - 120ml,Pilgrim Salicylic & Glycolic Acid Foaming Face Wash,552.0,508.0,4.4,9,in_stock,https://d2wfc4v12a2zxr.cloudfront.net/resized/medium/products/main_pilgrim-salicylic-glycolic-acid-foaming-face-wash-120ml_1778491388.webp,for_every_ng,cleanser,,"['oiliness', 'pigmentation', 'dullness', 'acne']","['salicylic_acid', 'glycolic_acid']",0.8
fng_9444,Moonwake Chocomint Lip Butter 5gm,Moonwake Chocomint,300.0,300.0,4.2,9,in_stock,https://d2wfc4v12a2zxr.cloudfront.net/resized/medium/products/main_moonwake-chocomint-lip-butter-5gm_1776061608.webp,for_every_ng,,,,,0.35
fng_5150,Kleida Eternal Serum,Kleida Eternal,2815.0,2674.0,4.4,9,in_stock,https://d2wfc4v12a2zxr.cloudfront.net/resized/medium/products/kleida-eternal-serum_1614661851.jpg,for_every_ng,serum,,,,0.35
fng_17770,"Dot & Key Ceramide & Peptide Barrier Repair Lip Balm SPF 50, PA+++ | 10gm","Dot & Key Ceramide & Peptide Barrier Repair Lip Balm SPF 50, PA+++",399.0,359.0,4.2,9,in_stock,https://d2wfc4v12a2zxr.cloudfront.net/resized/medium/products/main_dot-key-ceramide-peptide-barrier-repair-lip-balm-spf-50-pa-10gm_1729500791.webp,for_every_ng,lip_care,['dry'],"['sensitivity', 'dark_circles', 'aging', 'dryness']","['ceramides', 'peptides']",1.0
fng_313,"Himalaya Herbals Revitalizing Night Cream, 50ml",Himalaya Herbals,432.0,410.0,5.0,9,in_stock,https://d2wfc4v12a2zxr.cloudfront.net/resized/medium/12/revitalizing-night-cream-1.jpg,for_every_ng,moisturizer,['dry'],,,0.55
fng_9452,Moonwake Matcha Detox Face Mask - Natural Soothing Detox & Healing Formula for Oily/Sensitive Skin,Moonwake Matcha Detox Face Mask,950.0,950.0,4.4,9,in_stock,https://d2wfc4v12a2zxr.cloudfront.net/resized/medium/products/main_moonwake-matcha-detox-face-mask-natural-soothing-detox-healing-formula-for-oilysensit_1776063408.webp,for_every_ng,mask,"['oily', 'sensitive']",,,0.55
fng_16636,Bioderma Sebium Gel Moussant Purifying Cleansing Foaming Gel,Bioderma Sebium,2000.0,1900.0,5.0,9,in_stock,https://d2wfc4v12a2zxr.cloudfront.net/resized/medium/products/main_bioderma-sebium-gel-moussant-purifying-cleansing-foaming-gel_1775731603.webp,for_every_ng,cleanser,['oily'],,,0.55
fng_13347,"Brinton UV Doux Gold Sunscreen Gel SPF 50 PA+++ with Vitamins C & E – 50g | Clinically Tested, Water-Resistant, Non-Greasy, UVA/UVB Protection",Brinton UV Doux Gold Sunscreen Gel SPF 50 PA+++ with Vitamins C & E – 50g,1838.0,1746.0,4.9,8,in_stock,https://d2wfc4v12a2zxr.cloudfront.net/resized/medium/products/main_uv-doux-gold-sunscreen-spf50-50gm_1727238047.webp,for_every_ng,sunscreen,['oily'],,,0.55
fng_17066,Beauty of Joseon Matte Sunscreen Stick 50 SPF,Beauty of,2400.0,2160.0,4.6,8,in_stock,https://d2wfc4v12a2zxr.cloudfront.net/resized/medium/products/main_beauty-of-joseon-matte-sunscreen-stick-50-spf_1720073332.webp,for_every_ng,sunscreen,['oily'],,,0.55
fng_18457,"Foxtale Golden Hour Glow Sunscreen SPF 50 PA+++, 50ml",Foxtale Golden,558.0,530.0,4.3,8,in_stock,https://d2wfc4v12a2zxr.cloudfront.net/resized/medium/products/main_foxtale-golden-hour-glow-sunscreen-spf-50-pa-50ml_1772089514.webp,for_every_ng,sunscreen,,,,0.35
fng_10180,Diva Clarifying Natural Face Serum,Diva Clarifying,875.0,831.0,4.9,8,in_stock,https://d2wfc4v12a2zxr.cloudfront.net/resized/medium/products/diva-clarifying-natural-face-serum_1669003958.webp,for_every_ng,serum,,,,0.35
fng_9073,PAX MOLY REAL AVOCADO SHEET MASK (2.1),PAX MOLY,100.0,100.0,4.8,8,in_stock,https://d2wfc4v12a2zxr.cloudfront.net/resized/medium/products/pax-moly-real-avocado-mask-pack_1654487195.webp,for_every_ng,mask,,,,0.35
fng_18014,Chemist At Play Gentle Exfoliating Face Scrub 100ml,Chemist At,559.0,520.0,4.5,8,in_stock,https://d2wfc4v12a2zxr.cloudfront.net/resized/medium/products/main_chemist-at-play-gentle-exfoliating-face-scrub-100ml_1735454257.webp,for_every_ng,exfoliant,['sensitive'],,,0.55
fng_6603,Secret Island Niacinamide Serum 18ml,Secret Island,1200.0,1200.0,4.4,8,in_stock,https://d2wfc4v12a2zxr.cloudfront.net/resized/medium/products/secret-island-niacinamide-serum-18ml_1629803319.webp,for_every_ng,serum,,"['aging', 'acne', 'pigmentation', 'oiliness', 'dullness']",['niacinamide'],0.8
fng_20047,Mamaearth Rice Water Combo,Mamaearth Rice,2373.0,2017.0,4.6,8,in_stock,https://d2wfc4v12a2zxr.cloudfront.net/resized/medium/products/main_mamaearth-rice-water-combo_1775545556.webp,for_every_ng,,,,,0.35
fng_4237,Plum Bright Years Under-Eye Recovery Gel (15ml),Plum Bright,1481.0,1333.0,4.4,8,in_stock,https://d2wfc4v12a2zxr.cloudfront.net/resized/medium/product/cover_image1602660838.jpg,for_every_ng,,['oily'],,,0.55
fng_19961,Dot & Key Barrier Repair Intense Moisturizer With Ceramides 100g,Dot &,638.0,574.0,4.4,8,in_stock,https://d2wfc4v12a2zxr.cloudfront.net/resized/medium/products/main_dot-key-barrier-repair-intense-moisturizer-with-ceramides_1775023858.webp,for_every_ng,moisturizer,['dry'],"['sensitivity', 'dryness']",['ceramides'],1.0
fng_16475,Pilgrim Alpha Arbutin & Vitamin C Brightening Serum - 30ml,Pilgrim Alpha Arbutin & Vitamin C Brightening Serum,1112.0,1023.0,3.6,8,in_stock,https://d2wfc4v12a2zxr.cloudfront.net/resized/medium/products/main_pilgrim-alpha-arbutin-vitamin-c-brightening-serum-30ml_1778490931.webp,for_every_ng,serum,,"['pigmentation', 'dark_circles', 'dullness', 'aging']","['vitamin_c', 'arbutin']",0.8
fng_17779,Dot & Key CICA Calming Skin Renewing Night Gel - 60ml,Dot & Key CICA Calming Skin Renewing Night Gel,792.0,713.0,5.0,8,in_stock,https://d2wfc4v12a2zxr.cloudfront.net/resized/medium/products/main_dot-key-cica-calming-skin-renewing-night-gel-60ml_1729504732.webp,for_every_ng,,"['oily', 'sensitive']",['sensitivity'],['centella_asiatica'],1.0
fng_6535,Forever52 Daily Life Lustrous Moisturizing Emulsion - 110gm,Forever52 Daily Life Lustrous Moisturizing Emulsion,1490.0,1445.0,5.0,8,in_stock,https://d2wfc4v12a2zxr.cloudfront.net/resized/medium/products/main_forever52-daily-life-lustrous-moisturizing-emulsion-110g_1681208470.webp,for_every_ng,moisturizer,,,,0.35
fng_17777,Dot & Key Pomegranate Retinol + Caffeine Eye Cream - 20ml,Dot & Key Pomegranate Retinol + Caffeine Eye Cream,792.0,713.0,4.3,8,in_stock,https://d2wfc4v12a2zxr.cloudfront.net/resized/medium/products/main_dot-key-pomegranate-retinol-caffeine-eye-cream-20ml_1729504056.webp,for_every_ng,eye_cream,['dry'],"['pigmentation', 'aging', 'acne', 'dark_circles']",['retinol'],1.0
fng_17064,AXIS-Y Dark Spot Correcting Glow Serum - 50ml,AXIS-Y Dark Spot Correcting Glow Serum,2490.0,2366.0,3.6,7,in_stock,https://d2wfc4v12a2zxr.cloudfront.net/resized/medium/products/main_axis-y-dark-spot-correcting-glow-serum-50ml_1720071166.webp,for_every_ng,serum,,,,0.35
fng_7348,PRRETI NOURISHING MULTI OIL SERUM 45gm (Exp Mar 2024),PRRETI NOURISHING,1495.0,1495.0,4.7,7,in_stock,https://d2wfc4v12a2zxr.cloudfront.net/resized/medium/products/prreti-nourishing-multi-oil-serum-45gm_1638074688.webp,for_every_ng,serum,['dry'],,,0.55
fng_19052,"UV Doux Face Cleanser for Dry, Normal & Sensitive Skin | With Hyaluronic Acid, Jojoba Oil & Niacinamide | Benzene-Free | Deep Cleanses, Hydrates & Removes Makeup | 125 ml","UV Doux Face Cleanser for Dry, Normal & Sensitive Skin",639.0,607.0,4.9,7,in_stock,https://d2wfc4v12a2zxr.cloudfront.net/resized/medium/products/main_uv-doux-face-cleanser-125ml_1758456195.webp,for_every_ng,cleanser,"['dry', 'sensitive', 'normal']","['aging', 'acne', 'pigmentation', 'oiliness', 'dullness', 'dryness']","['niacinamide', 'hyaluronic_acid']",1.0
fng_16493,Pilgrim Vitamin C Brightening Gel Face Wash,Pilgrim Vitamin,400.0,368.0,3.0,7,in_stock,https://d2wfc4v12a2zxr.cloudfront.net/resized/medium/products/main_pilgrim-vitamin-c-brightening-gel-face-wash_1778148555.webp,for_every_ng,cleanser,['oily'],"['pigmentation', 'dark_circles', 'dullness', 'aging']",['vitamin_c'],1.0
fng_16464,Pilgrim Red Vine Toner & Mist - 100ml,Pilgrim Red Vine Toner & Mist,480.0,442.0,4.6,7,in_stock,https://d2wfc4v12a2zxr.cloudfront.net/resized/medium/products/main_pilgrim-red-vine-toner-mist_1714880612.webp,for_every_ng,toner,,,,0.35
fng_12858,DIVA Oil control Face cleanser with Rose & Tulsi - 100ml,DIVA Oil control Face cleanser with Rose & Tulsi,350.0,333.0,4.7,7,in_stock,https://d2wfc4v12a2zxr.cloudfront.net/resized/medium/products/diva-oil-control-face-cleanser-with-rose-tulsi-100ml_1681793210.webp,for_every_ng,cleanser,['oily'],,,0.55
fng_16386,Lakme Blush & Glow Strawberry Refreshing Gel Face Wash,Lakme Blush,400.0,360.0,4.7,7,in_stock,https://d2wfc4v12a2zxr.cloudfront.net/resized/medium/products/main_lakme-blush-glow-strawberry-refreshing-gel-face-wash_1713765973.webp,for_every_ng,cleanser,['oily'],,,0.55
fng_4843,Avani Neem Oil - 100ml,Avani Neem Oil,650.0,650.0,4.3,7,in_stock,https://d2wfc4v12a2zxr.cloudfront.net/resized/medium/products/avani-neem-oil-100ml_1611828308.jpeg,for_every_ng,,,,,0.35
fng_5793,Fix Derma C Enhance-25 Serum 15ml,Fix Derma,1500.0,1425.0,4.0,7,in_stock,https://d2wfc4v12a2zxr.cloudfront.net/resized/medium/products/main_fix-derma-c-enhance-25-serum-15ml_1679543211.webp,for_every_ng,serum,,,,0.35
fng_17887,Plum Oat & 1% Ceramide Barrier Love Face Cream - 50gm,Plum Oat & 1% Ceramide Barrier Love Face Cream,639.0,575.0,4.7,7,in_stock,https://d2wfc4v12a2zxr.cloudfront.net/resized/medium/products/main_plum-oat-1-ceramide-barrier-love-face-cream-50gm_1731651782.webp,for_every_ng,moisturizer,['dry'],"['sensitivity', 'dryness']",['ceramides'],1.0
fng_17192,The Derma Co. 1% Hyaluronic Quick-Absorbing Sunscreen Spray SPF 50 PA+++ - 100ml,The Derma Co. 1% Hyaluronic Quick-Absorbing Sunscreen Spray SPF 50 PA+++,1119.0,1029.0,4.5,6,in_stock,https://d2wfc4v12a2zxr.cloudfront.net/resized/medium/products/main_the-derma-co-1-hyaluronic-quick-absorbing-sunscreen-spray-spf-50-pa_1722426103.webp,for_every_ng,sunscreen,,"['aging', 'dryness']",['hyaluronic_acid'],0.8
fng_17776,Dot & Key Cica Calming Skin Clarifying Toner - 150ml,Dot & Key Cica Calming Skin Clarifying Toner,632.0,569.0,3.7,6,in_stock,https://d2wfc4v12a2zxr.cloudfront.net/resized/medium/products/main_dot-key-cica-calming-skin-clarifying-toner-150ml_1729503767.webp,for_every_ng,toner,['sensitive'],['sensitivity'],['centella_asiatica'],1.0
fng_16992,Mamaearth Baby Rich Moisturizing Ultra Light Sunscreen SPF 50 & PA++++ 50gm,Mamaearth Baby,639.0,588.0,4.8,6,in_stock,https://d2wfc4v12a2zxr.cloudfront.net/resized/medium/products/main_mamaearth-baby-rich-moisturizing-ultra-light-sunscreen-spf-50-pa-50gm_1718107018.webp,for_every_ng,moisturizer,['dry'],,,0.55
fng_16466,Pilgrim Red Vine Night Creme Gel - 50gm,Pilgrim Red Vine Night Creme Gel,1040.0,957.0,4.5,6,in_stock,https://d2wfc4v12a2zxr.cloudfront.net/resized/medium/products/main_pilgrim-red-vine-night-creme-gel_1714881226.webp,for_every_ng,,['oily'],,,0.55
fng_16536,Mamaearth Beetroot Gentle Face Wash - 100ml,Mamaearth Beetroot Gentle Face Wash,456.0,420.0,4.7,6,in_stock,https://d2wfc4v12a2zxr.cloudfront.net/resized/medium/products/main_mamaearth-beetroot-gentle-face-wash_1715163024.webp,for_every_ng,cleanser,['sensitive'],,,0.55
fng_14271,Cosrx Ultimate Nourishing Rice Overnight Spa Mask - 60ml,Cosrx Ultimate Nourishing Rice Overnight Spa Mask,2650.0,2385.0,4.7,6,in_stock,https://d2wfc4v12a2zxr.cloudfront.net/resized/medium/products/main_cosrx-ultimate-nourishing-rice-overnight-spa-mask-60ml_1690891607.webp,for_every_ng,mask,['dry'],,,0.55
fng_12409,"Olnatures Vitamin C Facial Serum, 30ml",Olnatures Vitamin,2080.0,2080.0,5.0,6,in_stock,https://d2wfc4v12a2zxr.cloudfront.net/resized/medium/products/olnatures-vitamin-c-facial-serum-30ml_1678864066.webp,for_every_ng,serum,,"['pigmentation', 'dark_circles', 'dullness', 'aging']",['vitamin_c'],0.8
fng_8000,Chemist At Play Sebum And Blackhead Control Face Serum - 30ml (2% Salicylic Acid + 1% Zinc PCA),Chemist At Play Sebum And Blackhead Control Face Serum,879.0,817.0,4.7,6,in_stock,https://d2wfc4v12a2zxr.cloudfront.net/resized/medium/products/chemist-at-play-sebum-and-blackhead-control-face-serum-30ml-2-salicylic-acid-1-zinc-pca_1643723395.webp,for_every_ng,serum,['oily'],"['oiliness', 'sun_protection', 'acne']","['salicylic_acid', 'zinc']",1.0
fng_12005,Girlpal Snail Golden Firming Serum - 25ml,Girlpal Snail Golden Firming Serum,699.0,699.0,3.3,6,in_stock,https://d2wfc4v12a2zxr.cloudfront.net/resized/medium/products/girlpal-snail-golden-firming-serum-25ml_1677651412.webp,for_every_ng,serum,,,,0.35
fng_5173,Moistcom Acnetreat Purifying Facewash - 60 ML,Moistcom Acnetreat Purifying Facewash,590.0,549.0,4.8,6,in_stock,https://d2wfc4v12a2zxr.cloudfront.net/resized/medium/products/moistcom-acnetreat-purifying-facewash-60-ml_1614840114.webp,for_every_ng,,['oily'],,,0.55
fng_17188,Minimalist Alpha Lipoic + Glycolic 07% Cleanser - 100ml,Minimalist Alpha Lipoic + Glycolic 07% Cleanser,641.0,609.0,4.0,6,in_stock,https://d2wfc4v12a2zxr.cloudfront.net/resized/medium/products/main_minimalist-alpha-lipoic-glycolic-07-cleanser-100-ml_1721903427.webp,for_every_ng,cleanser,,"['oiliness', 'pigmentation', 'dullness', 'acne']",['glycolic_acid'],0.8
fng_17778,Dot & Key 10% Niacinamide + Cica Serum - 30 ml,Dot & Key 10% Niacinamide + Cica Serum,958.0,862.0,4.7,6,in_stock,https://d2wfc4v12a2zxr.cloudfront.net/resized/medium/products/main_dot-key-10-niacinamide-cica-serum-30-ml_1729504436.webp,for_every_ng,serum,,"['aging', 'acne', 'sensitivity', 'pigmentation', 'oiliness', 'dullness']","['niacinamide', 'centella_asiatica']",0.8
fng_2176,Lakme Peach Milk Soft Creme,Lakme Peach,872.0,785.0,4.7,6,in_stock,https://d2wfc4v12a2zxr.cloudfront.net/resized/medium/product/cover_image1576661090.jpg,for_every_ng,,,,,0.35
fng_11165,Himalaya Herbals Fairness Kesar Face Wash,Himalaya Herbals,238.0,226.0,4.7,6,in_stock,https://d2wfc4v12a2zxr.cloudfront.net/resized/medium/products/main_himalaya-herbals-fairness-kesar-face-wash_1724990974.webp,for_every_ng,cleanser,,,,0.35
fng_17068,Beauty of Joseon Ginseng Cleansing Oil - 210 ml,Beauty of Joseon Ginseng Cleansing Oil,2800.0,2520.0,4.8,5,in_stock,https://d2wfc4v12a2zxr.cloudfront.net/resized/medium/products/main_beauty-of-joseon-ginseng-cleansing-oil-210-ml_1720073996.webp,for_every_ng,cleanser,,,,0.35
fng_17971,Acmist Moisturizing Cream Gel - 50gm Pack of 2,Acmist Moisturizing Cream Gel,1396.0,1284.0,4.8,5,in_stock,https://d2wfc4v12a2zxr.cloudfront.net/resized/medium/products/main_acmist-moisturizing-cream-gel-50gm-pack-of-2_1733825716.webp,for_every_ng,moisturizer,"['oily', 'dry']",,,0.55
fng_16471,Pilgrim Retinol Under Eye Cream - 30gm,Pilgrim Retinol Under Eye Cream,720.0,662.0,3.4,5,in_stock,https://d2wfc4v12a2zxr.cloudfront.net/resized/medium/products/main_pilgrim-retinol-under-eye-cream_1714882689.webp,for_every_ng,eye_cream,['dry'],"['pigmentation', 'aging', 'acne', 'dark_circles']",['retinol'],1.0
fng_16474,Pilgrim Retinol & Hyaluronic Acid Lift & Firm Serum - 30ml,Pilgrim Retinol & Hyaluronic Acid Lift & Firm Serum,1040.0,957.0,4.2,5,in_stock,https://d2wfc4v12a2zxr.cloudfront.net/resized/medium/products/main_pilgrim-retinol-hyaluronic-acid-lift-firm-serum_1714883596.webp,for_every_ng,serum,,"['dark_circles', 'aging', 'acne', 'pigmentation', 'dryness']","['retinol', 'hyaluronic_acid']",0.8
fng_16484,Pilgrim Squalane Glow Moisturizer - 50gm,Pilgrim Squalane Glow Moisturizer,880.0,810.0,4.4,5,in_stock,https://d2wfc4v12a2zxr.cloudfront.net/resized/medium/products/main_pilgrim-squalane-glow-moisturizer_1714886295.webp,for_every_ng,moisturizer,,"['aging', 'dryness']",['squalane'],0.8
fng_16036,"RENEE Euphoric Musk Body Mist, 150 Ml",RENEE Euphoric,639.0,639.0,3.8,5,in_stock,https://d2wfc4v12a2zxr.cloudfront.net/resized/medium/products/main_renee-euphoric-musk-body-mist-150-ml_1710050745.webp,for_every_ng,toner,,,,0.35
fng_9446,Moonwake Healing Drops Facial Oil - Premium Anti-Aging & Pigmented Skin Facial Oil – Skin Regeneration & Radiance 20ml,Moonwake Healing Drops Facial Oil,1650.0,1650.0,5.0,5,in_stock,https://d2wfc4v12a2zxr.cloudfront.net/resized/medium/products/main_moonwake-healing-drops-facial-oil-premium-anti-aging-pigmented-skin-facial-oil-skin-r_1776062169.webp,for_every_ng,face_oil,,,,0.35
fng_335,"Himalaya Herbals Natural Soft Vanilla Lip Care, 4.5g",Himalaya Herbals,318.0,302.0,4.0,5,in_stock,https://d2wfc4v12a2zxr.cloudfront.net/resized/medium/12/natural-soft.jpg,for_every_ng,lip_care,,,,0.35
fng_16249,Beauty Of Joseon Glow Serum Propolis+ Niacinamide - 30ml,Beauty Of Joseon Glow Serum Propolis+ Niacinamide,2800.0,2520.0,5.0,5,in_stock,https://d2wfc4v12a2zxr.cloudfront.net/resized/medium/products/main_beauty-of-joseon-glow-serum-propolis-niacinamide-30ml_1712030145.webp,for_every_ng,serum,,"['aging', 'acne', 'pigmentation', 'oiliness', 'dullness']",['niacinamide'],0.8
fng_9454,"Moonwake Coffee Body Scrub for Exfoliating with Vitamin E and Moisturizing Oils, Butters & Coffee",Moonwake Coffee,950.0,950.0,5.0,5,in_stock,https://d2wfc4v12a2zxr.cloudfront.net/resized/medium/products/moonwake-coffe-body-scrub_1660629492.webp,for_every_ng,moisturizer,,"['dark_circles', 'aging', 'dryness']",['vitamin_e'],0.8
fng_17787,DOT & KEY Strawberry Dew Strobe Cream - 30ml,DOT & KEY Strawberry Dew Strobe Cream,552.0,497.0,4.0,4,in_stock,https://d2wfc4v12a2zxr.cloudfront.net/resized/medium/products/main_dot-key-strawberry-dew-strobe-cream-30ml_1729508746.webp,for_every_ng,,['dry'],,,0.55
fng_18424,Re'equil Fruit AHA Face Wash for Hyperpigmentation & Skin Brightening 200ml,Re'equil Fruit,552.0,524.0,4.8,4,in_stock,https://d2wfc4v12a2zxr.cloudfront.net/resized/medium/products/main_reequil-fruit-aha-face-wash-for-hyperpigmentation-skin-brightening-200ml_1741758502.webp,for_every_ng,cleanser,,"['oiliness', 'pigmentation', 'dullness', 'acne']","['glycolic_acid', 'lactic_acid']",0.8
fng_14412,Malibu Sun SPF 50+ Lotion 100ml,Malibu Sun,1290.0,1135.0,5.0,4,in_stock,https://d2wfc4v12a2zxr.cloudfront.net/products/main_malibu-sun-spf-50-lotion-100ml_1720591242.webp,for_every_ng,sunscreen,,,,0.35
fng_19423,"UV Doux Aqua Moisturizer for 48-Hour Hydration | With Aquaxyl, Pentavitin, Ceramides & Hyaluronic Acid | Deep Moisture, Restores Skin Barrier & Reduces Dryness | Lightweight, Non-Greasy – 100",UV Doux Aqua Moisturizer for 48-Hour Hydration,712.0,676.0,4.8,4,in_stock,https://d2wfc4v12a2zxr.cloudfront.net/resized/medium/products/main_uv-doux-aqua-moisturizer-for-48-hour-hydration-100gm_1777288209.webp,for_every_ng,moisturizer,"['oily', 'dry', 'sensitive']","['sensitivity', 'aging', 'dryness']","['hyaluronic_acid', 'ceramides']",1.0
fng_14745,"Humeda Salicylic Acid Serum, 30 ml",Humeda Salicylic,915.0,869.0,5.0,4,in_stock,https://d2wfc4v12a2zxr.cloudfront.net/resized/medium/products/main_humeda-salicylic-acid-serum-30-ml_1694679689.webp,for_every_ng,serum,,"['oiliness', 'acne']",['salicylic_acid'],0.8
fng_16503,Pilgrim White Lotus Day Cream SPF 50,Pilgrim White,800.0,736.0,3.5,4,in_stock,https://d2wfc4v12a2zxr.cloudfront.net/resized/medium/products/main_pilgrim-white-lotus-day-cream-spf-50_1714891211.webp,for_every_ng,moisturizer,['dry'],,,0.55
fng_17686,Beauty Of Joseon Glow Replenishing Rice Milk - 150 ml (2.1),Beauty Of Joseon Glow Replenishing Rice Milk,3300.0,2970.0,5.0,4,in_stock,https://d2wfc4v12a2zxr.cloudfront.net/resized/medium/products/main_beauty-of-joseon-glow-replenishing-rice-milk-150-ml_1726998581.webp,for_every_ng,,,,,0.35
fng_19864,Dot & Key Meltie Lip Balm SPF 50+ In-Vivo Tested With 2% Kojic & Vitamin C | Strawberry Glaze | 4g,Dot & Key Meltie Lip Balm SPF 50+ In-Vivo Tested With 2% Kojic & Vitamin C,398.0,358.0,5.0,4,in_stock,https://d2wfc4v12a2zxr.cloudfront.net/resized/medium/products/main_dot-key-meltie-lip-balm-spf-50-in-vivo-tested-with-2-kojic-vitamin-c-hydrates-dry-cha_1773828545.webp,for_every_ng,lip_care,,"['pigmentation', 'dark_circles', 'dullness', 'aging']","['vitamin_c', 'kojic_acid']",0.8
fng_16502,Pilgrim White Lotus Natural Face Mist & Toner - 100ml,Pilgrim White Lotus Natural Face Mist & Toner,480.0,442.0,4.3,4,in_stock,https://d2wfc4v12a2zxr.cloudfront.net/resized/medium/products/main_pilgrim-white-lotus-natural-face-mist-toner_1714891054.webp,for_every_ng,toner,,,,0.35
fng_14738,Kleida Nice 10% Niacinamide + 1% Zinc Serum 30ml,Kleida Nice,1675.0,1591.0,4.3,4,in_stock,https://d2wfc4v12a2zxr.cloudfront.net/resized/medium/products/main_kleida-nice_1694678338.webp,for_every_ng,serum,,"['aging', 'acne', 'pigmentation', 'oiliness', 'dullness', 'sun_protection']","['niacinamide', 'zinc']",0.8
fng_16512,Pilgrim 2% Kojic Acid Serum - 30ml,Pilgrim 2% Kojic Acid Serum,792.0,729.0,3.8,4,in_stock,https://d2wfc4v12a2zxr.cloudfront.net/resized/medium/products/main_pilgrim-pilgrim-2-kojic-acid-serum_1714893187.webp,for_every_ng,serum,,"['pigmentation', 'dullness']",['kojic_acid'],0.8
fng_17658,Plum Squalane & Vitamin E SPF 50 PA+++ Dewy-Bright Sunscreen - 50gm,Plum Squalane & Vitamin E SPF 50 PA+++ Dewy-Bright Sunscreen,799.0,719.0,4.8,4,in_stock,https://d2wfc4v12a2zxr.cloudfront.net/resized/medium/products/main_plum-squalane-vitamin-e-spf-50-pa-dewy-bright-sunscreen-50gm_1726459664.webp,for_every_ng,sunscreen,,"['dark_circles', 'aging', 'dryness']","['vitamin_e', 'squalane']",0.8
fng_19865,Dot & Key Watermelon Cooling Sunscreen SPF 50+ PA++++ with New-Age UV Filter (80gm),Dot &,952.0,857.0,4.5,4,in_stock,https://d2wfc4v12a2zxr.cloudfront.net/resized/medium/products/main_dot-key-watermelon-cooling-sunscreen-spf-50-pa-80gm_1780312747.webp,for_every_ng,sunscreen,,,,0.35
fng_16250,Beauty Of Joseon Sun Serum Ginseng - 50ml,Beauty Of Joseon Sun Serum Ginseng,3000.0,2400.0,4.8,4,in_stock,https://d2wfc4v12a2zxr.cloudfront.net/resized/medium/products/main_beauty-of-joseon-sun-serum-ginseng-50ml_1715763356.webp,for_every_ng,serum,,,,0.35
fng_9449,Moonwake Oatmeal Facial Grain,Moonwake Oatmeal,500.0,500.0,5.0,4,in_stock,https://d2wfc4v12a2zxr.cloudfront.net/resized/medium/products/main_moonwake-oatmeal-facial-grain_1661152734.webp,for_every_ng,,,,,0.35
fng_11163,"Himalaya Herbals Natural Moisturizing Lip Butter, 10gm",Himalaya Herbals,318.0,302.0,4.5,4,in_stock,https://d2wfc4v12a2zxr.cloudfront.net/resized/medium/products/himalaya-herbals-natural-moisturizing-lip-butter-10gm_1675161183.webp,for_every_ng,moisturizer,,,,0.35
fng_17979,"POND'S Light Moisturiser Cream, 100ml",POND'S Light,315.0,293.0,5.0,3,in_stock,https://d2wfc4v12a2zxr.cloudfront.net/resized/medium/products/main_ponds-light-moisturiser-cream-100ml_1776746532.webp,for_every_ng,moisturizer,['dry'],,,0.55
fng_18655,Beauty Of Joseon Relief Sun Aqua-fresh: Rice + B5 - 50ml,Beauty Of Joseon Relief Sun Aqua-fresh: Rice + B5,2385.0,2147.0,5.0,3,in_stock,https://d2wfc4v12a2zxr.cloudfront.net/resized/medium/products/main_beauty-of-joseon-relief-sun-aqua-fresh-rice-b5-50ml_1782889008.webp,for_every_ng,,,,,0.35
fng_18453,Foxtale Refreshing Gel Face Wash- 100ml,Foxtale Refreshing,399.0,379.0,5.0,3,in_stock,https://d2wfc4v12a2zxr.cloudfront.net/resized/medium/products/main_foxtale-refreshing-gel-face-wash-100ml_1742533003.webp,for_every_ng,cleanser,['oily'],,,0.55
fng_18444,Foxtale Hydrating Ceramide Moisturizer- 50ml,Foxtale Hydrating,712.0,676.0,2.0,3,in_stock,https://d2wfc4v12a2zxr.cloudfront.net/resized/medium/products/main_foxtale-hydrating-ceramide-moisturizer-50ml_1742530071.webp,for_every_ng,moisturizer,['dry'],"['sensitivity', 'dryness']",['ceramides'],1.0
fng_18470,"Foxtale The Stunner Skin Radiance Mask, 75ml",Foxtale The,872.0,828.0,4.0,3,in_stock,https://d2wfc4v12a2zxr.cloudfront.net/resized/medium/products/main_foxtale-the-stunner-skin-radiance-mask-75ml_1772097289.webp,for_every_ng,mask,,,,0.35
fng_18423,Re'equil Oil Control & Anti Acne Face Wash 200 ml,Re'equil Oil,552.0,524.0,4.3,3,in_stock,https://d2wfc4v12a2zxr.cloudfront.net/resized/medium/products/main_reequil-oil-control-anti-acne-face-wash-200-ml_1741756570.webp,for_every_ng,cleanser,['oily'],,,0.55
fng_14742,"Humeda Radiance UV Creme SPF 50++++, 50gm",Humeda Radiance,1915.0,1819.0,5.0,3,in_stock,https://d2wfc4v12a2zxr.cloudfront.net/resized/medium/products/main_humeda-radiance-uv-creme-spf-50-50gm_1694679166.webp,for_every_ng,sunscreen,,,,0.35
fng_16473,Pilgrim 2%  Salicylic & Glycolic Acid Anti-Acne Face Serum - 30ml,Pilgrim 2%  Salicylic & Glycolic Acid Anti-Acne Face Serum,1040.0,957.0,4.0,3,in_stock,https://d2wfc4v12a2zxr.cloudfront.net/resized/medium/products/main_pilgrim-2-salicylic-glycolic-acid-anti-acne-face-serum-30ml_1778491716.webp,for_every_ng,serum,,"['oiliness', 'pigmentation', 'dullness', 'acne']","['salicylic_acid', 'glycolic_acid']",0.8
fng_17069,Beauty of Joseon Revive Snail Mucin Ginseng Serum - 30ml (2.1),Beauty of Joseon Revive Snail Mucin Ginseng Serum,2600.0,2340.0,5.0,3,in_stock,https://d2wfc4v12a2zxr.cloudfront.net/resized/medium/products/main_beauty-of-joseon-revive-snail-mucin-ginseng-serum-30ml_1720074242.webp,for_every_ng,serum,,,,0.35
fng_19086,"Ralycos Hydramide Mutipeptide Serum powered by ceramide 2%, Multipeptide 1%  and Niacinamide 5% Hydrate | Repair | Glow","Ralycos Hydramide Mutipeptide Serum powered by ceramide 2%, Multipeptide 1%  and Niacinamide 5% Hydrate",1040.0,915.0,4.3,3,in_stock,https://d2wfc4v12a2zxr.cloudfront.net/resized/medium/products/main_hydramide-mutipeptide-serum-powered-by-ceramide-2-multipeptide-1-and-niacinamide-5-hy_1760420882.webp,for_every_ng,serum,['dry'],"['dark_circles', 'aging', 'acne', 'sensitivity', 'pigmentation', 'oiliness', 'dullness', 'dryness']","['niacinamide', 'ceramides', 'peptides']",1.0
fng_16634,Bioderma pigmentbio Foaming Cream 200ml,Bioderma pigmentbio,2200.0,2090.0,5.0,3,in_stock,https://d2wfc4v12a2zxr.cloudfront.net/resized/medium/products/main_bioderma-pigmentbio-foaming-cream-200ml_1715581893.webp,for_every_ng,,['dry'],,,0.55
fng_5726,Pax Moly Real Black Pearl Mask Pack (2.1),Pax Moly,100.0,70.0,4.3,3,in_stock,https://d2wfc4v12a2zxr.cloudfront.net/resized/medium/products/pax-moly-real-black-pearl-mask-pack_1621924177.webp,for_every_ng,mask,,,,0.35
fng_18443,Foxtale 15% Vitamin C Face Serum for Glowing Skin 30ml,Foxtale 15%,952.0,904.0,4.3,3,in_stock,https://d2wfc4v12a2zxr.cloudfront.net/resized/medium/products/main_foxtale-15-vitamin-c-face-serum-for-glowing-skin-30ml_1742529683.webp,for_every_ng,serum,,"['pigmentation', 'dark_circles', 'dullness', 'aging']",['vitamin_c'],0.8
fng_38,Lakme Absolute Bi-Phased Makeup Remover (60ml),Lakme Absolute,600.0,540.0,5.0,3,in_stock,https://d2wfc4v12a2zxr.cloudfront.net/resized/medium/03/Lakme-Absolute-Bi-Phased-Make-up-Remover-1.jpg,for_every_ng,cleanser,,,,0.35
fng_17775,DOT & KEY Watermelon Superglow Pore Tightening Toner - 150ml,DOT & KEY Watermelon Superglow Pore Tightening Toner,632.0,569.0,1.0,3,in_stock,https://d2wfc4v12a2zxr.cloudfront.net/resized/medium/products/main_dot-key-watermelon-superglow-pore-tightening-toner-150ml_1729503371.webp,for_every_ng,toner,,,,0.35
fng_8401,Himalaya Herbals Clear Complexion Brightening Day Cream 50gm,Himalaya Herbals,432.0,410.0,2.7,3,in_stock,https://d2wfc4v12a2zxr.cloudfront.net/resized/medium/products/himalaya-herbals-clear-complexion-brightening-day-cream_1646385008.webp,for_every_ng,moisturizer,['dry'],,,0.55
fng_18009,Lipidz- Lipid Replenishing Cream 100gm,Lipidz- Lipid,799.0,759.0,4.7,3,in_stock,https://d2wfc4v12a2zxr.cloudfront.net/resized/medium/products/main_lipidz-lipid-replenishing-cream-50gm_1735208178.webp,for_every_ng,,['dry'],,,0.55
fng_18010,Lipz Moisturizer With Spf 15 - 9 Gm,Lipz Moisturizer With Spf 15,200.0,190.0,4.3,3,in_stock,https://d2wfc4v12a2zxr.cloudfront.net/resized/medium/products/main_lipz-moisturizer-with-spf-15-9-gm_1735208298.webp,for_every_ng,moisturizer,,,,0.35
fng_19083,Ralycos Hydramide oil-free moisturiser powered by ceramide & 8 types of HA   Hydrate | Soothe | Strengthen,Ralycos Hydramide oil-free moisturiser powered by ceramide & 8 types of HA   Hydrate,880.0,774.0,4.7,3,in_stock,https://d2wfc4v12a2zxr.cloudfront.net/resized/medium/products/main_hydramide-oil-free-moisturiser-powered-by-ceramide-8-types-of-ha-hydrate-soothe-stren_1760420765.webp,for_every_ng,moisturizer,['oily'],"['sensitivity', 'dryness']",['ceramides'],1.0
fng_13747,May Island Coenzyme Q10 Real Essence Mask Pack,May Island,350.0,350.0,5.0,3,in_stock,https://d2wfc4v12a2zxr.cloudfront.net/resized/medium/products/main_may-island-coenzyme-q10-real-essence-mask-pack_1688555968.webp,for_every_ng,serum,,,,0.35
fng_1929,Organic Harvest Neem Face Wash,Organic Harvest,608.0,608.0,4.7,3,in_stock,https://d2wfc4v12a2zxr.cloudfront.net/resized/medium/product/cover_image1571558842.png,for_every_ng,cleanser,,,,0.35
fng_5486,Avani Frankincense Oil - 30ml,Avani Frankincense Oil,1795.0,1795.0,5.0,3,in_stock,https://d2wfc4v12a2zxr.cloudfront.net/resized/medium/products/avani-frankincense-oil-30-ml_1617787325.webp,for_every_ng,,,,,0.35
fng_18381,Re'equil Pore Refining Face Toner for Open Large Pores 100 ml,Re'equil Pore,472.0,448.0,4.3,3,in_stock,https://d2wfc4v12a2zxr.cloudfront.net/resized/medium/products/main_reequil-pore-refining-face-toner-for-open-large-pores-100-ml_1740372706.webp,for_every_ng,toner,,,,0.35
fng_17085,Pilgrim French Red Vine Super melt Cleansing Balm - 50gm,Pilgrim French Red Vine Super melt Cleansing Balm,712.0,655.0,3.7,3,in_stock,https://d2wfc4v12a2zxr.cloudfront.net/resized/medium/products/main_pilgrim-french-red-vine-super-melt-cleansing-balm-50-g_1720335563.webp,for_every_ng,cleanser,,,,0.35
fng_5039,Tattvalogy Cold Pressed Hemp Seed Oil - 100 ml,Tattvalogy Cold Pressed Hemp Seed Oil,1150.0,1150.0,2.7,3,in_stock,https://d2wfc4v12a2zxr.cloudfront.net/resized/medium/products/main_tattvalogy-cold-pressed-hemp-seed-oil-100-ml_1657624973.webp,for_every_ng,,,,,0.35
fng_8970,Avani Hydrating Cucumber Facial Mist - 100ml,Avani Hydrating Cucumber Facial Mist,545.0,545.0,5.0,3,in_stock,https://d2wfc4v12a2zxr.cloudfront.net/resized/medium/products/avani-hydrating-cucumber-facial-mist-100ml_1651215058.webp,for_every_ng,toner,['dry'],,,0.55
fng_17783,DOT & KEY Watermelon Cooling Sunscreen Body Spray Spf 40 Pa++ | 110ml,DOT & KEY Watermelon Cooling Sunscreen Body Spray Spf 40 Pa++,872.0,785.0,4.0,3,in_stock,https://d2wfc4v12a2zxr.cloudfront.net/resized/medium/products/main_dot-key-watermelon-cooling-sunscreen-body-spray-spf-40-pa-110ml_1729507150.webp,for_every_ng,sunscreen,,,,0.35
fng_16184,Lakme 9 to 5 Moist Matte Mattifying face toner,Lakme 9,398.0,359.0,5.0,2,in_stock,https://d2wfc4v12a2zxr.cloudfront.net/resized/medium/products/main_lakme-9-to-5-moist-matte-mattifying-face-toner_1710501789.webp,for_every_ng,toner,['oily'],,,0.55
fng_18625,Plum Oat & 1% Ceramide Barrier Care Face Wash 100ml,Plum Oat,504.0,454.0,5.0,2,in_stock,https://d2wfc4v12a2zxr.cloudfront.net/resized/medium/products/main_plum-oat-1-ceramide-barrier-care-face-wash-100ml_1745234082.webp,for_every_ng,cleanser,,"['sensitivity', 'dryness']",['ceramides'],0.8
fng_18458,Foxtale Clear Picture Acne Control Cleanser- 100 ML,Foxtale Clear,558.0,530.0,5.0,2,in_stock,https://d2wfc4v12a2zxr.cloudfront.net/resized/medium/products/main_foxtale-clear-picture-acne-control-cleanser-100-ml_1742533973.webp,for_every_ng,cleanser,,,,0.35
fng_18451,Foxtale SPF 70 Pore-Minimizing Mattifying Sunscreen with Niacinamide,Foxtale SPF,792.0,752.0,4.5,2,in_stock,https://d2wfc4v12a2zxr.cloudfront.net/resized/medium/products/main_foxtale-spf-70-pore-minimizing-sunscreen-with-niacinamide_1742531516.webp,for_every_ng,sunscreen,['oily'],"['aging', 'acne', 'pigmentation', 'oiliness', 'dullness']",['niacinamide'],1.0
fng_18395,PILGRIM Korean 99% Pure Aloe Vera Gel 200ml,PILGRIM Korean,440.0,405.0,5.0,2,in_stock,https://d2wfc4v12a2zxr.cloudfront.net/resized/medium/products/main_pilgrim-korean-99-pure-aloe-vera-gel-200ml_1740724817.webp,for_every_ng,,['oily'],"['sensitivity', 'dryness']",['aloe_vera'],1.0
fng_9074,Pax Moly Real Goat Milk Sheet Mask Pack- 25 Ml (2.1),Pax Moly,100.0,70.0,4.0,2,in_stock,https://d2wfc4v12a2zxr.cloudfront.net/resized/medium/products/pax-moly-real-goat-milk-mask-pack_1654487554.webp,for_every_ng,mask,,,,0.35
fng_18838,BIODANCE Bio-Collagen Real Deep Mask Single piece,BIODANCE Bio-Collagen,1200.0,1044.0,2.5,2,in_stock,https://d2wfc4v12a2zxr.cloudfront.net/resized/medium/products/main_biodance-bio-collagen-real-deep-mask-single-piece_1753606810.webp,for_every_ng,mask,,,,0.35
fng_19058,Hada Labo Advanced Nourish Lotion/Toner For Normal to Dry Skin 100ml,Hada Labo,790.0,790.0,4.5,2,in_stock,https://d2wfc4v12a2zxr.cloudfront.net/resized/medium/products/main_hada-labo-advanced-nourish-lotiontoner-for-normal-to-dry-skin-100ml_1768905257.webp,for_every_ng,toner,"['dry', 'normal']",,,0.55
fng_16064,Beauty of Joseon Light On Serum Centella + Vita C - 30ml,Beauty of Joseon Light On Serum Centella + Vita C,3000.0,2700.0,5.0,2,in_stock,https://d2wfc4v12a2zxr.cloudfront.net/resized/medium/products/main_beauty-of-joseon-light-on-serum-centella-vita-c-30ml_1710223781.webp,for_every_ng,serum,,['sensitivity'],['centella_asiatica'],0.8
fng_17706,Pilgrim 10% Niacinamide Face Serum With 1% Zinc PCA 30ml,Pilgrim 10%,952.0,876.0,3.0,2,in_stock,https://d2wfc4v12a2zxr.cloudfront.net/resized/medium/products/main_pilgrim-10-niacinamide-face-serum-with-1-zinc-pca-30ml_1778150790.webp,for_every_ng,serum,,"['aging', 'acne', 'pigmentation', 'oiliness', 'dullness', 'sun_protection']","['niacinamide', 'zinc']",0.8
fng_19088,"Ralycos Hydramide Gentle Skin Cleanser enriched with Glycerin,Vitamin B3 and  Pro-vitamin B5 Cleanse | Nourish | Soothe","Ralycos Hydramide Gentle Skin Cleanser enriched with Glycerin,Vitamin B3 and  Pro-vitamin B5 Cleanse",600.0,528.0,2.5,2,in_stock,https://d2wfc4v12a2zxr.cloudfront.net/resized/medium/products/main_hydramide-gentle-skin-cleanser-enriched-with-glycerinvitamin-b3-and-pro-vitamin-b5-cl_1760420994.webp,for_every_ng,cleanser,"['dry', 'sensitive']","['aging', 'acne', 'pigmentation', 'oiliness', 'dullness']",['niacinamide'],1.0
fng_19409,POND'S Super Light Gel Oil Free Face Moisturizer 200 ml With FREE POND'S Bright Miracle Detox Facewash 50gm,POND'S Super,600.0,558.0,5.0,2,in_stock,https://d2wfc4v12a2zxr.cloudfront.net/resized/medium/products/main_ponds-super-light-gel-oil-free-face-moisturizer-200-ml-with-free-ponds-bright-miracle_1766124242.webp,for_every_ng,moisturizer,['oily'],,,0.55
fng_19526,Sunplay Skin Aqua Tone Up UV Essence Latte Beige Sunscreen 50g,Sunplay Skin,1020.0,1020.0,4.5,2,in_stock,https://d2wfc4v12a2zxr.cloudfront.net/resized/medium/products/main_sunplay-skin-aqua-tone-up-uv-essence-latte-beige-sunscreen-50g_1768820295.webp,for_every_ng,sunscreen,,,,0.35
fng_16248,Beauty of Joseon Glow Deep Serum Rice + Alpha-Arbutin,Beauty of,3000.0,2400.0,5.0,2,in_stock,https://d2wfc4v12a2zxr.cloudfront.net/resized/medium/products/main_beauty-of-joseon-glow-deep-serum-rice-alpha-arbutin_1712029653.webp,for_every_ng,serum,,"['pigmentation', 'dullness']",['arbutin'],0.8
fng_19531,Acnes Blemish Control Toner for Clearer Skin And Pore Refinement 90ml,Acnes Blemish,375.0,375.0,4.0,2,in_stock,https://d2wfc4v12a2zxr.cloudfront.net/resized/medium/products/main_acnes-blemish-control-toner-for-clearer-skin-and-pore-refinement-90ml_1768562258.webp,for_every_ng,spot_treatment,['oily'],,,0.55
fng_16388,Lakme Blush & Glow Brightening Face Wash Lemon With Vitamin C Serum (100g),Lakme Blush,414.0,373.0,5.0,2,in_stock,https://d2wfc4v12a2zxr.cloudfront.net/resized/medium/products/main_lakme-blush-glow-lemon-freshness-gel-face-wash-with-lemon-extracts_1713766520.webp,for_every_ng,serum,,"['pigmentation', 'dark_circles', 'dullness', 'aging']",['vitamin_c'],0.8
fng_17580,Pilgrim Australian Kakadu Plum Vitamin C Brightening Moisturizer 50gm,Pilgrim Australian,560.0,515.0,5.0,2,in_stock,https://d2wfc4v12a2zxr.cloudfront.net/resized/medium/products/main_pilgrim-australian-kakadu-plum-vitamin-c-brightening-moisturizer-50gm_1775036814.webp,for_every_ng,moisturizer,,"['pigmentation', 'dark_circles', 'dullness', 'aging']",['vitamin_c'],0.8
fng_20046,Dot & Key Strawberry Dew Tinted Sunscreen SPF 50+ PA++++ with New-Age UV Filter- 01A Rose (Light with Neutral Undertone),Dot &,878.0,790.0,5.0,2,in_stock,https://d2wfc4v12a2zxr.cloudfront.net/resized/medium/products/main_dot-key-strawberry-dew-tinted-sunscreen-spf-50-pa-with-new-age-uv-filter-01a-rose-lig_1780313581.webp,for_every_ng,sunscreen,,,,0.35
fng_17938,Lenphor After Party Maestro BI-Phase Makeup Remover - 100ml,Lenphor After Party Maestro BI-Phase Makeup Remover,1200.0,540.0,3.0,2,in_stock,https://d2wfc4v12a2zxr.cloudfront.net/resized/medium/products/main_lenphor-after-party-maestro-bi-phase-makeup-remover-100ml_1733636280.webp,for_every_ng,cleanser,,,,0.35
fng_19794,Plum Cerasense Milky Toner with Ceramides & Peptides For Barrier Repair (100ml),Plum Cerasense,879.0,791.0,4.5,2,in_stock,https://d2wfc4v12a2zxr.cloudfront.net/resized/medium/products/main_plum-cerasense-milky-toner-with-ceramides-peptides-for-barrier-repair-100ml_1772171689.webp,for_every_ng,toner,['dry'],"['sensitivity', 'dark_circles', 'aging', 'dryness']","['ceramides', 'peptides']",1.0
fng_20042,"Dot & Key Strawberry Brightening Moisturizer | Non-Comedogenic & Fragrance Free, Lightweight | 80g",Dot & Key Strawberry Brightening Moisturizer,638.0,574.0,3.0,2,in_stock,https://d2wfc4v12a2zxr.cloudfront.net/resized/medium/products/main_dot-key-strawberry-brightening-moisturizer-non-comedogenic-fragrance-free-lightweight_1775385218.webp,for_every_ng,moisturizer,"['oily', 'sensitive']",,,0.55
fng_16477,Pilgrim Volcanic Lava Ash Foaming Face Wash with Brush - 120ml,Pilgrim Volcanic Lava Ash Foaming Face Wash with Brush,552.0,508.0,5.0,2,in_stock,https://d2wfc4v12a2zxr.cloudfront.net/resized/medium/products/main_pilgrim-volcanic-lava-ash-foaming-face-wash-with-brush_1714884373.webp,for_every_ng,cleanser,,,,0.35
fng_13350,"Moistcom Lite Moisturizer, 100gm",Moistcom Lite,800.0,744.0,5.0,2,in_stock,https://d2wfc4v12a2zxr.cloudfront.net/resized/medium/products/main_moistcom-lite-moisturizer-100gm_1686504716.webp,for_every_ng,moisturizer,,,,0.35
fng_16482,Pilgrim 24k Gold Serum Wth Niacinamide & Hyaluronic Acid - 20ml,Pilgrim 24k Gold Serum Wth Niacinamide & Hyaluronic Acid,1112.0,1023.0,3.0,2,in_stock,https://d2wfc4v12a2zxr.cloudfront.net/resized/medium/products/main_pilgrim-24k-gold-serum-new_1714885756.webp,for_every_ng,serum,,"['aging', 'acne', 'pigmentation', 'oiliness', 'dullness', 'dryness']","['niacinamide', 'hyaluronic_acid']",0.8
fng_10182,Diva Anti Aging Natural Face Serum,Diva Anti,875.0,831.0,5.0,2,in_stock,https://d2wfc4v12a2zxr.cloudfront.net/resized/medium/products/diva-anti-aging-natural-face-serum_1669004965.webp,for_every_ng,serum,,,,0.35
fng_35,Lakme Peach Milk Moisturiser,Lakme Peach,304.0,274.0,4.5,2,in_stock,https://d2wfc4v12a2zxr.cloudfront.net/resized/medium/03/Lakme-Peach-Milk-Moisturiser-SPF-24-PA-1.jpg,for_every_ng,moisturizer,,,,0.35
fng_18006,Dwash Creamy Moisturising Face Wash-70ml,Dwash Creamy,800.0,760.0,5.0,2,in_stock,https://d2wfc4v12a2zxr.cloudfront.net/resized/medium/products/main_dwash-creamy-moisturising-face-wash-70ml_1735207586.webp,for_every_ng,moisturizer,['dry'],,,0.55
fng_18529,Lord's Coffee De Tan SPF 50 Sunscreen 50ml,Lord's Coffee,640.0,576.0,3.5,2,in_stock,https://d2wfc4v12a2zxr.cloudfront.net/resized/medium/products/main_lords-coffee-de-tan-spf-50-sunscreen-50ml_1743397987.webp,for_every_ng,sunscreen,,,,0.35
fng_18776,SunScoop Kids 100% Mineral Sunscreen Lotion SPF 30+ PA++++|75ml,SunScoop Kids,879.0,879.0,5.0,2,in_stock,https://d2wfc4v12a2zxr.cloudfront.net/resized/medium/products/main_sunscoop-kids-100-mineral-sunscreen-lotion-spf-30-pa75ml_1750748933.webp,for_every_ng,sunscreen,,,,0.35
fng_20039,"Dot & Key Mango Detan Sunscreen, In-Vivo Tested SPF 50+ PA++++ -50g",Dot &,712.0,641.0,5.0,2,in_stock,https://d2wfc4v12a2zxr.cloudfront.net/resized/medium/products/main_dot-key-mango-detan-sunscreen-in-vivo-tested-spf-50-pa-50g_1775383342.webp,for_every_ng,sunscreen,,,,0.35
fng_14413,Malibu Sun SPF50+ Very High Protection 150ml Tube,Malibu Sun,1890.0,1663.0,3.0,2,in_stock,https://d2wfc4v12a2zxr.cloudfront.net/resized/medium/products/main_malibu-very-high-protection-face-cream-spf50_1702444565.webp,for_every_ng,sunscreen,,,,0.35
fng_17633,True Derma-dm Moisturizing Lotion - 100gm,True Derma-dm Moisturizing Lotion,750.0,713.0,5.0,2,in_stock,https://d2wfc4v12a2zxr.cloudfront.net/resized/medium/products/main_true-derma-dm-moisturizing-lotion-100gm_1736413985.webp,for_every_ng,moisturizer,,,,0.35
fng_15983,Ponds Bright Beauty Spot-less Facewash 100 g,Ponds Bright,230.0,214.0,5.0,2,in_stock,https://d2wfc4v12a2zxr.cloudfront.net/resized/medium/products/main_ponds-bright-beauty-spot-less-facewash-100-g_1709455500.webp,for_every_ng,,,,,0.35
fng_16396,Khadi Organique Rosehip Face Serum,Khadi Organique,1950.0,1950.0,5.0,2,in_stock,https://d2wfc4v12a2zxr.cloudfront.net/resized/medium/products/main_khadi-organique-rosehip-face-serum_1713864214.webp,for_every_ng,serum,,,,0.35
fng_16856,Olnatures Extra Foaming Face Wash 100ml,Olnatures Extra,800.0,800.0,4.5,2,in_stock,https://d2wfc4v12a2zxr.cloudfront.net/resized/medium/products/main_olnatures-extra-foaming-face-wash-100ml_1717301091.webp,for_every_ng,cleanser,,,,0.35
fng_3781,Himalaya Herbals Oil Clear Mud Face Pack - 100g,Himalaya Herbals Oil Clear Mud Face Pack,216.0,205.0,4.0,2,in_stock,https://d2wfc4v12a2zxr.cloudfront.net/resized/medium/product/cover_image1596960661.jpg,for_every_ng,,,,,0.35
fng_5483,Avani Rosehip Oil - 30ml,Avani Rosehip Oil,2100.0,2100.0,5.0,2,in_stock,https://d2wfc4v12a2zxr.cloudfront.net/resized/medium/products/avani-rosehip-oil30ml_1617786933.webp,for_every_ng,face_oil,,,,0.35
fng_5485,Avani Peppermint Oil - 30ml,Avani Peppermint Oil,1145.0,1145.0,5.0,2,in_stock,https://d2wfc4v12a2zxr.cloudfront.net/resized/medium/products/avani-peppermint-oil30ml_1617787216.webp,for_every_ng,,,,,0.35
fng_19547,Plum Cerasense Moisturizing Creme for Instant Barrier Repair & 72-Hr Moisturization,Plum Cerasense,798.0,718.0,5.0,2,in_stock,https://d2wfc4v12a2zxr.cloudfront.net/resized/medium/products/main_plum-cerasense-moisturizing-creme-for-instant-barrier-repair-72-hr-moisturization_1768892035.webp,for_every_ng,moisturizer,['dry'],,,0.55
fng_16041,Himalaya Pollution Detox Charcoal Face Wash,Himalaya Pollution,176.0,167.0,5.0,2,in_stock,https://d2wfc4v12a2zxr.cloudfront.net/resized/medium/products/main_himalaya-pollution-detox-charcoal-face-wash_1710150831.webp,for_every_ng,cleanser,,,,0.35
fng_16563,Teenilicious Acne Face Toner with Salicylic Acid,Teenilicious Acne,952.0,952.0,4.5,2,in_stock,https://d2wfc4v12a2zxr.cloudfront.net/resized/medium/products/main_teenilicious-acne-face-toner-with-salicylic-acid_1715247787.webp,for_every_ng,toner,,"['oiliness', 'acne']",['salicylic_acid'],0.8
fng_16706,Simple Soothing Facial Toner With Vitamin B5 - 200ml,Simple Soothing Facial Toner With Vitamin B5,736.0,662.0,4.5,2,in_stock,https://d2wfc4v12a2zxr.cloudfront.net/resized/medium/products/main_simple-soothing-facial-toner-200ml_1715942397.webp,for_every_ng,toner,['sensitive'],,,0.55
fng_6082,Eveline Cosmetics White Prestige 4D Whitening And Regenerating Night Cream 50 ml,Eveline Cosmetics,1890.0,1890.0,5.0,2,in_stock,https://d2wfc4v12a2zxr.cloudfront.net/resized/medium/products/eveline-cosmetics-white-prestige-4d-whitening-and-regenerating-night-cream-50-ml_1625404820.webp,for_every_ng,moisturizer,['dry'],,,0.55
fng_9455,Moonwake Body Ubtan,Moonwake Body,600.0,600.0,3.0,2,in_stock,https://d2wfc4v12a2zxr.cloudfront.net/resized/medium/products/main_moonwake-body-ubtan_1691922430.webp,for_every_ng,,,,,0.35
fng_18520,Lord's Pollution Protect SPF 50+ Sunscreen 100 ml,Lord's Pollution,800.0,720.0,1.5,2,in_stock,https://d2wfc4v12a2zxr.cloudfront.net/resized/medium/products/main_lords-pollution-protect-spf-50-sunscreen-100-ml_1743393583.webp,for_every_ng,sunscreen,,,,0.35
fng_19802,Samoira Brightening Facial Cleanser (100ml),Samoira Brightening,1099.0,1099.0,5.0,2,in_stock,https://d2wfc4v12a2zxr.cloudfront.net/resized/medium/products/main_samoira-brightening-facial-cleanser-100ml_1773049412.webp,for_every_ng,cleanser,,,,0.35
fng_4019,Humeda Rich Moisturising Creme,Humeda Rich,885.0,841.0,5.0,2,in_stock,https://d2wfc4v12a2zxr.cloudfront.net/resized/medium/product/cover_image1600084919.jpg,for_every_ng,moisturizer,['dry'],,,0.55
fng_18445,Foxtale Dewy Sunscreen Spf 70 Pa+++50ml,Foxtale Dewy,792.0,752.0,4.0,1,in_stock,https://d2wfc4v12a2zxr.cloudfront.net/resized/medium/products/main_foxtale-dewy-sunscreen-spf-70-pa50ml_1772087267.webp,for_every_ng,sunscreen,,,,0.35
fng_18840,Foxtale Pearlfection Oil Balancing Moisturizer - 50 ml,Foxtale Pearlfection Oil Balancing Moisturizer,712.0,676.0,3.0,1,in_stock,https://d2wfc4v12a2zxr.cloudfront.net/resized/medium/products/main_foxtale-pearlfection-oil-balancing-moisturizer-50-ml_1772098587.webp,for_every_ng,moisturizer,,,,0.35
fng_19963,Pilgrim Korean Rice Water Hydra Glow Gel Face Wash 100ml,Pilgrim Korean,392.0,361.0,5.0,1,in_stock,https://d2wfc4v12a2zxr.cloudfront.net/resized/medium/products/main_pilgrim-korean-rice-water-hydra-glow-gel-face-wash-100ml_1778146480.webp,for_every_ng,cleanser,['oily'],,,0.55
fng_16808,Cetaphil Optimal Hydration Body Spray Moisturizer - 207ml,Cetaphil Optimal Hydration Body Spray Moisturizer,2242.0,2197.0,5.0,1,in_stock,https://d2wfc4v12a2zxr.cloudfront.net/resized/medium/products/main_cetaphil-optimal-hydration-body-spray-moisturizer-207ml_1716885604.webp,for_every_ng,moisturizer,,,,0.35
fng_19317,Plum 1% Vitamin C Ultra-Light-Glow Boosting Gel Cream (50ml),Plum 1%,879.0,791.0,5.0,1,in_stock,https://d2wfc4v12a2zxr.cloudfront.net/resized/medium/products/main_plum-1-vitamin-c-ultra-light-glow-boosting-gel-cream-50ml_1764670974.webp,for_every_ng,moisturizer,"['oily', 'dry']","['pigmentation', 'dark_circles', 'dullness', 'aging']",['vitamin_c'],1.0
fng_19488,Plum 3% Niacinamide & Rice Water SPF 50 Sheer-Tinted Sunscreen + Plum 2% Niacinamide & Rice Water Clear Moisture Gel Cream 50gm,Plum 3%,1638.0,1474.0,5.0,1,in_stock,https://d2wfc4v12a2zxr.cloudfront.net/resized/medium/products/main_plum-3-niacinamide-rice-water-spf-50-sheer-tinted-sunscreen-plum-2-niacinamide-rice-w_1768112133.webp,for_every_ng,sunscreen,"['oily', 'dry']","['aging', 'acne', 'pigmentation', 'oiliness', 'dullness']",['niacinamide'],1.0
fng_20086,Plum 10% Vitamin C & Calendula Barrier Boosting Glow Serum - 30 ml,Plum 10% Vitamin C & Calendula Barrier Boosting Glow Serum,1038.0,934.0,4.0,1,in_stock,https://d2wfc4v12a2zxr.cloudfront.net/resized/medium/products/main_plum-10-vitamin-c-calendula-barrier-boosting-glow-serum-30-ml_1777975861.webp,for_every_ng,serum,,"['pigmentation', 'dark_circles', 'dullness', 'aging']",['vitamin_c'],0.8
fng_19427,UV Doux OC Face Cleanser for Oily & Acne-Prone Skin - 125ml,UV Doux OC Face Cleanser for Oily & Acne-Prone Skin,799.0,759.0,5.0,1,in_stock,https://d2wfc4v12a2zxr.cloudfront.net/resized/medium/products/main_uv-doux-oc-face-cleanser-for-oily-acne-prone-skin-125ml_1766547106.webp,for_every_ng,cleanser,['oily'],,,0.55
fng_19289,FAIRY SKIN Mild Facial Kit,FAIRY SKIN,1990.0,1990.0,5.0,1,in_stock,https://d2wfc4v12a2zxr.cloudfront.net/resized/medium/products/main_fairy-skin-mild-facial-kit_1764233881.webp,for_every_ng,,,,,0.35
fng_19473,COSRX Ceramide Skin Barrier Moisturizer,COSRX Ceramide,2700.0,2430.0,5.0,1,in_stock,https://d2wfc4v12a2zxr.cloudfront.net/resized/medium/products/main_cosrx-ceramide-skin-barrier-moisturizer_1767354511.webp,for_every_ng,moisturizer,['sensitive'],"['sensitivity', 'dryness']",['ceramides'],1.0
fng_19513,Re'equil Pitstop Blue Niacinamide Serum 25ml (Clearance),Re'equil Pitstop,953.0,839.0,5.0,1,in_stock,https://d2wfc4v12a2zxr.cloudfront.net/resized/medium/products/main_reequil-pitstop-blue-niacinamide-serum-25ml-clearance_1768540280.webp,for_every_ng,serum,,"['aging', 'acne', 'pigmentation', 'oiliness', 'dullness']",['niacinamide'],0.8
fng_19059,Aqualogica 5 Barrier+ Repair Sunscreen with Avocado & 5 Essential Ceramides | SPF 50 PA++++ 80 gm,Aqualogica 5 Barrier+ Repair Sunscreen with Avocado & 5 Essential Ceramides,959.0,892.0,5.0,1,in_stock,https://d2wfc4v12a2zxr.cloudfront.net/resized/medium/products/main_aqualogica-5-barrier-repair-sunscreen-with-avocado-5-essential-ceramides-spf-50-pa-80_1775043849.webp,for_every_ng,sunscreen,['dry'],"['sensitivity', 'dryness']",['ceramides'],1.0
fng_19525,Hada Labo Pro-Aging Retinol B3 Lotion for Anti-Aging 170ml,Hada Labo,1450.0,1450.0,5.0,1,in_stock,https://d2wfc4v12a2zxr.cloudfront.net/resized/medium/products/main_hada-labo-pro-aging-retinol-b3-lotion-for-anti-aging-170ml_1768549717.webp,for_every_ng,,,"['pigmentation', 'aging', 'acne', 'dark_circles']",['retinol'],0.8
fng_20089,Plum 5% Glycolic Acid & Goji Berry Exfoliating Toner for textured skin (150ml),Plum 5%,798.0,718.0,3.0,1,in_stock,https://d2wfc4v12a2zxr.cloudfront.net/resized/medium/products/main_plum-5-glycolic-acid-goji-berry-exfoliating-toner-for-textured-skin-150ml_1777977925.webp,for_every_ng,toner,,"['oiliness', 'pigmentation', 'dullness', 'acne']",['glycolic_acid'],0.8
fng_19261,Dr.sheth's Oats & Ceramide Sensitive Skin Moisturizer - 100g,Dr.sheth's Oats & Ceramide Sensitive Skin Moisturizer,799.0,735.0,4.0,1,in_stock,https://d2wfc4v12a2zxr.cloudfront.net/resized/medium/products/main_drsheths-oats-ceramide-sensitive-skin-moisturizer-100g_1763115635.webp,for_every_ng,moisturizer,['sensitive'],"['sensitivity', 'dryness']",['ceramides'],1.0
fng_19529,Melano CC Vitamin C Facial Mask (Single Sheet) - For Radiant and Glowing Skin,Melano CC Vitamin C Facial Mask (Single Sheet),280.0,196.0,5.0,1,in_stock,https://d2wfc4v12a2zxr.cloudfront.net/resized/medium/products/main_melano-cc-vitamin-c-facial-mask-single-sheet-for-radiant-and-glowing-skin_1768558728.webp,for_every_ng,mask,,"['pigmentation', 'dark_circles', 'dullness', 'aging']",['vitamin_c'],0.8
fng_16488,Pilgrim Tea Tree Purifying Foaming Face Wash - 120ml,Pilgrim Tea Tree Purifying Foaming Face Wash,560.0,515.0,5.0,1,in_stock,https://d2wfc4v12a2zxr.cloudfront.net/resized/medium/products/main_pilgrim-tea-tree-purifying-foaming-face-wash_1714887437.webp,for_every_ng,cleanser,['oily'],"['oiliness', 'acne']",['tea_tree'],1.0
fng_18541,Lord's Rice Water Brightening Gentle Cleanser 100ml,Lord's Rice,1200.0,1080.0,5.0,1,in_stock,https://d2wfc4v12a2zxr.cloudfront.net/resized/medium/products/main_lords-rice-water-brightening-gentle-cleanser-200ml_1743582741.webp,for_every_ng,cleanser,['sensitive'],,,0.55
fng_19366,Mamaearth Beetroot Hydraful Light Moisturizing Cream with Beetroot & Hyaluronic Acid for Pink Glow - 200g,Mamaearth Beetroot Hydraful Light Moisturizing Cream with Beetroot & Hyaluronic Acid for Pink Glow,718.0,661.0,4.0,1,in_stock,https://d2wfc4v12a2zxr.cloudfront.net/resized/medium/products/main_mamaearth-beetroot-hydraful-light-moisturizing-cream-with-beetroot-hyaluronic-acid-fo_1765955494.webp,for_every_ng,moisturizer,['dry'],"['aging', 'dryness']",['hyaluronic_acid'],1.0
fng_19598,Acnes Whitening Facial Cleanser - 50G,Acnes Whitening Facial Cleanser,275.0,275.0,5.0,1,in_stock,https://d2wfc4v12a2zxr.cloudfront.net/resized/medium/products/main_acnes-whitening-facial-cleanser-50g_1770027122.webp,for_every_ng,cleanser,,,,0.35
fng_19852,Pilgrim Vitamin C Moisture Rich Tinted Lip Balm SPF 50,Pilgrim Vitamin,392.0,361.0,5.0,1,in_stock,https://d2wfc4v12a2zxr.cloudfront.net/resized/medium/products/main_pilgrim-vitamin-c-moisture-rich-tinted-lip-balm-spf-50_1773311452.webp,for_every_ng,lip_care,['dry'],"['pigmentation', 'dark_circles', 'dullness', 'aging']",['vitamin_c'],1.0
fng_20041,Dot & Key Watermelon Cooling Icy Gel Moisturizer With Hyaluronic - 60ml,Dot & Key Watermelon Cooling Icy Gel Moisturizer With Hyaluronic,792.0,713.0,5.0,1,in_stock,https://d2wfc4v12a2zxr.cloudfront.net/resized/medium/products/main_dot-key-watermelon-cooling-icy-gel-moisturizer-with-hyaluronic-60ml_1775384312.webp,for_every_ng,moisturizer,['oily'],"['aging', 'dryness']",['hyaluronic_acid'],1.0
fng_20045,Dot & Key Strawberry Dew Tinted Sunscreen SPF 50+ PA++++ with New-Age UV Filter- 00 Peony (Very Light),Dot &,878.0,790.0,5.0,1,in_stock,https://d2wfc4v12a2zxr.cloudfront.net/resized/medium/products/main_dot-key-strawberry-dew-tinted-sunscreen-spf-50-pa-with-new-age-uv-filter-00-peony-ver_1780313341.webp,for_every_ng,sunscreen,,,,0.35
fng_10686,Oshea Herbals Phytolight 9-in-1 Multipurpose Day Cream SPF 25 pa++ 50g,Oshea Herbals,1032.0,1032.0,5.0,1,in_stock,https://d2wfc4v12a2zxr.cloudfront.net/resized/medium/products/oshea-herbals-phytolight-9-in-1-multipurpose-day-cream-spf-25-pa-50g_1672820425.webp,for_every_ng,moisturizer,['dry'],,,0.55
fng_18543,Lord’s AHA/BHA Clarifying Treatment Toner 100ml,Lord’s AHA/BHA,800.0,720.0,5.0,1,in_stock,https://d2wfc4v12a2zxr.cloudfront.net/resized/medium/products/main_lords-ahabha-clarifying-treatment-toner-100ml_1743583164.webp,for_every_ng,toner,,"['oiliness', 'pigmentation', 'dullness', 'acne']","['salicylic_acid', 'glycolic_acid', 'lactic_acid']",0.8
fng_18832,ANUA Peach 70 Niacin Serum -30ml (2.1),ANUA Peach,2990.0,2691.0,5.0,1,in_stock,https://d2wfc4v12a2zxr.cloudfront.net/resized/medium/products/main_anua-peach-70-niacin-serum-30ml-ob_1773050558.webp,for_every_ng,serum,,"['aging', 'acne', 'pigmentation', 'oiliness', 'dullness']",['niacinamide'],0.8
fng_19259,Dr. sheth's Oats & Ceramide Sunscreen for Sensitive Skin - 50 gm In-Vivo Tested SPF 50+ PA ++++,Dr. sheth's Oats & Ceramide Sunscreen for Sensitive Skin,799.0,735.0,5.0,1,in_stock,https://d2wfc4v12a2zxr.cloudfront.net/resized/medium/products/main_dr-sheths-oats-ceramide-sunscreen-for-sensitive-skin-50-gm-in-vivo-tested-spf-50-pa_1763114722.webp,for_every_ng,sunscreen,['sensitive'],"['sensitivity', 'dryness']",['ceramides'],1.0
fng_14793,"Prisa Organics De-Tan SPF 40 PA+++ Gel Cream Invisible Feel Sun Screen Broad Spectrum UVA & UVB Protection No Paraben , Non-sticky",Prisa Organics,696.0,696.0,5.0,1,in_stock,https://d2wfc4v12a2zxr.cloudfront.net/resized/medium/products/main_prisa-organics-de-tan-spf-40-pa-gel-cream-invisible-feel-sun-screen-broad-spectrum-uv_1695711771.webp,for_every_ng,sunscreen,"['oily', 'dry']",,,0.55
fng_16043,Himalaya Dark Spot Clearing Turmeric Face Wash,Himalaya Dark,336.0,319.0,2.0,1,in_stock,https://d2wfc4v12a2zxr.cloudfront.net/resized/medium/products/main_himalaya-dark-spot-clearing-turmeric-face-wash_1710151413.webp,for_every_ng,cleanser,,,,0.35
fng_16490,Pilgrim Tea Tree Purifying Toner 100 ml,Pilgrim Tea,480.0,442.0,1.0,1,in_stock,https://d2wfc4v12a2zxr.cloudfront.net/resized/medium/products/main_pilgrim-tea-tree-purifying-toner-100-ml_1775036014.webp,for_every_ng,toner,['oily'],"['oiliness', 'acne']",['tea_tree'],1.0
fng_17065,Beauty of Joseon Calming Green Tea Panthenol Serum - 30ml,Beauty of Joseon Calming Green Tea Panthenol Serum,2600.0,2080.0,5.0,1,in_stock,https://d2wfc4v12a2zxr.cloudfront.net/resized/medium/products/main_beauty-of-joseon-calming-green-tea-panthenol-serum-30ml_1720072830.webp,for_every_ng,serum,['sensitive'],"['sensitivity', 'dryness']",['panthenol'],1.0
fng_10875,DHC Medicated Skin Conditioner Milk - 120ML,DHC Medicated Skin Conditioner Milk,2300.0,2300.0,5.0,1,in_stock,https://d2wfc4v12a2zxr.cloudfront.net/resized/medium/products/dhc-medicated-skin-conditioner-milk-120ml_1674036080.webp,for_every_ng,,,,,0.35
fng_18007,"Ethiglo Face Wash, 70ml",Ethiglo Face,520.0,494.0,5.0,1,in_stock,https://d2wfc4v12a2zxr.cloudfront.net/resized/medium/products/main_ethiglo-face-wash-70ml_1773745547.webp,for_every_ng,cleanser,,,,0.35
fng_18561,Lord's Rice Water Brightening Elixir Serum 25ml,Lord's Rice,1140.0,1026.0,5.0,1,in_stock,https://d2wfc4v12a2zxr.cloudfront.net/resized/medium/products/main_lords-rice-water-brightening-elixir-serum-25ml_1743587540.webp,for_every_ng,serum,,,,0.35
fng_18614,Lord's Gluta Bright Moisturiser 100ml,Lord's Gluta,520.0,468.0,5.0,1,in_stock,https://d2wfc4v12a2zxr.cloudfront.net/resized/medium/products/main_lords-gluta-bright-moisturiser-100ml_1744702185.webp,for_every_ng,moisturizer,,,,0.35
fng_19701,Eco Sathi Vegan Lip Balm,Eco Sathi,450.0,441.0,4.0,1,in_stock,https://d2wfc4v12a2zxr.cloudfront.net/resized/medium/products/main_eco-sathi-vegan-lip-balm_1771219813.webp,for_every_ng,lip_care,,,,0.35
fng_15064,Moonwake Daily Revive & Restore Serum with Hyaluronic Acid & Niacinamide Serum - Oil free Hydration & Daily skin Reset Formula - 20ml,Moonwake Daily Revive & Restore Serum with Hyaluronic Acid & Niacinamide Serum,900.0,900.0,5.0,1,in_stock,https://d2wfc4v12a2zxr.cloudfront.net/resized/medium/products/main_moonwake-daily-revive-restore-serum-with-hyaluronic-acid-niacinamide-serum-oil-free-h_1776061862.webp,for_every_ng,serum,['oily'],"['aging', 'acne', 'pigmentation', 'oiliness', 'dullness', 'dryness']","['niacinamide', 'hyaluronic_acid']",1.0
fng_17628,True Derma Glow Facewash - 60gm,True Derma Glow Facewash,600.0,570.0,5.0,1,in_stock,https://d2wfc4v12a2zxr.cloudfront.net/resized/medium/products/main_true-derma-glow-facewash-60gm_1726202455.webp,for_every_ng,,,,,0.35
fng_18388,Dr. Sheth's Ceramide & Vitamin C Long Lasting Sunscreen - 50gm,Dr. Sheth's Ceramide & Vitamin C Long Lasting Sunscreen,1119.0,1029.0,5.0,1,in_stock,https://d2wfc4v12a2zxr.cloudfront.net/resized/medium/products/main_dr-sheths-ceramide-vitamin-c-long-lasting-sunscreen-50gm_1740387510.webp,for_every_ng,sunscreen,,"['dark_circles', 'aging', 'sensitivity', 'pigmentation', 'dullness', 'dryness']","['vitamin_c', 'ceramides']",0.8
fng_18516,Lord's 10% Vitamin C Face Serum with Aloe Vera Extract 30 ml,Lord's 10%,720.0,648.0,5.0,1,in_stock,https://d2wfc4v12a2zxr.cloudfront.net/resized/medium/products/main_lords-10-vitamin-c-face-serum-with-aloe-vera-extract-30-ml_1778056577.webp,for_every_ng,serum,,"['dark_circles', 'aging', 'sensitivity', 'pigmentation', 'dullness', 'dryness']","['vitamin_c', 'aloe_vera']",0.8
fng_18526,Lord's  85% Aloevera Face Gel  200Ml,Lord's 85%,560.0,504.0,5.0,1,in_stock,https://d2wfc4v12a2zxr.cloudfront.net/resized/medium/products/main_lords-85-aloevera-face-gel-200ml_1743397228.webp,for_every_ng,,['oily'],"['sensitivity', 'dryness']",['aloe_vera'],1.0
fng_18610,Lord's Dream Bright Sunscreen Serum 100ml,Lord's Dream,1200.0,1080.0,3.0,1,in_stock,https://d2wfc4v12a2zxr.cloudfront.net/resized/medium/products/main_lords-dream-bright-sunscreen-serum-100ml_1744515195.webp,for_every_ng,sunscreen,,,,0.35
fng_18677,TOCOBO Bio Watery Sun Cream SPF50+ PA++++ 50ml,TOCOBO Bio,2800.0,2296.0,5.0,1,in_stock,https://d2wfc4v12a2zxr.cloudfront.net/resized/medium/products/main_tocobo-bio-watery-sun-cream-spf50-pa-50ml_1748518660.webp,for_every_ng,sunscreen,['dry'],,,0.55
fng_19285,Tirtir Milk Skin Toner [150ML] (2.1),Tirtir Milk,3700.0,3330.0,3.0,1,in_stock,https://d2wfc4v12a2zxr.cloudfront.net/resized/medium/products/main_tirtir-milk-skin-toner-150ml_1764216379.webp,for_every_ng,toner,,,,0.35
fng_19313,Himalaya Acne Clear+ Face Cleansing Gel with Natural Salicylic Acid for Reducing Acne & Sebum,Himalaya Acne,1038.0,986.0,5.0,1,in_stock,https://d2wfc4v12a2zxr.cloudfront.net/resized/medium/products/main_himalaya-acne-clear-face-cleansing-gel-with-natural-salicylic-acid-for-reducing-acne-_1764491073.webp,for_every_ng,cleanser,['oily'],"['oiliness', 'acne']",['salicylic_acid'],1.0
fng_19382,S Select Skin Lotion Hyaluronic Acid-500ml,S Select,2691.0,2556.0,5.0,1,in_stock,https://d2wfc4v12a2zxr.cloudfront.net/resized/medium/products/main_s-select-skin-lotion-hyaluronic-acid-500ml_1766049324.webp,for_every_ng,,,"['aging', 'dryness']",['hyaluronic_acid'],0.8
fng_20090,"Plum Yuzu & Alpha Arbutin Weightless Fluid Sunscreen SPF 50 PA++++ for Oily, Normal & DrySkinType (50g)",Plum Yuzu,798.0,718.0,5.0,1,in_stock,https://d2wfc4v12a2zxr.cloudfront.net/resized/medium/products/main_plum-yuzu-alpha-arbutin-weightless-fluid-sunscreen-spf-50-pa-for-oily-normal-dryskint_1777979273.webp,for_every_ng,sunscreen,"['oily', 'dry', 'normal']","['pigmentation', 'dullness']",['arbutin'],1.0
fng_14383,SKIN1004 Madagascar Centella Tea-Trica Bha Foam 125ml (2.1),SKIN1004 Madagascar,2200.0,1980.0,5.0,1,in_stock,https://d2wfc4v12a2zxr.cloudfront.net/resized/medium/products/main_skin1004-madagascar-centella-tea-trica-bha-foam-125ml-21_1773120177.webp,for_every_ng,exfoliant,,"['sensitivity', 'oiliness', 'acne']","['salicylic_acid', 'centella_asiatica']",0.8
fng_14385,SKIN1004 Madagascar Centella Probio-Cica Intensive Ampoule 50ml,SKIN1004 Madagascar,3300.0,2970.0,5.0,1,in_stock,https://d2wfc4v12a2zxr.cloudfront.net/resized/medium/products/main_skin1004-madagascar-centella-probio-cica-intensive-ampoule-50ml_1691320978.webp,for_every_ng,serum,,['sensitivity'],['centella_asiatica'],0.8
fng_16035,"RENEE Bohemian Zest Body Mist, 150 Ml",RENEE Bohemian,639.0,639.0,5.0,1,in_stock,https://d2wfc4v12a2zxr.cloudfront.net/resized/medium/products/main_renee-bohemian-zest-body-mist-150-ml_1710050622.webp,for_every_ng,toner,,,,0.35
fng_16485,Pilgrim Squalane Foaming Face Wash,Pilgrim Squalane,560.0,515.0,5.0,1,in_stock,https://d2wfc4v12a2zxr.cloudfront.net/resized/medium/products/main_pilgrim-squalane-foaming-face-wash_1714886608.webp,for_every_ng,cleanser,,"['aging', 'dryness']",['squalane'],0.8
fng_16625,Bioderma Atoderm Gentle Cleansing Gel 200ml,Bioderma Atoderm,2369.0,2251.0,5.0,1,in_stock,https://d2wfc4v12a2zxr.cloudfront.net/resized/medium/products/main_atoderm-gel-douche-shower-gel-200ml_1715574628.webp,for_every_ng,cleanser,"['oily', 'sensitive']",,,0.55
fng_16627,Bioderma Photoderm Akn Mat Spf 30 40ml,Bioderma Photoderm,1960.0,1862.0,5.0,1,in_stock,https://d2wfc4v12a2zxr.cloudfront.net/resized/medium/products/main_photoderm-akn-mat-spf-30-40ml_1715577005.webp,for_every_ng,sunscreen,,,,0.35
fng_17671,WishCare 2% Salicylic Acid Face Wash - 100ml,WishCare 2% Salicylic Acid Face Wash,639.0,607.0,5.0,1,in_stock,https://d2wfc4v12a2zxr.cloudfront.net/resized/medium/products/main_wishcare-2-salicylic-acid-face-wash-100ml_1726981983.webp,for_every_ng,cleanser,,"['oiliness', 'acne']",['salicylic_acid'],0.8
fng_17805,Kormesic Lip Protection 4 Pcs Set,Kormesic Lip,800.0,800.0,5.0,1,in_stock,https://d2wfc4v12a2zxr.cloudfront.net/resized/medium/products/main_kormesic-lip-protection-4-pcs-set_1729575223.webp,for_every_ng,,,,,0.35
fng_18528,Lord's Deep Moisturizing Cold Cream 100ml,Lord's Deep,360.0,324.0,5.0,1,in_stock,https://d2wfc4v12a2zxr.cloudfront.net/resized/medium/products/main_lords-deep-moisturising-cold-cream_1743397569.webp,for_every_ng,moisturizer,['dry'],,,0.55
fng_19087,Ralycos Hydramide Oily Skin Cleanser enriched with Vitamin B3 and  Pro-vitamin B5  Cleanse | Balance | Refresh,Ralycos Hydramide Oily Skin Cleanser enriched with Vitamin B3 and  Pro-vitamin B5  Cleanse,760.0,669.0,5.0,1,in_stock,https://d2wfc4v12a2zxr.cloudfront.net/resized/medium/products/main_hydramide-oily-skin-cleanser-enriched-with-vitamin-b3-and-pro-vitamin-b5-cleanse-bala_1760420546.webp,for_every_ng,cleanser,"['oily', 'dry']","['aging', 'acne', 'pigmentation', 'oiliness', 'dullness']",['niacinamide'],1.0
fng_19291,Dr. Althea Gentle Vitamin C Serum 30ml,Dr. Althea,3000.0,2850.0,5.0,1,in_stock,https://d2wfc4v12a2zxr.cloudfront.net/resized/medium/products/main_dr-althea-gentle-vitamin-c-serum-30ml_1764235959.webp,for_every_ng,serum,['sensitive'],"['pigmentation', 'dark_circles', 'dullness', 'aging']",['vitamin_c'],1.0
fng_19433,Homa PLATINUM LABEL CICA All-in one-gel,Homa PLATINUM,2290.0,2176.0,4.0,1,in_stock,https://d2wfc4v12a2zxr.cloudfront.net/resized/medium/products/main_homa-platinum-label-cica-all-in-one-gel_1766557622.webp,for_every_ng,,['oily'],['sensitivity'],['centella_asiatica'],1.0
fng_19809,Samoira Sunsera Sunscreen (50ml),Samoira Sunsera,1199.0,1199.0,5.0,1,in_stock,https://d2wfc4v12a2zxr.cloudfront.net/resized/medium/products/main_samoira-sunsera-sunscreen-50ml_1773048547.webp,for_every_ng,sunscreen,,,,0.35
fng_13809,Peachytonics Moisturize Gotu Kola,Peachytonics Moisturize,1600.0,1600.0,2.0,1,in_stock,https://d2wfc4v12a2zxr.cloudfront.net/resized/medium/products/main_peachytonics-moisturizer-gotu-kola_1688878891.webp,for_every_ng,,,['sensitivity'],['centella_asiatica'],0.8
fng_16039,Himalaya Brightening Vitamin C Strawberry Facewash,Himalaya Brightening,352.0,334.0,3.0,1,in_stock,https://d2wfc4v12a2zxr.cloudfront.net/resized/medium/products/main_himalaya-brightening-vitamin-c-strawberry-facewash_1710150102.webp,for_every_ng,,,"['pigmentation', 'dark_circles', 'dullness', 'aging']",['vitamin_c'],0.8
fng_16428,Khadi Organique Under Eye Cream,Khadi Organique,1350.0,1350.0,5.0,1,in_stock,https://d2wfc4v12a2zxr.cloudfront.net/resized/medium/products/main_khadi-organique-under-eye-cream_1713933811.webp,for_every_ng,eye_cream,['dry'],,,0.55
fng_17435,"Prisa Organics Cleansing Milk - Deep Cleanses, Soothes Skin & Even Skin Tone (100 ml)",Prisa Organics Cleansing Milk,456.0,456.0,0.0,1,in_stock,https://d2wfc4v12a2zxr.cloudfront.net/resized/medium/products/main_prisa-organics-cleansing-milk-deep-cleanses-soothes-skin-even-skin-tone-100-ml_1723546750.webp,for_every_ng,cleanser,,,,0.35
fng_6077,EVELINE COSMETICS WHITENING GENTLE MAKE-UP REMOVING LOTION 245ml,EVELINE COSMETICS,1050.0,1050.0,3.0,1,in_stock,https://d2wfc4v12a2zxr.cloudfront.net/resized/medium/products/eveline-cosmetics-whitening-gentle-make-up-removing-lotion_1625404341.webp,for_every_ng,,['sensitive'],,,0.55
fng_9453,Moonwake Lime N Lemony Body Scrub - Creamy & Soapy with Refreshing Scent For Exfoliating & Energizing,Moonwake Lime N Lemony Body Scrub,950.0,950.0,5.0,1,in_stock,https://d2wfc4v12a2zxr.cloudfront.net/resized/medium/products/main_moonwake-lime-n-lemony-body-scrub-creamy-soapy-with-refreshing-scent-for-exfoliating-_1776063042.webp,for_every_ng,exfoliant,['dry'],,,0.55
fng_10525,PEACHYTONICS Fruit Drops,PEACHYTONICS Fruit,2800.0,2800.0,5.0,1,in_stock,https://d2wfc4v12a2zxr.cloudfront.net/resized/medium/products/peachytonics-fruit-drops_1671615816.webp,for_every_ng,,,,,0.35
fng_18676,ROUND LAB – 1025 Dokdo Toner – 200ml,ROUND LAB,3200.0,3200.0,3.0,1,in_stock,https://d2wfc4v12a2zxr.cloudfront.net/resized/medium/products/main_round-lab-1025-dokdo-toner-200ml_1748517038.webp,for_every_ng,toner,,,,0.35
fng_19082,Ralycos Hydramide HA 1% + Ceramide moisturiser with benefit of Panthenol  Hydrate | Nourish | Protect,Ralycos Hydramide HA 1% + Ceramide moisturiser with benefit of Panthenol  Hydrate,800.0,704.0,3.0,1,in_stock,https://d2wfc4v12a2zxr.cloudfront.net/resized/medium/products/main_hydramide-ha-1-ceramide-moisturiser-with-benefit-of-panthenol-hydrate-nourish-protect_1760420714.webp,for_every_ng,moisturizer,['dry'],"['sensitivity', 'dryness']","['ceramides', 'panthenol']",1.0
fng_19889,Medicube Collagen Lifting Mask for all skin type (2.1),Medicube Collagen,390.0,332.0,5.0,1,in_stock,https://d2wfc4v12a2zxr.cloudfront.net/resized/medium/products/main_medicube-collagen-lifting-mask-for-all-skin-type-21_1774331132.webp,for_every_ng,mask,,,,0.35
fng_16805,Himalaya Dark Spot Clearing Turmeric Face Serum,Himalaya Dark,799.0,759.0,5.0,1,in_stock,https://d2wfc4v12a2zxr.cloudfront.net/resized/medium/products/main_himalaya-dark-spot-clearing-turmeric-face-serum-30ml_1716871699.webp,for_every_ng,serum,,,,0.35
fng_13336,Regen Daily Face and Neck Serum 50ml Anti Ageing Skin Rejuvenation firming,Regen Daily,1300.0,1300.0,0.0,0,in_stock,https://d2wfc4v12a2zxr.cloudfront.net/resized/medium/products/main_regen-serum-50ml_1686049514.webp,for_every_ng,serum,,,,0.35
fng_19027,Foxtale Brightening Body Lotion SPF 30 With Niacinamide & Vitamin C | 200ML,Foxtale Brightening Body Lotion SPF 30 With Niacinamide & Vitamin C,798.0,758.0,0.0,0,in_stock,https://d2wfc4v12a2zxr.cloudfront.net/resized/medium/products/main_foxtale-brightening-body-lotion-spf-30-with-niacinamide-vitamin-c-200ml_1776684298.webp,for_every_ng,moisturizer,,"['dark_circles', 'aging', 'acne', 'pigmentation', 'oiliness', 'dullness']","['niacinamide', 'vitamin_c']",0.8
fng_19612,Foxtale Oil & Acne Control Face Wash 100ml,Foxtale Oil,398.0,378.0,0.0,0,in_stock,https://d2wfc4v12a2zxr.cloudfront.net/resized/medium/products/main_foxtale-oil-acne-control-face-wash-100ml_1772099199.webp,for_every_ng,cleanser,,,,0.35
fng_19610,Foxtale Let It Glow Super Glow Face Wash - 100ml,Foxtale Let It Glow Super Glow Face Wash,399.0,379.0,0.0,0,in_stock,https://d2wfc4v12a2zxr.cloudfront.net/resized/medium/products/main_foxtale-let-it-glow-super-glow-face-wash-100ml_1772098269.webp,for_every_ng,cleanser,,,,0.35
fng_18466,"Foxtale In The Limelight Super Glow Moisturizer, 50ml",Foxtale In,712.0,676.0,0.0,0,in_stock,https://d2wfc4v12a2zxr.cloudfront.net/resized/medium/products/main_foxtale-in-the-limelight-super-glow-moisturizer-50ml_1772096724.webp,for_every_ng,moisturizer,,,,0.35
fng_16984,JM solution Water Luminous S.O.S Ringer Intensive Mask Sep-26 (Per sheet),JM solution,299.0,269.0,0.0,0,in_stock,https://d2wfc4v12a2zxr.cloudfront.net/resized/medium/products/main_jm-solution-water-luinous-sos-ringer-intensive-mask_1717740669.webp,for_every_ng,mask,,,,0.35
fng_19597,POND'S Pure Detox Face Wash 100 g,POND'S Pure,255.0,237.0,0.0,0,in_stock,https://d2wfc4v12a2zxr.cloudfront.net/resized/medium/products/main_ponds-pure-detox-face-wash-100-g_1770026984.webp,for_every_ng,cleanser,,,,0.35
fng_19611,Foxtale 12% Niacinamide + Azelaic Acid Clarifying serum - 30ml,Foxtale 12% Niacinamide + Azelaic Acid Clarifying serum,1032.0,980.0,0.0,0,in_stock,https://d2wfc4v12a2zxr.cloudfront.net/resized/medium/products/main_foxtale-12-niacinamide-azelaic-acid-clarifying-serum-30ml_1772097940.webp,for_every_ng,serum,,"['aging', 'acne', 'sensitivity', 'pigmentation', 'oiliness', 'dullness']","['niacinamide', 'azelaic_acid']",0.8
fng_19426,UV Doux Face Moisturizer for All Skin Types -100gm,UV Doux,680.0,646.0,0.0,0,in_stock,https://d2wfc4v12a2zxr.cloudfront.net/resized/medium/products/main_uv-doux-face-moisturizer-for-all-skin-types-100gm_1777355029.webp,for_every_ng,moisturizer,['combination'],,,0.55
fng_19844,Pax Moly Real Coenzyme Q10 Mask - 25ml (2.1),Pax Moly Real Coenzyme Q10 Mask,100.0,70.0,0.0,0,in_stock,https://d2wfc4v12a2zxr.cloudfront.net/resized/medium/products/main_pax-moly-real-coenzyme-q10-mask-25ml-21_1773125670.webp,for_every_ng,mask,,,,0.35
fng_18422,Re'equil Radiance Boosting Face Toner for Pigmentation and Dark Spots Removal 100 ml,Re'equil Radiance,792.0,752.0,0.0,0,in_stock,https://d2wfc4v12a2zxr.cloudfront.net/resized/medium/products/main_reequil-radiance-boosting-face-toner-for-pigmentation-and-dark-spots-removal-100-ml_1741756289.webp,for_every_ng,toner,,,,0.35
fng_18341,Well Well  Sulphate Free Gentle Face Wash 120ml,Well Well,719.0,719.0,0.0,0,in_stock,https://d2wfc4v12a2zxr.cloudfront.net/resized/medium/products/main_well-well-sulphate-free-gentle-face-wash-120ml_1739334858.webp,for_every_ng,cleanser,['sensitive'],,,0.55
fng_18448,Foxtale 0.15% Retinol Night Serum for Anti-Ageing,Foxtale 0.15%,958.0,910.0,0.0,0,in_stock,https://d2wfc4v12a2zxr.cloudfront.net/resized/medium/products/main_foxtale-015-retinol-night-serum-for-anti-ageing_1742530872.webp,for_every_ng,serum,,"['pigmentation', 'aging', 'acne', 'dark_circles']",['retinol'],0.8
fng_19845,Pax Moly Real Lavender Mask Pack - 25ml (2.1),Pax Moly Real Lavender Mask Pack,100.0,70.0,0.0,0,in_stock,https://d2wfc4v12a2zxr.cloudfront.net/resized/medium/products/main_pax-moly-real-lavender-mask-pack-25ml-21_1773125587.webp,for_every_ng,mask,,,,0.35
fng_19530,Scar Z Specialized Solution For Scar 12g,Scar Z,675.0,675.0,0.0,0,in_stock,https://d2wfc4v12a2zxr.cloudfront.net/resized/medium/products/main_scar-z-specialized-solution-for-scar-12g_1768559550.webp,for_every_ng,,,,,0.35
fng_19280,medicube Triple Collagen Serum 55ml,medicube Triple,4500.0,3825.0,0.0,0,in_stock,https://d2wfc4v12a2zxr.cloudfront.net/resized/medium/products/main_medicube-triple-collagen-serum-55ml_1764155577.webp,for_every_ng,serum,,,,0.35
fng_19284,I'm From Rice Serum 30ml,I'm From,3700.0,3330.0,0.0,0,in_stock,https://d2wfc4v12a2zxr.cloudfront.net/resized/medium/products/main_im-from-rice-serum-30ml_1764172305.webp,for_every_ng,serum,,,,0.35
fng_19283,I'm From Rice Cream 50g,I'm From,3700.0,3330.0,0.0,0,in_stock,https://d2wfc4v12a2zxr.cloudfront.net/resized/medium/products/main_im-from-rice-cream-50g_1764171878.webp,for_every_ng,,['dry'],,,0.55
fng_14369,SKIN1004 Madagascar Centella Quick Calming Pad 70 Pads (130ml),SKIN1004 Madagascar,3100.0,2480.0,0.0,0,in_stock,https://d2wfc4v12a2zxr.cloudfront.net/resized/medium/products/main_skin1004-madagascar-centella-quick-calming-pad-70-pads-130ml_1691310046.webp,for_every_ng,,['sensitive'],['sensitivity'],['centella_asiatica'],1.0
fng_18130,SunScoop Ultra Matte Dry Touch Sunscreen SPF 50 PA+++,SunScoop Ultra,1118.0,1118.0,0.0,0,in_stock,https://d2wfc4v12a2zxr.cloudfront.net/resized/medium/products/main_sunscoop-ultra-matte-dry-touch-sunscreen-spf-50-pa_1736418314.webp,for_every_ng,sunscreen,"['oily', 'dry']",,,0.55
fng_17394,JM solution Water Luminous S.O.S Ringer Mask Premium 1 sheet Aug-26,JM solution,299.0,150.0,0.0,0,in_stock,https://d2wfc4v12a2zxr.cloudfront.net/resized/medium/products/main_jm-solution-water-luminous-sos-ringer-mask-premium-1-sheet-single-sheet_1723443807.webp,for_every_ng,mask,,,,0.35
fng_19309,KSECRET SEOUL 1988 Essence : Snail Mucin 97% + Rice 100ML,KSECRET SEOUL,3000.0,2550.0,0.0,0,in_stock,https://d2wfc4v12a2zxr.cloudfront.net/resized/medium/products/main_k-secret-seoul-1988-essence-snail-mucin-97-rice-100ml-21_1773051611.webp,for_every_ng,serum,,,,0.35
fng_19606,Minimalist Granactive Retinoid 2% Face Cream,Minimalist Granactive,1119.0,1063.0,0.0,0,in_stock,https://d2wfc4v12a2zxr.cloudfront.net/resized/medium/products/main_minimalist-granactive-retinoid-2-face-cream_1770111897.webp,for_every_ng,moisturizer,['dry'],"['pigmentation', 'aging', 'acne', 'dark_circles']",['retinol'],1.0
fng_18826,Anua Rice Ceramide 7 Hydrating Barrier Serum 50ml (2.1),Anua Rice,3600.0,3240.0,0.0,0,in_stock,https://d2wfc4v12a2zxr.cloudfront.net/resized/medium/products/main_rice-ceramide-7-hydrating-barrier-serum-50ml-ob_1773049967.webp,for_every_ng,serum,['dry'],"['sensitivity', 'dryness']",['ceramides'],1.0
fng_13790,JM solution Honey Luminous Royal Propolis Mask (Per sheet) Oct-25,JM solution,299.0,150.0,0.0,0,in_stock,https://d2wfc4v12a2zxr.cloudfront.net/resized/medium/products/main_jm-solution-water-luminous-golden-cocoon-mask-plus_1688710276.webp,for_every_ng,mask,,,,0.35
fng_18951,"Girls Select Makeup Eraser for Effortless Removal, Just Water Needed – Even Waterproof Makeup, Gentle on Skin",Girls Select,999.0,899.0,0.0,0,in_stock,https://d2wfc4v12a2zxr.cloudfront.net/resized/medium/products/main_girls-select-makeup-eraser-for-effortless-removal-just-water-needed-even-waterproof-m_1755749389.webp,for_every_ng,,['sensitive'],,,0.55
fng_19843,Pax Moly Real Vitamin B5 Sheet Mask Pack - 25 Ml (2.1),Pax Moly Real Vitamin B5 Sheet Mask Pack,100.0,70.0,0.0,0,in_stock,https://d2wfc4v12a2zxr.cloudfront.net/resized/medium/products/main_pax-moly-real-vitamin-b5-sheet-mask-pack-25-ml-21_1773124718.webp,for_every_ng,mask,,,,0.35
fng_20107,Cosrx Advanced Snail Radiance Dual Essence,Cosrx Advanced,4000.0,3600.0,0.0,0,in_stock,https://d2wfc4v12a2zxr.cloudfront.net/resized/medium/products/main_cosrx-advanced-snail-radiance-dual-essence_1778222670.webp,for_every_ng,serum,,,,0.35
fng_16983,JM solution Water Luminous Nmn Mask Premium 5 Sheet per sheet Sep-26,JM solution,299.0,150.0,0.0,0,in_stock,https://d2wfc4v12a2zxr.cloudfront.net/resized/medium/products/main_jm-solution-water-luminous-nmn-mask-premium-5-sheet_1717740129.webp,for_every_ng,mask,,,,0.35
fng_19851,UV Doux OC Moisturizer 50 g,UV Doux,639.0,607.0,0.0,0,in_stock,https://d2wfc4v12a2zxr.cloudfront.net/resized/medium/products/main_uv-doux-oc-moisturizer-50-g_1777355242.webp,for_every_ng,moisturizer,,,,0.35
fng_19854,"Plum Niac ‘N’ Bright Trio Kit | with Niacinamide Face Wash (15 ml), Niacinamide Gel Cream (15 gm) & Niacinamide Sunscreen (15 gm) Combo of 3",Plum Niac ‘N’ Bright Trio Kit,638.0,574.0,0.0,0,in_stock,https://d2wfc4v12a2zxr.cloudfront.net/resized/medium/products/main_plum-niac-n-bright-trio-kit-with-niacinamide-face-wash-15-ml-niacinamide-gel-cream-15_1773401786.webp,for_every_ng,cleanser,"['oily', 'dry']","['aging', 'acne', 'pigmentation', 'oiliness', 'dullness']",['niacinamide'],1.0
fng_19954,Medicube Kojic Acid Turmeric Overnight Wrapping Peel Off Mask 75ml,Medicube Kojic,3900.0,3315.0,0.0,0,in_stock,https://d2wfc4v12a2zxr.cloudfront.net/resized/medium/products/main_medicube-kojic-acid-turmeric-overnight-wrapping-peel-off-mask-75ml_1774592068.webp,for_every_ng,mask,,"['pigmentation', 'dullness']",['kojic_acid'],0.8
fng_20250,Plum BodyLovin' Banoffee For Brekkie Glassic Lip Balm | 10 gm,Plum BodyLovin' Banoffee For Brekkie Glassic Lip Balm,638.0,574.0,0.0,0,in_stock,https://d2wfc4v12a2zxr.cloudfront.net/resized/medium/products/main_plum-bodylovin-banoffee-for-brekkie-glassic-lip-balm-10-gm_1780311211.webp,for_every_ng,lip_care,,,,0.35
fng_18675,ROUND LAB Birch Juice Moisturizing Sun Cushion SPF 50+ PA++++ 15g,ROUND LAB,3000.0,3000.0,0.0,0,in_stock,https://d2wfc4v12a2zxr.cloudfront.net/resized/medium/products/main_round-lab-birch-juice-moisturizing-sun-cushion-spf-50-pa-15g_1748516755.webp,for_every_ng,moisturizer,,,,0.35
fng_18778,SunScoop Ceramides & Rice Water Gel Sunscreen | SPF 50+ PA++++ |45g,SunScoop Ceramides & Rice Water Gel Sunscreen,719.0,719.0,0.0,0,in_stock,https://d2wfc4v12a2zxr.cloudfront.net/resized/medium/products/main_sunscoop-ceramides-rice-water-gel-sunscreen-spf-50-pa_1750750087.webp,for_every_ng,sunscreen,['oily'],"['sensitivity', 'dryness']",['ceramides'],1.0
fng_19307,KSECRET SEOUL 1988 CAPSULE CREAM : NIACINAMIDE 5% + YUJA,KSECRET SEOUL,3300.0,2805.0,0.0,0,in_stock,https://d2wfc4v12a2zxr.cloudfront.net/resized/medium/products/main_ksecret-seoul-1988-capsule-cream-niacinamide-5-yuja_1764302563.webp,for_every_ng,,['dry'],"['aging', 'acne', 'pigmentation', 'oiliness', 'dullness']",['niacinamide'],1.0
fng_19719,Ralycos Eyecos Creamy Gel 15g,Ralycos Eyecos,2500.0,2500.0,0.0,0,in_stock,https://d2wfc4v12a2zxr.cloudfront.net/resized/medium/products/main_ralycos-eyecos-creamy-gel_1771237729.webp,for_every_ng,,"['oily', 'dry']",,,0.55
fng_19720,Ralycos Ceemocee Serum 30ml,Ralycos Ceemocee,3900.0,3900.0,0.0,0,in_stock,https://d2wfc4v12a2zxr.cloudfront.net/resized/medium/products/main_ralycos-ceemocee-serum-30ml_1771238051.webp,for_every_ng,serum,,,,0.35
fng_20171,POND'S Hydra Miracle Gentle Gel Face Wash 100g,POND'S Hydra,390.0,363.0,0.0,0,in_stock,https://d2wfc4v12a2zxr.cloudfront.net/resized/medium/products/main_ponds-hydra-miracle-gentle-gel-face-wash-100g_1779259681.webp,for_every_ng,cleanser,"['oily', 'sensitive']",,,0.55
fng_17811,Derma Co. 5% Propylene Oil Free Moisturizer - 100gm,Derma Co. 5% Propylene Oil Free Moisturizer,527.0,485.0,0.0,0,in_stock,https://d2wfc4v12a2zxr.cloudfront.net/resized/medium/products/main_derma-co-5-propylene-oil-free-moisturizer-100gm_1729759253.webp,for_every_ng,moisturizer,['oily'],,,0.55
fng_18025,SECRET ISLAND Amino Fact Cream 100gm,SECRET ISLAND,990.0,990.0,0.0,0,in_stock,https://d2wfc4v12a2zxr.cloudfront.net/resized/medium/products/main_secret-island-amino-fact-cream-100gm_1735892479.webp,for_every_ng,,['dry'],,,0.55
fng_18028,SECRET ISLAND Anti-aging Serum 18ml,SECRET ISLAND,1200.0,1200.0,0.0,0,in_stock,https://d2wfc4v12a2zxr.cloudfront.net/resized/medium/products/main_secret-island-anti-aging-serum-18ml_1735893028.webp,for_every_ng,serum,,,,0.35
fng_19716,Ralycos Hydramide Moisturizing Lotion,Ralycos Hydramide,850.0,748.0,0.0,0,in_stock,https://d2wfc4v12a2zxr.cloudfront.net/resized/medium/products/main_ralycos-hydramide-moisturizing-lotion_1771236487.webp,for_every_ng,moisturizer,,,,0.35
fng_20170,VASELINE Cloud Soft Light Moisturiser| with Ceramides & Hyaluron Fillers| Non-Sticky | 100 ml,VASELINE Cloud Soft Light Moisturiser| with Ceramides & Hyaluron Fillers| Non-Sticky,350.0,326.0,0.0,0,in_stock,https://d2wfc4v12a2zxr.cloudfront.net/resized/medium/products/main_vaseline-cloud-soft-light-moisturiser-with-ceramides-hyaluron-fillers-non-sticky-100-_1779258639.webp,for_every_ng,moisturizer,,"['sensitivity', 'dryness']",['ceramides'],0.8
fng_19384,S-select Aqua Mild Uv Cut Gel-70g,S-select Aqua,3150.0,2993.0,0.0,0,in_stock,https://d2wfc4v12a2zxr.cloudfront.net/resized/medium/products/main_s-select-aqua-mild-uv-cut-gel-70g_1766052638.webp,for_every_ng,,['oily'],,,0.55
fng_19836,K- SECRET SEOUL 1988 Essence : Snail Mucin 97% + Rice 100ML (2.1),K- SECRET,2990.0,2691.0,0.0,0,in_stock,https://d2wfc4v12a2zxr.cloudfront.net/resized/medium/products/main_k-secret-seoul-1988-essence-snail-mucin-97-rice-100ml-21_1773052004.webp,for_every_ng,serum,,,,0.35
fng_20494,"UV Doux D-Tan Aqua Sunscreen Lotion with SPF 50, PA ++++ 50ml",UV Doux,1000.0,950.0,0.0,0,in_stock,https://d2wfc4v12a2zxr.cloudfront.net/resized/medium/products/main_uv-doux-d-tan-aqua-sunscreen-lotion-with-spf-50-pa-50ml_1781692112.webp,for_every_ng,sunscreen,,,,0.35
fng_18672,Acmist Acne Foam Face Wash 100ml,Acmist Acne,784.0,721.0,0.0,0,in_stock,https://d2wfc4v12a2zxr.cloudfront.net/resized/medium/products/main_brinton-acmist-acne-foam-face-wash-100ml_1748434500.webp,for_every_ng,cleanser,,,,0.35
fng_18685,Hada Labo Advanced Nourish Hyaluronic Acid Serum For Plump and Firm Skin 30ml (Dermatologically Tested),Hada Labo,1990.0,1990.0,0.0,0,in_stock,https://d2wfc4v12a2zxr.cloudfront.net/resized/medium/products/main_hada-labo-advanced-nourish-hyaluronic-acid-serum-for-plump-and-firm-skin-30ml-dermato_1768905013.webp,for_every_ng,serum,['dry'],"['aging', 'dryness']",['hyaluronic_acid'],1.0
fng_18796,CeraVe Hydrating Mineral Sunscreen SPF 50 Face 75ml,CeraVe Hydrating,3750.0,3563.0,0.0,0,in_stock,https://d2wfc4v12a2zxr.cloudfront.net/resized/medium/products/main_cerave-hydrating-mineral-sunscreen-spf-50-face-75ml_1751787053.webp,for_every_ng,sunscreen,['dry'],,,0.55
fng_19532,Melano CC Vitamin C Essence For Enhanced Skin 20ml,Melano CC,1850.0,1850.0,0.0,0,in_stock,https://d2wfc4v12a2zxr.cloudfront.net/resized/medium/products/main_melano-cc-vitamin-c-essence-for-enhanced-skin-20ml_1768822508.webp,for_every_ng,serum,,"['pigmentation', 'dark_circles', 'dullness', 'aging']",['vitamin_c'],0.8
fng_19717,Ralycos Hydramide Sunscreen Lotion SPF 80 ++++,Ralycos Hydramide,1300.0,1144.0,0.0,0,in_stock,https://d2wfc4v12a2zxr.cloudfront.net/resized/medium/products/main_ralycos-hydramide-sunscreen-lotion-spf-80_1771236789.webp,for_every_ng,sunscreen,,,,0.35
fng_18015,Chemist At Play Glycolic Acid Face Toner for Gentle Exfoliation & Skin Hydration- 150ml,Chemist At,719.0,669.0,0.0,0,in_stock,https://d2wfc4v12a2zxr.cloudfront.net/resized/medium/products/main_chemist-at-play-glycolic-acid-face-toner-for-gentle-exfoliation-skin-hydration-150ml_1735454491.webp,for_every_ng,toner,['sensitive'],"['oiliness', 'pigmentation', 'dullness', 'acne']",['glycolic_acid'],1.0
fng_18024,SECRET ISLAND Vitamin C Bright Up Emulsion 100ml,SECRET ISLAND,790.0,790.0,0.0,0,in_stock,https://d2wfc4v12a2zxr.cloudfront.net/resized/medium/products/main_secret-island-vitamin-c-bright-up-emulsion-100ml_1735892290.webp,for_every_ng,moisturizer,,"['pigmentation', 'dark_circles', 'dullness', 'aging']",['vitamin_c'],0.8
fng_18521,Lord's 24 Karat Gold Face Wash 100gm,Lord's 24,560.0,504.0,0.0,0,in_stock,https://d2wfc4v12a2zxr.cloudfront.net/resized/medium/products/main_lords-24-karat-gold-face-wash-100gm_1743393736.webp,for_every_ng,cleanser,,,,0.35
fng_18523,Lord's Cleano Anti Acne Face wash,Lord's Cleano,256.0,230.0,0.0,0,in_stock,https://d2wfc4v12a2zxr.cloudfront.net/resized/medium/products/main_lords-cleano-anti-acne-face-wash_1778669099.webp,for_every_ng,cleanser,,,,0.35
fng_18678,TOCOBO Cica Calming Sun Serum SPF50 PA++++ 50 ml,TOCOBO Cica,2800.0,2296.0,0.0,0,in_stock,https://d2wfc4v12a2zxr.cloudfront.net/resized/medium/products/main_tocobo-cica-calming-sun-serum-spf50-pa-50-ml_1748518965.webp,for_every_ng,sunscreen,['sensitive'],['sensitivity'],['centella_asiatica'],1.0
fng_18830,Anua Heartleaf 70 Soothing Cream 100ml,Anua Heartleaf,4500.0,4050.0,0.0,0,in_stock,https://d2wfc4v12a2zxr.cloudfront.net/resized/medium/products/main_anua-heartleaf-70-soothing-cream-100ml_1753167844.webp,for_every_ng,moisturizer,"['dry', 'sensitive']",,,0.55
fng_18983,Lakme Dew Drama Facewash with Pro-Ceramides & 6% Vitamin E + B3 + F Complex for Glowing Skin - 100gm,Lakme Dew Drama Facewash with Pro-Ceramides & 6% Vitamin E + B3 + F Complex for Glowing Skin,389.0,350.0,0.0,0,in_stock,https://d2wfc4v12a2zxr.cloudfront.net/resized/medium/products/main_lakme-dew-drama-facewash-with-pro-ceramides-6-vitamin-e-b3-f-complex-for-glowing-skin_1756876785.webp,for_every_ng,,,"['sensitivity', 'dark_circles', 'aging', 'dryness']","['ceramides', 'vitamin_e']",0.8
fng_19186,Simple Soothing Water Crème 40g,Simple Soothing,878.0,790.0,0.0,0,in_stock,https://d2wfc4v12a2zxr.cloudfront.net/resized/medium/products/main_simple-soothing-water-creme-40g_1761909272.webp,for_every_ng,,['sensitive'],,,0.55
fng_19286,"PURITO Deep Sea Cream, Hydration, Lightweight, for All Skin Types, Daily Face Moisturizer, Vegan & Cruelty-Free, Korean Skin Care, 50ml",PURITO Deep,2800.0,2660.0,0.0,0,in_stock,https://d2wfc4v12a2zxr.cloudfront.net/resized/medium/products/main_purito-deep-sea-cream-hydration-lightweight-for-all-skin-types-daily-face-moisturizer_1764216694.webp,for_every_ng,moisturizer,"['oily', 'dry', 'combination']",,,0.55
fng_19310,KSECRET SEOUL 1988 Cream : Snail Mucin 93% + Rice,KSECRET SEOUL,3000.0,2550.0,0.0,0,in_stock,https://d2wfc4v12a2zxr.cloudfront.net/resized/medium/products/main_ksecret-seoul-1988-cream-snail-mucin-93-rice_1764303388.webp,for_every_ng,,['dry'],,,0.55
fng_19325,Ralycos Hydramide Hyaluronic acid 2% serum  Hydrate | Plump | Restore,Ralycos Hydramide Hyaluronic acid 2% serum  Hydrate,1200.0,1056.0,0.0,0,in_stock,https://d2wfc4v12a2zxr.cloudfront.net/resized/medium/products/main_ralycos-hydramide-hyaluronic-acid-2-serum-hydrate-plump-restore_1771313012.webp,for_every_ng,serum,,"['aging', 'dryness']",['hyaluronic_acid'],0.8
fng_19478,Dr. sheth's Haldi & Hyaluronic Acid Sunscreen - 50gm,Dr. sheth's Haldi & Hyaluronic Acid Sunscreen,799.0,735.0,0.0,0,in_stock,https://d2wfc4v12a2zxr.cloudfront.net/resized/medium/products/main_dr-sheths-haldi-hyaluronic-acid-sunscreen-50gm_1767757157.webp,for_every_ng,sunscreen,,"['aging', 'dryness']",['hyaluronic_acid'],0.8
fng_19515,Re'equil Pore Refining 5% Niacinamide Serum 25ml (Clearance),Re'equil Pore,712.0,627.0,0.0,0,in_stock,https://d2wfc4v12a2zxr.cloudfront.net/resized/medium/products/main_reequil-pore-refining-5-niacinamide-serum-25ml-clearance_1768541053.webp,for_every_ng,serum,,"['aging', 'acne', 'pigmentation', 'oiliness', 'dullness']",['niacinamide'],0.8
fng_20441,LAKME SUN EXPERT DRY MATTE FLUID SPF 50++++ SUNSCREEN 50ML,LAKME SUN,799.0,719.0,0.0,0,in_stock,https://d2wfc4v12a2zxr.cloudfront.net/resized/medium/products/main_lakme-sun-expert-dry-matte-fluid-spf-50-sunscreen-50ml_1781435531.webp,for_every_ng,sunscreen,"['oily', 'dry']",,,0.55
fng_17590,Pilgrim Illuminating Moisturizer Cream For Face | For Instant Rosy Glow & Spf 15 - 30ml,Pilgrim Illuminating Moisturizer Cream For Face | For Instant Rosy Glow & Spf 15,712.0,655.0,0.0,0,in_stock,https://d2wfc4v12a2zxr.cloudfront.net/resized/medium/products/main_pilgrim-illuminating-moisturizer-cream-for-face-for-instant-rosy-glow-spf-15-30ml_1725945310.webp,for_every_ng,moisturizer,['dry'],,,0.55
fng_18369,"DOUX Daily Ultra Moisturizer Soap Bar with pH 5.5, 75g",DOUX Daily,260.0,247.0,0.0,0,in_stock,https://d2wfc4v12a2zxr.cloudfront.net/resized/medium/products/main_doux-daily-ultra-moisturizer-soap-bar-with-ph-55-75g_1740029855.webp,for_every_ng,moisturizer,,,,0.35
fng_18441,The Derma Co 15% Vitamin C Serum Intense Brightening Ampoule Kit,The Derma,2239.0,2060.0,0.0,0,in_stock,https://d2wfc4v12a2zxr.cloudfront.net/resized/medium/products/main_the-derma-co-15-vitamin-c-serum-intense-brightening-ampoule-kit_1742459540.webp,for_every_ng,serum,,"['pigmentation', 'dark_circles', 'dullness', 'aging']",['vitamin_c'],0.8
fng_18563,Lord's Centella Age- Defying Day Cream 100g,Lord's Centella,1520.0,1368.0,0.0,0,in_stock,https://d2wfc4v12a2zxr.cloudfront.net/resized/medium/products/main_lords-centella-age-defying-day-cream-100g_1743587924.webp,for_every_ng,moisturizer,['dry'],['sensitivity'],['centella_asiatica'],1.0
fng_18687,SECRET ISLAND AHA BHA PHA Peeling Gel With Honey 100G,SECRET ISLAND,550.0,550.0,0.0,0,in_stock,https://d2wfc4v12a2zxr.cloudfront.net/resized/medium/products/main_secret-island-aha-bha-pha-peeling-gel-with-honey-100g_1749030058.webp,for_every_ng,exfoliant,['oily'],"['oiliness', 'pigmentation', 'dullness', 'acne']","['salicylic_acid', 'glycolic_acid', 'lactic_acid']",1.0
fng_18981,Chemist At Play Lip Balm for Chapped & Pigmented Lips | SPF 50 PA++++ & Kojic Acid,Chemist At Play Lip Balm for Chapped & Pigmented Lips,478.0,445.0,0.0,0,in_stock,https://d2wfc4v12a2zxr.cloudfront.net/resized/medium/products/main_chemist-at-play-lip-balm-for-chapped-pigmented-lips-spf-50-pa-kojic-acid_1756637549.webp,for_every_ng,lip_care,,"['pigmentation', 'dullness']",['kojic_acid'],0.8
fng_19265,Lakme Vitamin C Brilliance Facewash - 100g,Lakme Vitamin C Brilliance Facewash,430.0,387.0,0.0,0,in_stock,https://d2wfc4v12a2zxr.cloudfront.net/resized/medium/products/main_lakme-vitamin-c-brilliance-facewash-100g_1763373134.webp,for_every_ng,,,"['pigmentation', 'dark_circles', 'dullness', 'aging']",['vitamin_c'],0.8
fng_19287,Skin1OO4 Centella Probio-Cica Glow Sun Ampoule 50ml,Skin1OO4 Centella,3000.0,2700.0,0.0,0,in_stock,https://d2wfc4v12a2zxr.cloudfront.net/resized/medium/products/main_skin1oo4-centella-probio-cica-glow-sun-ampoule-50ml_1764216932.webp,for_every_ng,serum,,['sensitivity'],['centella_asiatica'],0.8
fng_19516,"Hada Labo Perfect Tranexamic Acid Lotion For Dark Spots, Uneven Skin Tone & Dullness 170ml (Dermatologically Tested)",Hada Labo,1390.0,1390.0,0.0,0,in_stock,https://d2wfc4v12a2zxr.cloudfront.net/resized/medium/products/main_hada-labo-perfect-tranexamic-acid-lotion-for-dark-spots-uneven-skin-tone-dullness-170_1768884703.webp,for_every_ng,,,,,0.35
fng_19535,Sunplay Skin Aqua Moisturizing Serum with Sun Protection for Hydration and Defense SPF 27 PA++ 150g,Sunplay Skin,825.0,825.0,0.0,0,in_stock,https://d2wfc4v12a2zxr.cloudfront.net/resized/medium/products/main_sunplay-skin-aqua-moisturizing-serum-with-sun-protection-for-hydration-and-defense-sp_1768818675.webp,for_every_ng,sunscreen,,,,0.35
fng_19555,Chemist At Play Acne Control Serum 2% Salicylic Acid Serum with Lactic Acid for Face - 30 ml (Bb) (02/25),Chemist At Play Acne Control Serum 2% Salicylic Acid Serum with Lactic Acid for Face,959.0,892.0,0.0,0,in_stock,https://d2wfc4v12a2zxr.cloudfront.net/resized/medium/products/main_chemist-at-play-acne-control-serum-2-salicylic-acid-serum-with-lactic-acid-for-face-3_1769057144.webp,for_every_ng,exfoliant,,"['oiliness', 'dullness', 'acne']","['salicylic_acid', 'lactic_acid']",0.8
fng_14384,SKIN1004 Madagascar Centella Probio-Cica Essence Toner 210ml,SKIN1004 Madagascar,2875.0,2588.0,0.0,0,in_stock,https://d2wfc4v12a2zxr.cloudfront.net/resized/medium/products/main_skin1004-madagascar-centella-probio-cica-essence-toner-210ml_1691320329.webp,for_every_ng,serum,,['sensitivity'],['centella_asiatica'],0.8
fng_14387,SKIN1004 Madagascar Centella Cream – 75ML (2.1),SKIN1004 Madagascar,2800.0,2520.0,0.0,0,in_stock,https://d2wfc4v12a2zxr.cloudfront.net/resized/medium/products/main_skin1004-madagascar-centella-cream-75ml-21_1773120572.webp,for_every_ng,,['dry'],['sensitivity'],['centella_asiatica'],1.0
fng_16429,Khadi Organique Vitamin C Day Cream With SPF 30,Khadi Organique,1250.0,1250.0,0.0,0,in_stock,https://d2wfc4v12a2zxr.cloudfront.net/resized/medium/products/main_khadi-organique-vitamin-c-day-cream-with-spf-30_1713934159.webp,for_every_ng,moisturizer,['dry'],"['pigmentation', 'dark_circles', 'dullness', 'aging']",['vitamin_c'],1.0
fng_17522,Banana Boat Sport Mineral Sunscreen Lotion Spf 50 - 90ml,Banana Boat Sport Mineral Sunscreen Lotion Spf 50,1650.0,1650.0,0.0,0,in_stock,https://d2wfc4v12a2zxr.cloudfront.net/resized/medium/products/main_banana-boat-sport-mineral-sunscreen-lotion-spf-50-90ml_1725337827.webp,for_every_ng,sunscreen,,,,0.35
fng_18514,Lord's Rose Water Face Mist 200ml,Lord's Rose,480.0,432.0,0.0,0,in_stock,https://d2wfc4v12a2zxr.cloudfront.net/resized/medium/products/main_lords-rose-water-face-mist-200ml_1743392653.webp,for_every_ng,toner,,,,0.35
fng_18515,Lord's Vitamin C Moisturiser 100ml,Lord's Vitamin,520.0,468.0,0.0,0,in_stock,https://d2wfc4v12a2zxr.cloudfront.net/resized/medium/products/main_lords-vitamin-c-moisturiser-100ml_1743392767.webp,for_every_ng,moisturizer,,"['pigmentation', 'dark_circles', 'dullness', 'aging']",['vitamin_c'],0.8
fng_18654,Medicube Collagen Overnight Wrapping Peel Off Facial Mask - 75ml,Medicube Collagen Overnight Wrapping Peel Off Facial Mask,4000.0,2840.0,0.0,0,in_stock,https://d2wfc4v12a2zxr.cloudfront.net/resized/medium/products/main_medicube-collagen-overnight-wrapping-peel-off-facial-mask-75ml_1747810042.webp,for_every_ng,exfoliant,,,,0.35
fng_18682,AXIS-Y Mugwort Pore Clarifying Wash Off Pack 100ml,AXIS-Y Mugwort,2600.0,2470.0,0.0,0,in_stock,https://d2wfc4v12a2zxr.cloudfront.net/resized/medium/products/main_axis-y-mugwort-pore-clarifying-wash-off-pack-100ml_1748597648.webp,for_every_ng,,,,,0.35
fng_18719,Himalaya Dark Spot Clearing Turmeric Face Cream|50gm,Himalaya Dark,440.0,418.0,0.0,0,in_stock,https://d2wfc4v12a2zxr.cloudfront.net/resized/medium/products/main_himalaya-dark-spot-clearing-turmeric-face-cream50gm_1749465862.webp,for_every_ng,moisturizer,['dry'],,,0.55
fng_18720,Brightening Vitamin C Orange Face Serum Infused Cream 50g,Brightening Vitamin,440.0,418.0,0.0,0,in_stock,https://d2wfc4v12a2zxr.cloudfront.net/resized/medium/products/main_brightening-vitamin-c-orange-face-serum-infused-cream-50g_1749466019.webp,for_every_ng,serum,['dry'],"['pigmentation', 'dark_circles', 'dullness', 'aging']",['vitamin_c'],1.0
fng_18798,CeraVe Hydrating Toner 200ml,CeraVe Hydrating,3200.0,3040.0,0.0,0,in_stock,https://d2wfc4v12a2zxr.cloudfront.net/resized/medium/products/main_cerave-hydrating-toner-200ml_1751787310.webp,for_every_ng,toner,['dry'],,,0.55
fng_19040,Pilgrim Korean Aloe Cooling Fluid Sunscreen SPF 50+ PA++++,Pilgrim Korean,792.0,729.0,0.0,0,in_stock,https://d2wfc4v12a2zxr.cloudfront.net/resized/medium/products/main_pilgrim-korean-aloe-cooling-fluid-sunscreen-spf-50-pa_1758086887.webp,for_every_ng,sunscreen,,"['sensitivity', 'dryness']",['aloe_vera'],0.8
fng_19084,Ralycos Hydramide 50+ SPF Sunscreen gel with HA 1% and SUNCAT DE   Protect | Hydrate | Nourish,Ralycos Hydramide 50+ SPF Sunscreen gel with HA 1% and SUNCAT DE   Protect,1200.0,1056.0,0.0,0,in_stock,https://d2wfc4v12a2zxr.cloudfront.net/resized/medium/products/main_hydramide-ha-1-and-suncat-de-50-spf-sunscreen-gel-protect-hydrate-nourish_1760420827.webp,for_every_ng,sunscreen,"['oily', 'dry']",,,0.55
fng_19187,Simple Restorative Rich Cream 40g,Simple Restorative,878.0,790.0,0.0,0,in_stock,https://d2wfc4v12a2zxr.cloudfront.net/resized/medium/products/main_simple-restorative-rich-cream-40g_1761910438.webp,for_every_ng,,['dry'],,,0.55
fng_19251,Lord's Sakura Luxe Peel-Off Mask,Lord's Sakura,1760.0,1584.0,0.0,0,in_stock,https://d2wfc4v12a2zxr.cloudfront.net/resized/medium/products/main_lords-sakura-luxe-peel-off-mask_1762942899.webp,for_every_ng,exfoliant,,,,0.35
fng_19260,Dr.sheth's Argireline® Peptide & Copper Peptide B'tox Serum - 30 ml,Dr.sheth's Argireline® Peptide & Copper Peptide B'tox Serum,2399.0,2207.0,0.0,0,in_stock,https://d2wfc4v12a2zxr.cloudfront.net/resized/medium/products/main_drsheths-argireline-peptide-copper-peptide-btox-serum-30-ml_1763114936.webp,for_every_ng,serum,,"['dark_circles', 'aging']",['peptides'],0.8
fng_19324,Ralycos Hydramide Vitamin C 20% serum Brighten | Protect | Revitalize,Ralycos Hydramide Vitamin C 20% serum Brighten,2400.0,2112.0,0.0,0,in_stock,https://d2wfc4v12a2zxr.cloudfront.net/resized/medium/products/main_ralycos-hydramide-vitamin-c-20-serum-brighten-protect-revitalize_1771312954.webp,for_every_ng,serum,,"['pigmentation', 'dark_circles', 'dullness', 'aging']",['vitamin_c'],0.8
fng_19846,TIAM B3 Niacin Sunscreen 50ml (2.1),TIAM B3,3000.0,2250.0,0.0,0,in_stock,https://d2wfc4v12a2zxr.cloudfront.net/resized/medium/products/main_tiam-b3-niacin-sunscreen-50ml-21_1773138132.webp,for_every_ng,sunscreen,,"['aging', 'acne', 'pigmentation', 'oiliness', 'dullness']",['niacinamide'],0.8
fng_16398,Khadi Organique Tea tree Face Serum,Khadi Organique,1750.0,1750.0,0.0,0,in_stock,https://d2wfc4v12a2zxr.cloudfront.net/resized/medium/products/main_khadi-organique-tea-tree-face-serum_1713864817.webp,for_every_ng,serum,,"['oiliness', 'acne']",['tea_tree'],0.8
fng_16399,Khadi Organique Alpha Arbutin 2% Face Serum,Khadi Organique,1575.0,1575.0,0.0,0,in_stock,https://d2wfc4v12a2zxr.cloudfront.net/resized/medium/products/main_khadi-organique-alpha-arbutin-2-face-serum_1713865091.webp,for_every_ng,serum,,"['pigmentation', 'dullness']",['arbutin'],0.8
fng_16403,Khadi Organique Kumkumadi Face Serum,Khadi Organique,1650.0,1650.0,0.0,0,in_stock,https://d2wfc4v12a2zxr.cloudfront.net/resized/medium/products/main_khadi-organique-kumkumadi-face-serum_1713866970.webp,for_every_ng,serum,,,,0.35
fng_16416,Khadi Organique Fenugreek Face Wash,Khadi Organique,625.0,625.0,0.0,0,in_stock,https://d2wfc4v12a2zxr.cloudfront.net/resized/medium/products/main_khadi-organique-fenugreek-face-wash_1713929785.webp,for_every_ng,cleanser,,,,0.35
fng_16495,Pilgrim 24k Gold Gel Face Wash - 80ml,Pilgrim 24k Gold Gel Face Wash,632.0,581.0,0.0,0,in_stock,https://d2wfc4v12a2zxr.cloudfront.net/resized/medium/products/main_pilgrim-24k-gold-gel-face-wash_1714889228.webp,for_every_ng,cleanser,['oily'],,,0.55
fng_16572,Teenilicious Wash For Body Acne,Teenilicious Wash,760.0,760.0,0.0,0,in_stock,https://d2wfc4v12a2zxr.cloudfront.net/resized/medium/products/main_teenilicious-wash-for-body-acne_1715253807.webp,for_every_ng,,,,,0.35
fng_17436,"Prisa Organics Deep honey Moisturizing Lotion, Provides Instant and Long Lasting Hydration, 100ml",Prisa Organics,472.0,472.0,0.0,0,in_stock,https://d2wfc4v12a2zxr.cloudfront.net/resized/medium/products/main_prisa-organics-deep-moisturizing-lotion-provides-instant-and-long-lasting-hydration-1_1723546964.webp,for_every_ng,moisturizer,,,,0.35
fng_17438,Prisa Organics Firming Night Cream | For Glowing and Lifting skin (50ml),Prisa Organics Firming Night Cream,944.0,944.0,0.0,0,in_stock,https://d2wfc4v12a2zxr.cloudfront.net/resized/medium/products/main_prisa-organics-firming-night-cream-for-glowing-and-lifting-skin-50ml_1723547529.webp,for_every_ng,moisturizer,['dry'],,,0.55
fng_12408,"Olnatures Whitening Face Wash, 60ml",Olnatures Whitening,640.0,640.0,0.0,0,in_stock,https://d2wfc4v12a2zxr.cloudfront.net/resized/medium/products/olnatures-whitening-face-wash-60ml_1678863928.webp,for_every_ng,cleanser,,,,0.35
fng_17535,Herveda Botanicals Daily Defense Moisturizer (Day Cream) - 50 gm,Herveda Botanicals Daily Defense Moisturizer (Day Cream),2050.0,1948.0,0.0,0,in_stock,https://d2wfc4v12a2zxr.cloudfront.net/resized/medium/products/main_herveda-botanicals-daily-defense-moisturizer-day-cream-50-gm_1725445185.webp,for_every_ng,moisturizer,['dry'],,,0.55
fng_17540,Herveda Botanicals Tea Tree Citrus Cleanser - 150ml,Herveda Botanicals Tea Tree Citrus Cleanser,1650.0,1568.0,0.0,0,in_stock,https://d2wfc4v12a2zxr.cloudfront.net/resized/medium/products/main_herveda-botanicals-tea-tree-citrus-cleanser-150ml_1725446590.webp,for_every_ng,cleanser,,"['oiliness', 'acne']",['tea_tree'],0.8
fng_17582,Pilgrim Vitamin C Lip Balm SPF 30 - 9gm,Pilgrim Vitamin C Lip Balm SPF 30,360.0,331.0,0.0,0,in_stock,https://d2wfc4v12a2zxr.cloudfront.net/resized/medium/products/main_pilgrim-vitamin-c-lip-balm-spf-30-9gm_1725883870.webp,for_every_ng,lip_care,,"['pigmentation', 'dark_circles', 'dullness', 'aging']",['vitamin_c'],0.8
fng_18442,The Derma Co 5% Glycolic + 2% Kojic Acid Serum Pigmentation Corrector Ampoule Kit,The Derma,2239.0,2060.0,0.0,0,in_stock,https://d2wfc4v12a2zxr.cloudfront.net/resized/medium/products/main_the-derma-co-5-glycolic-2-kojic-acid-serum-pigmentation-corrector-ampoule-kit_1742459700.webp,for_every_ng,spot_treatment,,"['oiliness', 'pigmentation', 'dullness', 'acne']","['glycolic_acid', 'kojic_acid']",0.8
fng_18517,Lord's Coffee Face Wash for Skin Rejuvenation 100 ml,Lord's Coffee,480.0,432.0,0.0,0,in_stock,https://d2wfc4v12a2zxr.cloudfront.net/resized/medium/products/main_lords-coffee-face-wash-for-skin-rejuvenation-100-ml_1743393016.webp,for_every_ng,cleanser,,,,0.35
fng_18525,Lord's  Strawberry SPF 50 Matt Gel Sunscreen 50ml,Lord's Strawberry,560.0,504.0,0.0,0,in_stock,https://d2wfc4v12a2zxr.cloudfront.net/resized/medium/products/main_lords-strawberry-spf-50-matt-gel-sunscreen-50ml_1743396716.webp,for_every_ng,sunscreen,['oily'],,,0.55
fng_18546,Lord's CICA-7 Complex Centella Foam Cleanser 100ml,Lord's CICA-7,960.0,864.0,0.0,0,in_stock,https://d2wfc4v12a2zxr.cloudfront.net/resized/medium/products/main_lords-cica-7-complex-centella-foam-cleanser-100ml_1743583684.webp,for_every_ng,cleanser,,['sensitivity'],['centella_asiatica'],0.8
fng_18559,Lord's Retinol Anti Ageing Night Cream 100g,Lord's Retinol,1840.0,1656.0,0.0,0,in_stock,https://d2wfc4v12a2zxr.cloudfront.net/resized/medium/products/main_lords-retinol-anti-ageing-night-cream-100g_1743586407.webp,for_every_ng,moisturizer,['dry'],"['pigmentation', 'aging', 'acne', 'dark_circles']",['retinol'],1.0
fng_18562,Lords Alpha Arbutin Anti Pigment Face Serum 30 ml,Lords Alpha,760.0,684.0,0.0,0,in_stock,https://d2wfc4v12a2zxr.cloudfront.net/resized/medium/products/main_lords-alpha-arbutin-anti-pigment-face-serum-30-ml_1743587696.webp,for_every_ng,serum,,"['pigmentation', 'dullness']",['arbutin'],0.8
fng_18611,Lord's Under the shadow SPF 70+ Cream 100ml,Lord's Under,1680.0,1512.0,0.0,0,in_stock,https://d2wfc4v12a2zxr.cloudfront.net/resized/medium/products/main_lords-under-the-shadow-spf-70-cream-100ml_1779950299.webp,for_every_ng,sunscreen,['dry'],,,0.55
fng_18615,Lord's cleansing Milk 200ml,Lord's cleansing,600.0,540.0,0.0,0,in_stock,https://d2wfc4v12a2zxr.cloudfront.net/resized/medium/products/main_lords-cleansing-milk-200ml_1744704895.webp,for_every_ng,cleanser,,,,0.35
fng_18679,TOCOBO Cica Cooling Sun Stick SPF50+ PA++++ 18ml,TOCOBO Cica,2800.0,2296.0,0.0,0,in_stock,https://d2wfc4v12a2zxr.cloudfront.net/resized/medium/products/main_tocobo-cica-cooling-sun-stick-spf50-pa-18ml_1748519160.webp,for_every_ng,sunscreen,,['sensitivity'],['centella_asiatica'],0.8
fng_18680,TOCOBO Vita Tone Up Sun Cream SPF50+ PA++++  50ml,TOCOBO Vita,2800.0,2296.0,0.0,0,in_stock,https://d2wfc4v12a2zxr.cloudfront.net/resized/medium/products/main_tocobo-vita-tone-up-sun-cream-spf50-pa-50ml_1748519421.webp,for_every_ng,sunscreen,['dry'],,,0.55
fng_18710,Himalaya Pollution Detox Charcoal Face Scrub | 100g,Himalaya Pollution Detox Charcoal Face Scrub,368.0,350.0,0.0,0,in_stock,https://d2wfc4v12a2zxr.cloudfront.net/resized/medium/products/main_himalaya-pollution-detox-charcoal-face-scrub-100g_1749453111.webp,for_every_ng,exfoliant,,,,0.35
fng_18829,Anua Heartleaf Daily Lotion 200ml,Anua Heartleaf,3200.0,2880.0,0.0,0,in_stock,https://d2wfc4v12a2zxr.cloudfront.net/resized/medium/products/main_anua-heartleaf-daily-lotion-200ml_1753167479.webp,for_every_ng,,,,,0.35
fng_18831,Anua PDRN Hyaluronic Acid Capsule 100 Serum,Anua PDRN,3500.0,3150.0,0.0,0,in_stock,https://d2wfc4v12a2zxr.cloudfront.net/resized/medium/products/main_anua-pdrn-hyaluronic-acid-capsule-100-serum_1753173986.webp,for_every_ng,serum,,"['aging', 'dryness']",['hyaluronic_acid'],0.8
fng_18834,Anua Peach 77% Niacin Essence Toner 250ML (2.1),Anua Peach,3400.0,3060.0,0.0,0,in_stock,https://d2wfc4v12a2zxr.cloudfront.net/resized/medium/products/main_anua-peach-77-niacin-essence-toner-250ml_1753168716.webp,for_every_ng,serum,,"['aging', 'acne', 'pigmentation', 'oiliness', 'dullness']",['niacinamide'],0.8
fng_19085,"Ralycos Hydramide Depigmentation serum with tyrostat 09-1%, alpha arbutin-2% & 3-O  ethyl ascorbic acid Brighten | Radiant | Revive","Ralycos Hydramide Depigmentation serum with tyrostat 09-1%, alpha arbutin-2% & 3-O  ethyl ascorbic acid Brighten",1440.0,1267.0,0.0,0,in_stock,https://d2wfc4v12a2zxr.cloudfront.net/resized/medium/products/main_hydramide-depigmentation-serum-with-tyrostat-09-1-alpha-arbutin-2-3-o-ethyl-ascorbic-_1760421014.webp,for_every_ng,serum,,"['pigmentation', 'dark_circles', 'dullness', 'aging']","['vitamin_c', 'arbutin']",0.8
fng_19165,Enchanteur Charming Perfumed Talc - 100gm,Enchanteur Charming Perfumed Talc,210.0,179.0,0.0,0,in_stock,https://d2wfc4v12a2zxr.cloudfront.net/resized/medium/products/main_enchanteur-charming-perfumed-talc-100gm_1760871126.webp,for_every_ng,,,,,0.35
fng_19191,Lakme 9 To 5 Lumi Lit Cream Highlighter + Moisturizer +Primer With Hyaluronic Acid & Niacinamide (Gold Glaze),Lakme 9,1040.0,936.0,0.0,0,in_stock,https://d2wfc4v12a2zxr.cloudfront.net/resized/medium/products/main_lakme-9-to-5-lumi-lit-cream-highlighter-moisturizer-primer-with-hyaluronic-acid-niaci_1762079186.webp,for_every_ng,moisturizer,['dry'],"['aging', 'acne', 'pigmentation', 'oiliness', 'dullness', 'dryness']","['niacinamide', 'hyaluronic_acid']",1.0
fng_19271,Chemist At Play 10% Niacinamide Clarifying Face Serum - 30 ml,Chemist At Play 10% Niacinamide Clarifying Face Serum,1118.0,1040.0,0.0,0,in_stock,https://d2wfc4v12a2zxr.cloudfront.net/resized/medium/products/main_chemist-at-play-10-niacinamide-clarifying-face-serum-30-ml_1763634328.webp,for_every_ng,serum,,"['aging', 'acne', 'pigmentation', 'oiliness', 'dullness']",['niacinamide'],0.8
fng_19275,Skin1004 Madagascar Centella Probio-cica Bakuchiol Eye Cream-20ml,Skin1004 Madagascar,2600.0,2340.0,0.0,0,in_stock,https://d2wfc4v12a2zxr.cloudfront.net/resized/medium/products/main_skin1004-madagascar-centella-probio-cica-bakuchiol-eye-cream-20ml_1764152375.webp,for_every_ng,eye_cream,['dry'],"['dark_circles', 'aging', 'acne', 'sensitivity', 'pigmentation']","['retinol', 'centella_asiatica']",1.0
fng_19276,SKIN1004 Madagascar Centella Poremizing Quick Clay Stick Mask 27g,SKIN1004 Madagascar,2200.0,1980.0,0.0,0,in_stock,https://d2wfc4v12a2zxr.cloudfront.net/resized/medium/products/main_skin1004-madagascar-centella-poremizing-quick-clay-stick-mask-27g_1764155686.webp,for_every_ng,mask,,['sensitivity'],['centella_asiatica'],0.8
fng_19292,Dr. Althea Vitamin C Boosting Serum,Dr. Althea,2600.0,2470.0,0.0,0,in_stock,https://d2wfc4v12a2zxr.cloudfront.net/resized/medium/products/main_dr-althea-vitamin-c-boosting-serum_1764236653.webp,for_every_ng,serum,,"['pigmentation', 'dark_circles', 'dullness', 'aging']",['vitamin_c'],0.8
fng_19301,K-SECRET Seoul 1988 Cleansing Oil: Pine Cica 1% + Probiotics 200ml,K-SECRET Seoul,3200.0,2720.0,0.0,0,in_stock,https://d2wfc4v12a2zxr.cloudfront.net/resized/medium/products/main_k-secret_1764265022.webp,for_every_ng,cleanser,,['sensitivity'],['centella_asiatica'],0.8
fng_19302,KSECRET - SEOUL 1988 Sun : Pine Tree + Ceramide,KSECRET,2600.0,2210.0,0.0,0,in_stock,https://d2wfc4v12a2zxr.cloudfront.net/resized/medium/products/main_ksecret-seoul-1988-sun-pine-tree-ceramide_1764265466.webp,for_every_ng,,,"['sensitivity', 'dryness']",['ceramides'],0.8
fng_19304,K-SECRET SEOUL 1988 SUN : COLLAGEN COMPLEX 7 + PLUM,K-SECRET SEOUL,2600.0,2210.0,0.0,0,in_stock,https://d2wfc4v12a2zxr.cloudfront.net/resized/medium/products/main_k-secret-seoul-1988-sun-collagen-complex-7-plum_1764266258.webp,for_every_ng,,,,,0.35
fng_19315,Himalaya - Acne Clear+ Scar Removal Serum with 2% Natural Salicylic Acid Reducing Acne & Pigmentation 30ml,Himalaya,1038.0,986.0,0.0,0,in_stock,https://d2wfc4v12a2zxr.cloudfront.net/resized/medium/products/main_himalaya-acne-clear-scar-removal-serum-with-2-natural-salicylic-acid-reducing-acne-pi_1764491983.webp,for_every_ng,serum,,"['oiliness', 'acne']",['salicylic_acid'],0.8
fng_19316,Simple Vitamin C Moisturising Glow Gel 40g,Simple Vitamin,719.0,647.0,0.0,0,in_stock,https://d2wfc4v12a2zxr.cloudfront.net/resized/medium/products/main_simple-vitamin-c-moisturising-glow-gel-40g_1764586304.webp,for_every_ng,moisturizer,['oily'],"['pigmentation', 'dark_circles', 'dullness', 'aging']",['vitamin_c'],1.0
fng_19390,S Select Bellgrace Moisturizing Makeup Remover Sheet-50gm,S Select,999.0,949.0,0.0,0,in_stock,https://d2wfc4v12a2zxr.cloudfront.net/resized/medium/products/main_s-select-bellgrace-moisturizing-makeup-remover-sheet-50gm_1766055056.webp,for_every_ng,cleanser,,,,0.35
fng_19397,Homa Shin S-labo Galactomyces 7p,Homa Shin,1099.0,1044.0,0.0,0,in_stock,https://d2wfc4v12a2zxr.cloudfront.net/resized/medium/products/main_homa-shin-s-labo-galactomyces-7p_1766057280.webp,for_every_ng,,,,,0.35
fng_19416,Dr. sheth's Bakuchiol & Pdrn Ampoule Serum - 30ml,Dr. sheth's Bakuchiol & Pdrn Ampoule Serum,1599.0,1471.0,0.0,0,in_stock,https://d2wfc4v12a2zxr.cloudfront.net/resized/medium/products/main_dr-sheths-bakuchiol-pdrn-ampoule-serum-30ml_1766313474.webp,for_every_ng,serum,,"['pigmentation', 'aging', 'acne', 'dark_circles']",['retinol'],0.8
fng_19453,Homa BIORICA Silk Retinol Facial Mask,Homa BIORICA,2490.0,2366.0,0.0,0,in_stock,https://d2wfc4v12a2zxr.cloudfront.net/resized/medium/products/main_homa-biorica-silk-retinol-facial-mask_1766572218.webp,for_every_ng,mask,,"['pigmentation', 'aging', 'acne', 'dark_circles']",['retinol'],0.8
fng_19552,Homa Shin S-labo Rice Mask 30pcs,Homa Shin,2499.0,2374.0,0.0,0,in_stock,https://d2wfc4v12a2zxr.cloudfront.net/resized/medium/products/main_homa-shin-s-labo-rice-mask-30pcs_1768971147.webp,for_every_ng,mask,,,,0.35
fng_19715,Ralycos Hydramide Brightening Facewash,Ralycos Hydramide,650.0,572.0,0.0,0,in_stock,https://d2wfc4v12a2zxr.cloudfront.net/resized/medium/products/main_ralycos-hydramide-brightening-facewash_1771236323.webp,for_every_ng,,,,,0.35
fng_19875,Medicube Azelaic Acid Niacinamide deep clean Foam Cleanser 120g (2.1),Medicube Azelaic,3200.0,2720.0,0.0,0,in_stock,https://d2wfc4v12a2zxr.cloudfront.net/resized/medium/products/main_medicube-azelaic-acid-niacinamide-deep-clean-foam-cleanser-120g-21_1774328441.webp,for_every_ng,cleanser,,"['aging', 'acne', 'sensitivity', 'pigmentation', 'oiliness', 'dullness']","['niacinamide', 'azelaic_acid']",0.8
fng_19900,Medicube PDRN Pink Tone Up Sun Cream 50ml (2.1),Medicube PDRN,2210.0,1879.0,0.0,0,in_stock,https://d2wfc4v12a2zxr.cloudfront.net/resized/medium/products/main_medicube-pdrn-pink-tone-up-sun-cream-50ml-21_1774336227.webp,for_every_ng,sunscreen,['dry'],,,0.55
fng_19948,Moonwake Mandarin Dream Lip Mask with Hyaluronic - Natural Lip Balm - 5gm,Moonwake Mandarin Dream Lip Mask with Hyaluronic,450.0,450.0,0.0,0,in_stock,https://d2wfc4v12a2zxr.cloudfront.net/resized/medium/products/main_moonwake-mandarin-dream-lip-mask-with-hyaluronic-natural-lip-balm-5gm_1774507053.webp,for_every_ng,mask,,"['aging', 'dryness']",['hyaluronic_acid'],0.8
fng_19966,Himalaya Clear Complexion Brightening Mulethi Face Scrub 100g,Himalaya Clear,320.0,304.0,0.0,0,in_stock,https://d2wfc4v12a2zxr.cloudfront.net/resized/medium/products/main_himalaya-clear-complexion-brightening-mulethi-face-scrub-100g_1775113858.webp,for_every_ng,exfoliant,,,,0.35
fng_20040,Dot & Key Pomegranate Youth 0.2% Retinol Complex Face Serum -30ml,Dot &,958.0,862.0,0.0,0,in_stock,https://d2wfc4v12a2zxr.cloudfront.net/resized/medium/products/main_dot-key-pomegranate-youth-02-retinol-complex-face-serum-30ml_1775383783.webp,for_every_ng,serum,,"['pigmentation', 'aging', 'acne', 'dark_circles']",['retinol'],0.8
fng_20231,Simple Vitamin C Glow Facial Wash 150ml,Simple Vitamin,672.0,605.0,0.0,0,in_stock,https://d2wfc4v12a2zxr.cloudfront.net/resized/medium/products/main_simple-vitamin-c-glow-facial-wash-150ml_1780224987.webp,for_every_ng,,,"['pigmentation', 'dark_circles', 'dullness', 'aging']",['vitamin_c'],0.8
fng_20322,Just Herbs Plant Salicylic Acid Foaming Face Wash -100ml,Just Herbs,632.0,506.0,0.0,0,in_stock,https://d2wfc4v12a2zxr.cloudfront.net/resized/medium/products/main_just-herbs-plant-salicylic-acid-foaming-face-wash-100ml_1780915247.webp,for_every_ng,cleanser,,"['oiliness', 'acne']",['salicylic_acid'],0.8
fng_20323,Just Herbs Tea Tree + Mint Anti-acne Foaming Face Wash 100ml,Just Herbs,632.0,506.0,0.0,0,in_stock,https://d2wfc4v12a2zxr.cloudfront.net/resized/medium/products/main_just-herbs-tea-tree-mint-anti-acne-foaming-face-wash-100ml_1780915659.webp,for_every_ng,cleanser,,"['oiliness', 'acne']",['tea_tree'],0.8
fng_20325,Just Herbs Pure Ghee & 24k Gold Deep Nourishing Cream- 50ml,Just Herbs,1752.0,1402.0,0.0,0,in_stock,https://d2wfc4v12a2zxr.cloudfront.net/resized/medium/products/main_just-herbs-pure-ghee-24k-gold-deep-nourishing-cream-50ml_1780916438.webp,for_every_ng,moisturizer,['dry'],,,0.55
fng_20340,Just Herbs Aloe Vera Pomegranate Sunscreen-30 Ml,Just Herbs,680.0,544.0,0.0,0,in_stock,https://d2wfc4v12a2zxr.cloudfront.net/resized/medium/products/main_just-herbs-aloe-vera-pomegranate-sunscreen-30-ml_1780920039.webp,for_every_ng,sunscreen,,"['sensitivity', 'dryness']",['aloe_vera'],0.8
fng_20493,"Acnes Trio Activ Creamy Wash, Clear Acne and Anti Bacteria 50gm",Acnes Trio,230.0,230.0,0.0,0,in_stock,https://d2wfc4v12a2zxr.cloudfront.net/resized/medium/products/main_acnes-trio-activ-creamy-wash-clear-acne-and-anti-bacteria-50gm_1781691751.webp,for_every_ng,,['dry'],,,0.55
fng_14732,Ichi Beauty Gel Mask 40 g,Ichi Beauty,1595.0,1595.0,0.0,0,in_stock,https://d2wfc4v12a2zxr.cloudfront.net/resized/medium/products/main_ichi-beauty-gel-mask-40-g_1694674142.webp,for_every_ng,mask,['oily'],,,0.55
fng_17434,"Prisa Organics Brightening Cream for Skin Lightening & Glow, Gel Cream Formula, SPF 25 | PA+++. 50gm","Prisa Organics Brightening Cream for Skin Lightening & Glow, Gel Cream Formula, SPF 25",798.0,798.0,0.0,0,in_stock,https://d2wfc4v12a2zxr.cloudfront.net/resized/medium/products/main_prisa-organics-brightening-cream-for-skin-lightening-glow-gel-cream-formula-spf-25-pa_1723546422.webp,for_every_ng,moisturizer,"['oily', 'dry']",,,0.55
fng_10874,DHC Medicated Skin Conditioner Lotion - 200Ml,DHC Medicated Skin Conditioner Lotion,2400.0,2400.0,0.0,0,in_stock,https://d2wfc4v12a2zxr.cloudfront.net/resized/medium/products/main_dhc-medicated-skin-conditioner-lotion-200ml_1674035464.webp,for_every_ng,,,,,0.35
fng_17531,Herveda Botanicals Kon Foaming Rice Exfoliant (Aluminum Pack) - 50gm,Herveda Botanicals Kon Foaming Rice Exfoliant (Aluminum Pack),1000.0,950.0,0.0,0,in_stock,https://d2wfc4v12a2zxr.cloudfront.net/resized/medium/products/main_herveda-botanicals-kon-foaming-rice-exfoliant-aluminum-pack-50gm_1725444129.webp,for_every_ng,exfoliant,,,,0.35
fng_17536,Herveda Botanicals Age Perfect Night Concentrate (Night Cream) - 50gm,Herveda Botanicals Age Perfect Night Concentrate (Night Cream),2550.0,2423.0,0.0,0,in_stock,https://d2wfc4v12a2zxr.cloudfront.net/resized/medium/products/main_herveda-botanicals-age-perfect-night-concentrate-night-cream-50-gm_1725445403.webp,for_every_ng,moisturizer,['dry'],,,0.55
fng_17538,Herveda Botanicals Himalayan Hydra Glow Oil - 30ml,Herveda Botanicals Himalayan Hydra Glow Oil,2150.0,2043.0,0.0,0,in_stock,https://d2wfc4v12a2zxr.cloudfront.net/resized/medium/products/main_herveda-botanicals-himalayan-hydra-glow-oil-30ml_1725446082.webp,for_every_ng,,,,,0.35
fng_17542,Herveda Botanicals Intensive Repair Lip Balm - 12gm,Herveda Botanicals Intensive Repair Lip Balm,650.0,618.0,0.0,0,in_stock,https://d2wfc4v12a2zxr.cloudfront.net/resized/medium/products/main_herveda-botanicals-intensive-repair-lip-balm-12gm_1725447059.webp,for_every_ng,lip_care,['dry'],,,0.55
fng_17584,Pilgrim Swiss Aqua Rush 120H Moisturizer for face - 50gm,Pilgrim Swiss Aqua Rush 120H Moisturizer for face,1592.0,1465.0,0.0,0,in_stock,https://d2wfc4v12a2zxr.cloudfront.net/resized/medium/products/main_pilgrim-swiss-aqua-rush-120h-moisturizer-for-face-50gm_1725940076.webp,for_every_ng,moisturizer,,,,0.35
fng_17629,True Derma Glow Cream - 50g,True Derma Glow Cream,2400.0,2280.0,0.0,0,in_stock,https://d2wfc4v12a2zxr.cloudfront.net/resized/medium/products/main_true-derma-glow-cream-50g_1726202808.webp,for_every_ng,,['dry'],,,0.55
fng_18008,Glutafine Face Wash - 70gm,Glutafine Face Wash,680.0,646.0,0.0,0,in_stock,https://d2wfc4v12a2zxr.cloudfront.net/resized/medium/products/main_glutafine-face-wash-70gm_1735290742.webp,for_every_ng,cleanser,,,,0.35
fng_18190,Miniso Fruit Series Facial Cleanser,Miniso Fruit,649.0,389.0,0.0,0,in_stock,https://d2wfc4v12a2zxr.cloudfront.net/resized/medium/products/main_miniso-fruit-series-facial-cleanser_1737709390.webp,for_every_ng,cleanser,,,,0.35
fng_18201,MINISO MEN'S Volcanic Mud Series Exfoliating Gel,MINISO MEN'S,699.0,419.0,0.0,0,in_stock,https://d2wfc4v12a2zxr.cloudfront.net/resized/medium/products/main_miniso-mens-volcanic-mud-series-exfoliating-gel_1737966670.webp,for_every_ng,exfoliant,['oily'],,,0.55
fng_18481,Re'equil Daily Brightening Serum 25ml,Re'equil Daily,712.0,676.0,0.0,0,in_stock,https://d2wfc4v12a2zxr.cloudfront.net/resized/medium/products/main_re-equil-daily-brightening-serum-25ml_1742805110.webp,for_every_ng,serum,,,,0.35
fng_18519,Lord's Coffee Face Scrub for All Skin Types 100 gm,Lord's Coffee,480.0,432.0,0.0,0,in_stock,https://d2wfc4v12a2zxr.cloudfront.net/resized/medium/products/main_lords-coffee-face-scrub-for-all-skin-types-100-gm_1743393378.webp,for_every_ng,exfoliant,['combination'],,,0.55
fng_18598,Lord's Low PH Good Morning Gel Cleanser 100ml,Lord's Low,960.0,864.0,0.0,0,in_stock,https://d2wfc4v12a2zxr.cloudfront.net/resized/medium/products/main_lords-low-ph-good-morning-gel-cleanser-100ml_1744351699.webp,for_every_ng,cleanser,['oily'],,,0.55
fng_18623,Lord's Hydrium Triple Hyaluronic Moisturizing Cleanser 100ml,Lord's Hydrium,1040.0,936.0,0.0,0,in_stock,https://d2wfc4v12a2zxr.cloudfront.net/resized/medium/products/main_lords-hydrium-triple-hyaluronic-moisturizing-cleanser-100ml_1779949175.webp,for_every_ng,moisturizer,,"['aging', 'dryness']",['hyaluronic_acid'],0.8
fng_18955,"Girls Select Exfoliating Back Scrubber for Bath & Shower – Effectively Removes Back Acne, Dead Skin, and Improves Skin Texture for a Clear, Smooth Back",Girls Select,999.0,899.0,0.0,0,in_stock,https://d2wfc4v12a2zxr.cloudfront.net/resized/medium/products/main_girls-select-exfoliating-back-scrubber-for-bath-shower-effectively-removes-back-acne-_1755752468.webp,for_every_ng,exfoliant,,,,0.35
fng_18988,Lakme Skin Solutions Sheet Mask Revitalizing with Vitamin C - 25ml,Lakme Skin Solutions Sheet Mask Revitalizing with Vitamin C,212.0,191.0,0.0,0,in_stock,https://d2wfc4v12a2zxr.cloudfront.net/resized/medium/products/main_lakme-skin-solutions-sheet-mask-revitalizing-with-vitamin-c-25ml_1756886488.webp,for_every_ng,mask,,"['pigmentation', 'dark_circles', 'dullness', 'aging']",['vitamin_c'],0.8
fng_19164,Enchanteur Romantic Perfumed Talc - 200gm,Enchanteur Romantic Perfumed Talc,310.0,264.0,0.0,0,in_stock,https://d2wfc4v12a2zxr.cloudfront.net/resized/medium/products/main_enchanteur-romantic-perfumed-talc-200gm_1760870899.webp,for_every_ng,,,,,0.35
fng_19248,Lord's Sakura Luxe Petal Soft Cleanser,Lord's Sakura,1600.0,1440.0,0.0,0,in_stock,https://d2wfc4v12a2zxr.cloudfront.net/resized/medium/products/main_lords-sakura-luxe-petal-soft-cleanser_1762941556.webp,for_every_ng,cleanser,,,,0.35
fng_19249,Lord's Sakura Luxe Brightening Cream,Lord's Sakura,2080.0,1872.0,0.0,0,in_stock,https://d2wfc4v12a2zxr.cloudfront.net/resized/medium/products/main_lords-sakura-luxe-brightening-cream_1762942273.webp,for_every_ng,,['dry'],,,0.55
fng_19250,Lord's Sakura Luxe Hydra Glow Ultra Light Moisturizer,Lord's Sakura,1760.0,1584.0,0.0,0,in_stock,https://d2wfc4v12a2zxr.cloudfront.net/resized/medium/products/main_lords-sakura-luxe-hydra-glow-ultra-light-moisturizer_1762942632.webp,for_every_ng,moisturizer,,,,0.35
fng_19252,Lord's Sakura Luxe Radiance Serum,Lord's Sakura,2160.0,1944.0,0.0,0,in_stock,https://d2wfc4v12a2zxr.cloudfront.net/resized/medium/products/main_lords-sakura-luxe-radiance-serum_1762944791.webp,for_every_ng,serum,,,,0.35
fng_19254,Lord's Sakura Luxe Radiant Shield Sunscreen,Lord's Sakura,2400.0,2160.0,0.0,0,in_stock,https://d2wfc4v12a2zxr.cloudfront.net/resized/medium/products/main_lords-sakura-luxe-radiant-shield-sunscreen_1762945199.webp,for_every_ng,sunscreen,,,,0.35
fng_19305,KSECRET - SEOUL 1988 Glow Serum : Niacinamide 15% + Yuja,KSECRET,3200.0,2720.0,0.0,0,in_stock,https://d2wfc4v12a2zxr.cloudfront.net/resized/medium/products/main_ksecret-seoul-1988-glow-serum-niacinamide-15-yuja_1764266547.webp,for_every_ng,serum,,"['aging', 'acne', 'pigmentation', 'oiliness', 'dullness']",['niacinamide'],0.8
fng_19306,KSECRET SEOUL 1988 BOOSTING SERUM: COLLAGEN COMPLEX 7 + RED GINSENG,KSECRET SEOUL,3300.0,2805.0,0.0,0,in_stock,https://d2wfc4v12a2zxr.cloudfront.net/resized/medium/products/main_ksecret-seoul-1988-boosting-serum-collagen-complex-7-red-ginseng_1764266845.webp,for_every_ng,serum,,,,0.35
fng_19308,KSECRET SEOUL 1988 BOOSTING BALL : COLLAGEN 100%,KSECRET SEOUL,3500.0,2975.0,0.0,0,in_stock,https://d2wfc4v12a2zxr.cloudfront.net/resized/medium/products/main_ksecret-seoul-1988-boosting-ball-collagen-100_1764302803.webp,for_every_ng,,,,,0.35
fng_19329,Lords Aqua Ultra Hydrating Face Wash 100 ml,Lords Aqua,480.0,432.0,0.0,0,in_stock,https://d2wfc4v12a2zxr.cloudfront.net/resized/medium/products/main_lords-aqua-ultra-hydrating-face-wash-100-ml_1778665700.webp,for_every_ng,cleanser,['dry'],,,0.55
fng_19367,Mamaearth Cocoa Rich Moisturizing Cream with Cocoa Butter & Vit E for Deep Nourishment - 200g,Mamaearth Cocoa Rich Moisturizing Cream with Cocoa Butter & Vit E for Deep Nourishment,718.0,661.0,0.0,0,in_stock,https://d2wfc4v12a2zxr.cloudfront.net/resized/medium/products/main_mamaearth-cocoa-rich-moisturizing-cream-with-cocoa-butter-vit-e-for-deep-nourishment-_1765955651.webp,for_every_ng,moisturizer,['dry'],,,0.55
fng_19383,S-select Tone Up Uv Cut Gel-70g,S-select Tone,2990.0,2841.0,0.0,0,in_stock,https://d2wfc4v12a2zxr.cloudfront.net/resized/medium/products/main_s-select-tone-up-uv-cut-gel-70g_1766049963.webp,for_every_ng,,['oily'],,,0.55
fng_19393,S Select Uv Protection Gel Lotion 300ml,S Select,3150.0,2993.0,0.0,0,in_stock,https://d2wfc4v12a2zxr.cloudfront.net/resized/medium/products/main_s-select-uv-protection-gel-lotion-300ml_1766055869.webp,for_every_ng,sunscreen,['oily'],,,0.55
fng_19436,Homa Deve CICA Hydro Moisture Gel 300g,Homa Deve,1990.0,1891.0,0.0,0,in_stock,https://d2wfc4v12a2zxr.cloudfront.net/resized/medium/products/main_homa-deve-cica-hydro-moisture-gel-300g_1766558723.webp,for_every_ng,,['oily'],['sensitivity'],['centella_asiatica'],1.0
fng_19443,Homa Nmn White All In One Gel 245G,Homa Nmn,1990.0,1891.0,0.0,0,in_stock,https://d2wfc4v12a2zxr.cloudfront.net/resized/medium/products/main_homa-nmn-white-all-in-one-gel-245g_1766568657.webp,for_every_ng,,['oily'],,,0.55
fng_19445,Homa cyclear Vitamin C UV Essence 70g,Homa cyclear,1490.0,1416.0,0.0,0,in_stock,https://d2wfc4v12a2zxr.cloudfront.net/resized/medium/products/main_homa-cyclear-vitamin-c-uv-essence-70g_1766569013.webp,for_every_ng,serum,,"['pigmentation', 'dark_circles', 'dullness', 'aging']",['vitamin_c'],0.8
fng_19454,Homa Mdskin Vitamin Premium Care Mask 30P,Homa Mdskin,1999.0,1899.0,0.0,0,in_stock,https://d2wfc4v12a2zxr.cloudfront.net/resized/medium/products/main_homa-mdskin-vitamin-premium-care-mask-30p_1766572412.webp,for_every_ng,mask,,,,0.35
fng_19455,Homa Mdskin Niacinamide Premium Care Mask 10P,Homa Mdskin,1190.0,1131.0,0.0,0,in_stock,https://d2wfc4v12a2zxr.cloudfront.net/resized/medium/products/main_homa-mdskin-niacinamide-premium-care-mask-10p_1766572523.webp,for_every_ng,mask,,"['aging', 'acne', 'pigmentation', 'oiliness', 'dullness']",['niacinamide'],0.8
fng_19538,S SELECT Hatomugi The Light Up UV Essence SPF 50+ PA++++,S SELECT,2499.0,2374.0,0.0,0,in_stock,https://d2wfc4v12a2zxr.cloudfront.net/resized/medium/products/main_s-select-hatomugi-the-light-up-uv-essence-spf-50-pa_1768730516.webp,for_every_ng,serum,,,,0.35
fng_19596,Pond's Bright Beauty Anti Spot Serum Cream 25G,Pond's Bright,150.0,140.0,0.0,0,in_stock,https://d2wfc4v12a2zxr.cloudfront.net/resized/medium/products/main_ponds-bright-beauty-anti-spot-serum-cream-25g_1770026836.webp,for_every_ng,serum,['dry'],,,0.55
fng_19732,Avani Almond Oil- 100 Ml,Avani Almond,1150.0,1150.0,0.0,0,in_stock,https://d2wfc4v12a2zxr.cloudfront.net/resized/medium/products/main_avani-almond-oil-100-ml_1771753014.webp,for_every_ng,,,,,0.35
fng_19773,Avani Collagen Boosting & Anti Ageing Serum,Avani Collagen,1475.0,1475.0,0.0,0,in_stock,https://d2wfc4v12a2zxr.cloudfront.net/resized/medium/products/main_avani-collagen-boosting-anti-ageing-serum_1771922459.webp,for_every_ng,serum,,,,0.35
fng_19775,Avani Himalayan Charcoal Mask-50g,Avani Himalayan,945.0,945.0,0.0,0,in_stock,https://d2wfc4v12a2zxr.cloudfront.net/resized/medium/products/main_avani-himalayan-charcoal-mask-50g_1771923065.webp,for_every_ng,mask,,,,0.35
fng_19777,Avani Saffron Renewal Cream 50g,Avani Saffron,1195.0,1195.0,0.0,0,in_stock,https://d2wfc4v12a2zxr.cloudfront.net/resized/medium/products/main_avani-nepal-saffron-renewal-cream-50g_1771924076.webp,for_every_ng,,['dry'],,,0.55
fng_19781,Avani Micellar Water-100ml,Avani Micellar,1095.0,1095.0,0.0,0,in_stock,https://d2wfc4v12a2zxr.cloudfront.net/resized/medium/products/main_avani-micellar-water-100ml_1771925067.webp,for_every_ng,cleanser,,,,0.35
fng_19784,Avani Goji Berry Facewash-100ml,Avani Goji,950.0,950.0,0.0,0,in_stock,https://d2wfc4v12a2zxr.cloudfront.net/resized/medium/products/main_avani-goji-berry-facewash-100ml_1771925676.webp,for_every_ng,,,,,0.35
fng_19810,Samoira Ageless Alchemy Anti-wrinkle Toner (120ml),Samoira Ageless,1599.0,1599.0,0.0,0,in_stock,https://d2wfc4v12a2zxr.cloudfront.net/resized/medium/products/main_samoira-ageless-alchemy-anti-wrinkle-toner-120ml_1773055074.webp,for_every_ng,toner,['oily'],,,0.55
fng_19857,Avani CLARITY-C – Anti-Pigmentation Glow Drops 30ml,Avani CLARITY-C,1695.0,1695.0,0.0,0,in_stock,https://d2wfc4v12a2zxr.cloudfront.net/resized/medium/products/main_avani-clarity-c-anti-pigmentation-glow-drops-30ml_1773737550.webp,for_every_ng,,,,,0.35
fng_20044,Dot & Key Strawberry Sunscreen Face Mist In-Vivo Tested SPF 50+ PA+++ (Makeup Proof) 80ml,Dot &,959.0,863.0,0.0,0,in_stock,https://d2wfc4v12a2zxr.cloudfront.net/resized/medium/products/main_dot-key-strawberry-sunscreen-face-mist-in-vivo-tested-spf-50-pa-makeup-proof-80ml_1775386215.webp,for_every_ng,sunscreen,,,,0.35
fng_20155,Lord's Retinol Anti-ageing Face Cream SPF 30+++ - 100gm,Lord's Retinol Anti-ageing Face Cream SPF 30+++,1600.0,1440.0,0.0,0,in_stock,https://d2wfc4v12a2zxr.cloudfront.net/resized/medium/products/main_lords-retinol-anti-ageing-face-cream-spf-30-100gm_1778670853.webp,for_every_ng,moisturizer,['dry'],"['pigmentation', 'aging', 'acne', 'dark_circles']",['retinol'],1.0
fng_20156,Lord's Time Miracle Retinol Face Serum- 30ml,Lord's Time,1280.0,1152.0,0.0,0,in_stock,https://d2wfc4v12a2zxr.cloudfront.net/resized/medium/products/main_lords-time-miracle-retinol-face-cream-30ml_1778671111.webp,for_every_ng,serum,,"['pigmentation', 'aging', 'acne', 'dark_circles']",['retinol'],0.8
fng_14381,SKIN1004 Madagascar Centella Tea-Trica Relief Ampoule 100ml,SKIN1004 Madagascar,3300.0,2970.0,0.0,0,in_stock,https://d2wfc4v12a2zxr.cloudfront.net/resized/medium/products/main_skin1004-madagascar-centella-tea-trica-relief-ampoule-100ml_1691319464.webp,for_every_ng,serum,,['sensitivity'],['centella_asiatica'],0.8
fng_16408,Khadi Organique Soap Kit (Set Of 6),Khadi Organique,820.0,820.0,0.0,0,in_stock,https://d2wfc4v12a2zxr.cloudfront.net/resized/medium/products/main_khadi-organique-soap-kit-set-of-6_1713869075.webp,for_every_ng,,,,,0.35
fng_16409,Khadi Organique Red Onion Hair Kit,Khadi Organique,2210.0,2210.0,0.0,0,in_stock,https://d2wfc4v12a2zxr.cloudfront.net/resized/medium/products/main_khadi-organique-red-onion-hair-kit_1713869310.webp,for_every_ng,,,,,0.35
fng_16410,Khadi Organique Activated Charcoal Kit,Khadi Organique,2295.0,2295.0,0.0,0,in_stock,https://d2wfc4v12a2zxr.cloudfront.net/resized/medium/products/main_khadi-organique-activated-charcoal-kit_1713869531.webp,for_every_ng,,,,,0.35
fng_16418,Khadi Organique Vitamin C Face Wash,Khadi Organique,625.0,625.0,0.0,0,in_stock,https://d2wfc4v12a2zxr.cloudfront.net/resized/medium/products/main_khadi-organique-vitamin-c-face-wash_1713931001.webp,for_every_ng,cleanser,,"['pigmentation', 'dark_circles', 'dullness', 'aging']",['vitamin_c'],0.8
fng_16430,Khadi Organique Vitamin E Facial Oil,Khadi Organique,1175.0,1175.0,0.0,0,in_stock,https://d2wfc4v12a2zxr.cloudfront.net/resized/medium/products/main_khadi-organique-vitamin-e-facial-oil_1713934401.webp,for_every_ng,face_oil,,"['dark_circles', 'aging', 'dryness']",['vitamin_e'],0.8
fng_16803,Himalaya Dark Spot Clearing Turmeric Face Pack 100g,Himalaya Dark,264.0,251.0,0.0,0,in_stock,https://d2wfc4v12a2zxr.cloudfront.net/resized/medium/products/main_himalaya-dark-spot-clearing-turmeric-face-pack-100g_1716871039.webp,for_every_ng,,,,,0.35
fng_17035,Cathy Doll Aqua Sun Whitening Body Sun Serum SPF50 PA +++50ml,Cathy Doll,1000.0,1000.0,0.0,0,in_stock,https://d2wfc4v12a2zxr.cloudfront.net/resized/medium/products/main_cathy-doll-aqua-sun-whitening-body-sun-serum-spf50-pa-50ml_1719393336.webp,for_every_ng,serum,,,,0.35
fng_5484,Avani Tea Tree Oil(30ml),Avani Tea,1995.0,1995.0,0.0,0,in_stock,https://d2wfc4v12a2zxr.cloudfront.net/resized/medium/products/avani-tea-tree-oil30ml_1617787100.webp,for_every_ng,,,"['oiliness', 'acne']",['tea_tree'],0.8
fng_10873,DHC Medicated Skin Conditioner Face Wash - 100G,DHC Medicated Skin Conditioner Face Wash,1570.0,1570.0,0.0,0,in_stock,https://d2wfc4v12a2zxr.cloudfront.net/resized/medium/products/dhc-medicated-skin-conditioner-face-wash-100g_1674035105.webp,for_every_ng,cleanser,,,,0.35
fng_17543,Herveda Botanicals Melt-Away Cleansing Balm - 80gm,Herveda Botanicals Melt-Away Cleansing Balm,1050.0,998.0,0.0,0,in_stock,https://d2wfc4v12a2zxr.cloudfront.net/resized/medium/products/main_herveda-botanicals-melt-away-cleansing-balm-80gm_1725447313.webp,for_every_ng,cleanser,,,,0.35
fng_17614,Melao Whitening Sunscreen SPF 50+ PA++++ 30ml,Melao Whitening,1200.0,1200.0,0.0,0,in_stock,https://d2wfc4v12a2zxr.cloudfront.net/resized/medium/products/main_melao-whitening-sunscreen-spf-50-pa-30ml_1726033920.webp,for_every_ng,sunscreen,,,,0.35
fng_17617,Melao Glycolic Acid skin Peel 70% - 30 ml,Melao Glycolic Acid skin Peel 70%,1500.0,1500.0,0.0,0,in_stock,https://d2wfc4v12a2zxr.cloudfront.net/resized/medium/products/main_melao-glycolic-acid-skin-peel-70-30-ml_1726034718.webp,for_every_ng,exfoliant,,"['oiliness', 'pigmentation', 'dullness', 'acne']",['glycolic_acid'],0.8
fng_17897,The Body Shop Heavy-Duty Body Moisture Protector - 200ml,The Body Shop Heavy-Duty Body Moisture Protector,4350.0,4133.0,0.0,0,in_stock,https://d2wfc4v12a2zxr.cloudfront.net/resized/medium/products/main_the-body-shop-heavy-duty-body-moisture-protector-200ml_1732102619.webp,for_every_ng,,,,,0.35
fng_18004,"360 Block Sunscreen Gel SPF 50+,50gm",360 Block,1680.0,1596.0,0.0,0,in_stock,https://d2wfc4v12a2zxr.cloudfront.net/resized/medium/products/main_360-block-sunscreen-gel-spf-50_1735207215.webp,for_every_ng,sunscreen,['oily'],,,0.55
fng_18544,Lord's Centella Water Pore-Tightening Toner 100ml,Lord's Centella,800.0,720.0,0.0,0,in_stock,https://d2wfc4v12a2zxr.cloudfront.net/resized/medium/products/main_lords-centella-water-pore-tightening-toner-100ml_1743583300.webp,for_every_ng,toner,,['sensitivity'],['centella_asiatica'],0.8
fng_18795,Thayers Alcohol-Free Witch Hazel with Organic Aloe Vera Formula Toner 12oz,Thayers Alcohol-Free,1950.0,1950.0,0.0,0,in_stock,https://d2wfc4v12a2zxr.cloudfront.net/resized/medium/products/main_thayers-alcohol-free-witch-hazel-with-organic-aloe-vera-formula-toner-12oz_1751786778.webp,for_every_ng,toner,,"['sensitivity', 'oiliness', 'dryness']","['aloe_vera', 'witch_hazel']",0.8
fng_18827,ANUA Airy Sun Cream SPF 50+ 50ml,ANUA Airy,2800.0,2520.0,0.0,0,in_stock,https://d2wfc4v12a2zxr.cloudfront.net/resized/medium/products/main_anua-airy-sun-cream-spf-50-50ml_1753166670.webp,for_every_ng,sunscreen,['dry'],,,0.55
fng_19293,Dr.Althea 147 Barrier Cream 50ml,Dr.Althea 147,3000.0,2850.0,0.0,0,in_stock,https://d2wfc4v12a2zxr.cloudfront.net/resized/medium/products/main_dralthea-147-barrier-cream-50ml_1764236963.webp,for_every_ng,moisturizer,['dry'],,,0.55
fng_19328,Lord's Ceramide and Hyaluronic Acid Moisturizer (100 ml),Lord's Ceramide,600.0,540.0,0.0,0,in_stock,https://d2wfc4v12a2zxr.cloudfront.net/resized/medium/products/main_lords-ceramide-and-hyaluronic-acid-moisturizer-100-ml_1778668140.webp,for_every_ng,moisturizer,,"['sensitivity', 'aging', 'dryness']","['hyaluronic_acid', 'ceramides']",0.8
fng_19365,Mamaearth Beetroot Daily Glow Face Cream 80gm,Mamaearth Beetroot,399.0,367.0,0.0,0,in_stock,https://d2wfc4v12a2zxr.cloudfront.net/resized/medium/products/main_mamaearth-beetroot-daily-glow-face-cream-80gm_1765955045.webp,for_every_ng,moisturizer,['dry'],,,0.55
fng_19398,Homa Kumano Cosme Pharmaact Acnecontrol Medicated Facial Foam 130g,Homa Kumano,1390.0,1321.0,0.0,0,in_stock,https://d2wfc4v12a2zxr.cloudfront.net/resized/medium/products/main_homa-kumano-cosme-pharmaact-acnecontrol-medicated-facial-foam-130g_1766057496.webp,for_every_ng,,,,,0.35
fng_19399,S-select Vitamin C Enzyme Facial Foam 130g,S-select Vitamin,1290.0,1226.0,0.0,0,in_stock,https://d2wfc4v12a2zxr.cloudfront.net/resized/medium/products/main_s-select-vitamin-c-enzyme-facial-foam-130g_1766057755.webp,for_every_ng,,,"['pigmentation', 'dark_circles', 'dullness', 'aging']",['vitamin_c'],0.8
fng_19457,Homa Iac-Labo Rice Mask Premium 30P,Homa Iac-Labo,2499.0,2374.0,0.0,0,in_stock,https://d2wfc4v12a2zxr.cloudfront.net/resized/medium/products/main_homa-iac-labo-rice-mask-premium-30p_1766574680.webp,for_every_ng,mask,,,,0.35
fng_19459,S SELECT UV PROTECTION SPRAY SUNSCREEN,S SELECT,3150.0,2993.0,0.0,0,in_stock,https://d2wfc4v12a2zxr.cloudfront.net/resized/medium/products/main_s-select-uv-protection-spray-sunscreen_1766576072.webp,for_every_ng,sunscreen,,,,0.35
fng_19776,Avani Cucumber Collagen Water Cream-50g,Avani Cucumber,1125.0,1125.0,0.0,0,in_stock,https://d2wfc4v12a2zxr.cloudfront.net/resized/medium/products/main_avani-cucumber-collagen-water-cream-50g_1771923762.webp,for_every_ng,,['dry'],,,0.55
fng_19785,Avani Salicylic Acid Tea Tree Foaming Face Wash -100 Ml,Avani Salicylic,995.0,995.0,0.0,0,in_stock,https://d2wfc4v12a2zxr.cloudfront.net/resized/medium/products/main_avani-salicylic-acid-tea-tree-foaming-face-wash-100-ml_1771926037.webp,for_every_ng,cleanser,,"['oiliness', 'acne']","['salicylic_acid', 'tea_tree']",0.8
fng_19945,Moonwake Oatmeal Facial Grains - Soothing Exfoliator with Turmeric - Sensitive Skin Care,Moonwake Oatmeal Facial Grains,950.0,950.0,0.0,0,in_stock,https://d2wfc4v12a2zxr.cloudfront.net/resized/medium/products/main_moonwake-oatmeal-facial-grains-soothing-exfoliator-with-turmeric-sensitive-skin-care_1776063484.webp,for_every_ng,exfoliant,['sensitive'],,,0.55
fng_20043,"Dot & Key Hydrating Serum with Hyaluronic Acid & Ceramide | For Plump, Glowing Skin | 30ml",Dot & Key Hydrating Serum with Hyaluronic Acid & Ceramide,1064.0,958.0,0.0,0,in_stock,https://d2wfc4v12a2zxr.cloudfront.net/resized/medium/products/main_dot-key-hydrating-serum-with-hyaluronic-acid-ceramide-for-plump-glowing-skin-30ml_1775385769.webp,for_every_ng,serum,['dry'],"['sensitivity', 'aging', 'dryness']","['hyaluronic_acid', 'ceramides']",1.0
fng_20247,Plum BodyLovin' Kaapi Tiramisu Glassic Lip Balm | 10 gm,Plum BodyLovin' Kaapi Tiramisu Glassic Lip Balm,638.0,574.0,0.0,0,in_stock,https://d2wfc4v12a2zxr.cloudfront.net/resized/medium/products/main_plum-bodylovin-kaapi-tiramisu-glassic-lip-balm-10-gm_1780309413.webp,for_every_ng,lip_care,,,,0.35
fng_20249,Plum BodyLovin' Popcorn N' Pilates Glassic Lip Balm | 10 gm,Plum BodyLovin' Popcorn N' Pilates Glassic Lip Balm,638.0,574.0,0.0,0,in_stock,https://d2wfc4v12a2zxr.cloudfront.net/resized/medium/products/main_plum-bodylovin-popcorn-n-pilates-glassic-lip-balm-10-gm_1780310911.webp,for_every_ng,lip_care,,,,0.35
fng_15793,Simple Kind to Skin Refreshing Facial Foam 150ml,Simple Kind,798.0,718.0,0.0,0,in_stock,https://d2wfc4v12a2zxr.cloudfront.net/resized/medium/products/main_simple-kind-to-skin-refreshing-facial-foam-150ml_1708411987.webp,for_every_ng,,,,,0.35
fng_18671,Lakme Sun Expert SPF 50 PA+++ Tinted Sunscreen with Natural Matte Finish,Lakme Sun,1000.0,900.0,0.0,0,in_stock,https://d2wfc4v12a2zxr.cloudfront.net/resized/medium/products/main_lakme-sun-expert-spf-50-pa-tinted-sunscreen-with-natural-matte-finish_1748411424.webp,for_every_ng,sunscreen,['oily'],,,0.55
jv_110457,FAIRY SKIN TINTED SUNSCREEN SPF 50 PA ++++ SHEER COVERAGE- 50 GM,FAIRY SKIN,1495.0,1289.99065,4.6,16,in_stock,https://stod.jeevee.com/whetstone-products/jeevee_erp/2026-06-04/a4/a4d6a24c2dcdb6186ab9c18f71d73f36cec74f76,jeevee,sunscreen,,,,0.35
jv_66180,MINIMALIST LIGHT FLUID SPF 50 FACE SUNSCREEN - 50ML,MINIMALIST,801.0,760.99806,4.5,16,in_stock,https://stod.jeevee.com/whetstone-products/jeevee_erp/2026-05-28/3c/3c813dba6b591a047b749fef222228e11c96a0db,jeevee,sunscreen,,,,0.35
jv_28131,MINIMALIST 10% VITAMIN B5 GEL FACE MOISTURIZER 50G,MINIMALIST,561.0,532.95561,4.6,63,in_stock,https://stod.jeevee.com/whetstone-products/jeevee_erp/2026-05-28/fc/fcf957a13ba2f0cebfd13a9fd5196474357f8f7d,jeevee,moisturizer,['oily'],,,0.55
jv_34904,BEAUTY OF JOSEON SPF 50 RELIEF SUN CREAM: RICE + PROBIOTICS - 50ML,BEAUTY OF JOSEON,2385.0,2089.99935,4.9,37,in_stock,https://stod.jeevee.com/whetstone-products/jeevee_erp/2025-10-08/85/85554ef8653c0778fa72572981b94eb169943d13,jeevee,sunscreen,['dry'],,,0.55
jv_38351,PLUM RICE WATER & NIACINAMIDE 2% HYBRID SUNSCREEN 50 GM,PLUM,639.0,575.1,4.4,21,in_stock,https://stod.jeevee.com/whetstone-products/jeevee_erp/2026-06-22/22/22c4bb4770ca3f6fc628ff1bd21db8d1d00e357b,jeevee,sunscreen,,"['aging', 'acne', 'pigmentation', 'oiliness', 'dullness']",['niacinamide'],0.8
jv_28091,MINIMALIST SUNSCREEN CREAM SPF 50 LIGHTWEIGHT 50GM,MINIMALIST,641.0,608.94359,4.4,76,in_stock,https://stod.jeevee.com/whetstone-products/jeevee_erp/2026-05-28/1e/1e6425fbe343b2eea3489e5c29b3fb9a79ee1c1d,jeevee,sunscreen,"['oily', 'dry']",,,0.55
jv_1264,KLEIDA SKIN LIGHTENING MOISTURISER 100GM,KLEIDA,1195.0,1111.36195,4.4,50,in_stock,https://stod.jeevee.com/whetstone-products/jeevee_erp/2025-11-24/e9/e99a558c0d24a501ee7f1e08ca61f5c0f721217b,jeevee,moisturizer,,,,0.35
jv_25443,MAMAEARTH RICE FACE WASH WITH RICE WATER & NIACINAMIDE 100ML,MAMAEARTH,430.4,395.968,4.4,27,in_stock,https://stod.jeevee.com/whetstone-products/jeevee_erp/2026-04-21/e6/e6edb91835aefb3c1f22b46ab3a8094babd54e0a,jeevee,cleanser,,"['aging', 'acne', 'pigmentation', 'oiliness', 'dullness']",['niacinamide'],0.8
jv_82326,MEDICUBE – PDRN PINK COLLAGEN GEL MASK [28G X 1 SHEET],MEDICUBE,700.0,649.999,5.0,1,in_stock,https://stod.jeevee.com/whetstone-products/jeevee_erp/2025-03-14/9d/9d7e95be6c84636051934be11dba48c73b123376,jeevee,mask,['oily'],,,0.55
jv_22262,CHEMIST AT PLAY BRIGHTENING BODY WASH - 236ML (3% CAMU CAMU & ALPHA ARBUTIN),CHEMIST AT PLAY,558.4,519.3119999999999,4.3,4,in_stock,https://stod.jeevee.com/whetstone-products/jeevee_erp/2024-01-25/03/03316df6ebd2e694719db8641bbc6a338803a281,jeevee,toner,,"['pigmentation', 'dullness']",['arbutin'],0.8
jv_20583,COSRX – ADVANCED SNAIL 96 MUCIN POWER ESSENCE 100ML,COSRX,2480.0,2189.9888,4.7,96,in_stock,https://stod.jeevee.com/whetstone-products/jeevee_erp/2025-02-04/13/13c9f6469fdf0199f899c43845e6f2b6e562d0db,jeevee,serum,,,,0.35
jv_28132,MINIMALIST 2% SALICYLIC ACID FACE WASH FOR OILY SKIN 100ML,MINIMALIST,478.4,454.47999999999996,4.6,70,in_stock,https://stod.jeevee.com/whetstone-products/jeevee_erp/2026-05-28/01/01bd404ce2903afbd7f747e1c937138fc8b1d5b9,jeevee,cleanser,['oily'],"['oiliness', 'acne']",['salicylic_acid'],1.0
jv_1263,KLEIDA FOAMING FACEWASH - 100GM,KLEIDA,645.0,599.8435499999999,4.5,29,in_stock,https://stod.jeevee.com/whetstone-products/jeevee_erp/2026-01-30/e1/e11aa99cfcf2f4f679f83861cf12ea7dc3c16fac,jeevee,,,,,0.35
jv_28082,MINIMALIST 2% SALICYLIC ACID SERUM 30ML,MINIMALIST,881.0,836.94119,4.5,42,in_stock,https://stod.jeevee.com/whetstone-products/jeevee_erp/2025-10-14/b3/b31e3a0bbcdbfd2376f21362034f099b24367bb9,jeevee,serum,,"['oiliness', 'acne']",['salicylic_acid'],0.8
jv_28508,MINIMALIST MARULA OIL 5% FACE MOISTURIZER FOR DRY SKIN 50G,MINIMALIST,481.0,456.95481,4.7,25,in_stock,https://stod.jeevee.com/whetstone-products/jeevee_erp/2023-02-12/ad/ad260a4358a448037f730c663941da7c7d3e87a1,jeevee,moisturizer,['dry'],,,0.55
jv_28087,MINIMALIST 0.3% RETINOL FACE SERUM 30ML,MINIMALIST,959.0,911.05,4.6,44,in_stock,https://stod.jeevee.com/whetstone-products/jeevee_erp/2023-01-12/c8/c836cef3187c1dfe44727e3d567e088077bb48c8,jeevee,serum,,"['pigmentation', 'aging', 'acne', 'dark_circles']",['retinol'],0.8
jv_69982,PILGRIM 5 CERAMIDES BARRIER REPAIR MOISTURIZER - 100G,PILGRIM,632.0,581.44632,4.7,17,in_stock,https://stod.jeevee.com/whetstone-products/jeevee_erp/2025-10-14/b6/b625dde6e27599e7e23c3e928ca353390be86dfe,jeevee,moisturizer,['dry'],"['sensitivity', 'dryness']",['ceramides'],1.0
jv_38780,AXIS-Y DARK SPOT CORRECTING GLOW SERUM 50ML,AXIS-Y,2300.0,2149.9939999999997,4.6,9,in_stock,https://stod.jeevee.com/whetstone-products/jeevee_erp/2024-02-07/15/153fc9991cb5a07ad8c402ae2363d2f42ae22951,jeevee,serum,,,,0.35
jv_78359,MAMAEARTH RICE LIGHT MOISTURIZING CREAM 200 G,MAMAEARTH,638.4,587.321616,5.0,4,in_stock,https://stod.jeevee.com/whetstone-products/jeevee_erp/2026-04-21/8c/8c8d720e083f145ab6dcbbddaad88526f9f1b7ba,jeevee,moisturizer,['dry'],,,0.55
jv_40947,PILGRIM 2% NIACINAMIDE GLOW SUNSCREEN SPF 50 PA+++ - 50G,PILGRIM,712.0,655.0400000000001,4.2,7,in_stock,https://stod.jeevee.com/whetstone-products/jeevee_erp/2025-11-24/7c/7c46e781a811719a0dc852d4ae8207b17dffe66d,jeevee,sunscreen,,"['aging', 'acne', 'pigmentation', 'oiliness', 'dullness']",['niacinamide'],0.8
jv_109847,CHEMIST AT PLAY ODOUR CONTROL BODY WASH-236ML,CHEMIST AT PLAY,638.4,593.712,5.0,1,in_stock,https://stod.jeevee.com/whetstone-products/jeevee_erp/2025-11-25/2e/2e02ce66937e232043adf5ad2f59e5da81a2d282,jeevee,toner,,,,0.35
jv_145060,CETAPHIL CANADA MOISTURIZING CREAM 453G,CETAPHIL,3100.0,2945.0,0.0,0,in_stock,https://stod.jeevee.com/whetstone-products/jeevee_erp/2026-06-03/c8/c81445ffa32d4f69ace7138687c7587c020d9954,jeevee,moisturizer,['dry'],,,0.55
jv_34205,DR. SHETH’S CERAMIDE & VITAMIN C OIL-FREE MOISTURIZER - 50G,DR. SHETH'S,558.4,513.733584,4.5,17,in_stock,https://stod.jeevee.com/whetstone-products/jeevee_erp/2026-04-21/55/55599d3cbc2b9b9911e195e9e42b1a5046bbd200,jeevee,moisturizer,['oily'],"['dark_circles', 'aging', 'sensitivity', 'pigmentation', 'dullness', 'dryness']","['vitamin_c', 'ceramides']",1.0
jv_40212,ANUA HEARTLEAF PORE CONTROL CLEANSING OIL- 200ML,ANUA,3100.0,2879.993,4.9,5,in_stock,https://stod.jeevee.com/whetstone-products/jeevee_erp/2024-05-05/be/be99870ff440acdefce84c7a8e1efe2e5849e4c8,jeevee,cleanser,,,,0.35
jv_7617,"SUNPLAY SKIN AQUA CLEAR WHITE GEL, 55GM",SUNPLAY,1075.0,1075.0,4.7,7,in_stock,https://stod.jeevee.com/whetstone-products/jeevee_erp/2026-04-21/82/82b5d8faab1c8dea704914da5cc136f005ab8133,jeevee,,['oily'],,,0.55
jv_25208,HADA LABO ADVANCED NOURISH CLEANSING OIL 200ML,HADA LABO,1750.0,1400.0,4.2,15,in_stock,https://stod.jeevee.com/whetstone-products/jeevee_erp/2026-04-21/ef/ef0c8874b70f070bdec9d4324890d50b6956013a,jeevee,cleanser,['dry'],,,0.55
jv_28262,MINIMALIST MULTI PEPTIDE NIGHT FACE SERUM 30 ML,MINIMALIST,1118.4,1062.4911840000002,4.7,14,in_stock,https://stod.jeevee.com/whetstone-products/jeevee_erp/2023-01-31/d5/d50b83908080843cce1ca4e9dd3d85b87dbaba74,jeevee,serum,,"['dark_circles', 'aging']",['peptides'],0.8
jv_44791,AQUALOGICA 5 BARRIER + HYDRA GEL MOISTURIZER 200GM,AQUALOGICA,799.0,743.06201,4.3,9,in_stock,https://stod.jeevee.com/whetstone-products/jeevee_erp/2026-04-21/6a/6a7969bac298ab6ba26fc82fd3ce1599b9d1c149,jeevee,moisturizer,['oily'],,,0.55
jv_31533,THE DERMA CO C-CINAMIDE RADIANCE SUNSCREEN AQUA GEL 50G,THE DERMA CO,799.0,735.07201,4.5,13,in_stock,https://stod.jeevee.com/whetstone-products/jeevee_erp/2023-05-11/3c/3c2384b0813e8c28b0c8926039ef59fb555785f8,jeevee,sunscreen,['oily'],,,0.55
jv_41617,MAMAEARTH RICE WATER DEWY SUNSCREEN 50 G,MAMAEARTH,719.07,661.5444000000001,5.0,0,in_stock,https://stod.jeevee.com/whetstone-products/jeevee_erp/2024-06-02/4d/4d25d4cbe4d29a26be20c5b812e7eee835580558,jeevee,sunscreen,,,,0.35
jv_85601,SUNSCOOP CERAMIDES & RICE WATER GEL SUNSCREEN SPF 50+ PA++ 45G,SUNSCOOP,718.0,550.0023600000001,4.7,3,in_stock,https://stod.jeevee.com/whetstone-products/jeevee_erp/2025-05-14/39/39184f60c16b13d49812e1f28b2f3307c09761dd,jeevee,sunscreen,['oily'],"['sensitivity', 'dryness']",['ceramides'],1.0
jv_109431,PLUM 2% NIACINAMIDE & RICE WATER SPF 50 PA+++ SUNSCREEN-80G,PLUM,958.0,862.2,3.7,5,in_stock,https://stod.jeevee.com/whetstone-products/jeevee_erp/2026-04-21/ec/ec157ed0ac0439f86c5ce666833034fdc20c279b,jeevee,sunscreen,,"['aging', 'acne', 'pigmentation', 'oiliness', 'dullness']",['niacinamide'],0.8
jv_145059,CETAPHIL CANADA DA ULTRA HYDRATING LOTION 473ML,CETAPHIL,3300.0,3135.0,0.0,0,in_stock,https://stod.jeevee.com/whetstone-products/jeevee_erp/2026-06-03/f7/f73c1b1b74ca98b95857090792f000fbf1f3bada,jeevee,,['dry'],,,0.55
jv_79057,PILGRIM 99% ALOE VERA GEL - 200G,PILGRIM,440.0,404.8,0.0,0,in_stock,https://stod.jeevee.com/whetstone-products/jeevee_erp/2025-02-04/39/3942ab4e8d8931e1a3142c004c92cadb198b7a8f,jeevee,,['oily'],"['sensitivity', 'dryness']",['aloe_vera'],1.0
jv_40494,PILGRIM VITAMIN C GEL FACE WASH - 100ML,PILGRIM,400.0,368.0,4.3,1,in_stock,https://stod.jeevee.com/whetstone-products/jeevee_erp/2026-02-18/9d/9d37dfcc8693a6d326207661361519f27aadceaa,jeevee,cleanser,['oily'],"['pigmentation', 'dark_circles', 'dullness', 'aging']",['vitamin_c'],1.0
jv_145055,CETAPHIL CANADA MOISTURIZING LOTION 250ML,CETAPHIL,1965.0,1866.75,0.0,0,in_stock,https://stod.jeevee.com/whetstone-products/jeevee_erp/2026-06-01/b7/b7063a1fea7cead5c555ff10696286cf5261534b,jeevee,moisturizer,,,,0.35
jv_40936,PILGRIM 1% HYALURONIC ACID AQUA SUNSCREEN GEL SPF 50 PA++++ -50G,PILGRIM,632.0,581.44632,3.7,2,in_stock,https://stod.jeevee.com/whetstone-products/jeevee_erp/2026-03-20/7f/7f265caea869a000c50a2d5c71654a5fb1b63ec8,jeevee,sunscreen,['oily'],"['aging', 'dryness']",['hyaluronic_acid'],1.0
jv_41233,DR. SHETH'S MINERAL SUNSCREEN WITH SPF 50+ & PA+++ 50GM,DR. SHETH'S,1119.45,1029.894,4.8,1,in_stock,https://stod.jeevee.com/whetstone-products/jeevee_erp/2026-04-21/44/448adfad3c64527ce557ef5270afb12c6a0a5c61,jeevee,sunscreen,,,,0.35
jv_38446,CHEMIST AT PLAY HYDRATING AND ANTI-AGING UNDEREYE CREAM - 15GM,CHEMIST AT PLAY,558.4,519.3119999999999,4.1,10,in_stock,https://stod.jeevee.com/whetstone-products/jeevee_erp/2026-03-19/e0/e0537cd58c8355d6a77d9103bcdd220f9f8e581a,jeevee,eye_cream,['dry'],,,0.55
jv_9261,"PLUM CANDY MELTS VEGAN LIP BALM - MELON BUBBLE YUM, 12G",PLUM,472.0,424.8,4.8,1,in_stock,https://stod.jeevee.com/whetstone-products/jeevee_erp/2026-04-21/fc/fc2aabbc1e96456c09c2cb9fdc73de2e857cae82,jeevee,lip_care,,,,0.35
jv_89285,MAMAEARTH RICE DEWY BRIGHT FACE PACK 200 G,MAMAEARTH,798.4,734.5200159999999,5.0,1,in_stock,https://stod.jeevee.com/whetstone-products/jeevee_erp/2025-07-01/dd/dd94db03ed6a97ff27ca0b241201dd4c8d9a2b74,jeevee,,,,,0.35
jv_82125,K-SECRET SEOUL 1988 SERUM: RETINAL LIPSOME 2% + BLACK GINSENG-30ML/1.01FL.OZ,K-SECRET,3300.0,2970.0,3.2,3,in_stock,https://stod.jeevee.com/whetstone-products/jeevee_erp/2025-03-09/77/772c7c3a47b4e0e0dca1577493fb65e44918147f,jeevee,serum,,"['pigmentation', 'aging', 'acne', 'dark_circles']",['retinol'],0.8
jv_43482,ANUA NIACINAMIDE 10% + TXA 4% DARK SPOT SERUM-30ML,ANUA,3160.0,2780.01,4.6,6,out_of_stock,https://stod.jeevee.com/whetstone-products/jeevee_erp/2025-05-05/80/80f8c5eab90a1cf314058e9d1a610f8a705043d1,jeevee,serum,,"['aging', 'acne', 'pigmentation', 'oiliness', 'dullness']",['niacinamide'],0.8
jv_87909,DR. ALTHEA – 345 RELIEF CREAM - 50ML,DR. ALTHEA,3840.0,3250.0224,5.0,2,out_of_stock,https://stod.jeevee.com/whetstone-products/jeevee_erp/2025-06-16/87/8713909c1cd5cdef1f37dcd5c54894b551250ef2,jeevee,,['dry'],,,0.55
jv_87007,ANUA AZELAIC ACID 10 HYALURON REDNESS SOOTHING SERUM - 30ML,ANUA,3250.0,2889.9975,5.0,0,out_of_stock,https://stod.jeevee.com/whetstone-products/jeevee_erp/2025-05-21/f5/f59b87121a2c909ff6fe909e954d3aeab6b656cf,jeevee,serum,['sensitive'],"['sensitivity', 'pigmentation', 'acne']",['azelaic_acid'],1.0
jv_70033,MEDICUBE COLLAGEN JELLY CREAM - 110ML,MEDICUBE,3500.0,3150.0,5.0,4,out_of_stock,https://stod.jeevee.com/whetstone-products/jeevee_erp/2024-11-26/13/13db45d7032eb9ca2218ca5a19fb2b2e4c6e3668,jeevee,,['dry'],,,0.55
jv_82145,"K-SECRET SEOUL 1988 EYE CREAM :RETINAL LIPOSOME 4%,FERMENTED BEAN, 30ML",K-SECRET,2800.0,2450.0,5.0,5,out_of_stock,https://stod.jeevee.com/whetstone-products/jeevee_erp/2025-03-09/85/85996c47317c26d00d2efd2a3d09e4b464da1bea,jeevee,eye_cream,['dry'],"['pigmentation', 'aging', 'acne', 'dark_circles']",['retinol'],1.0
jv_26840,"DR.JK 4 VITA-C COLLAGEN SUNSCREEN CREAM, 200ML",PAX MOLY,1650.0,994.9994999999999,4.5,117,out_of_stock,https://stod.jeevee.com/whetstone-products/jeevee_erp/2024-08-13/83/834291943db243b33d3a8437429c40d797e200cc,jeevee,sunscreen,['dry'],,,0.55
jv_8978,DR JK1 SUNSCREEN LOTION SPF50+++ 200 ML,PAX MOLY,1600.0,924.992,4.5,262,out_of_stock,https://stod.jeevee.com/whetstone-products/jeevee_erp/2024-08-13/95/95a3cb93bcc854ccf2d666cd6994af79cf1652eb,jeevee,sunscreen,,,,0.35
jv_130477,MEDICOS SUPER UV SUN BLOCK SPF-50+ -60ML,MEDICOS,1275.0,1275.0,0.0,0,out_of_stock,https://stod.jeevee.com/whetstone-products/jeevee_erp/2026-04-21/9c/9c1b335246d09fc9939edb653bdbeeeb1cd5a058,jeevee,sunscreen,,,,0.35
jv_20591,COSRX- ACNE PIMPLE MASTER PATCH,COSRX,515.0,474.99995,4.1,38,in_stock,https://stod.jeevee.com/whetstone-products/jeevee_erp/2025-05-04/02/02b83920ac080278a196c801a9872589c75c0a6e,jeevee,,,,,0.35
jv_87350,SKIN1004 MADAGASCAR CENTELLA TONE BRIGHTENING CAPSULE AMPOULE-100ML,SKIN1004,2900.0,2590.019,4.8,10,in_stock,https://stod.jeevee.com/whetstone-products/jeevee_erp/2025-06-04/b1/b1f3498499a5f9e2ca5a9455c7d09d48f7a6ca52,jeevee,serum,,['sensitivity'],['centella_asiatica'],0.8
jv_86821,CELIMAX THE VITA-A RETINAL SHOT TIGHTENING BOOSTER - 15ML,CELIMAX,2650.0,2470.012,5.0,0,in_stock,https://stod.jeevee.com/whetstone-products/jeevee_erp/2025-05-21/15/1562c5cfeb0eed68c7c40ad74688bc35ba5a2394,jeevee,serum,,"['pigmentation', 'aging', 'acne', 'dark_circles']",['retinol'],0.8
jv_42363,UBIYA DERMA SKIN THERAPY MOISTURIZER CREAM- 80GM,UBIYA DERMA,1075.0,1021.00275,0.0,0,in_stock,https://stod.jeevee.com/whetstone-products/jeevee_erp/2025-02-24/4d/4dba1a0228237f70376d29299b22ca3f18ebfde1,jeevee,moisturizer,['dry'],,,0.55
jv_29789,PLUM RICE WATER & NIACINAMIDE 3% TONER 150ML,PLUM,704.0,633.6,4.5,28,in_stock,https://stod.jeevee.com/whetstone-products/jeevee_erp/2026-04-21/90/90eba919c44413cbf739a7ca3711af882e0d7233,jeevee,toner,,"['aging', 'acne', 'pigmentation', 'oiliness', 'dullness']",['niacinamide'],0.8
jv_28097,MINIMALIST 2% ALPHA ARBUTIN SERUM 30ML,MINIMALIST,879.0,835.04121,4.4,37,in_stock,https://stod.jeevee.com/whetstone-products/jeevee_erp/2023-01-13/7e/7eebe8134a3af46e7a5f556ec78991b435992edd,jeevee,serum,,"['pigmentation', 'dullness']",['arbutin'],0.8
jv_28080,MINIMALIST 10% NIACINAMIDE FACE SERUM 30ML,MINIMALIST,961.0,912.9499999999999,4.6,65,in_stock,https://stod.jeevee.com/whetstone-products/jeevee_erp/2026-06-17/02/02e7c196963165312acf6cf1b4d48cc9c9422eaa,jeevee,serum,,"['aging', 'acne', 'pigmentation', 'oiliness', 'dullness']",['niacinamide'],0.8
jv_28504,MINIMALIST GENTLE CLEANSER OAT EXTRACT FOR SENSITIVE SKIN 120ML,MINIMALIST,481.0,456.95481,4.7,27,in_stock,https://stod.jeevee.com/whetstone-products/jeevee_erp/2023-02-12/8d/8d24ff58296d2e3b0585d40ea5fc0a3d1ca30d7b,jeevee,cleanser,['sensitive'],"['sensitivity', 'dryness']",['colloidal_oatmeal'],1.0
jv_14016,GARNIER SKIN ACTIVE MICELLAR WATER - 400 ML,GARNIER,1100.0,950.0039999999999,4.0,2,in_stock,https://stod.jeevee.com/whetstone-products/jeevee_erp/2025-07-11/73/73e7b0b4ff8e1270438b9a7b47373024cf938063,jeevee,cleanser,,,,0.35
jv_30199,BIODERMA ATODERM CREME ULTRA NOURISHING 200ML,BIODERMA,2200.0,2090.0,4.9,4,in_stock,https://stod.jeevee.com/whetstone-products/jeevee_erp/2025-11-09/83/83c07d3c6d8504964b916da17e769c922b8bf32c,jeevee,,['dry'],,,0.55
jv_28093,MINIMALIST 5% NIACINAMIDE DAY AND NIGHT FACE SERUM 30ML,MINIMALIST,958.4,910.4799999999999,4.5,24,in_stock,https://stod.jeevee.com/whetstone-products/jeevee_erp/2023-01-13/9f/9fb26947c8f56197f7bff59364444ab8fb95440c,jeevee,serum,,"['aging', 'acne', 'pigmentation', 'oiliness', 'dullness']",['niacinamide'],0.8
jv_42358,UBIYA DERMA 5 IN 1 FACIAL SERUM- 30ML,UBIYA DERMA,1775.0,1686.25,0.0,0,in_stock,https://stod.jeevee.com/whetstone-products/jeevee_erp/2025-02-24/d4/d46b7192555c592cba15b1e23b1abc2a47e4fd69,jeevee,serum,,,,0.35
jv_66623,DOT & KEY BARRIER REPAIR FACE WASH- 100 ML,DOT & KEY,398.4,358.556016,4.1,4,in_stock,https://stod.jeevee.com/whetstone-products/jeevee_erp/2026-04-30/19/1967729f541207a1b7d2152f2e4f587621cbe54d,jeevee,cleanser,['dry'],,,0.55
jv_38965,ACMIST MOISTURIZING CREAM GEL- 100 GM,BRINTON,1192.0,1109.00104,4.7,12,in_stock,https://stod.jeevee.com/whetstone-products/jeevee_erp/2024-03-01/e1/e1693c01bfa0efe7ee6d4bb1e0e5ad881fa34ae5,jeevee,moisturizer,"['oily', 'dry']",,,0.55
jv_31235,FURR BY PEE SAFE ACNE RELIEF PATCHES (30 PATCHES),PEESAFE,478.4,454.47999999999996,3.6,5,in_stock,https://stod.jeevee.com/whetstone-products/jeevee_erp/2023-05-05/c5/c5ae5a705fa100700992c8241166e6282b18decb,jeevee,,,,,0.35
jv_1757,"ACNEMOIST CREAM - FOR ACNE PRONE SKIN, 60GM",CURATIO,719.2,683.196848,4.6,64,in_stock,https://stod.jeevee.com/whetstone-products/jeevee_erp/2024-03-22/c3/c3f3c46d4a27a87286147e9945f68e81da4590eb,jeevee,,"['oily', 'dry']",,,0.55
jv_2719,ACNE DERMA FACEWASH GEL 60GM,PIL,243.04,218.74572159999997,4.6,128,in_stock,https://stod.jeevee.com/whetstone-products/jeevee_erp/2022-09-18/62/62709980b1c8e51c2be83e1fc99ca9488214020c,jeevee,,['oily'],,,0.55
jv_20587,COSRX ADVANCED SNAIL 92 ALL IN ONE CREAM 100 GM,COSRX,2800.0,2389.9959999999996,4.7,26,in_stock,https://stod.jeevee.com/whetstone-products/jeevee_erp/2022-01-26/77/7771b538e71c0faf7ce0bf6df8122563a8e0301f,jeevee,,['dry'],,,0.55
jv_66620,DOT & KEY BARRIER REPAIR FACE CREAM- 100 GM,DOT & KEY,632.0,568.8000000000001,4.8,2,in_stock,https://stod.jeevee.com/whetstone-products/jeevee_erp/2025-10-27/88/885c04fe1f8d64bf38648f4effd008be498ac3d3,jeevee,moisturizer,['dry'],,,0.55
jv_87676,SKIN1004 MADAGASCAR CENTELLA POREMIZING CLARIFYING MASK 23ML,SKIN1004,350.0,320.00849999999997,4.8,2,in_stock,https://stod.jeevee.com/whetstone-products/jeevee_erp/2025-06-03/94/942ebfc884437d36dfb6dc7c5560fd608bc53d3d,jeevee,mask,,['sensitivity'],['centella_asiatica'],0.8
jv_24476,JINA ALCHEMY ABOVE & BEYOND FACIAL OIL 50ML,JINA  ALCHEMY,1000.0,900.0,4.3,6,in_stock,https://stod.jeevee.com/whetstone-products/jeevee_erp/2023-03-05/a8/a8fac2e783fa1c583a248ce111c7bf42052d1a8d,jeevee,face_oil,,,,0.35
jv_70011,ANUA - RICE 70 GLOW MILKY TONER- 250ML,ANUA,3150.0,2970.009,5.0,0,in_stock,https://stod.jeevee.com/whetstone-products/jeevee_erp/2024-11-26/bb/bb638d48e7bd0a4997d3befdae522c8afe56b53a,jeevee,toner,,,,0.35
jv_2645,FIXDERMA MOISTURISING LOTION 150ML,FIXDERMA,536.0,480.99032,4.5,41,in_stock,https://stod.jeevee.com/whetstone-products/jeevee_erp/2022-03-30/70/70fb02d275ebb23626479864399490f6ad8e65c5,jeevee,moisturizer,,,,0.35
jv_1547,ACMIST MOISTURIZING CREAM GEL 50G,BRINTON,697.6,654.997568,4.7,71,in_stock,https://stod.jeevee.com/whetstone-products/jeevee_erp/2022-09-18/2f/2f45315fbeac4cf627cbb041a3c57dd6b47598ef,jeevee,moisturizer,"['oily', 'dry']",,,0.55
jv_72861,ACNES CLEAR PATCH (24 PATCHES),ACNES,390.0,390.0,4.1,1,in_stock,https://stod.jeevee.com/whetstone-products/jeevee_erp/2024-12-09/b7/b79dc9c17d2fcc303a472ba41902047084fde873,jeevee,,,,,0.35
jv_42622,SKIN1004 MADAGASCAR CENTELLA LIGHT CLEANSING OIL- 200ML,SKIN1004,2550.0,2399.9835,0.0,0,in_stock,https://stod.jeevee.com/whetstone-products/jeevee_erp/2024-06-26/34/34562aabbe5ef0e97432f274f64a0089dec90b4e,jeevee,cleanser,,['sensitivity'],['centella_asiatica'],0.8
jv_82421,WISHCARE 5% NIACINAMIDE OIL BALANCE FLUID SUNSCREEN SPF50 PA++++ - 50GM,WISHCARE,799.0,759.05799,4.7,2,in_stock,https://stod.jeevee.com/whetstone-products/jeevee_erp/2025-03-23/ee/ee1c79b3ce53d58982c54af3065afe2f7cfc00b3,jeevee,sunscreen,,"['aging', 'acne', 'pigmentation', 'oiliness', 'dullness']",['niacinamide'],0.8
jv_134133,DOT & KEY WATERMELON COOLING SUNSCREEN SPF 50+ PA++++ -50G,DOT & KEY,712.0,640.8000000000001,0.0,0,in_stock,https://stod.jeevee.com/whetstone-products/jeevee_erp/2026-04-13/18/189d666a528779f26f55cbc26f441021433c0439,jeevee,sunscreen,,,,0.35
jv_129006,DOT & KEY BLUEBERRY HYDRATE BARRIER REPAIR MOISTURIZER- 100G,DOT & KEY,638.4,574.553616,4.3,2,in_stock,https://stod.jeevee.com/whetstone-products/jeevee_erp/2026-03-24/af/af4f805409444193fd500ec15030373f5109ba39,jeevee,moisturizer,['dry'],,,0.55
jv_143141,MISSHA AIRY FIT SHEET MASK # GREEN TEA,MISSHA,140.0,125.0046,0.0,0,in_stock,https://stod.jeevee.com/whetstone-products/jeevee_erp/2026-05-24/90/90d261838bcb5db88e1aac37b05168663f089d81,jeevee,mask,,,,0.35
jv_2344,BIODERMA PHOTODERM SPF 50+ AQUA FLUID 40ML,BIODERMA,500.0,500.0,3.0,2,in_stock,https://stod.jeevee.com/whetstone-products/jeevee_erp/2025-06-15/11/119e0488779e4597b78261af7fb67cb8afe4b767,jeevee,sunscreen,,,,0.35
jv_44795,THE DERMA CO 2% SALI-CINAMIDE ANTI-ACNE FACE WASH 80ML,THE DERMA CO,398.4,366.52401599999996,4.8,3,in_stock,https://stod.jeevee.com/whetstone-products/jeevee_erp/2026-03-12/e9/e943e85f9b42f1d5ee63ae18f086f2b8e3f197e0,jeevee,cleanser,,,,0.35
jv_2717,"UV DOUX SUNSCREEN GEL, SPF 50+, 100GM WITH FREE FACE CLEANSER 125ML",BRINTON,2384.0,2218.7888,4.7,48,in_stock,https://stod.jeevee.com/whetstone-products/jeevee_erp/2026-03-30/20/20efd193bd402c9d21b2669b6a18fd08c0d76b8a,jeevee,cleanser,['oily'],,,0.55
jv_70036,MEDICUBE COLLAGEN OVERNIGHT WRAPPING PEEL OFF FACIAL MASK - 75ML,MEDICUBE,3800.0,3499.9900000000002,4.0,1,in_stock,https://stod.jeevee.com/whetstone-products/jeevee_erp/2024-11-26/15/15e2a0f47efd7d5c14167bf3025bda04c10849f1,jeevee,exfoliant,,,,0.35
jv_25216,"PLUM MANDARIN & VITAMIN C FOAMING FACE WASH, 110ML",PLUM,600.0,540.006,4.2,3,in_stock,https://stod.jeevee.com/whetstone-products/jeevee_erp/2022-08-14/21/2161097a6fce86ff952f5f78c66f52a093977014,jeevee,cleanser,,"['pigmentation', 'dark_circles', 'dullness', 'aging']",['vitamin_c'],0.8
jv_135981,CETAPHIL MOISTURISING CREAM FOR DRY & SENSITIVE SKIN 100 G,CETAPHIL,1438.4,1366.48,0.0,0,in_stock,https://stod.jeevee.com/whetstone-products/jeevee_erp/2026-04-26/38/3883e0c3e77d1cc0a1d0361227be3405e6409976,jeevee,moisturizer,"['dry', 'sensitive']",,,0.55
jv_27191,THE DERMA CO 5% NIACINAMIDE DAILY FACE SERUM 30ML,THE DERMA CO,799.0,735.07201,4.7,5,in_stock,https://stod.jeevee.com/whetstone-products/jeevee_erp/2022-11-28/ab/abd38349ff46ab9a8a1cc102e6480539310f31ff,jeevee,serum,,"['aging', 'acne', 'pigmentation', 'oiliness', 'dullness']",['niacinamide'],0.8
jv_3082,"UV DOUX SUNSCREEN GEL, SPF 50+, 50GM",BRINTON,1278.4,1214.48,4.7,64,in_stock,https://stod.jeevee.com/whetstone-products/jeevee_erp/2023-05-11/b8/b8cecf16dbb96d8d8114a7c252f390f4fb4dafe6,jeevee,sunscreen,['oily'],,,0.55
jv_28086,MINIMALIST 0.3% CERAMIDE MOISTURIZING GEL CREAM 50G,MINIMALIST,961.0,912.9499999999999,4.6,9,in_stock,https://stod.jeevee.com/whetstone-products/jeevee_erp/2025-11-20/0f/0f11848d89b1cb16aa7be3ef939258d6f387d3c6,jeevee,moisturizer,"['oily', 'dry']","['sensitivity', 'dryness']",['ceramides'],1.0
jv_40583,PILGRIM WHITE LOTUS NATURAL FACE MIST & TONER- 100ML,PILGRIM,480.0,441.6048,5.0,0,in_stock,https://stod.jeevee.com/whetstone-products/jeevee_erp/2026-03-18/63/63b2dbef52a7cb9485f8011c834c5d02be7f8ff1,jeevee,toner,,,,0.35
jv_28098,"MINIMALIST PHA 3% ALCOHOL FREE FACE TONER, 150 ML",MINIMALIST,638.4,606.4799999999999,4.4,23,in_stock,https://stod.jeevee.com/whetstone-products/jeevee_erp/2023-01-13/35/35d77475339e90265fbd4d57e966da6713bc22d4,jeevee,toner,,,,0.35
jv_42618,ANUA PEACH 77 NIACIN ESSENCE TONER-250 ML,ANUA,3150.0,2930.004,4.8,4,in_stock,https://stod.jeevee.com/whetstone-products/jeevee_erp/2026-06-28/73/73621d9fb59497649ef97806eba7f4bd51d6fdf9,jeevee,serum,,"['aging', 'acne', 'pigmentation', 'oiliness', 'dullness']",['niacinamide'],0.8
jv_38764,ANUA HEARTLEAF 77+ SOOTHING TONER - 250 ML,ANUA,3150.0,1970.0099999999998,4.8,16,in_stock,https://stod.jeevee.com/whetstone-products/jeevee_erp/2026-06-24/e2/e28e2afb6e31f01d6654426eb88d2db6a6a83008,jeevee,toner,['sensitive'],,,0.55
jv_71339,PLUM 2% NIACINAMIDE & RICE WATER SIMPLY BRIGHT FACE WASH - 100G,PLUM,478.4,430.564784,4.6,2,in_stock,https://stod.jeevee.com/whetstone-products/jeevee_erp/2024-11-29/18/180f788d1682f21c197383cc53208b22d1775206,jeevee,cleanser,,"['aging', 'acne', 'pigmentation', 'oiliness', 'dullness']",['niacinamide'],0.8
jv_47190,SKIN1004 MADAGASCAR CENTELLA HYALU-CICA SILKY FIT SUN STICK - 20GM,SKIN1004,2450.0,2279.9945,5.0,1,in_stock,https://stod.jeevee.com/whetstone-products/jeevee_erp/2024-09-10/cd/cdbf780beebff572730118dc1880b70f98539126,jeevee,,,['sensitivity'],['centella_asiatica'],0.8
jv_38781,MINIMALIST VITAMIN K +RETINAL 01% EYECREAM- 14G,MINIMALIST,801.0,760.9499999999999,4.1,4,in_stock,https://stod.jeevee.com/whetstone-products/jeevee_erp/2024-09-21/76/76515a0737b7fcd848a13e6eab35f142e730d8f6,jeevee,,['dry'],"['pigmentation', 'aging', 'acne', 'dark_circles']",['retinol'],1.0
jv_103174,PLUM RICE WATER & NIACINAMIDE CLEAR MOISTURE GEL CREAM -50 GM,PLUM,840.0,756.0083999999999,5.0,2,in_stock,https://stod.jeevee.com/whetstone-products/jeevee_erp/2025-10-07/fd/fd69c08b8bab0fca66b211f3a5597d1115a48daf,jeevee,moisturizer,"['oily', 'dry']","['aging', 'acne', 'pigmentation', 'oiliness', 'dullness']",['niacinamide'],1.0
jv_40309,PILGRIM FRENCH RED VINE & RETINOL YOUTHFUL GLOW NIGHT CREME- 50G,PILGRIM,1040.0,956.8104,5.0,0,in_stock,https://stod.jeevee.com/whetstone-products/jeevee_erp/2026-03-18/ab/ab38b7ec942f78cf0d5c48b8089a857ff6e05d31,jeevee,,,"['pigmentation', 'aging', 'acne', 'dark_circles']",['retinol'],0.8
jv_66631,DOT & KEY STRAWBERRY DEW SUNSCREEN STICK SPF 50* PA++- 20G,DOT & KEY,952.0,856.8000000000001,2.3,1,in_stock,https://stod.jeevee.com/whetstone-products/jeevee_erp/2024-10-24/c2/c266bfc16a5667c4e25b8a6105226ef72f0dceb0,jeevee,sunscreen,,,,0.35
jv_39167,THE DERMA CO 4% CERAMIDE BARRIER REPAIR MOISTURIZER- 50 GM,THE DERMA CO,366.0,336.72,4.7,15,in_stock,https://stod.jeevee.com/whetstone-products/jeevee_erp/2025-03-12/27/27e15826fece18fa41be51a205a2e2385f4bb571,jeevee,moisturizer,['dry'],"['sensitivity', 'dryness']",['ceramides'],1.0
jv_85337,THE FACE SHOP THE SOLUTION DOUBLE-UP PORE CARE MASK,THE FACE SHOP,290.0,269.9987,0.0,0,in_stock,https://stod.jeevee.com/whetstone-products/jeevee_erp/2025-05-04/87/8708744a346f9c24b4f78dac9e638b3b083e99d2,jeevee,mask,,,,0.35
jv_27738,COSRX SALICYLIC ACID DAILY GENTLE CLEANSER 150ML,COSRX,1650.0,1450.0035,4.5,13,in_stock,https://stod.jeevee.com/whetstone-products/jeevee_erp/2022-12-30/24/24cba917778fb4f06d23d414b0082d44211448d2,jeevee,cleanser,['sensitive'],"['oiliness', 'acne']",['salicylic_acid'],1.0
jv_66625,DOT & KEY CICA FACE WASH- 100 ML,DOT & KEY,398.4,358.556016,5.0,4,in_stock,https://stod.jeevee.com/whetstone-products/jeevee_erp/2024-10-27/41/418a560b9cca79f74dce731e4a34c83c9b978020,jeevee,cleanser,,['sensitivity'],['centella_asiatica'],0.8
jv_85317,THE FACE SHOP REAL NATURE FACE SHEET MASK 20G- POMEGRANATE,THE FACE SHOP,150.0,135.0045,5.0,0,in_stock,https://stod.jeevee.com/whetstone-products/jeevee_erp/2025-05-02/c2/c2352be627cdd639dcd6790a8ecb4c7028d28591,jeevee,mask,,,,0.35
jv_66642,DOT & KEY CICA +NIACINAMIDE OIL - FREE MOISTURIZER- 60 ML,DOT & KEY,792.0,712.80792,5.0,1,in_stock,https://stod.jeevee.com/whetstone-products/jeevee_erp/2025-01-07/e8/e8ffb933bf7910209fe481bdd3eb22ccd0f47a0c,jeevee,moisturizer,,"['aging', 'acne', 'sensitivity', 'pigmentation', 'oiliness', 'dullness']","['niacinamide', 'centella_asiatica']",0.8
jv_131433,[8906147702390] DOT & KEY STRAWBERRY DEW SUNSCREEN IN-VIVO TESTED SPF 50+ PA+++ -80ML,DOT & KEY,958.4,862.56,5.0,1,in_stock,https://stod.jeevee.com/whetstone-products/jeevee_erp/2026-04-05/f0/f011db6417cbf4dd9a3f09acef80507c7726349f,jeevee,sunscreen,,,,0.35
jv_66624,DOT & KEY VITAMIN C SUNSCREEN- 50 GM,DOT & KEY,712.0,640.8000000000001,4.8,5,in_stock,https://stod.jeevee.com/whetstone-products/jeevee_erp/2024-10-25/0c/0c4e15090892f1b94641c76790d5cc51801e03dc,jeevee,sunscreen,,"['pigmentation', 'dark_circles', 'dullness', 'aging']",['vitamin_c'],0.8
jv_82402,WISHCARE CERAMIDE LIP BALM WITH SPF 50 PA+++ (UNTINTED) - 5GM,WISHCARE,479.0,455.05479,4.5,2,in_stock,https://stod.jeevee.com/whetstone-products/jeevee_erp/2025-03-23/6c/6c953c400d9568ad085adb2c42f255840b013b8c,jeevee,lip_care,,"['sensitivity', 'dryness']",['ceramides'],0.8
jv_94079,"JUMISO SNAIL MUCIN 88 + PEPTIDE FACIAL CREAM, 100ML",JUMISO,2350.0,2299.992,0.0,0,in_stock,https://stod.jeevee.com/whetstone-products/jeevee_erp/2025-08-10/d8/d80ab59c2b474eea24c11238a8b792d4a7f9ba10,jeevee,,['dry'],"['dark_circles', 'aging']",['peptides'],1.0
jv_2544,GLUTAFINE FACEWASH 70GM,ETHICARE,680.0,632.4068,4.6,14,in_stock,https://stod.jeevee.com/whetstone-products/jeevee_erp/2022-08-14/ab/ab96a0b25a1ea26cb6a3bf53c4e29cf64c0fb1a9,jeevee,,,,,0.35
jv_24012,CHEMIST AT PLAY ACNE CONTROL BODY WASH WITH CERAMIDES 3% PENTAVITIN + 1% SALICYLIC ACID,CHEMIST AT PLAY,638.4,593.712,4.5,7,in_stock,https://stod.jeevee.com/whetstone-products/jeevee_erp/2025-08-07/e7/e7f3ab23e50593bd01453f4403a97399c477a17f,jeevee,toner,,"['sensitivity', 'oiliness', 'acne', 'dryness']","['salicylic_acid', 'ceramides']",0.8
jv_85334,THE FACE SHOP THE SOLUTION BRIGHTENING MASK,THE FACE SHOP,290.0,269.9987,4.3,0,in_stock,https://stod.jeevee.com/whetstone-products/jeevee_erp/2025-05-02/04/04f77901450ed84115cc59f20e049a7c29cb6475,jeevee,mask,,,,0.35
jv_87785,SKIN1004 MADAGASCAR CENTELLA POREMIZING DEEP CLEANSING FOAM 125ML,SKIN1004,2050.0,1889.9975000000002,5.0,1,in_stock,https://stod.jeevee.com/whetstone-products/jeevee_erp/2025-06-10/f8/f8ce7b327aae8fe33ba483289bae273a48d0ba8f,jeevee,cleanser,,['sensitivity'],['centella_asiatica'],0.8
jv_40508,PILGRIM 24K GOLD GEL FACE WASH- 80ML,PILGRIM,632.0,581.44632,0.0,0,in_stock,https://stod.jeevee.com/whetstone-products/jeevee_erp/2026-03-18/e3/e38c8d414beea083564d5b507699cb9819daedd0,jeevee,cleanser,['oily'],,,0.55
jv_1726,CEUTICOZ UVICOZ SUNSCREEN LOTION SPF 50+ 50ML,CEUTICOZ,1200.0,1140.0,4.6,14,in_stock,https://stod.jeevee.com/whetstone-products/jeevee_erp/2025-11-21/8b/8b06f9e4c8a18ba15ad4591fcfc2d810543ed80b,jeevee,sunscreen,,,,0.35
jv_131430,PILGRIM 5% NIACINAMIDE HYDRA GLOW SUNSCREEN SPF 50+ PA++++-50ML,PILGRIM,792.0,728.64,0.0,0,in_stock,https://stod.jeevee.com/whetstone-products/jeevee_erp/2026-06-28/ef/efb353db49cb33fac923e312b9c220e3e36c6842,jeevee,sunscreen,,"['aging', 'acne', 'pigmentation', 'oiliness', 'dullness']",['niacinamide'],0.8
jv_38482,SUNSCOOP HYDRATING FLUID SUNSCREEN WITH SPF 60 PA++++(125ML),SUNSCOOP,798.4,649.9934079999999,5.0,0,in_stock,https://stod.jeevee.com/whetstone-products/jeevee_erp/2023-12-24/8a/8a952789ff2c03d3997fe90e7d074252de2851e2,jeevee,sunscreen,['dry'],,,0.55
jv_101983,PLUM VANILLA CARAMELLO BODY LOTION-400ML,PLUM,762.0,685.7923800000001,4.7,5,in_stock,https://stod.jeevee.com/whetstone-products/jeevee_erp/2025-09-17/28/28455baa1c38fdf61ea950c657981310b790ede0,jeevee,moisturizer,,,,0.35
jv_81314,"CHEMIST AT PLAY CERAMIDES, KOJIC LIP BALM SPF 50 PA++++ CHOCOLATE",CHEMIST AT PLAY,559.0,519.87,5.0,1,in_stock,https://stod.jeevee.com/whetstone-products/jeevee_erp/2025-03-02/1f/1fe523597247c0f604580840fb41c7e5aa953c2a,jeevee,lip_care,,"['sensitivity', 'pigmentation', 'dullness', 'dryness']","['ceramides', 'kojic_acid']",0.8
jv_134134,CETAPHIL MOISTURISING LOTION (118 ML),CETAPHIL,1262.4,1199.28,5.0,0,in_stock,https://stod.jeevee.com/whetstone-products/jeevee_erp/2026-04-13/d6/d6afda489ab743b5f02b447de53b5a232c2434d9,jeevee,moisturizer,,,,0.35
jv_27701,COSRX HYALURONIC ACID INTENSIVE CREAM 100ML,COSRX,3150.0,2930.004,4.7,9,in_stock,https://stod.jeevee.com/whetstone-products/jeevee_erp/2022-12-29/c1/c10619768973297081af07c11452afa3b31dccbc,jeevee,,['dry'],"['aging', 'dryness']",['hyaluronic_acid'],1.0
jv_12545,THE DERMA CO 2% SALICYLIC CLAY MASK 50G,THE DERMA CO,799.0,735.07201,4.7,16,in_stock,https://stod.jeevee.com/whetstone-products/jeevee_erp/2023-05-17/62/62c87b75f305abce4f8b08f0df8b76e8d1999803,jeevee,mask,,"['oiliness', 'acne']",['salicylic_acid'],0.8
jv_27200,THE DERMA CO 5% VITAMIN C OIL-FREE DAILY FACE MOISTURIZER 100G,THE DERMA CO,559.0,514.28559,4.4,3,in_stock,https://stod.jeevee.com/whetstone-products/jeevee_erp/2026-06-28/94/947b7a36b27c85b1fea8fbdf1e17a51702e36069,jeevee,moisturizer,['oily'],"['pigmentation', 'dark_circles', 'dullness', 'aging']",['vitamin_c'],1.0
jv_66652,DOT & KEY CICA CALMING MATTIFYING SUNSCREEN SPF 50+ PA++++ -80 GM,DOT & KEY,952.0,856.8000000000001,0.0,0,in_stock,https://stod.jeevee.com/whetstone-products/jeevee_erp/2024-10-24/34/344269c746557248d70c030b402af5ded4e27ccb,jeevee,sunscreen,"['oily', 'sensitive']",['sensitivity'],['centella_asiatica'],1.0
jv_129151,PLUM CERASENSETM MILKY TONER WITH ACAI & NMF 1% - 100ML,PLUM,878.4,790.5512160000001,0.0,0,in_stock,https://stod.jeevee.com/whetstone-products/jeevee_erp/2026-03-26/58/584971e140bcf2e2bafe71935425387f9c8eb7b3,jeevee,toner,,,,0.35
jv_30720,BIODERMA SENSIBIO H2O MICELLAR WATER,BIODERMA,1090.0,1034.9986000000001,4.8,8,in_stock,https://stod.jeevee.com/whetstone-products/jeevee_erp/2023-04-24/4b/4bc17e2bb6d0fa0174488f85a7eab4bd2efba432,jeevee,cleanser,,,,0.35
jv_90087,SKIN1004 MADAGASCAR CENTELLA POREMIZING FRESH AMPOULE 100ML,SKIN1004,2450.0,2350.0155,5.0,1,in_stock,https://stod.jeevee.com/whetstone-products/jeevee_erp/2025-07-10/91/91f1798f7aa4a35e2ac6e1a2e4e5356e627e8db6,jeevee,serum,,['sensitivity'],['centella_asiatica'],0.8
jv_7994,DUVITIN CREAM 100GM,CEUTICOZ,784.0,721.99344,4.6,22,in_stock,https://stod.jeevee.com/whetstone-products/jeevee_erp/2025-03-23/d3/d33f1391a5b319b11c014c0a21c21ba9332a1c9e,jeevee,,['dry'],,,0.55
jv_10621,THE DERMA CO 2% SALICYLIC ACID FACE SERUM- 30ml,THE DERMA CO,878.4,808.128,4.5,53,in_stock,https://stod.jeevee.com/whetstone-products/jeevee_erp/2021-04-19/2d/2d01eea08340777022d7e2d12b3361d127bcdc94,jeevee,serum,,"['oiliness', 'acne']",['salicylic_acid'],0.8
jv_39288,SKIN1004 MADAGASCAR CENTELLA HYALU-CICA MOISTURE CREAM 75ML,SKIN1004,2850.0,2649.987,0.0,0,in_stock,https://stod.jeevee.com/whetstone-products/jeevee_erp/2024-03-29/04/04f1baee7151cdaec62f54a0515b73bcc4b7ae43,jeevee,,['dry'],['sensitivity'],['centella_asiatica'],1.0
jv_7614,"SUNPLAY SKIN AQUA TONE UP UV ESSENCE, 50GM (LAVENDER)",SUNPLAY,1020.0,1020.0,4.2,10,in_stock,https://stod.jeevee.com/whetstone-products/jeevee_erp/2025-07-10/28/2861510fb0175f4fc12c8d73ead2fd230aa1e414,jeevee,serum,,,,0.35
jv_11028,BIODERMA PIGMENTBIO FOAMING CREAM T200ML,BIODERMA,900.0,875.0070000000001,4.5,2,in_stock,https://stod.jeevee.com/whetstone-products/jeevee_erp/2023-04-24/55/550349c5a65d6330ca1eb608b092b25e3f870c08,jeevee,,['dry'],,,0.55
jv_39165,THE DERMA CO 2% SALICYLIC ACID FACE SERUM- 10 ML,THE DERMA CO,398.4,366.52401599999996,4.2,5,in_stock,https://stod.jeevee.com/whetstone-products/jeevee_erp/2024-03-26/31/31f56467e1f63ae963b1b678d66ebfd66c51c102,jeevee,serum,,"['oiliness', 'acne']",['salicylic_acid'],0.8
jv_42621,ISNTREE HYALURONIC ACID WATERY SUN GEL- 50ML,ISNTREE,2750.0,2549.9925000000003,1.0,1,in_stock,https://stod.jeevee.com/whetstone-products/jeevee_erp/2024-06-26/d0/d0de54ca4fcd32f78b5145cf5a5e369fec164a4c,jeevee,,['oily'],"['aging', 'dryness']",['hyaluronic_acid'],1.0
jv_20585,COSRX ALOE SOOTHING SUNSCREEN -50ML,COSRX,2150.0,1979.9995000000001,4.8,6,in_stock,https://stod.jeevee.com/whetstone-products/jeevee_erp/2022-01-26/af/af545bfed5e2dc0f3d6352a1f03c6923332b7d22,jeevee,sunscreen,['sensitive'],"['sensitivity', 'dryness']",['aloe_vera'],1.0
jv_28092,MINIMALIST 2% HYALURONIC ACID + PGA SERUM 30ML,MINIMALIST,961.0,912.9499999999999,4.6,23,in_stock,https://stod.jeevee.com/whetstone-products/jeevee_erp/2023-01-12/5d/5d69fc51e68cb7f2394bdaf20c67d3515473478a,jeevee,serum,,"['aging', 'dryness']",['hyaluronic_acid'],0.8
jv_66630,DOT & KEY CICA NIACINAMIDE SUNSCREEN- 50 GM,DOT & KEY,712.0,640.8000000000001,5.0,1,in_stock,https://stod.jeevee.com/whetstone-products/jeevee_erp/2024-10-25/20/20c9521d7118d0ca9de92d74a108fb0b57836bc6,jeevee,sunscreen,,"['aging', 'acne', 'sensitivity', 'pigmentation', 'oiliness', 'dullness']","['niacinamide', 'centella_asiatica']",0.8
jv_85335,THE FACE SHOP THE SOLUTION MOISTURIZING MASK,THE FACE SHOP,290.0,269.9987,5.0,0,in_stock,https://stod.jeevee.com/whetstone-products/jeevee_erp/2025-05-02/84/84fbfcda521779a24e1a95ef120fb7d0b2513bee,jeevee,moisturizer,,,,0.35
jv_39284,SKIN1004 MADAGASCAR CENTELLA SOOTHING CREAM 75ML,SKIN1004,2850.0,2649.987,5.0,0,in_stock,https://stod.jeevee.com/whetstone-products/jeevee_erp/2024-03-29/14/147dfa1972e4c360efab6e031df3fc12ca0ab980,jeevee,moisturizer,"['dry', 'sensitive']",['sensitivity'],['centella_asiatica'],1.0
jv_94098,SOME BY MI 30 DAYS MIRACLE CLEAR SPOT PATCH,SOME BY MI,850.0,750.006,0.0,0,in_stock,https://stod.jeevee.com/whetstone-products/jeevee_erp/2025-08-10/1e/1eb1975c3efd042480e260756171051d258005aa,jeevee,,,,,0.35
jv_48912,BEAUTY OF JOSEON GLOW REPLENISHING RICE MILK- 150 ML,BEAUTY OF JOSEON,2950.0,2749.9900000000002,4.6,4,in_stock,https://stod.jeevee.com/whetstone-products/jeevee_erp/2024-09-18/7c/7c599381b3c94bad2976b29b0625fd63b8f441e4,jeevee,,,,,0.35
jv_66622,DOT & KEY LIP BALM STRAWBERRY CRUSH- 12 GM,DOT & KEY,398.4,358.556016,3.5,2,in_stock,https://stod.jeevee.com/whetstone-products/jeevee_erp/2024-10-24/6c/6c30da30705b0c0ee0616ea0d27286b7e9e2ecb1,jeevee,lip_care,,,,0.35
jv_109433,PLUM BODYLOVIN' MARSHMALLOW MELT BODY LOTION-400 ML,PLUM,792.0,712.80792,4.7,2,in_stock,https://stod.jeevee.com/whetstone-products/jeevee_erp/2025-11-16/ab/abbe3370c6d640488834d75b1c43e6cf08c982a4,jeevee,moisturizer,,,,0.35
jv_145279,CETAPHIL OILY SKIN CLEANSER WITH VITAMIN B5 - 118 ML,CETAPHIL,1198.0,1138.1,0.0,0,in_stock,https://stod.jeevee.com/whetstone-products/jeevee_erp/2026-06-02/2c/2c32938d631e4c13f9e3a907816b69922378d4d3,jeevee,cleanser,['oily'],,,0.55
jv_189,Cetaphil DAM Daily Advance Ultra Hydrating Lotion (100g),CETAPHIL,1224.0,1162.8,4.4,30,in_stock,https://stod.jeevee.com/whetstone-products/jeevee_erp/2026-04-26/73/73f2062cdac4abe57a352d3b7cfa18307c037c31,jeevee,,['dry'],,,0.55
jv_74632,DOT & KEY WATERMELON BODY SUNSCREEN SPRAY SPF 50+ PA+++ 110ML,DOT & KEY,952.0,856.99992,4.0,1,in_stock,https://stod.jeevee.com/whetstone-products/jeevee_erp/2025-12-18/61/61db191b5c196846c4d5d8a626d9992e8f53aa2f,jeevee,sunscreen,,,,0.35
jv_102416,LAKME PEACH MILK SOFT CREME MOISTURIZER FOR FACE 50 G,LAKME,248.0,235.60496,5.0,1,in_stock,https://stod.jeevee.com/whetstone-products/jeevee_erp/2025-09-19/94/9490c4c25f735d9744a0005234284376798e352f,jeevee,moisturizer,,,,0.35
jv_1925,HYALU GEL 30GM,ETHICARE,520.0,483.5896,4.6,82,in_stock,https://stod.jeevee.com/whetstone-products/jeevee_erp/2023-04-28/15/15d234f0a8efd7cb100083c583ac1488feac8ff0,jeevee,,['oily'],,,0.55
jv_14600,PLUM BODYLOVIN' VANILLA VIBES BODY OIL (200 ML),PLUM,920.0,828.0,4.9,4,in_stock,https://stod.jeevee.com/whetstone-products/jeevee_erp/2021-08-23/58/5857ffd85d193a69aee7ce7bfad34e61c00582f5,jeevee,,,,,0.35
jv_47171,BATH AND BODY WORKS LOTION 236ML- YOURE THE ONE,BATH & BODY WORKS,1900.0,1749.9950000000001,5.0,0,in_stock,https://stod.jeevee.com/whetstone-products/jeevee_erp/2024-09-13/7e/7e1f41809a6325a07066bb1a550e7d978190a71b,jeevee,,,,,0.35
jv_20592,COSRX- CLEAR FIT MASTER PATCH,COSRX,600.0,550.0079999999999,3.8,1,in_stock,https://stod.jeevee.com/whetstone-products/jeevee_erp/2022-01-26/ef/efa4abc1430e8e2daf0688b652998e338ac8a752,jeevee,,,,,0.35
jv_76415,DOT & KEY SPF 50+ BARRIER REPAIR LIP BALM COCOA NUDE,DOT & KEY,401.4,361.264014,3.5,2,in_stock,https://stod.jeevee.com/whetstone-products/jeevee_erp/2025-01-10/c0/c07bddc2de92a879f393cdde495a8a712c90a91a,jeevee,lip_care,['dry'],,,0.55
jv_66627,DOT & KEY WATERMELON FACE WASH- 100 ML,DOT & KEY,398.4,358.556016,3.5,3,in_stock,https://stod.jeevee.com/whetstone-products/jeevee_erp/2024-10-24/5f/5f02fb2a97b2d107d40f3110d4b24d59dcef65d2,jeevee,cleanser,,,,0.35
jv_86819,JUMISO SNAIL MUCIN 95+ PEPTIDE FACIAL ESSENCE - 140ML,JUMISO,3200.0,2949.984,4.7,0,in_stock,https://stod.jeevee.com/whetstone-products/jeevee_erp/2025-05-21/9a/9a09aad509c589e6be46e2e7b72a506f0dea5ea1,jeevee,serum,,"['dark_circles', 'aging']",['peptides'],0.8
jv_111228,NATURE REPUBLIC REAL NATURE MASK SHEET/ ORANGE-23ML,NATURE REPUBLIC,155.0,129.99385,0.0,0,in_stock,https://stod.jeevee.com/whetstone-products/jeevee_erp/2025-12-15/8c/8cb3c52a036076d304a2ba3d75b327fa566c5a08,jeevee,mask,,,,0.35
jv_49489,THE PUREST SOLUTIONS POSTBIOTIC PURIFYING OIL CLEANSER- 150 ML,THE PUREST SOLUTIONS,2650.0,2517.5,0.0,0,in_stock,https://stod.jeevee.com/whetstone-products/jeevee_erp/2024-09-20/38/38deaef7fa4894dc062104799cd775a95039ba09,jeevee,cleanser,['oily'],,,0.55
jv_1907,BIODERMA PHOTODERM SPF 50+ CREAM 40ML,BIODERMA,500.0,500.0,2.5,3,in_stock,https://stod.jeevee.com/whetstone-products/jeevee_erp/2025-06-16/29/290f755f14b557b96bbdeba24de97f51fc310853,jeevee,sunscreen,['dry'],,,0.55
jv_43483,TIRTIR-MILK SKIN LIGHT TONER – 150ML,TIRTIR,3850.0,3449.985,0.0,0,in_stock,https://stod.jeevee.com/whetstone-products/jeevee_erp/2025-03-26/0d/0d1a851a311940f956a3ec3a9348867261495ace,jeevee,toner,,,,0.35
jv_70013,ANUA 7 RICE CERAMIDE HYDRATING BARRIER SERUM - 50ML,ANUA,3395.0,2970.0139,5.0,0,in_stock,https://stod.jeevee.com/whetstone-products/jeevee_erp/2024-11-26/7d/7dc456f4be58404e9e6d6b7f020ac34ec329bbe7,jeevee,serum,['dry'],"['sensitivity', 'dryness']",['ceramides'],1.0
jv_47541,SKIN1004 MADAGASCAR CENTELLA POREMIZING QUICK CLAY STICK MASK-27G,SKIN1004,2850.0,2649.987,5.0,2,in_stock,https://stod.jeevee.com/whetstone-products/jeevee_erp/2024-09-13/8e/8e110a68b2655564e598eec8626ac7aef651da41,jeevee,mask,,['sensitivity'],['centella_asiatica'],0.8
jv_145592,GATSBY PERFECT CLEANSING SCRUB FACEWASH-120 ML,GATSBY,465.0,465.0,0.0,0,in_stock,https://stod.jeevee.com/whetstone-products/jeevee_erp/2026-06-07/f4/f48295dad011d0c7194d5015b8d8e2ef3db00ffd,jeevee,cleanser,,,,0.35
jv_118430,ORIFLAME OPT OPTIMALS DAILY GLOW MULTI-PROTECTOR SPF50-30ML,ORIFLAME,1390.0,1390.0,0.0,0,in_stock,https://stod.jeevee.com/whetstone-products/jeevee_erp/2026-01-19/fa/fa0053d4c0c7fd00c4743d709327203395487164,jeevee,sunscreen,,,,0.35
jv_39283,SKIN1004 MADAGASCAR CENTELLA TONING TONER 210ML,SKIN1004,2650.0,2450.0045,4.0,0,in_stock,https://stod.jeevee.com/whetstone-products/jeevee_erp/2024-03-29/26/26ce8fbaec17c5391be55f121151f0e94e8e0615,jeevee,toner,,['sensitivity'],['centella_asiatica'],0.8
jv_143637,NATURE REPUBLIC REAL NATURE MASK SHEET/ TEA TREE,NATURE REPUBLIC,155.0,134.9988,0.0,0,in_stock,https://stod.jeevee.com/whetstone-products/jeevee_erp/2026-05-27/66/661fd36a2b8f319a114defa79fbdee5201f99440,jeevee,mask,,"['oiliness', 'acne']",['tea_tree'],0.8
jv_149941,DERMA ESSENTIA ACZETA SERUM 30ML,DERMA ESSENTIA,1180.0,1121.0,0.0,0,in_stock,https://stod.jeevee.com/whetstone-products/jeevee_erp/2026-06-28/05/05e272d05e00cf12b4cde3ab64198c173ff6b3fd,jeevee,serum,,,,0.35
jv_42623,SKIN1004 CENTELLA TONE BRIGHTNING BOOSTING TONER- 210ML,SKIN1004,2650.0,2450.0045,0.0,0,in_stock,https://stod.jeevee.com/whetstone-products/jeevee_erp/2024-06-26/a0/a0f48942295cc2d8044b9ede91e3ebc7cd562746,jeevee,toner,,['sensitivity'],['centella_asiatica'],0.8
jv_141070,PILGRIM KOREAN RICE WATER HYDRA GLOW MOISTURIZER-8g,PILGRIM,160.0,160.0,0.0,0,in_stock,https://stod.jeevee.com/whetstone-products/jeevee_erp/2026-05-12/87/87888c168448be98f54653973ac2dce0e8e92353,jeevee,moisturizer,,,,0.35
jv_78800,SWEATNIL ANTI-PERSPIRANT ROLL ON 50ML (WITH DEPIGMENTATION),ETHICARE,880.0,827.2088,5.0,3,in_stock,https://stod.jeevee.com/whetstone-products/jeevee_erp/2025-01-29/6e/6e1f5b536ea127e7e4182e0128057fae27f8bdbe,jeevee,,,,,0.35
jv_39053,JMSOLUTION WATER LUMINOUS S.O.S RINGER MASK PREMIUM -1 SHEET,JMSOLUTION,299.0,98.99889999999999,5.0,1,in_stock,https://stod.jeevee.com/whetstone-products/jeevee_erp/2024-03-15/db/dbbe20530d6ed78f0d9479ce228e5dd7b0be5c29,jeevee,mask,,,,0.35
jv_47184,COSRX ULTRA LIGHT INVISIBLE SUNSCREEN- 50 ML,COSRX,2200.0,2090.0,0.0,0,in_stock,https://stod.jeevee.com/whetstone-products/jeevee_erp/2024-09-12/9a/9ac27566c78480fffd57a808d0dca94cfb151d08,jeevee,sunscreen,,,,0.35
jv_49532,AQUALOGICA ILLUMINATE+ HYDRA GEL MOISTURIZER - 200G,AQUALOGICA,799.0,743.06201,5.0,1,in_stock,https://stod.jeevee.com/whetstone-products/jeevee_erp/2024-09-20/25/25845641be1dcbff50ce95e1954d77b506adf444,jeevee,moisturizer,['oily'],,,0.55
jv_40307,PILGRIM RED VINE FACE MIST & TONER WITH NIACINAMIDE & ALOE- 100ML,PILGRIM,480.0,441.6048,0.0,0,in_stock,https://stod.jeevee.com/whetstone-products/jeevee_erp/2026-03-20/58/58e1296a3e1e6a79bdce2873bd6a5a6a10bf5cf3,jeevee,toner,,"['aging', 'acne', 'sensitivity', 'pigmentation', 'oiliness', 'dullness', 'dryness']","['niacinamide', 'aloe_vera']",0.8
jv_46845,COSRX THE 6 PEPTIDE SKIN BOOSTER 150ML,COSRX,3390.0,2874.9912,5.0,2,in_stock,https://stod.jeevee.com/whetstone-products/jeevee_erp/2024-09-05/99/99209dc19fb4e03f60f4823cf1c8328316ee1d95,jeevee,serum,,"['dark_circles', 'aging']",['peptides'],0.8
jv_85336,"ANUA PEACH 70 NIACIN SERUM, 30ML",ANUA,2980.0,2489.9986,0.0,0,in_stock,https://stod.jeevee.com/whetstone-products/jeevee_erp/2025-07-01/72/72ff51045ea25d9f714c7ecfaadccec2f88a9343,jeevee,serum,,"['aging', 'acne', 'pigmentation', 'oiliness', 'dullness']",['niacinamide'],0.8
jv_85406,PILGRIM KOREAN WHITE LOTUS TINTED SUNSCREEN SPF 50+ PA++++ 50 ML,PILGRIM,793.0,729.5600000000001,3.4,6,in_stock,https://stod.jeevee.com/whetstone-products/jeevee_erp/2025-05-07/af/af1b7b9cc5e71c15f58a171fc04b6b37f369fddc,jeevee,sunscreen,,,,0.35
jv_131428,MINIMALIST B12 + REPAIR COMPLEX 5.5% FACE MOISTURIZER-50G,MINIMALIST,639.0,607.04361,4.0,0,in_stock,https://stod.jeevee.com/whetstone-products/jeevee_erp/2026-04-05/5e/5e9f132326064ca81fdf0506a8f07caf73a38022,jeevee,moisturizer,['dry'],,,0.55
jv_31361,PLUM GREEN TEA ALCOHOL- FREE FRAGRANCE FREE TONER 200ML,PLUM,672.0,604.8000000000001,4.5,3,in_stock,https://stod.jeevee.com/whetstone-products/jeevee_erp/2025-12-15/c4/c4d70118a4ba7f76899da62cd51950c3dee42892,jeevee,toner,['sensitive'],,,0.55
jv_94662,ANUA HEARTLEAF SILKY MOISTURE SUN CREAM – SPF 50+ PA++++,ANUA,3150.0,2930.004,5.0,1,in_stock,https://stod.jeevee.com/whetstone-products/jeevee_erp/2025-08-13/8b/8b24cb7cf38d47d8d1f0e44459e45be2f47abecf,jeevee,sunscreen,['dry'],,,0.55
jv_2461,NIVEA SOFT CREAM- 50ML,NIVEA,190.0,184.3038,4.0,1,in_stock,https://stod.jeevee.com/whetstone-products/product/2020-05-02/2461/512/2020_05_025ead91892efca_1588433289.jpg,jeevee,,['dry'],,,0.55
jv_2329,BIODERMA SEBIUM GEL MOUSSANT 200ML,BIODERMA,2200.0,2080.0119999999997,5.0,4,in_stock,https://stod.jeevee.com/whetstone-products/jeevee_erp/2021-10-08/2e/2e2294fdf87b6dfedf6a53aecb5c6016f9280db1,jeevee,,['oily'],,,0.55
jv_31790,MINIMALIST 2% SALICYLIC ACID + LHA BODY WASH 200ML,MINIMALIST,558.4,530.4799999999999,5.0,5,in_stock,https://stod.jeevee.com/whetstone-products/jeevee_erp/2023-05-19/2a/2ada5153e1f833e878c3d90e1a18bbb5109a50f4,jeevee,,,"['oiliness', 'acne']",['salicylic_acid'],0.8
jv_66626,DOT & KEY VITAMIN C MOISTURIZER- 60 ML,DOT & KEY,792.0,712.80792,3.7,1,in_stock,https://stod.jeevee.com/whetstone-products/jeevee_erp/2024-10-24/e1/e14833a71678fcab2134d970958c77234d3c182f,jeevee,moisturizer,,"['pigmentation', 'dark_circles', 'dullness', 'aging']",['vitamin_c'],0.8
jv_139132,DOT & KEY DRAGON FRUIT BOUNCE SUNSCREEN SPF 50+ PA++++50 GM,DOT & KEY,712.0,640.8000000000001,0.0,0,in_stock,https://stod.jeevee.com/whetstone-products/jeevee_erp/2026-04-30/ba/ba0d983ef00f66a3eee4167fe91759575a6d01f6,jeevee,sunscreen,,,,0.35
jv_5586,DERMAMOIST LOTION - 250 ML,PIL,1142.0,1062.06,5.0,2,in_stock,https://stod.jeevee.com/whetstone-products/jeevee_erp/2026-02-10/0b/0bffeadf6b8baf51e20f1468efd6b0d3beb9b9a5,jeevee,,,,,0.35
jv_128035,MINIMALIST COPPER PEPTIDE+ PDRN 1.25%- 10ML,MINIMALIST,1118.0,1062.1,0.0,0,in_stock,https://stod.jeevee.com/whetstone-products/jeevee_erp/2026-03-15/e6/e68af9fdac46f8f94e3ddb8222ee85a7e31de8f8,jeevee,,,"['dark_circles', 'aging']",['peptides'],0.8
jv_37606,FIXDERMA NON DRYING CLEANSER-75 GM,FIXDERMA,392.0,360.64392,4.6,4,in_stock,https://stod.jeevee.com/whetstone-products/jeevee_erp/2025-12-08/4e/4ef2665d5c248c85a9a745f84d948db62745bd43,jeevee,cleanser,['dry'],,,0.55
jv_34631,PLUM GREEN TEA PORE CLEANSING FACE WASH 100 GM,PLUM,456.0,410.40456,4.5,4,in_stock,https://stod.jeevee.com/whetstone-products/jeevee_erp/2023-09-21/d6/d662ea64c30c20d3712dd79794d957f1c6ba8928,jeevee,cleanser,,,,0.35
jv_44801,THE DERMA CO 1% KOJIC ACID LIP BALM- 4G,THE DERMA CO,526.4,484.28273599999994,4.6,7,in_stock,https://stod.jeevee.com/whetstone-products/jeevee_erp/2024-07-30/9e/9edb2830a019aa364b1811b6596d9d55781d0928,jeevee,lip_care,,"['pigmentation', 'dullness']",['kojic_acid'],0.8
jv_7068,"HADA LABO ADVANCED NOURISH CLEANSER, 80 GM",HADA LABO,500.0,399.995,4.3,20,in_stock,https://stod.jeevee.com/whetstone-products/jeevee_erp/2025-11-25/09/09091f6fd72dad292502d8079d83ce1c0cd755f5,jeevee,cleanser,['dry'],,,0.55
jv_12222,MOISTCOM MOISTURISING CREAM GEL - 100ML,PSC DERMA,690.0,641.7069,4.3,32,in_stock,https://stod.jeevee.com/whetstone-products/jeevee_erp/2022-09-19/d9/d9ed1bd6cc9118f11d8f670e96cce6409be3ad29,jeevee,moisturizer,"['oily', 'dry']",,,0.55
jv_100970,UBIYA DERMA EYE REVIVE+ : UNDER EYE GEL,UBIYA DERMA,1438.0,1365.99934,0.0,0,in_stock,https://stod.jeevee.com/whetstone-products/jeevee_erp/2025-09-08/42/42ed75e20ec14373e378538d645fc67950142cea,jeevee,eye_cream,['oily'],,,0.55
jv_28088,MINIMALIST SPF 60 SUNSCREEN 50G,MINIMALIST,958.4,910.4799999999999,4.3,14,in_stock,https://stod.jeevee.com/whetstone-products/jeevee_erp/2023-01-12/21/210be6e15c0ed0f7b5e9a5487621f2cdc7b9318a,jeevee,sunscreen,,,,0.35
jv_11903,"MELANO CC BRIGHTENING ESSENCE, 20ML",MELANO CC,1850.0,1295.0,3.8,10,in_stock,https://stod.jeevee.com/whetstone-products/jeevee_erp/2025-11-16/b3/b39a7ade8d8f9fb822e5ce4d7abd78395e378765,jeevee,serum,,,,0.35
jv_22623,THE DERMA CO. 1% SALICYLIC ACID OIL-FREE FACE MOISTURIZER 50G,THE DERMA CO,559.0,514.28559,4.5,16,in_stock,https://stod.jeevee.com/whetstone-products/jeevee_erp/2022-04-12/77/77fe749ceafe5d55a4b0396fda1fcab014ad5a10,jeevee,moisturizer,['oily'],"['oiliness', 'acne']",['salicylic_acid'],1.0
jv_66639,DOT & KEY VITAMIN C + E SUPER BRIGHT GEL FACE WASH - 100ML,DOT & KEY,398.4,358.556016,4.8,0,in_stock,https://stod.jeevee.com/whetstone-products/jeevee_erp/2024-10-24/d7/d717d900f04152aa250b2b4d226dde17e212623f,jeevee,cleanser,['oily'],"['pigmentation', 'dark_circles', 'dullness', 'aging']",['vitamin_c'],1.0
jv_38696,CHEMIST AT PLAY OIL AND ACNE CONTROL FACE WASH 100ML,CHEMIST AT PLAY,478.4,444.916784,4.2,5,in_stock,https://stod.jeevee.com/whetstone-products/jeevee_erp/2024-01-25/24/245805e43904da6bcca18a2de814a96b7137a363,jeevee,cleanser,,,,0.35
jv_45626,"SIMPLE MICELLAR CLEANSING WATER, KIND TO SKIN- 200ML",SIMPLE,648.0,622.0799999999999,4.5,2,in_stock,https://stod.jeevee.com/whetstone-products/jeevee_erp/2024-08-15/0f/0f29a20931a3ac321d7a8e73c80d8febc7d87496,jeevee,cleanser,,,,0.35
jv_14326,PLUM BULGARIAN VALLEY ROSE WATER TONER,PLUM,408.0,367.20816,4.1,4,in_stock,https://stod.jeevee.com/whetstone-products/jeevee_erp/2021-08-12/ad/ad5b45fc244ea9a224f9fb55dd1b143190f0b496,jeevee,toner,,,,0.35
jv_27202,THE DERMA CO KOJIC ACID + GLUTATHIONE DAILY SYNDET SOAP 75G X 2,THE DERMA CO,478.4,440.128,4.8,2,in_stock,https://stod.jeevee.com/whetstone-products/jeevee_erp/2022-11-28/98/9875ebdf9fab5c30249875d4aff8fba8701e163a,jeevee,,,"['pigmentation', 'dullness']",['kojic_acid'],0.8
jv_87308,THE DERMA CO 2.5% BENZOYL PEROXIDE GEL FACE WASH - 100ML,THE DERMA CO,479.0,440.68,4.8,1,in_stock,https://stod.jeevee.com/whetstone-products/jeevee_erp/2025-05-25/c7/c7d8c3927f482fb4dabd423f12b0333f38f61a0c,jeevee,cleanser,['oily'],['acne'],['benzoyl_peroxide'],1.0
jv_109429,PLUM BODYLOVIN' VANILLA VIBES BODY WASH- 240ML,PLUM,608.0,547.2060799999999,5.0,0,in_stock,https://stod.jeevee.com/whetstone-products/jeevee_erp/2025-11-16/76/767caf4872f9b4668ae95be700634007e578f19b,jeevee,,,,,0.35
jv_142620,DOT & KEY BARRIER REPAIR MOISTURIZER CERAMIDE + HYALURONIC ACID 120GM,DOT & KEY,680.0,612.0,0.0,0,in_stock,https://stod.jeevee.com/whetstone-products/jeevee_erp/2026-05-20/5d/5de4deb2ccdb628043e93893039b3d8bd762a788,jeevee,moisturizer,['dry'],"['sensitivity', 'aging', 'dryness']","['hyaluronic_acid', 'ceramides']",1.0
jv_66621,DOT & KEY LIP BALM SPF 50 - 12 GM (COCOA MINT),DOT & KEY,398.4,358.556016,3.7,2,in_stock,https://stod.jeevee.com/whetstone-products/jeevee_erp/2026-04-16/c5/c55ae1feab5ee1c499d8689ddc71a654be3fcdf5,jeevee,lip_care,,,,0.35
jv_66640,DOT & KEY RETINOL NIGHT CREAM- 60 ML,DOT & KEY,958.4,862.56,4.5,0,in_stock,https://stod.jeevee.com/whetstone-products/jeevee_erp/2025-10-28/42/4280c5381b5cc294a547dfd0750007831893f34f,jeevee,moisturizer,['dry'],"['pigmentation', 'aging', 'acne', 'dark_circles']",['retinol'],1.0
jv_143142,MISSHA AIRY FIT SHEET MASK # HONEY,MISSHA,140.0,125.0046,5.0,1,in_stock,https://stod.jeevee.com/whetstone-products/jeevee_erp/2026-05-24/72/725436724c9ee0e289880643514bd1ab4a11423f,jeevee,mask,,,,0.35
jv_943,FIXDERMA STRAWBERRY FACEWASH 75ML,FIXDERMA,360.0,330.0084,4.5,10,in_stock,https://stod.jeevee.com/whetstone-products/jeevee_erp/2024-05-27/60/60156421bb713a58ad6a9073e800df4b2d91df4a,jeevee,,,,,0.35
jv_27176,THE DERMA CO PORE MINIMIZING PRIMING SUNSCREEN 50GM,THE DERMA CO,718.4,660.928,4.5,25,in_stock,https://stod.jeevee.com/whetstone-products/jeevee_erp/2022-11-25/5b/5bec55ffc2b80fdaff3c420ff0836e3a01a4e0a1,jeevee,sunscreen,['oily'],,,0.55
jv_39289,SKIN1004 MADAGASCAR CENTELLA POREMIZING LIGHT GEL CREAM 75ML,SKIN1004,2450.0,2250.0065,5.0,1,in_stock,https://stod.jeevee.com/whetstone-products/jeevee_erp/2024-04-08/99/9906627ea183d0c3245d41982b4206bcf4cbc811,jeevee,moisturizer,"['oily', 'dry']",['sensitivity'],['centella_asiatica'],1.0
jv_111222,ARENCIA FRESH GREEN RICE MOCHI CLEANSER-120G,ARENCIA,2900.0,2690.011,5.0,1,in_stock,https://stod.jeevee.com/whetstone-products/jeevee_erp/2025-12-17/b3/b3f7c96cb46ab95b8cdb8da2957cbc7a71d4e4f1,jeevee,cleanser,,,,0.35
jv_129156,PLUM BODYLOVIN VANILLA CARAMELLO BODY LOTION- 200ML,PLUM,478.4,430.564784,0.0,0,in_stock,https://stod.jeevee.com/whetstone-products/jeevee_erp/2026-04-02/e4/e4955ee33a2c272306a734aa59a838ba03480695,jeevee,moisturizer,,,,0.35
jv_47539,ANUA HEARTLEAF SUCCINIC MOISTURE CLEANSING FOAM - 150ML,ANUA,2150.0,2050.0035,0.0,0,in_stock,https://stod.jeevee.com/whetstone-products/jeevee_erp/2025-11-16/c3/c32d738e0e7fcb69f85305ee6b350c4f05d76e80,jeevee,cleanser,,,,0.35
jv_7605,HADA LABO PERFECT TRANEXAMIC ACID WHITE CLEANSER- 80 GM,HADA LABO,550.0,439.9945,4.6,15,in_stock,https://stod.jeevee.com/whetstone-products/jeevee_erp/2025-01-09/4f/4f43e93a9a2b9fb0d6bffcb556ebdbc2a7c19ea1,jeevee,cleanser,,,,0.35
jv_22650,THE DERMA CO. 15% AHA+1% BHA BEGINNER FACE PEELING SOLUTION 30ML,THE DERMA CO,799.0,735.07201,4.4,36,in_stock,https://stod.jeevee.com/whetstone-products/jeevee_erp/2022-04-12/aa/aaea0cbe0ef89e77dbf71bb57500ec4ec395f7a6,jeevee,exfoliant,,"['oiliness', 'pigmentation', 'dullness', 'acne']","['salicylic_acid', 'glycolic_acid', 'lactic_acid']",0.8
jv_80957,UBIYA DERMA AGELESS CREAM - 50GM,UBIYA DERMA,1867.0,932.99591,2.0,1,in_stock,https://stod.jeevee.com/whetstone-products/jeevee_erp/2025-04-11/07/075e6a713747087530b681653e2ea2fb3f44fff2,jeevee,,"['oily', 'dry']",,,0.55
jv_139625,DOT & KEY MELTIE STRAWBERRY GLAZE LIP BALM SPF 50+++-4G,DOT & KEY,398.0,357.99702,0.0,0,in_stock,https://stod.jeevee.com/whetstone-products/jeevee_erp/2026-05-04/8d/8df97fed87c166308bd3ec8b547af2591ec84970,jeevee,lip_care,,,,0.35
jv_3081,EKRAN SOFT SPF 50+ GEL 50GM,KLM,1216.0,1129.99232,4.6,13,in_stock,https://stod.jeevee.com/whetstone-products/jeevee_erp/2022-09-19/85/85c205ce31cdfd9aea5d30a2fc95cfd64f869447,jeevee,sunscreen,['oily'],,,0.55
jv_41047,THE DERMA CO 7% GLYCOLIC ACID HYDRATING TONER - 150ML,THE DERMA CO,798.4,734.5200159999999,4.8,2,in_stock,https://stod.jeevee.com/whetstone-products/jeevee_erp/2024-05-21/29/29f91213f65094022f816856f3007d4560217bd9,jeevee,toner,['dry'],"['oiliness', 'pigmentation', 'dullness', 'acne']",['glycolic_acid'],1.0
jv_66644,DOT & KEY RICE WATER HYDRATING TONER- 150 ML,DOT & KEY,632.0,568.8000000000001,5.0,2,in_stock,https://stod.jeevee.com/whetstone-products/jeevee_erp/2024-10-24/fa/fa3d81e73de3f820ddfeec358d0127890ce5b2f8,jeevee,toner,['dry'],,,0.55
jv_27363,HUMEDA HYALURONIC ACID SERUM 30 ML,HUMEDA,1350.0,1282.5,4.6,3,in_stock,https://stod.jeevee.com/whetstone-products/jeevee_erp/2022-12-06/74/74a22a5baec01200b20421e8b8ec09f200e15a1f,jeevee,serum,,"['aging', 'dryness']",['hyaluronic_acid'],0.8
jv_34449,SINOZ 24K GOLD BEAUTY SERUM 30ML,SINOZ,1850.0,1720.4999999999998,4.0,1,in_stock,https://stod.jeevee.com/whetstone-products/jeevee_erp/2023-09-10/0e/0ed2da4286694864bc29da80944b3d6ee9588237,jeevee,serum,,,,0.35
jv_4912,GLUTACOM-C CREAM 30GM,PSC DERMA,990.4,920.992768,3.4,4,in_stock,https://stod.jeevee.com/whetstone-products/jeevee_erp/2020-09-20/9f/9f63a9a88f85c258c0d9f709d381ee307a114791,jeevee,,['dry'],,,0.55
jv_34151,DR. SHETH’S HALDI & HYALURONIC ACID SERUM - 30ML,DR. SHETH'S,798.4,734.5200159999999,4.3,4,in_stock,https://stod.jeevee.com/whetstone-products/jeevee_erp/2023-08-24/f2/f27ed713b33514515b9fb7d5c79b439b52b19c68,jeevee,serum,,"['aging', 'dryness']",['hyaluronic_acid'],0.8
jv_5508,LIPZ MOISTURIZER WITH SPF 15 - 9 GM,ETHICARE,250.0,232.4975,4.3,28,in_stock,https://stod.jeevee.com/whetstone-products/jeevee_erp/2020-10-22/2a/2a8b8a4fec7e141f21c0d69c5aea44ca5be3c7ce,jeevee,moisturizer,,,,0.35
jv_370,ETHIGLO FACE WASH 70GM,ETHICARE,560.0,519.9992,4.2,9,in_stock,https://stod.jeevee.com/whetstone-products/jeevee_erp/2025-04-02/dc/dc7cb6411f7d0dc697ed91c4b4ae65652cbf4d8c,jeevee,cleanser,,,,0.35
jv_35128,THE ORDINARY ALPHA ARBUTIN 2% + HA 30ML,THE ORDINARY,3000.0,2649.99,4.7,3,in_stock,https://stod.jeevee.com/whetstone-products/jeevee_erp/2023-10-04/93/9370ef162b90005b14f0c72ec8531d5947adc9b3,jeevee,,,"['pigmentation', 'dullness']",['arbutin'],0.8
jv_41783,TWACHA CAFFEINE LIP BALM 12GM,TWACHA,399.0,378.99813,4.6,7,in_stock,https://stod.jeevee.com/whetstone-products/jeevee_erp/2024-06-04/8b/8b36455c32f0f2ff6ced8b657c3f130716020c82,jeevee,lip_care,,,,0.35
jv_134127,DOT & KEY VITAMIN C + E SUPER BRIGHT SUNSCREEN SPF 50+ PA++++-80G,DOT & KEY,952.0,856.8000000000001,0.0,0,in_stock,https://stod.jeevee.com/whetstone-products/jeevee_erp/2026-05-06/99/996011b00690a558f19e2e0fb7553492bd15ff37,jeevee,sunscreen,,"['pigmentation', 'dark_circles', 'dullness', 'aging']",['vitamin_c'],0.8
jv_76413,DOT & KEY SPF 50+ BARRIER REPAIR LIP BALM STRAWBERRY RED,DOT & KEY,400.4,360.351992,4.5,0,in_stock,https://stod.jeevee.com/whetstone-products/jeevee_erp/2025-01-10/33/332e5e2ce6784cd05bb2f53e42cdef18c072252b,jeevee,lip_care,['dry'],,,0.55
jv_34172,SUNPLAY SKIN AQUA UV MOISTURE MILK 30G,SUNPLAY,599.0,599.0,4.1,6,in_stock,https://stod.jeevee.com/whetstone-products/jeevee_erp/2025-12-21/b3/b392f4ce53b3547f5df05a92eb3c7df9aeb861f3,jeevee,,,,,0.35
jv_85115,"SUNSCOOP KIDS 100% MINERAL SUNSCREEN LOTION SPF 30+ PA++++, 75ML",SUNSCOOP,878.4,698.9867999999999,5.0,1,in_stock,https://stod.jeevee.com/whetstone-products/jeevee_erp/2025-04-23/b8/b8087e761e8278f406e2a1e6e9a523a9fec83e63,jeevee,sunscreen,,,,0.35
jv_25708,"SIMPLE KIND TO SKIN REPLENISHING RICH MOISTURISER, 125ML",SIMPLE,760.0,645.9924,4.5,6,in_stock,https://stod.jeevee.com/whetstone-products/jeevee_erp/2022-09-05/d1/d1ef91aa5592d877b28881a1b5700b7bf08a2fb7,jeevee,moisturizer,['dry'],,,0.55
jv_12552,"THE DERMA CO 2% ALPHA ARBUTIN FACE SERUM, 30ML",THE DERMA CO,799.0,735.07201,4.6,15,in_stock,https://stod.jeevee.com/whetstone-products/jeevee_erp/2021-07-11/49/499d7b8f0ba8b94ba7ec3b5a707c347e04dc583f,jeevee,serum,,"['pigmentation', 'dullness']",['arbutin'],0.8
jv_27735,COSRX LOW PH GOOD MORNING GEL CLEANSER 150ML,COSRX,1650.0,1650.0,4.5,4,in_stock,https://stod.jeevee.com/whetstone-products/jeevee_erp/2022-12-30/55/55b9b01c37d458968c0e03fde174fef64d4cb853,jeevee,cleanser,['oily'],,,0.55
jv_28268,MINIMALIST 10% AHA BHA EXFOLIATING SERUM 30ML,MINIMALIST,959.0,911.05,4.5,4,in_stock,https://stod.jeevee.com/whetstone-products/jeevee_erp/2023-01-31/81/8166942e1c3fac9ac548cb603cedb8a3e12b6dc4,jeevee,exfoliant,,"['oiliness', 'pigmentation', 'dullness', 'acne']","['salicylic_acid', 'glycolic_acid', 'lactic_acid']",0.8
jv_31787,MINIMALIST CERAMIDES LIP BALM WITH SPF 30 - 8 G,MINIMALIST,478.4,454.47999999999996,4.7,15,in_stock,https://stod.jeevee.com/whetstone-products/jeevee_erp/2025-03-18/0a/0a1837ef18ee56b26a242e801c33974945791b84,jeevee,lip_care,,"['sensitivity', 'dryness']",['ceramides'],0.8
jv_38783,MINIMALIST L-ASCORBIC ACID 08%LIP TREATMENT BALM- 12G,MINIMALIST,641.0,608.94359,4.2,2,in_stock,https://stod.jeevee.com/whetstone-products/jeevee_erp/2024-02-08/12/12d4d25bf7cb2ff6da12a9ac3d1136a1ca0247c4,jeevee,lip_care,,"['pigmentation', 'dark_circles', 'dullness', 'aging']",['vitamin_c'],0.8
jv_34149,DR. SHETH’S TEA TREE & LACTIC ACID BODY LOTION - 200ML,DR. SHETH'S,478.4,440.128,4.7,6,in_stock,https://stod.jeevee.com/whetstone-products/jeevee_erp/2023-08-24/84/84a17b5e09d8bd64f163016f78b21aa6657c8a78,jeevee,moisturizer,,"['oiliness', 'dullness', 'acne']","['lactic_acid', 'tea_tree']",0.8
jv_5340,BIODERMA ATODERM INTENSIVE BAUME 200ML,BIODERMA,3290.0,3125.0065,4.8,3,in_stock,https://stod.jeevee.com/whetstone-products/jeevee_erp/2021-12-13/f4/f4dfd552fd86c76ad24b38523f1a96c7f37d64f9,jeevee,,,,,0.35
jv_8974,"ALIC FACE WASH, 100ML",ALIC,480.0,446.3952,4.5,19,in_stock,https://stod.jeevee.com/whetstone-products/jeevee_erp/2022-09-19/66/669c3718660e294fe2f0d902b7e4c314550d055d,jeevee,cleanser,,,,0.35
jv_1627,UVICOZ AQUA GEL 60GM,CEUTICOZ,880.0,783.816,4.5,25,in_stock,https://stod.jeevee.com/whetstone-products/jeevee_erp/2026-02-27/cc/ccab48070b46358be1ec953dd6656b0e880fcfbd,jeevee,,['oily'],,,0.55
jv_40488,PILGRIM TEA TREE LIGHT NON-OILY MOISTURIZER - 80G,PILGRIM,440.0,404.8,3.8,1,in_stock,https://stod.jeevee.com/whetstone-products/jeevee_erp/2026-05-11/69/69c66f2c75c86d1473549cd9555b3d817fff7f12,jeevee,moisturizer,['oily'],"['oiliness', 'acne']",['tea_tree'],1.0
jv_42359,UBIYA DERMA HYDRATING CREAM- 80GM,UBIYA DERMA,1090.0,1036.0013999999999,5.0,1,in_stock,https://stod.jeevee.com/whetstone-products/jeevee_erp/2026-07-01/fb/fb35a84f8e0d7e7e478101f0f283a6f8ab4bae8c,jeevee,moisturizer,['dry'],,,0.55
jv_128267,HYPHEN HYDRATING CERAMIDE TONER ESSENCE - 100ML,HYPHEN,792.0,752.40792,5.0,1,in_stock,https://stod.jeevee.com/whetstone-products/jeevee_erp/2026-03-16/b3/b3a457c64e1b48ab569a107b97b4c1ba9445e31a,jeevee,serum,['dry'],"['sensitivity', 'dryness']",['ceramides'],1.0
jv_27228,AQUALOGICA RADIANCE+ FACE WASH 100ML,AQUALOGICA,399.0,371.06601,4.7,5,in_stock,https://stod.jeevee.com/whetstone-products/jeevee_erp/2022-12-01/1e/1e123987994ae9ec12805b4c08f54d4e508b348d,jeevee,cleanser,,,,0.35
jv_74831,MAMAEARTH RICE WATER HYDRATING BODY LOTION-400ML,MAMAEARTH,750.4,690.375504,5.0,0,in_stock,https://stod.jeevee.com/whetstone-products/jeevee_erp/2024-12-27/17/17454713dd9566e316196551e823218f0ff984e9,jeevee,moisturizer,['dry'],,,0.55
jv_34445,SINOZ EYE CONTOUR CREAM 15ML,SINOZ,1350.0,1282.5,3.3,1,in_stock,https://stod.jeevee.com/whetstone-products/jeevee_erp/2023-09-10/71/7160987a366b9a08bac3e0580aded6edc9fe4df4,jeevee,eye_cream,['dry'],,,0.55
jv_2452,NIVEA MILK LOTION 125ML,NIVEA,250.0,242.4975,4.0,1,in_stock,https://stod.jeevee.com/whetstone-products/product/2020-05-02/2452/512/2020_05_025ead90e061310_1588433120.jpg,jeevee,,,,,0.35
jv_112494,LISAP LIGHT SCALE CARE SPRAY ANTI‑GIALLO 125 ML,LISAP ,850.0,850.0,0.0,0,in_stock,https://stod.jeevee.com/whetstone-products/jeevee_erp/2025-12-22/07/07a84385b787e2c47207a3c571289b973a6528d8,jeevee,,,,,0.35
jv_38668,RENEW NIACINAMIDE SERUM 30ML,PSC DERMA,1560.0,1450.8,4.3,2,in_stock,https://stod.jeevee.com/whetstone-products/jeevee_erp/2024-01-21/74/74eaf8cdc9f592454198554859f45e2cebe3ed3e,jeevee,serum,,"['aging', 'acne', 'pigmentation', 'oiliness', 'dullness']",['niacinamide'],0.8
jv_85605,"CHEMIST AT PLAY HYDRATING BODY WASH WITH HYALU.ACID & COCONUT OIL, 236ML",CHEMIST AT PLAY,558.4,519.3119999999999,4.5,0,in_stock,https://stod.jeevee.com/whetstone-products/jeevee_erp/2025-05-14/8b/8b60d90cf2c5b5c9aee46156b08f7d4454bca3a5,jeevee,toner,['dry'],,,0.55
jv_109430,PLUM BODYLOVIN' VANILLA CARAMELLO BODY WASH-240 ML,PLUM,608.0,547.2060799999999,2.0,1,in_stock,https://stod.jeevee.com/whetstone-products/jeevee_erp/2025-11-16/c2/c256e0210f8ff071e95df50fe09eb8a4997a1287,jeevee,,,,,0.35
jv_25687,Cetaphil Sun SPF 50+ Light Gel Very High Protection (50ml),CETAPHIL,2150.0,2042.5,4.6,3,in_stock,https://stod.jeevee.com/whetstone-products/jeevee_erp/2022-09-05/6c/6c78553a6ab3b7f82f22b44d65c72c911b0dced8,jeevee,sunscreen,['oily'],,,0.55
jv_39306,"BEAUTY OF JOSEON REVIVE EYE SERUM, GINSENG + RETINAL 30ML",BEAUTY OF JOSEON,2240.0,1984.9984000000002,5.0,4,in_stock,https://stod.jeevee.com/whetstone-products/jeevee_erp/2024-04-01/c1/c1defb62976ae123ddb4357142cecd3ceaff1d1e,jeevee,eye_cream,,"['pigmentation', 'aging', 'acne', 'dark_circles']",['retinol'],0.8
jv_105522,DOT & KEY POMEGRANATE & PEPTIDE YOUTH RESTORE MOISTURIZER SPF 30 60ML,DOT & KEY,792.0,712.80792,2.0,1,in_stock,https://stod.jeevee.com/whetstone-products/jeevee_erp/2025-10-16/56/56e9e75e38e42c5dcecdb3f9020936faaa378081,jeevee,moisturizer,,"['dark_circles', 'aging']",['peptides'],0.8
jv_7607,"HADA LABO PRO ANTI AGING CREAM, 50GM",HADA LABO,1500.0,1200.0,4.3,6,in_stock,https://stod.jeevee.com/whetstone-products/jeevee_erp/2025-01-13/b3/b3e271e88af1a204824ea1240cd046751f7f3bc9,jeevee,,['dry'],,,0.55
jv_143165,BEAUTY OF JOSEON DYNASTY CREAM- 100ML,BEAUTY OF JOSEON,4125.0,3650.00625,0.0,0,in_stock,https://stod.jeevee.com/whetstone-products/jeevee_erp/2026-05-25/e9/e9e9a8005c7057afd2df21a6b865f43349ffea5d,jeevee,,['dry'],,,0.55
jv_40444,PILGRIM 2% HYALURONIC ACID HYDRATION SUPER SERUM - 30ML,PILGRIM,872.0,802.24872,5.0,2,in_stock,https://stod.jeevee.com/whetstone-products/jeevee_erp/2024-05-17/b1/b156fcd2d5cc1b5c35b3c14fb770e99fb7c8a591,jeevee,serum,,"['aging', 'dryness']",['hyaluronic_acid'],0.8
jv_140974,SOSKIN MICELLAR WATER 250ML,SOSKIN,1700.0,1615.0,0.0,0,in_stock,https://stod.jeevee.com/whetstone-products/jeevee_erp/2026-05-11/e9/e909393c8f6fde7fccb5c727d17b4b792f48898c,jeevee,cleanser,,,,0.35
jv_87013,AXIS-Y VEGAN COLLAGEN EYE SERUM - 10ML,AXIS-Y,2600.0,2250.014,5.0,0,in_stock,https://stod.jeevee.com/whetstone-products/jeevee_erp/2025-05-21/b6/b63ba4baf8955ce6fdc2d40e66163fae915d8269,jeevee,eye_cream,,,,0.35
jv_81080,DR. ALTHEA 147 BARRIER FACIAL CREAM 50ML,DR. ALTHEA,3825.0,3249.9877500000002,5.0,0,in_stock,https://stod.jeevee.com/whetstone-products/jeevee_erp/2025-02-25/13/13e4e40c5eac57d2210a1f1481418784d19188cc,jeevee,,['dry'],,,0.55
jv_10608,"THE DERMA CO CERAMIDE + HA INTENSE MOISTURIZER, 50GM",THE DERMA CO,559.0,514.28559,4.5,36,in_stock,https://stod.jeevee.com/whetstone-products/jeevee_erp/2021-04-19/7a/7a468c043d863d9079debd4dac589b48948b59b6,jeevee,moisturizer,,"['sensitivity', 'dryness']",['ceramides'],0.8
jv_89233,BELLA VITA WHITE OUD SHOWER GEL- 250 ML,BELLA VITA,318.4,302.476816,4.0,1,in_stock,https://stod.jeevee.com/whetstone-products/jeevee_erp/2025-06-27/9c/9c6778326cba1596b7807bee3b66d777e8ba5929,jeevee,,['oily'],,,0.55
jv_114362,"UV DOUX AQUA MOISTURISER FOR 48-HOUR HYDRATION, 100GM",BRINTON,712.0,675.00448,5.0,0,in_stock,https://stod.jeevee.com/whetstone-products/jeevee_erp/2025-12-29/a9/a956bfb7ba5b42fdd43d75ce8bf6bb9fc3f3ce58,jeevee,moisturizer,,,,0.35
jv_45624,SIMPLE DAILY MICELLAR GEL WASH- 150ML,SIMPLE,720.0,648.0,0.0,0,in_stock,https://stod.jeevee.com/whetstone-products/jeevee_erp/2024-08-15/ae/aeaf87713c677c637d400571c596eac9d6c9385c,jeevee,,['oily'],,,0.55
jv_7981,EPISHINE SERUM 30ML,ETHICARE,3185.0,2866.5,4.3,5,in_stock,https://stod.jeevee.com/whetstone-products/jeevee_erp/2025-07-25/35/35c2278da52be3fdd707020f1af78c138bcf0383,jeevee,serum,,,,0.35
jv_2268,D-WASH FACIAL WASH 70ML,ETHICARE,798.4,742.512,4.5,6,in_stock,https://stod.jeevee.com/whetstone-products/jeevee_erp/2022-08-09/87/8713316243f349f94211a3a2d09824163dae9ae4,jeevee,,,,,0.35
jv_5801,NIVEA MEN EXTRA WHITE FOAM 100ML,NIVEA,450.0,436.4955,5.0,1,in_stock,https://stod.jeevee.com/whetstone-products/jeevee_erp/2024-06-21/bf/bf367d9a9c6746ccfd1606b3741cd9ebdd566c9a,jeevee,,,,,0.35
jv_30937,ATOMIST SKIN BARRIER REPAIR CREAM - 125 GM,BRINTON,958.4,899.007952,5.0,6,in_stock,https://stod.jeevee.com/whetstone-products/jeevee_erp/2023-04-28/c4/c44c44c4b29cc8ce29520c6cb6b214948495c76f,jeevee,moisturizer,"['dry', 'sensitive']",,,0.55
jv_25158,HYDRASUN MOISTURISING SUNSCREEN CREAM 50G,ETHICARE,798.04,758.1379999999999,5.0,1,in_stock,https://stod.jeevee.com/whetstone-products/jeevee_erp/2022-08-08/2b/2b9ad06c0632b1016cf91cc467040d1629e964bf,jeevee,moisturizer,['dry'],,,0.55
jv_28505,MINIMALIST NIACINAMIDE 5% BODY LOTION 180G,MINIMALIST,479.0,455.05479,4.8,8,in_stock,https://stod.jeevee.com/whetstone-products/jeevee_erp/2023-02-12/a5/a55d0b88ebf18185282cc0c305fa29dcb6098971,jeevee,moisturizer,,"['aging', 'acne', 'pigmentation', 'oiliness', 'dullness']",['niacinamide'],0.8
jv_110456,[8906147702246] DOT & KEY STRAWBERRY + NIACINAMIDE MOISTURIZER-80G,DOT & KEY,638.4,574.553616,5.0,2,in_stock,https://stod.jeevee.com/whetstone-products/jeevee_erp/2025-12-05/c5/c5bf4a95c317e4aa9af9b382a2dd1714b47b0857,jeevee,moisturizer,,"['aging', 'acne', 'pigmentation', 'oiliness', 'dullness']",['niacinamide'],0.8
jv_24563,THE ORDINARY RETINOL 0.5% IN SQUALANE 30ML,THE ORDINARY,2200.0,1969.99,4.4,1,in_stock,https://stod.jeevee.com/whetstone-products/jeevee_erp/2026-01-14/d8/d868c154f1c06651efe243c78b15403aa6d05687,jeevee,,,"['dark_circles', 'aging', 'acne', 'pigmentation', 'dryness']","['retinol', 'squalane']",0.8
jv_34200,DR. SHETH'S HALDI & HYALURONIC ACID SUNSCREEN - 50GM,DR. SHETH'S,798.4,734.5200159999999,4.0,5,in_stock,https://stod.jeevee.com/whetstone-products/jeevee_erp/2023-08-27/a0/a0e2c9414ca68abf036044a30ccf2524c0b7688a,jeevee,sunscreen,,"['aging', 'dryness']",['hyaluronic_acid'],0.8
jv_67142,SUNPLAY SKIN AQUA TONE UP UV ESSENCE (LATTE BEIGE),SUNPLAY,1020.0,1020.0,4.8,3,in_stock,https://stod.jeevee.com/whetstone-products/jeevee_erp/2025-07-10/32/325432e0d644c75bb58a18e45c4c9f2a9f9a2b81,jeevee,serum,,,,0.35
jv_108852,"ISNTREE GREEN TEA FRESH TONER, 200ML",ISNTREE,2300.0,1850.005,5.0,0,in_stock,https://stod.jeevee.com/whetstone-products/jeevee_erp/2025-11-09/31/31d02a1466bb4cf9a10a3eac99120270daffd2d6,jeevee,toner,,,,0.35
jv_34459,SINOZ CLEANSING CLAY FACE MASK 50 ML,SINOZ,1800.0,1710.0,0.0,0,in_stock,https://stod.jeevee.com/whetstone-products/jeevee_erp/2023-09-10/d4/d436d12ac4880c7e057323cda86439df9e8672bf,jeevee,cleanser,,,,0.35
jv_105827,"BANILA CO CLEAN IT ZERO CLEANSING BALM, 100ML",Banila Co,3200.0,2049.984,0.0,0,in_stock,https://stod.jeevee.com/whetstone-products/jeevee_erp/2025-10-19/ec/ec19fd8e0c02d8f5ff03f369681625ab997cb704,jeevee,cleanser,,,,0.35
jv_45627,SIMPLE SOOTHING FACIAL TONER (WITH VITAMIN B5)- 200ML,SIMPLE,736.0,706.55264,1.0,0,in_stock,https://stod.jeevee.com/whetstone-products/jeevee_erp/2024-08-15/a9/a96e176366ea91acc2e5b5107a3209ec68f86a08,jeevee,toner,['sensitive'],,,0.55
jv_39791,PLUM CANDY MELTS STRAWBERRY SORBET TINTED LIP BALM- 4.5 GM,PLUM,319.0,287.1,3.8,4,in_stock,https://stod.jeevee.com/whetstone-products/jeevee_erp/2024-04-29/c3/c3c67af576e677850d6445bcde6ea56e69a085d1,jeevee,lip_care,,,,0.35
jv_72860,HADA LABO PERFECT WHITE TRANEXAMIC ACID LOTION 170ML,HADA LABO,1390.0,1112.0,5.0,2,in_stock,https://stod.jeevee.com/whetstone-products/jeevee_erp/2024-12-09/38/3813981ab6db02e1c95e471e7a970a2b0d0dd373,jeevee,,,,,0.35
jv_76411,DOT & KEY SPF 50+ BARRIER REPAIR LIP BALM - CHERRY CRIMSON,DOT & KEY,399.4,359.46399399999996,4.3,2,in_stock,https://stod.jeevee.com/whetstone-products/jeevee_erp/2025-01-10/4a/4a9ff7d4145128919fdb1afbeb5e93905182c2bc,jeevee,lip_care,['dry'],,,0.55
jv_85405,PILGRIM KOREAN ALOE COOLING FLUID SUNSCREEN SPF 50+ PA++++ 50ML,PILGRIM,793.0,729.5600000000001,0.0,0,in_stock,https://stod.jeevee.com/whetstone-products/jeevee_erp/2025-05-07/8c/8caf7fa939718fd0065336c6e8a5aa5d97f58cb6,jeevee,sunscreen,,"['sensitivity', 'dryness']",['aloe_vera'],0.8
jv_942,FIXDERMA STRALLIUM STRETCH MARK CREAM 75GM,FIXDERMA,880.0,809.6,4.6,2,in_stock,https://stod.jeevee.com/whetstone-products/jeevee_erp/2024-05-24/83/8340ff7b2cad45f8e5baa745e8662c9eeb24f1ea,jeevee,,['dry'],,,0.55
jv_25198,"SUNPLAY SKIN AQUA UV SUNSCREEN WHITENING LOTION, 150GM",SUNPLAY,1090.0,1090.0,2.7,2,in_stock,https://stod.jeevee.com/whetstone-products/jeevee_erp/2024-10-24/21/218cedd2a83c408494227bdee22449e77674ad81,jeevee,sunscreen,,,,0.35
jv_80483,AQUALOGICA BARRIER + REPAIR SUNSCREEN 80G,AQUALOGICA,959.0,891.87959,5.0,1,in_stock,https://stod.jeevee.com/whetstone-products/jeevee_erp/2025-02-18/94/94f56ed25205368a0571a3e0af1dcb35695bc07d,jeevee,sunscreen,['dry'],,,0.55
jv_6050,"ACNES WHITENING FACIAL CLEANSER, 100 GM",ACNES,425.0,425.0,4.7,1,in_stock,https://stod.jeevee.com/whetstone-products/jeevee_erp/2025-01-17/d6/d6726391a336eb9d218680abcbf627d1c6ad58f4,jeevee,cleanser,,,,0.35
jv_110497,PLUM GOODNESS LILY MISS SUNSHINE SUNSCREEN BODY LOTION SPF 35 PA+++ | - 200 ML,PLUM,680.0,612.0,0.0,0,in_stock,https://stod.jeevee.com/whetstone-products/jeevee_erp/2025-12-08/ae/ae06bd2c0a25476a155493464e2e212400d00f3d,jeevee,moisturizer,,,,0.35
jv_15969,PLUM BAKUCHIOL & 1% RETINOL SERUM,PLUM,880.0,791.9912,4.6,7,in_stock,https://stod.jeevee.com/whetstone-products/jeevee_erp/2021-09-29/85/8517f3cbca01194503d67e02fb01618dc409e2c8,jeevee,serum,,"['pigmentation', 'aging', 'acne', 'dark_circles']",['retinol'],0.8
jv_28263,MINIMALIST GRANACTIVE RETINOID 02% FACE CREAM LIQUID 30ML,MINIMALIST,1118.4,1062.4911840000002,4.4,11,in_stock,https://stod.jeevee.com/whetstone-products/jeevee_erp/2025-03-16/3e/3e8f74db514e271e63832d48aa996896a3a86e55,jeevee,moisturizer,['dry'],"['pigmentation', 'aging', 'acne', 'dark_circles']",['retinol'],1.0
jv_66654,DOT & KEY MANGO DETAN GEL FACE WASH - 100 ML,DOT & KEY,398.4,358.556016,4.8,3,in_stock,https://stod.jeevee.com/whetstone-products/jeevee_erp/2024-10-24/4a/4ac30fcb379a079d5560f42ff025444be7c86cab,jeevee,cleanser,['oily'],,,0.55
jv_94082,"MEDICUBE PDRN PINK COLLAGEN CAPSULE CREAM, 55GM",MEDICUBE,4120.0,3500.0224000000003,5.0,1,in_stock,https://stod.jeevee.com/whetstone-products/jeevee_erp/2025-08-10/2b/2b108ba4d9da615e3d10dd6a78eadfeaf9b894be,jeevee,,['dry'],,,0.55
jv_27272,ACNES TRIO ACTIV SEALING GEL 18G,ACNES,430.0,430.0,3.7,3,in_stock,https://stod.jeevee.com/whetstone-products/jeevee_erp/2024-12-17/45/457da35df2be9d60c87c1caa0afaa44db7bc5add,jeevee,,['oily'],,,0.55
jv_66649,DOT & KEY HYALURONIC & CERAMIDE DAILY HYDRATING SHOWER GEL-250 ML,DOT & KEY,558.4,502.554416,0.0,0,in_stock,https://stod.jeevee.com/whetstone-products/jeevee_erp/2024-10-24/3e/3e564fdeee37b9402491d411c53714681f486346,jeevee,,"['oily', 'dry']","['sensitivity', 'aging', 'dryness']","['hyaluronic_acid', 'ceramides']",1.0
jv_105828,SKIN1004 MADAGASCAR CENTELLA TONE BRIGHTENING TONE UP SUNSCREEN 50ML,SKIN1004,2495.0,2090.0116,3.7,1,in_stock,https://stod.jeevee.com/whetstone-products/jeevee_erp/2025-10-19/f6/f6ea362a7f3989b4ab5636737823eb8c07d76caa,jeevee,sunscreen,,['sensitivity'],['centella_asiatica'],0.8
jv_123096,BEAUTY OF JOSEON GLOW SERUM : PROPOLIS+NIACINAMIDE 60ML,BEAUTY OF JOSEON,3500.0,2749.985,0.0,0,in_stock,https://stod.jeevee.com/whetstone-products/jeevee_erp/2026-02-11/3c/3c4eebc81c367c255d52aeec33b7b20b5be3f6de,jeevee,serum,,"['aging', 'acne', 'pigmentation', 'oiliness', 'dullness']",['niacinamide'],0.8
jv_31620,MAMAEARTH VITAMIN C DAILY GLOW FACE SERUM- 30 ML,MAMAEARTH,639.0,587.88,4.1,7,in_stock,https://stod.jeevee.com/whetstone-products/jeevee_erp/2023-05-16/53/5382887ece18bb792a320bbed38395f209987e12,jeevee,serum,,"['pigmentation', 'dark_circles', 'dullness', 'aging']",['vitamin_c'],0.8
jv_41237,DR. SHETH’S CERAMIDE & VITAMIN C LONG-LASTING SUNSCREEN - 50GM,DR. SHETH'S,1119.45,1029.894,0.0,0,in_stock,https://stod.jeevee.com/whetstone-products/jeevee_erp/2024-05-26/90/909567f6362e98d663812c423cb6760ba10a3ced,jeevee,sunscreen,,"['dark_circles', 'aging', 'sensitivity', 'pigmentation', 'dullness', 'dryness']","['vitamin_c', 'ceramides']",0.8
jv_96815,THE PUREST SOLUTIONS YOUTH RADIANT RENEWAL RETINOL SERUM 30ML,THE PUREST SOLUTIONS,3400.0,3230.0,0.0,0,in_stock,https://stod.jeevee.com/whetstone-products/jeevee_erp/2025-08-21/95/9594cd8b6415099e510107bbf399528054425644,jeevee,serum,,"['pigmentation', 'aging', 'acne', 'dark_circles']",['retinol'],0.8
jv_101736,LAKME BLUSH AND GLOW FRUITYLICIOUS SHEET MASK LEMON FRESH - 25ML,LAKME,160.0,152.0,5.0,0,in_stock,https://stod.jeevee.com/whetstone-products/jeevee_erp/2025-09-16/d3/d3d5d8404783779e2dc117dcbfa719635b641230,jeevee,mask,,,,0.35
jv_2531,NIVEA LIPCARE CHERRY 4.8GM,NIVEA,375.0,363.74625000000003,4.8,1,in_stock,https://stod.jeevee.com/whetstone-products/jeevee_erp/2020-11-02/c6/c653217e494199bf96ff90154fe500f62fceded5,jeevee,,,,,0.35
jv_29708,THE PUREST SOLUTIONS HYDRATING GENTLE FACIAL CLEANSER- 200ML.,THE PUREST SOLUTIONS,2550.0,2422.5,5.0,1,in_stock,https://stod.jeevee.com/whetstone-products/jeevee_erp/2023-04-02/64/64fb2e76ab2d8c32b0cb015385c695af480d57d0,jeevee,cleanser,"['dry', 'sensitive']",,,0.55
jv_10642,HUMEDA RICH MOISTURIZING CREME 200GM,HUMEDA,885.0,840.75,4.2,8,in_stock,https://stod.jeevee.com/whetstone-products/jeevee_erp/2021-04-23/71/71f6feae461d200d0408b463f6ebc047d73c8b7b,jeevee,moisturizer,['dry'],,,0.55
jv_5687,ACROSS FACE WASH - 75 ML,DERMAWIN,400.0,372.0,4.6,4,in_stock,https://stod.jeevee.com/whetstone-products/jeevee_erp/2020-10-30/c1/c104e96cf3a3c3d935617807ff4ae44acb1043d3,jeevee,cleanser,,,,0.35
jv_13854,FIXDERMA NIGRIFIX CREAM 100GM,FIXDERMA,1240.0,1140.8,4.1,10,in_stock,https://stod.jeevee.com/whetstone-products/jeevee_erp/2021-07-21/8f/8fa2e78249f8304983c3cd8b123d42ab2726797a,jeevee,,['dry'],,,0.55
jv_32072,COSRX FULL FIT PROPOLIS SYNERGY TONER 150ML,COSRX,2200.0,2050.004,4.4,10,in_stock,https://stod.jeevee.com/whetstone-products/jeevee_erp/2023-06-12/c9/c92a5e2a3fc6430f5aa1a1ead6f62a50b07a37e5,jeevee,toner,,,,0.35
jv_87357,NUMBUZIN NO.3 SKIN SOFTENING SERUM - 50ML,NUMBUZIN,3500.0,2399.985,5.0,0,in_stock,https://stod.jeevee.com/whetstone-products/jeevee_erp/2025-05-25/19/19ecc2027b37fa2cd3611101d856aa5e771b626c,jeevee,serum,,,,0.35
jv_87358,NUMBUZIN NO.4 COLLAGEN 73% PUDDING SERUM - 50ML,NUMBUZIN,4000.0,2500.0,5.0,0,in_stock,https://stod.jeevee.com/whetstone-products/jeevee_erp/2025-05-25/ee/eeefa0908c1d1311fd14672cf55b263838793d53,jeevee,serum,,,,0.35
jv_139133,DOT & KEY BARRIER REPAIR OIL-FREE MOISTURIZER 50GM,DOT & KEY,639.0,575.1,5.0,1,in_stock,https://stod.jeevee.com/whetstone-products/jeevee_erp/2026-04-30/2c/2cad92772f07eaafb4391d5bfae25bdeaa413a2b,jeevee,moisturizer,"['oily', 'dry']",,,0.55
jv_8033,DOUX 24 MOISTURIZER 100GM,BRINTON,638.4,598.9979519999999,4.3,42,in_stock,https://stod.jeevee.com/whetstone-products/jeevee_erp/2023-01-01/e3/e3125490afcb15d1595ea5f13ee042deb5ce6954,jeevee,moisturizer,,,,0.35
jv_34204,DR. SHETH’S CENTELLA & NIACINAMIDE & ACNE CONTROL SUNSCREEN-50GM,DR. SHETH'S,1118.4,1028.939184,3.7,4,in_stock,https://stod.jeevee.com/whetstone-products/jeevee_erp/2023-08-27/97/97418bc7b09b4394eb7c64d9419c10d39a6de16d,jeevee,sunscreen,,"['aging', 'acne', 'sensitivity', 'pigmentation', 'oiliness', 'dullness']","['niacinamide', 'centella_asiatica']",0.8
jv_41045,THE DERMA CO 4% UREA DEEP MOISTURIZING CREAM - 100GM,THE DERMA CO,526.4,484.28273599999994,4.0,4,in_stock,https://stod.jeevee.com/whetstone-products/jeevee_erp/2024-05-21/37/37673e3e4a9d98db91cd4a562dee83d6bf9298b1,jeevee,moisturizer,['dry'],,['urea'],0.85
jv_10447,"BEARDO CHARCOAL BODY WASH, 200ML",BEARDO,478.4,454.47999999999996,4.1,10,in_stock,https://stod.jeevee.com/whetstone-products/jeevee_erp/2024-01-08/1d/1df3a443bb4462a9144c9bd9c8b9221ac759660e,jeevee,,,,,0.35
jv_116976,NOVO REFRESHING AROMA HAND CREAM [02 DEWY]-45G,NOVO,480.0,432.0,0.0,0,in_stock,https://stod.jeevee.com/whetstone-products/jeevee_erp/2026-01-14/49/49849deea9172287b62f8db13b674ba7fe084db8,jeevee,,['dry'],,,0.55
jv_131059,PLUM NIACINAMIDE SKINCARE TRIO MINI KIT,PLUM,638.0,574.2,0.0,0,in_stock,https://stod.jeevee.com/whetstone-products/jeevee_erp/2026-04-03/78/78f4cb5764d8917e25d1e96e411fe00708df4c7d,jeevee,,,"['aging', 'acne', 'pigmentation', 'oiliness', 'dullness']",['niacinamide'],0.8
jv_146209,THE FACE SHOP SOLUTION MASK SHEET 1PC [SOOTHING],THE FACE SHOP,290.0,269.9987,0.0,0,in_stock,https://stod.jeevee.com/whetstone-products/jeevee_erp/2026-06-09/e3/e3985eb8370b3338281a6046e0879c2855730fc5,jeevee,mask,['sensitive'],,,0.55
jv_25183,SEBOGEL SALICYLIC ACID & NICOTINAMIDE GEL 30GM,ETHICARE,440.0,418.0,4.4,17,in_stock,https://stod.jeevee.com/whetstone-products/jeevee_erp/2022-08-08/35/357c85baff8b655b5124220e32c7a5be731a16a7,jeevee,,['oily'],"['oiliness', 'acne']",['salicylic_acid'],1.0
jv_29110,ACNES VITAMIN CLEANSER 150GM,ACNES,575.0,575.0,5.0,2,in_stock,https://stod.jeevee.com/whetstone-products/jeevee_erp/2026-05-29/26/266c56253ced82488a79e55c8354c50fc5ff5dd9,jeevee,cleanser,,"['pigmentation', 'dark_circles', 'dullness', 'aging']",['vitamin_c'],0.8
jv_123097,PURITO SEOUL OAT IN GENTLE EXFOLIATING FACE CLEANSER 150ML,PURITO,2590.0,2390.0002,0.0,0,in_stock,https://stod.jeevee.com/whetstone-products/jeevee_erp/2026-02-11/82/825a0763310537dc0297313bce674816b0639134,jeevee,cleanser,['sensitive'],,,0.55
jv_145007,LAKME 9TO5 SUN EXPERT TINTED MATTE SUNSCREEN SPF50 100ML,LAKME,1070.4,1070.4,0.0,0,in_stock,https://stod.jeevee.com/whetstone-products/jeevee_erp/2026-06-01/3f/3ffd3372058aaf069b913ecc44d5c8d5d0d2a162,jeevee,sunscreen,['oily'],,,0.55
jv_66634,DOT & KEY LIP BALM CHERRY POP- 12 GM,DOT & KEY,398.4,358.556016,4.8,1,in_stock,https://stod.jeevee.com/whetstone-products/jeevee_erp/2024-10-24/85/85c280e33feab9b9606288449eae8c8d9baca01d,jeevee,lip_care,,,,0.35
jv_22607,THE DERMA CO. 3% VITAMIN E FACE MOISTURIZER 100G,THE DERMA CO,559.0,514.28559,4.4,27,in_stock,https://stod.jeevee.com/whetstone-products/jeevee_erp/2022-04-11/77/77fd85b631ab930271a9315ea9ac981562c8055e,jeevee,moisturizer,,"['dark_circles', 'aging', 'dryness']",['vitamin_e'],0.8
jv_66653,DOT & KEY MANGO DETAN CLAY MASK - 70 GM,DOT & KEY,798.4,718.552016,3.5,1,in_stock,https://stod.jeevee.com/whetstone-products/jeevee_erp/2024-10-24/54/54e32ef069c9fb993030c646ec334766ebf91962,jeevee,mask,,,,0.35
jv_103173,PLUM CICA & HYALURONIC ACID AQUA-LIGHT SUNSCREEN (SPF 50 PA+++) 50 G,PLUM,638.0,574.2,5.0,0,in_stock,https://stod.jeevee.com/whetstone-products/jeevee_erp/2025-10-07/57/57af7ff96e616b1bcd7e0ddeb88104205defa270,jeevee,sunscreen,,"['sensitivity', 'aging', 'dryness']","['hyaluronic_acid', 'centella_asiatica']",0.8
jv_106683,HEIMISH ALL CLEAN BALM 120ML,HEIMISH,2700.0,1990.008,0.0,0,in_stock,https://stod.jeevee.com/whetstone-products/jeevee_erp/2025-10-30/10/10c0d751219461fc0e395e448337a634f7b61ec3,jeevee,,,,,0.35
jv_14975,MAMAEARTH AQUA GLOW GEL FACE MOISTURIZER - 100 ML,MAMAEARTH,1119.0,1029.46881,4.6,20,in_stock,https://stod.jeevee.com/whetstone-products/jeevee_erp/2024-08-13/4c/4c7f3dacfdbe5b5d782077daed6cfcd9cb1fbd2f,jeevee,moisturizer,['oily'],,,0.55
jv_116972,FRUDIA MY ORCHARD HAND CREAM [PASSION FRUIT]-30G,FRUDIA,480.0,432.0,0.0,0,in_stock,https://stod.jeevee.com/whetstone-products/jeevee_erp/2026-01-14/92/92fc4c04be9cc46aee5a1b19b92a9eb69a3f1ecb,jeevee,,['dry'],,,0.55
jv_29087,MINIMALIST AQUAPORIN BOOSTER 05% CLEANSER 100ML,MINIMALIST,481.0,456.95481,4.8,17,in_stock,https://stod.jeevee.com/whetstone-products/jeevee_erp/2023-03-16/a5/a501f7874c2a0520b49ff3c19dba3208a5077b88,jeevee,cleanser,,,,0.35
jv_40480,PILGRIM AUSTRALIAN TEA TREE PURIFYING GEL FACE WASH- 100ML,PILGRIM,400.0,368.0,5.0,1,in_stock,https://stod.jeevee.com/whetstone-products/jeevee_erp/2026-03-18/5c/5ccdd33cdc7600bdbe4e23daa7ca6d9f380318ef,jeevee,cleanser,['oily'],"['oiliness', 'acne']",['tea_tree'],1.0
jv_82422,WISHCARE 2% VITAMIN C PURE GLOW MILK SUNSCREEN SPF 50 PA++++ - 50GM,WISHCARE,799.0,759.05799,4.3,1,in_stock,https://stod.jeevee.com/whetstone-products/jeevee_erp/2025-03-23/67/671752f7ccaa5366904d49179056ad1796fa2c56,jeevee,sunscreen,,"['pigmentation', 'dark_circles', 'dullness', 'aging']",['vitamin_c'],0.8
jv_24058,MAMAEARTH OIL FREE FACE WASH 100ML,MAMAEARTH,430.4,395.968,4.4,2,in_stock,https://stod.jeevee.com/whetstone-products/jeevee_erp/2022-06-23/78/786539a04948c081173acd2a719346a8c191ea1b,jeevee,cleanser,['oily'],,,0.55
jv_38995,COXIR ULTRA HYALURONIC TONER- 150ML,COXIR,2350.0,2232.5,0.0,0,in_stock,https://stod.jeevee.com/whetstone-products/jeevee_erp/2024-03-06/6f/6ff8bd217aaf1924060be61c7bdff48b9253de19,jeevee,toner,,"['aging', 'dryness']",['hyaluronic_acid'],0.8
jv_86053,MIXSOON BEAN ESSENCE - 30ML,MIXSOON,3000.0,2082.99,5.0,0,in_stock,https://stod.jeevee.com/whetstone-products/jeevee_erp/2025-08-12/75/75188edbffe20460df62aee1b8e18cc8fd29ef6d,jeevee,serum,,,,0.35
jv_2390,FIXDERMA RETICURAM SERUM FOR AGEING SKIN 15ML,FIXDERMA,1160.0,1067.1884,4.4,10,in_stock,https://stod.jeevee.com/whetstone-products/jeevee_erp/2021-07-21/c7/c7bcfb6b78fa9488e4d63ca39faa3a30db3d986e,jeevee,serum,,,,0.35
jv_128270,HYPHEN PILLOW – 10% HEARTLEAF & 7% CERAMIDES-FACE CREAM (50ML),HYPHEN,719.0,683.05719,0.0,0,in_stock,https://stod.jeevee.com/whetstone-products/jeevee_erp/2026-03-16/f1/f13be535c22b97a14e6bed4f7e2f34b6e1ab14e2,jeevee,moisturizer,['dry'],"['sensitivity', 'dryness']",['ceramides'],1.0
jv_2529,NIVEA LIPCARE STRAWBERRY 4.8GM,NIVEA,399.0,387.02202,4.9,3,in_stock,https://stod.jeevee.com/whetstone-products/jeevee_erp/2020-11-02/70/704efbf792de620324d222417bca39df79f5296a,jeevee,,,,,0.35
jv_27195,THE DERMA CO. 2% CICA-GLOW DAILY FACE WASH -100ML,THE DERMA CO,559.0,514.28559,4.8,2,in_stock,https://stod.jeevee.com/whetstone-products/jeevee_erp/2022-11-28/59/5908769a0339775c67dbd22e7d991e64eedff4ee,jeevee,cleanser,,['sensitivity'],['centella_asiatica'],0.8
jv_38483,CHEMIST AT PLAY FOOT CREAM FOR CRACKED HEEL & DIABETIC FOOT- 50GM,CHEMIST AT PLAY,558.4,519.3119999999999,3.6,2,in_stock,https://stod.jeevee.com/whetstone-products/jeevee_erp/2023-12-24/7d/7d2bff0f701147ae4f7de0d2ad661e49f6919d1d,jeevee,toner,['dry'],,,0.55
jv_66633,"DOT & KEY 10% VITAMIN C + E, 5% NIACINAMIDE SERUM- 30 ML",DOT & KEY,1112.0,1000.8000000000001,3.8,3,in_stock,https://stod.jeevee.com/whetstone-products/jeevee_erp/2024-10-24/4b/4bd0426eb8c74997111666d5e5f353886e187485,jeevee,serum,,"['dark_circles', 'aging', 'acne', 'pigmentation', 'oiliness', 'dullness']","['niacinamide', 'vitamin_c']",0.8
jv_120144,DR. SHETH'S KESAR & KOJIC ACID LIP BALM 10G,DR. SHETH'S,638.4,587.321616,0.0,0,in_stock,https://stod.jeevee.com/whetstone-products/jeevee_erp/2026-01-29/9d/9d058f59467482ebf02981ed2664c91ab3e321c8,jeevee,lip_care,,"['pigmentation', 'dullness']",['kojic_acid'],0.8
jv_138761,CHEMIST AT PLAY LIP BALM CHERRY 4.5 GM,CHEMIST AT PLAY,479.0,445.01016,0.0,0,in_stock,https://stod.jeevee.com/whetstone-products/jeevee_erp/2026-04-29/c1/c1b960d0f563232218d9b2a549e4250a54b76bdf,jeevee,lip_care,,,,0.35
jv_3099,GLYCO 6 CREAM 30GM,MICRO LABS,361.44,332.52118559999997,4.6,13,in_stock,https://stod.jeevee.com/whetstone-products/jeevee_erp/2021-01-06/57/5750dc057b9ab25bb1c617076aec090091944b0f,jeevee,,['dry'],,,0.55
jv_40470,PILGRIM ROLL ON UNDER EYE SERUM - 15 ML,PILGRIM,640.0,588.8000000000001,4.3,2,in_stock,https://stod.jeevee.com/whetstone-products/jeevee_erp/2026-04-26/6c/6c18677d643a03d74918436d7959765918b763d9,jeevee,eye_cream,,,,0.35
jv_138776,CHEMIST AT PLAY LIP BALM NATURAL 4.5GM,CHEMIST AT PLAY,479.0,445.01016,0.0,0,in_stock,https://stod.jeevee.com/whetstone-products/jeevee_erp/2026-04-29/ec/ec0e5d434b837363523383b1fc64cd0976bc39be,jeevee,lip_care,,,,0.35
jv_135065,PHD 10% NIACINAMIDE SPOT CORRECTING SERUM -30ML,PROVEN HONEST DERMA,1038.4,986.48,0.0,0,in_stock,https://stod.jeevee.com/whetstone-products/jeevee_erp/2026-05-31/a6/a68c0aff813230147865391611adf555fe804c57,jeevee,serum,,"['aging', 'acne', 'pigmentation', 'oiliness', 'dullness']",['niacinamide'],0.8
jv_29109,ACNES CREAMY WASH 150GM,ACNES,575.0,575.0,5.0,2,in_stock,https://stod.jeevee.com/whetstone-products/jeevee_erp/2025-01-17/37/37cdd7df6766218b2398ffca96022ece132db20e,jeevee,,['dry'],,,0.55
jv_25359,THE PUREST SOLUTIONS DRY-TOUCH OIL CONTROL SUNSCREEN 50ML,THE PUREST SOLUTIONS,3300.0,3135.0,0.0,0,in_stock,https://stod.jeevee.com/whetstone-products/jeevee_erp/2022-08-17/d5/d585f57f34840deb0f40e3c19c155292164dd953,jeevee,sunscreen,"['oily', 'dry']",,,0.55
jv_81306,CHEMIST AT PLAY CERAMIDES + KOJIC LIP BALM SPF 50 PA++++ (PEACH),CHEMIST AT PLAY,559.0,519.87,1.0,1,in_stock,https://stod.jeevee.com/whetstone-products/jeevee_erp/2025-03-02/ab/abca65c1bf5c429ab7b994282a491f2b0b60cc19,jeevee,lip_care,,"['sensitivity', 'pigmentation', 'dullness', 'dryness']","['ceramides', 'kojic_acid']",0.8
jv_129164,DOT & KEY MANGO DETAN GEL SUNSCREEN - 50G,DOT & KEY,712.0,640.8000000000001,0.0,0,in_stock,https://stod.jeevee.com/whetstone-products/jeevee_erp/2026-03-25/a6/a6711236e3c26797d132e74bc6e9e0111adf88b9,jeevee,sunscreen,['oily'],,,0.55
jv_38679,CHEMIST AT PLAY RETINOL BODY LOTION- 200 ML,CHEMIST AT PLAY,558.4,519.3119999999999,4.4,2,in_stock,https://stod.jeevee.com/whetstone-products/jeevee_erp/2024-01-21/af/af3218bf7bc0238b644afc21ea06c066f361a050,jeevee,moisturizer,,"['pigmentation', 'aging', 'acne', 'dark_circles']",['retinol'],0.8
jv_186,FIXDERMA C-ENHANCE-25 SERUM 15ML,FIXDERMA,1400.0,1288.0,4.6,8,in_stock,https://stod.jeevee.com/whetstone-products/jeevee_erp/2022-02-16/b8/b8efa865cbb5de80492f306c0adf390b9759aac3,jeevee,serum,,,,0.35
jv_2756,GLUTACOM FACEWASH 100ML,PSC DERMA,720.0,669.5999999999999,4.2,12,in_stock,https://stod.jeevee.com/whetstone-products/products/2020-05-19/2756/512/2020_05_195ec3c36733103_1589887847.jpg,jeevee,,,,,0.35
jv_25367,THE PUREST SOLUTIONS UV PROTECTION SUNSCREEN 50ML,THE PUREST SOLUTIONS,3100.0,2945.0,4.3,1,in_stock,https://stod.jeevee.com/whetstone-products/jeevee_erp/2025-12-08/80/80cb66b618be143ce1db9235827105c9c09c6b69,jeevee,sunscreen,,,,0.35
jv_25370,THE PUREST SOLUTIONS HYDRATION BOOSTER MOISTURIZING CREAM - 50ML,THE PUREST SOLUTIONS,2375.0,2256.25,5.0,1,in_stock,https://stod.jeevee.com/whetstone-products/jeevee_erp/2022-08-17/4d/4dc60a6bc74bc617f953708700fbcfb2f37ff2fb,jeevee,moisturizer,['dry'],,,0.55
jv_39790,PLUM CANDY MELTS RED VELVET LOVE TINTED LIP BALM- 4.5 GM,PLUM,319.0,287.1,4.4,0,in_stock,https://stod.jeevee.com/whetstone-products/jeevee_erp/2024-04-29/8b/8b79492038dc22d8ef633ed61bcc5479510f1299,jeevee,lip_care,,,,0.35
jv_40208,COSRX NIACINAMIDE 15 SERUM- 20ML,COSRX,2850.0,2450.0025,3.0,1,in_stock,https://stod.jeevee.com/whetstone-products/jeevee_erp/2024-05-05/f1/f12a3e6596808aedfd54e0c155b7ad0f44ce64e6,jeevee,serum,,"['aging', 'acne', 'pigmentation', 'oiliness', 'dullness']",['niacinamide'],0.8
jv_45862,MAMAEARTH BEETROOT HYDRAFUL SUNSCREEN- 50GM,MAMAEARTH,639.0,587.88,5.0,0,in_stock,https://stod.jeevee.com/whetstone-products/jeevee_erp/2024-08-23/f9/f9fa68798b758f63ed8920f80925c01b927ac74c,jeevee,sunscreen,,,,0.35
jv_66645,DOT & KEY STRAWBERRY DEW MELT-IN-A-FLASH CLEANSING BALM- 70 ML,DOT & KEY,798.4,718.552016,0.0,0,in_stock,https://stod.jeevee.com/whetstone-products/jeevee_erp/2024-10-24/35/35d503704c0be4a638c92b1d0d4051c8fd370b39,jeevee,cleanser,,,,0.35
jv_78796,TRIOLITE TX SERUM - 30ML,ETHICARE,2398.4,2254.112256,0.0,0,in_stock,https://stod.jeevee.com/whetstone-products/jeevee_erp/2025-01-29/ee/ee004b8c2cea06fc634749e8e79f9fd3ce42c3bb,jeevee,serum,,,,0.35
jv_29795,PLUM SAFFRON & PAPAYA GLOW BRIGHT FACE WASH 100ML,PLUM,398.0,358.2,4.2,3,in_stock,https://stod.jeevee.com/whetstone-products/jeevee_erp/2023-04-04/f3/f3f10f60874d08cc4f2690494e036caceb1aee89,jeevee,cleanser,,,,0.35
jv_104181,"THE PUREST SOLUTIONS REFINE & GLOW TONER-200ML
",THE PUREST SOLUTIONS,2450.0,2327.5,0.0,0,in_stock,https://stod.jeevee.com/whetstone-products/jeevee_erp/2025-12-08/29/29d32f4eab799754f2a76441f3507f3c27ac8cce,jeevee,toner,,,,0.35
jv_9360,"CHOCOLITE SCRUB, 100ML",ETHICARE,798.4,742.512,5.0,0,in_stock,https://stod.jeevee.com/whetstone-products/jeevee_erp/2021-03-15/69/6989c9468c403b41dd12e9f9877ad9e1342a8d2b,jeevee,exfoliant,,,,0.35
jv_29172,DOUX DEEP CLEANSER 125ML,BRINTON,445.0,422.75,4.2,5,in_stock,https://stod.jeevee.com/whetstone-products/jeevee_erp/2023-03-15/af/afe3f7d5bd6531c2d55eab595e4151301d3f4e6c,jeevee,cleanser,,,,0.35
jv_7077,"HADA LABO PRO ANTI AGEING CLEANSER, 80 GM",HADA LABO,550.0,439.9945,4.5,6,in_stock,https://stod.jeevee.com/whetstone-products/jeevee_erp/2026-05-29/0c/0c07075d70a1462e074447d48e70d4288c377bec,jeevee,cleanser,,,,0.35
jv_41616,MAMAEARTH BEETROOT HYDRAFUL MOISTURIZER 50 ML,MAMAEARTH,558.92,514.2064,5.0,0,in_stock,https://stod.jeevee.com/whetstone-products/jeevee_erp/2024-06-02/fb/fb032f6d1822212deee05a2eedb8fd72e0107e07,jeevee,moisturizer,,,,0.35
jv_5563,KOZIMAX 15G CREAM,ETHICARE,680.0,632.4068,4.8,2,in_stock,https://stod.jeevee.com/whetstone-products/jeevee_erp/2020-10-25/86/86cdc2958bc59d27f5c48f15ef3ebec376f67a2f,jeevee,,['dry'],,,0.55
jv_39418,SUNSCOOP BRIGHTENING CREAM SPF 50+ SUNSCREEN- 45 GM,SUNSCOOP,558.4,449.99780799999996,4.5,2,in_stock,https://stod.jeevee.com/whetstone-products/jeevee_erp/2024-04-08/e4/e4d78af94b64cb5551931cccaf74d8ed4870728c,jeevee,sunscreen,['dry'],,,0.55
jv_40428,PILGRIM RETINOL UNDER EYE CREAM WITH HYALURONIC ACID- 30G,PILGRIM,720.0,662.3928,4.0,1,in_stock,https://stod.jeevee.com/whetstone-products/jeevee_erp/2026-03-18/ae/aef2f8d72c47327021e2727877ab82f224b86d97,jeevee,eye_cream,['dry'],"['dark_circles', 'aging', 'acne', 'pigmentation', 'dryness']","['retinol', 'hyaluronic_acid']",1.0
jv_90093,SKIN1004 MADAGASCAR CENTELLA TEA TRICA PURIFYING TONER 210ML,SKIN1004,2500.0,2390.0,5.0,1,in_stock,https://stod.jeevee.com/whetstone-products/jeevee_erp/2025-07-10/ba/ba5ea42236efc3cdb6301cf84637372b4db7cecb,jeevee,toner,['oily'],['sensitivity'],['centella_asiatica'],1.0
jv_128260,HYPHEN ALL I NEED SUNSCREEN SPF 50 PA ++++ 50ML,HYPHEN,719.0,683.05719,0.0,0,in_stock,https://stod.jeevee.com/whetstone-products/jeevee_erp/2026-03-16/e0/e04ea675112db372ad6343b8d47ddd67b38286e2,jeevee,sunscreen,,,,0.35
jv_128264,HYPHEN DOUBLE SHOT RADIANT LIFT SERUM (50ML).,HYPHEN,1039.0,987.05,0.0,0,in_stock,https://stod.jeevee.com/whetstone-products/jeevee_erp/2026-03-16/a9/a970d034d339b1bece3b8572ca3f70200ce1ae44,jeevee,serum,,,,0.35
jv_7075,HADA LABO PRO ANTI AGEING LOTION- 170 ML,HADA LABO,1450.0,1160.0,3.8,3,in_stock,https://stod.jeevee.com/whetstone-products/jeevee_erp/2024-08-20/e8/e8789675975c50caa5826f992dd7a322db0473d4,jeevee,,,,,0.35
jv_10624,"THE DERMA CO 30% AHA + 2% BHA PEELING SOLUTION, 30ML",THE DERMA CO,959.0,882.2800000000001,4.3,10,in_stock,https://stod.jeevee.com/whetstone-products/jeevee_erp/2021-04-19/e2/e21ea0d1a2e3e18efd69b2c03a45c63682d57680,jeevee,exfoliant,,"['oiliness', 'pigmentation', 'dullness', 'acne']","['salicylic_acid', 'glycolic_acid', 'lactic_acid']",0.8
jv_87314,THE DERMA CO 2.5% BENZOYL PEROXIDE SPOT CORRECTOR - 15G,THE DERMA CO,399.0,367.07601,3.0,1,in_stock,https://stod.jeevee.com/whetstone-products/jeevee_erp/2025-05-25/ac/ace705d102530e13f6b1e8864e5cf81a0a847b2c,jeevee,spot_treatment,,['acne'],['benzoyl_peroxide'],0.8
jv_128258,HYPHEN ADVANCED DE-PIGMENTATION SERUM – 2% KOJIC ACID (30ML),HYPHEN,1039.0,987.05,5.0,0,in_stock,https://stod.jeevee.com/whetstone-products/jeevee_erp/2026-03-16/5f/5ff18d9d118ab955d4eecf2db27a743487161354,jeevee,serum,,"['pigmentation', 'dullness']",['kojic_acid'],0.8
jv_128262,HYPHEN BARRIER CARE CREAM OIL-FREE HYDRATING GEL CREAM (50ML),HYPHEN,719.0,683.05719,0.0,0,in_stock,https://stod.jeevee.com/whetstone-products/jeevee_erp/2026-03-16/7c/7cec2240814c6c7263579a8457b7852f3ff35ef3,jeevee,moisturizer,"['oily', 'dry']",,,0.55
jv_27235,AQUALOGICA HYDRATE+SUNSCREEN WITH COCONUT WATER & HYALURONIC ACID 50G,AQUALOGICA,718.4,668.112,4.6,14,in_stock,https://stod.jeevee.com/whetstone-products/jeevee_erp/2022-12-01/6b/6b89c09c3a603c8f68c970c1589e89b7882310d0,jeevee,sunscreen,,"['aging', 'dryness']",['hyaluronic_acid'],0.8
jv_31530,AQUALOGICA DETAN + DEWY SUNSCREEN GEL 50GM,AQUALOGICA,719.0,668.67,4.6,8,in_stock,https://stod.jeevee.com/whetstone-products/jeevee_erp/2023-05-11/66/662041d1f76485054cccc902f79e2c15e98cc621,jeevee,sunscreen,['oily'],,,0.55
jv_44797,THE DERMA CO SALI-CINAMIDE ANTI-ACNE SERUM- 30ML,THE DERMA CO,958.4,881.7280000000001,5.0,1,in_stock,https://stod.jeevee.com/whetstone-products/jeevee_erp/2024-07-30/4d/4d5b73d29c053a435dab675d725f6eefd3fbcc2a,jeevee,serum,,,,0.35
jv_91320,THE DERMA CO 1% KOJIC ACID DAILY BRIGHTENING BODY WASH 250ML,THE DERMA CO,558.4,513.733584,5.0,0,in_stock,https://stod.jeevee.com/whetstone-products/jeevee_erp/2025-07-24/79/795e1b47e02c3575f7c953c1f70df37dcff33d89,jeevee,,,"['pigmentation', 'dullness']",['kojic_acid'],0.8
jv_5339,BIODERMA SEBIUM HYDRA ULTRA MOISTURISING COMPENSATING CARE 40ML,BIODERMA,2350.0,2229.9855000000002,4.8,1,in_stock,https://stod.jeevee.com/whetstone-products/jeevee_erp/2025-11-19/98/98ca2584a3edcea68d3d83d515088dc0c382d2b7,jeevee,moisturizer,,,,0.35
jv_18892,NIVEA WHITENING TONER 200Ml,NIVEA,399.0,387.02202,0.0,0,in_stock,https://stod.jeevee.com/whetstone-products/jeevee_erp/2025-06-15/19/19798c7a3fad6b20f12080752fc8084de2d560a3,jeevee,toner,,,,0.35
jv_74873,MINIMALIST PEDIATRICS CERAMIDE & VITAMIN B5 DELICATE CLEANSER - 400ML,MINIMALIST,961.0,912.9499999999999,4.5,1,in_stock,https://stod.jeevee.com/whetstone-products/jeevee_erp/2024-12-29/21/21a77aa5c47f49aa62f2593543e24d61944943f2,jeevee,cleanser,,"['sensitivity', 'dryness']",['ceramides'],0.8
jv_109541,PILGRIM VITAMIN C TINTED STRAWBERRY GLOSS LIP BALM SPF50 PA++++ -4.5GM,PILGRIM,392.0,360.64392,0.0,0,in_stock,https://stod.jeevee.com/whetstone-products/jeevee_erp/2025-11-19/bc/bcf523fdab3848380cc65942ff7e6935e692726b,jeevee,lip_care,,"['pigmentation', 'dark_circles', 'dullness', 'aging']",['vitamin_c'],0.8
jv_2514,NIVEA ESSENTIAL TONER 200ML,NIVEA,425.0,412.2415,4.3,1,in_stock,https://stod.jeevee.com/whetstone-products/jeevee_erp/2024-06-21/f7/f73fb0d08a3339ac5bd3127673eceec47d7cae58,jeevee,toner,,,,0.35
jv_2134,RAYCROSS-HA SPF50+ 50ML,RAYCROSS-HA,800.0,760.008,4.0,5,in_stock,https://stod.jeevee.com/whetstone-products/jeevee_erp/2026-02-10/3b/3b38e550be45b4926899e2a124c6121a0fc8dad5,jeevee,sunscreen,,,,0.35
jv_83393,COXIR BROWN RICE CERAMIDE SUN SCREEN 50ML,COXIR,2750.0,2612.005,5.0,0,in_stock,https://stod.jeevee.com/whetstone-products/jeevee_erp/2025-04-01/04/047e4d31c65ac1a61e470583582706ddde9fb86d,jeevee,sunscreen,,"['sensitivity', 'dryness']",['ceramides'],0.8
jv_97340,MEDICOS VITAMIN C+ FACE SERUM 30ML,MEDICOS,1050.0,1050.0,5.0,0,in_stock,https://stod.jeevee.com/whetstone-products/jeevee_erp/2026-04-10/bd/bdf9aa01df58e61af2f63849f92f2c51bcca9fc2,jeevee,serum,,"['pigmentation', 'dark_circles', 'dullness', 'aging']",['vitamin_c'],0.8
jv_3729,AHAGLOW ACNE CONTROL MOISTURIZING GEL 50GM,TORRENT-DERMA,1137.6,1023.828624,4.9,1,in_stock,https://stod.jeevee.com/whetstone-products/jeevee_erp/2020-07-28/39/3950212a616daba4077e12f4f9110960f36b8f52,jeevee,moisturizer,['oily'],"['oiliness', 'pigmentation', 'dullness', 'acne']","['glycolic_acid', 'lactic_acid']",1.0
jv_10371,NUGA BODY SCRUB - ENERGIZING COFFEE- 300 GM,NUGA ,920.0,807.4932,5.0,1,in_stock,https://stod.jeevee.com/whetstone-products/jeevee_erp/2021-04-02/53/53b41f5211c19a4bbb8e67ceba885f0960a8aabb,jeevee,exfoliant,,,,0.35
jv_21099,MELAO VITAMIN C SERUM -30ML,MELAO,1300.0,1300.0,4.2,3,in_stock,https://stod.jeevee.com/whetstone-products/jeevee_erp/2022-02-09/ef/ef539243cbcd9d4c66432c93f27776d86d9d9be7,jeevee,serum,,"['pigmentation', 'dark_circles', 'dullness', 'aging']",['vitamin_c'],0.8
jv_109423,"UVMED TINTED SUNSCREEN GEL SPF 60+ PA++++, 50ML",ETHICARE,799.0,742.99809,0.0,0,in_stock,https://stod.jeevee.com/whetstone-products/jeevee_erp/2025-11-14/ed/ed287979531ff38d3eb19265bbb10756b17bd458,jeevee,sunscreen,['oily'],,,0.55
jv_110493,NUGA  FACE MASK COCONUT CHARCOAL,NUGA ,440.0,440.0,0.0,0,in_stock,https://stod.jeevee.com/whetstone-products/jeevee_erp/2025-12-08/e7/e7a553558aaa1dd6f9c5b4de96bd12be7576aade,jeevee,mask,,,,0.35
jv_128261,HYPHEN ANTI ACNE 2% SALICYLIC & 4% NIACINAMIDE FACE SERUM -30ML,HYPHEN,1039.0,987.05,0.0,0,in_stock,https://stod.jeevee.com/whetstone-products/jeevee_erp/2026-03-16/9d/9d9dc9b043e1fdfe53d1c69ebe66861e2837cdc9,jeevee,serum,,"['aging', 'acne', 'pigmentation', 'oiliness', 'dullness']","['salicylic_acid', 'niacinamide']",0.8
jv_132896,LORD'S CRYSTAL CLEAR MICELLAR INFUSION-300ML,LORD'S,440.0,395.9956,0.0,0,in_stock,https://stod.jeevee.com/whetstone-products/jeevee_erp/2026-04-23/06/066bfcd85949839be887082f0706efc0a743a9a5,jeevee,,,,,0.35
jv_101745,LAKME ARGAN OIL RADIANCE OIL IN CREME - 50G,LAKME,1438.0,1366.1,0.0,0,in_stock,https://stod.jeevee.com/whetstone-products/jeevee_erp/2025-09-16/86/8665f4853c19d35807337203eb2e34bc3af89c46,jeevee,face_oil,,,,0.35
jv_148613,UVICOZ IR 60 MATTE SUNSCREEN GEL SPF 60+ PA++++ 50GM,CEUTICOZ,1360.0,1360.0,0.0,0,in_stock,https://stod.jeevee.com/whetstone-products/jeevee_erp/2026-06-21/c6/c688c5e3250883e71d1283029a35a1be9cd6d23e,jeevee,sunscreen,['oily'],,,0.55
jv_7737,TRUE DERMA LUXURIOUS SPF50+ CREAM 60G,TRUEDERMA,1200.0,1200.0,5.0,0,in_stock,https://stod.jeevee.com/whetstone-products/jeevee_erp/2024-05-13/c3/c3500e135a6dea28e5b6494aff0b6c44572d4c76,jeevee,sunscreen,['dry'],,,0.55
jv_27359,HUMEDA LIGHTENING FACE WASH 80 GM,HUMEDA,1295.0,1230.25,5.0,2,in_stock,https://stod.jeevee.com/whetstone-products/jeevee_erp/2022-12-06/31/315be713444590241995e5de132b38352a1268d6,jeevee,cleanser,,,,0.35
jv_40435,PILGRIM 2% ALPHA ARBUTIN BRIGHTENING SERUM- 30ML,PILGRIM,1112.0,1023.05112,4.1,2,in_stock,https://stod.jeevee.com/whetstone-products/jeevee_erp/2026-03-18/d7/d7c015af1f1c06152d0878823ded48b528a6349c,jeevee,serum,,"['pigmentation', 'dullness']",['arbutin'],0.8
jv_87359,NUMBUZIN NO.5 GOODBYE BLEMISH SERUM - 50ML,NUMBUZIN,4000.0,2500.0,5.0,0,in_stock,https://stod.jeevee.com/whetstone-products/jeevee_erp/2025-05-25/66/66204b2165f2f0e0df2fbe35cf3e84b8face8b5b,jeevee,spot_treatment,['oily'],,,0.55
jv_10613,THE DERMA CO 3%  AHA+BHA FOAMING FACE WASH 100ML,THE DERMA CO,559.0,514.28559,4.5,20,in_stock,https://stod.jeevee.com/whetstone-products/jeevee_erp/2021-04-19/ac/acac8812f02163ad37ae837a54c15bbf18e3bc6f,jeevee,cleanser,,"['oiliness', 'pigmentation', 'dullness', 'acne']","['salicylic_acid', 'glycolic_acid', 'lactic_acid']",0.8
jv_34207,DR. SHETH’S CERAMIDE & VITAMIN C FACE WASH -100G,DR. SHETH'S,558.4,513.733584,4.5,1,in_stock,https://stod.jeevee.com/whetstone-products/jeevee_erp/2023-08-27/50/50105e2488001beb683c003bf22f41cf6aefd94f,jeevee,cleanser,,"['dark_circles', 'aging', 'sensitivity', 'pigmentation', 'dullness', 'dryness']","['vitamin_c', 'ceramides']",0.8
jv_66637,DOT & KEY 10% NIACINAMIDE CICA SERUM- 30 ML,DOT & KEY,958.4,862.56,5.0,0,in_stock,https://stod.jeevee.com/whetstone-products/jeevee_erp/2024-10-24/0a/0a76028e39799ad61a113d7fa2e17d156a404f92,jeevee,serum,,"['aging', 'acne', 'sensitivity', 'pigmentation', 'oiliness', 'dullness']","['niacinamide', 'centella_asiatica']",0.8
jv_66638,DOT & KEY CICA NIGHT GEL- 60 ML,DOT & KEY,792.0,712.80792,3.7,2,in_stock,https://stod.jeevee.com/whetstone-products/jeevee_erp/2024-10-24/09/093179d82e91dfa9a1ff0079d814ca643b798837,jeevee,,['oily'],['sensitivity'],['centella_asiatica'],1.0
jv_85009,THE DERMA CO 2% SALICYLIC BHA HYDRATING TONER - 150 ML,THE DERMA CO,799.0,735.07201,5.0,1,in_stock,https://stod.jeevee.com/whetstone-products/jeevee_erp/2025-04-22/44/4498a40b06992f6222de203f88eb0f7f08410068,jeevee,toner,['dry'],"['oiliness', 'acne']",['salicylic_acid'],1.0
jv_103653,VASELINE DAILY BRIGHTENING MOISTURIZER 400 ML,VASELINE,490.0,490.0,0.0,0,in_stock,https://stod.jeevee.com/whetstone-products/jeevee_erp/2025-12-16/7f/7fcf7bf3f5c43e0dc767b0468096c807902c14f6,jeevee,moisturizer,,,,0.35
jv_6053,"ACNES CREAMY FACE WASH, 50 GM",ACNES,265.0,265.0,4.0,1,in_stock,https://stod.jeevee.com/whetstone-products/jeevee_erp/2025-02-23/8c/8ce6178d0ed7e3d68e9bf4c5311ab6787735a632,jeevee,cleanser,['dry'],,,0.55
jv_27211,SUNPLAY SKIN AQUA TONE UP UV ESSENCE HAPPINESS AURA,SUNPLAY,1020.0,1020.0,4.2,1,in_stock,https://stod.jeevee.com/whetstone-products/jeevee_erp/2025-07-10/e3/e3e9c72a385b8f298358568aa4dd0f02e2b9de64,jeevee,serum,,,,0.35
jv_78791,"Z STICK HYBRID SUNSCREEN STICK, SPF 50, PA++++, 20GM",ETHICARE,1360.0,1265.0040000000001,2.0,1,in_stock,https://stod.jeevee.com/whetstone-products/jeevee_erp/2025-01-29/2a/2a354a82e7cf3601a4c8bf9b291f63f612cc1106,jeevee,sunscreen,,,,0.35
jv_104183,"THE PUREST SOLUTIONS OIL CONTROL TONER - 50ML
",THE PUREST SOLUTIONS,950.0,902.4905,5.0,0,in_stock,https://stod.jeevee.com/whetstone-products/jeevee_erp/2025-12-08/a1/a19e6e0d6c70122314469fb5061e800ebece7ac6,jeevee,toner,['oily'],,,0.55
jv_104186,THE PUREST SOLUTIONS BRIGHTENING & LIGHTENING VITAMIN C SERUM- 8ML,THE PUREST SOLUTIONS,950.0,902.4905,0.0,0,in_stock,https://stod.jeevee.com/whetstone-products/jeevee_erp/2025-10-10/c5/c511b63c9998da26c499d94bf3dbcbbd0c6d03af,jeevee,serum,,"['pigmentation', 'dark_circles', 'dullness', 'aging']",['vitamin_c'],0.8
jv_111019,MAMAEARTH NOURISHING TINTED 100%  NATURAL LIP BALM VITAMIN E & RASPBERRY-4G,MAMAEARTH,318.4,292.931184,5.0,1,in_stock,https://stod.jeevee.com/whetstone-products/jeevee_erp/2025-12-11/02/0299dedcd5c2238b01272c9ff3e4698e2662444a,jeevee,lip_care,['dry'],"['dark_circles', 'aging', 'dryness']",['vitamin_e'],1.0
jv_10443,"BEARDO ULTRAGLOW FACE WASH, 100ML",BEARDO,599.0,569.04401,3.5,0,in_stock,https://stod.jeevee.com/whetstone-products/jeevee_erp/2024-01-08/7a/7abe2f077176abe5bd10ae4e3ca60aa4a3a29dde,jeevee,cleanser,,,,0.35
jv_40452,PILGRIM SQUALANE GLOW MOISTURIZER- 50G,PILGRIM,880.0,809.6,4.7,0,in_stock,https://stod.jeevee.com/whetstone-products/jeevee_erp/2026-03-18/6b/6b35a032527cd3815415a9a35fca0cfb721c90a8,jeevee,moisturizer,,"['aging', 'dryness']",['squalane'],0.8
jv_120145,DR. SHETH'S OATS & CERAMIDE SENSITIVE SKIN MOISTURIZER -100G,DR. SHETH'S,798.4,734.5200159999999,0.0,0,in_stock,https://stod.jeevee.com/whetstone-products/jeevee_erp/2026-01-29/79/791f51d5913018bbe092eb39ceb4965a546bd092,jeevee,moisturizer,['sensitive'],"['sensitivity', 'dryness']",['ceramides'],1.0
jv_94101,"TIA'M B3 NIACIN SUNSCREEN, 50ML",TIA'M,1500.0,1249.9950000000001,0.0,0,in_stock,https://stod.jeevee.com/whetstone-products/jeevee_erp/2025-08-10/14/14c36c92fbff364891b896a97d85ae7d61d677b8,jeevee,sunscreen,,"['aging', 'acne', 'pigmentation', 'oiliness', 'dullness']",['niacinamide'],0.8
jv_25392,CASMARA SENSATIONS HYDRA REVITALIZING CREAM 50GM,CASMARA,7800.0,7410.0,5.0,0,in_stock,https://stod.jeevee.com/whetstone-products/jeevee_erp/2022-08-22/ff/ff59bda6ba731c523ff1d49ddeaa9314acf4000a,jeevee,,['dry'],,,0.55
jv_94141,"MIXSOON  BEAN CLEANSING OIL, 195ML",MIXSOON,3000.0,2599.98,0.0,0,in_stock,https://stod.jeevee.com/whetstone-products/jeevee_erp/2025-08-10/a1/a175f2b495c56bf90939ce0bdba2edacd6adebad,jeevee,cleanser,,,,0.35
jv_29229,BEARDO B-ACNE CLEAR BODY WASH 200ML,BEARDO,479.0,455.05479,4.8,1,in_stock,https://stod.jeevee.com/whetstone-products/jeevee_erp/2023-03-16/21/21a4e0dbac5e7bc59dcbf9bef74d4855b15106e6,jeevee,,,,,0.35
jv_2446,NIVEA WHITENING CREAM 100ML- RADIANT & SMOOTH,NIVEA,425.0,412.2415,5.0,1,in_stock,https://stod.jeevee.com/whetstone-products/jeevee_erp/2025-08-24/95/955507f4326c775827feacc86a67173139d7c9e2,jeevee,,['dry'],,,0.55
jv_111224,ARENCIA HOLY HYSSOP SERUM 30-50G,ARENCIA,3250.0,2949.9925,0.0,0,in_stock,https://stod.jeevee.com/whetstone-products/jeevee_erp/2025-12-15/a4/a4c975e5db502dd50bece0b3322fd3bdf8f25b49,jeevee,serum,,,,0.35
jv_40445,PILGRIM SALICYLIC & GLYCOLIC ACID FOAMING FACE WASH- 120ML,PILGRIM,552.0,507.84000000000003,5.0,3,in_stock,https://stod.jeevee.com/whetstone-products/jeevee_erp/2026-03-20/ea/eae3b5947d8e0c8511d66ae0dec6025b3d473721,jeevee,cleanser,,"['oiliness', 'pigmentation', 'dullness', 'acne']","['salicylic_acid', 'glycolic_acid']",0.8
jv_2509,NIVEA CLEANSING MILK 200ML,NIVEA,425.0,412.2415,3.5,3,in_stock,https://stod.jeevee.com/whetstone-products/jeevee_erp/2020-11-02/ee/ee6bff0964989fef6ca1e2034e7726096d4330e2,jeevee,cleanser,,,,0.35
jv_14976,MAMAEARTH AQUA GLOW HYDRATING SUNSCREEN GEL - 50 GM,MAMAEARTH,639.0,587.88,4.4,17,in_stock,https://stod.jeevee.com/whetstone-products/jeevee_erp/2026-05-03/6f/6f734a7709381012dde284a10cad2a4865a11aa4,jeevee,sunscreen,"['oily', 'dry']",,,0.55
jv_104177,THE PUREST SOLUTIONS VITAMIN B COMPLEX SERUM 10%-30ML,THE PUREST SOLUTIONS,2600.0,2470.0,0.0,0,in_stock,https://stod.jeevee.com/whetstone-products/jeevee_erp/2025-10-10/ab/abf50e4364031d3b3f2151d60516e3b0eaf86263,jeevee,serum,,,,0.35
jv_120259,ACNEGUARD SOAP - SPECIALLY FORMULATED FOR ACNE & OILY SKIN,PIL,206.4,206.4,0.0,0,in_stock,https://stod.jeevee.com/whetstone-products/jeevee_erp/2026-01-30/fb/fbda34973ab21af8b4081c2fad08a10a8c5e07e1,jeevee,,['oily'],,,0.55
jv_42660,KORMESIC 7% GLYCOLIC ACID - 250ML,KORMESIC,1400.0,1400.0,5.0,0,in_stock,https://stod.jeevee.com/whetstone-products/jeevee_erp/2024-06-27/e3/e3b87b68c1ba34706f8a0c0af2f6a7f66d70f93b,jeevee,exfoliant,,"['oiliness', 'pigmentation', 'dullness', 'acne']",['glycolic_acid'],0.8
jv_26118,THE DERMA CO PORE MINIMIZING FACE SERUM 30ML,THE DERMA CO,959.0,882.2800000000001,4.6,3,in_stock,https://stod.jeevee.com/whetstone-products/jeevee_erp/2022-09-21/3c/3c37f014a2625ed923c01cf8a185df08ff124c79,jeevee,serum,['oily'],,,0.55
jv_31619,MAMAEARTH VITAMIN C DAILY GLOW SUNSCREEN- 50G,MAMAEARTH,559.0,514.28559,4.4,8,in_stock,https://stod.jeevee.com/whetstone-products/jeevee_erp/2024-09-18/6d/6d462c23a0fa2707f3c05319432cdaae48ea2fb4,jeevee,sunscreen,,"['pigmentation', 'dark_circles', 'dullness', 'aging']",['vitamin_c'],0.8
jv_33811,FIXDERMA SHADOW SPF 50 LIP SHIELD LIP BALM SPF 50,FIXDERMA,376.0,345.92,3.4,8,in_stock,https://stod.jeevee.com/whetstone-products/jeevee_erp/2023-08-09/50/508f32ef2616e26f38abf56e91efea7d09d558b7,jeevee,lip_care,,,,0.35
jv_41615,MAMAEARTH BEETROOT GENTLE FACE WASH 100 ML,MAMAEARTH,430.4,395.968,4.0,0,in_stock,https://stod.jeevee.com/whetstone-products/jeevee_erp/2024-06-02/c9/c92383cdb1621abb9d519485d66f8b190f7ee23b,jeevee,cleanser,['sensitive'],,,0.55
jv_87864,NIVEA LIPCARE SOFT ROSE 4.8G,NIVEA,375.0,363.74625000000003,0.0,0,in_stock,https://stod.jeevee.com/whetstone-products/jeevee_erp/2025-06-10/45/45a2cc1db23115b72a2ddeba0dc6ea36e1914e50,jeevee,,,,,0.35
jv_5361,"360 BLOCK SUNSCREEN GEL, 50GM",ETHICARE,1680.0,1562.3832,4.4,2,in_stock,https://stod.jeevee.com/whetstone-products/jeevee_erp/2020-10-19/ba/ba0c77ab6a4f197b8d0a33acdef37d5a51332e17,jeevee,sunscreen,['oily'],,,0.55
jv_41234,DR. SHETH’S KESAR & KOJIC ACID SUNSCREEN WITH SPF 50+ PA++++ 50GM,DR. SHETH'S,799.15,735.2259915,4.8,3,in_stock,https://stod.jeevee.com/whetstone-products/jeevee_erp/2024-05-26/a4/a45effeebd0bad4f11dc3c7babbe567fbd2489d3,jeevee,sunscreen,,"['pigmentation', 'dullness']",['kojic_acid'],0.8
jv_41235,DR. SHETH'S KESAR & KOJIC ACID OIL-FREE MOISTURIZER - 50GM,DR. SHETH'S,558.92,514.2064,4.6,1,in_stock,https://stod.jeevee.com/whetstone-products/jeevee_erp/2024-05-26/87/872789fe3a3f7af315d33424794c0749172e9889,jeevee,moisturizer,['oily'],"['pigmentation', 'dullness']",['kojic_acid'],1.0
jv_66647,DOT & KEY WATERMELON GLYCOLIC FRESH & COOL SHOWER GEL - 250 ML,DOT & KEY,558.4,502.554416,0.0,0,in_stock,https://stod.jeevee.com/whetstone-products/jeevee_erp/2024-10-24/01/015ea8e6b819d97a3ea7d4c5b6743407db65a759,jeevee,exfoliant,['oily'],"['oiliness', 'pigmentation', 'dullness', 'acne']",['glycolic_acid'],1.0
jv_108850,ISNTREE ULTRA LOW MOLECULAR HYALURONIC ACID SERUM - 50ML,ISNTREE,2600.0,2082.9900000000002,5.0,0,in_stock,https://stod.jeevee.com/whetstone-products/jeevee_erp/2025-11-09/3a/3a97ef368d07adb16bfea50e972d21f6452786e5,jeevee,serum,,"['aging', 'dryness']",['hyaluronic_acid'],0.8
jv_14606,PLUM CANDY MELTS VEGAN LIP BALM - BERRY FEAST,PLUM,472.0,424.8,4.8,6,in_stock,https://stod.jeevee.com/whetstone-products/jeevee_erp/2021-08-23/27/27e3805587afe8d86e162749f854649f142b2831,jeevee,lip_care,,,,0.35
jv_104185,THE PUREST SOLUTIONS BLEMISH DEFENSE UVA/UVB- 15ML,THE PUREST SOLUTIONS,1400.0,1330.0,5.0,1,in_stock,https://stod.jeevee.com/whetstone-products/jeevee_erp/2025-10-10/09/09f747da6cf777135999a6e04aab10c4281180a8,jeevee,spot_treatment,['oily'],,,0.55
jv_110496,PLUM HAZELNUT ECLAIR BODY LOTION - 400 ML,PLUM,792.0,712.80792,5.0,0,in_stock,https://stod.jeevee.com/whetstone-products/jeevee_erp/2025-12-08/16/1646a14eb1376a378d28921871e738e0ab9e5fee,jeevee,moisturizer,,,,0.35
jv_143392,"BEARDO GODFATHER BODY WASH FOR MEN, 200ML",BEARDO,639.0,639.0,0.0,0,in_stock,https://stod.jeevee.com/whetstone-products/jeevee_erp/2026-05-26/11/11055b9fd24983349f4e08efff1a9a3b954f04c7,jeevee,,,,,0.35
jv_66635,DOT & KEY CICA TONER- 150 ML,DOT & KEY,632.0,568.8000000000001,5.0,1,in_stock,https://stod.jeevee.com/whetstone-products/jeevee_erp/2024-10-24/d5/d508c619b98fce7595a894f0a5f18d1cf344bd17,jeevee,toner,,['sensitivity'],['centella_asiatica'],0.8
jv_34891,BEARDO ICE BLAST BODY WASH 200ML,BEARDO,520.0,494.0,0.0,0,in_stock,https://stod.jeevee.com/whetstone-products/jeevee_erp/2024-05-06/69/6921651790ff7e6dc2006aa1ee715690c0807ce1,jeevee,,,,,0.35
jv_80958,FOXTALE REFRESHING FACE WASH FOR DEEP CLEANSING - 100ML,FOXTALE,398.4,378.47999999999996,0.0,0,in_stock,https://stod.jeevee.com/whetstone-products/jeevee_erp/2025-02-24/fd/fd84973452a9fe09641c944acb92f57ca46578c7,jeevee,cleanser,,,,0.35
jv_74433,HUMEDA EXELARA SERUM 28ML,HUMEDA,2205.0,2082.99735,0.0,0,in_stock,https://stod.jeevee.com/whetstone-products/jeevee_erp/2024-12-23/94/9440633a94164182c9a0739d59470a8931db48c6,jeevee,serum,,,,0.35
jv_128276,HYPHEN VITAMIN INFUSED TINTED LIP BALM 10G - VINTAGE,HYPHEN,639.0,607.04361,0.0,0,in_stock,https://stod.jeevee.com/whetstone-products/jeevee_erp/2026-03-16/ef/ef4675746ed1fb914f4b1c97f0eb2e492e73f069,jeevee,lip_care,,,,0.35
jv_47472,AQUALOGICA ILLUMINATE+ OIL-FREE MOISTURIZER- 100G,AQUALOGICA,638.4,593.712,4.3,0,in_stock,https://stod.jeevee.com/whetstone-products/jeevee_erp/2025-07-29/d2/d226a03adb9f99c304b9ee02e5868b35b4bf2323,jeevee,moisturizer,['oily'],,,0.55
jv_1706,"MAMAEARTH OIL FREE FACE MOISTURIZER FOR ACNE-PRONE SKIN, 80ML",MAMAEARTH,511.0,470.13022,4.4,26,in_stock,https://stod.jeevee.com/whetstone-products/product/2020-05-29/1706/512/2020_05_295ed147aaca1b6_1590773674.jpg,jeevee,moisturizer,['oily'],,,0.55
jv_129150,PLUM CERASENSETM MOISTURIZING CRÈME WITH ACAI & NMF 1% - 50GM,PLUM,798.0,718.20798,0.0,0,in_stock,https://stod.jeevee.com/whetstone-products/jeevee_erp/2026-03-26/87/87159fb0a00076974ad0fccaf6c4d4ee7d5376ef,jeevee,moisturizer,,,,0.35
jv_42360,UBIYA DERMA CLEANSING FACE WASH- 100ML,UBIYA DERMA,710.0,674.0456,0.0,0,in_stock,https://stod.jeevee.com/whetstone-products/jeevee_erp/2024-06-21/8f/8fed4c427f23c35c7233e2afaee48074bb92f306,jeevee,cleanser,,,,0.35
jv_116975,NOVO REFRESHING AROMA HAND CREAM [01 LIGHT]-45G,NOVO,480.0,432.0,0.0,0,in_stock,https://stod.jeevee.com/whetstone-products/jeevee_erp/2026-01-14/49/49849deea9172287b62f8db13b674ba7fe084db8,jeevee,,['dry'],,,0.55
jv_40306,PILGRIM RED VINE FACE CREAM WITH SPF 30- 50 GM,PILGRIM,880.0,809.6,5.0,0,in_stock,https://stod.jeevee.com/whetstone-products/jeevee_erp/2026-05-11/57/570e4c1323974e51c86db6c2d2ee4fab026e1983,jeevee,moisturizer,['dry'],,,0.55
jv_114155,CEBACLIN OIL FREE MOISTURISER 100ML,CEBACLIN,800.0,800.0,5.0,0,in_stock,https://stod.jeevee.com/whetstone-products/jeevee_erp/2025-12-29/13/1388a94eb50b6cd76f8870a7798cfc57409b90b9,jeevee,moisturizer,['oily'],,,0.55
jv_87852,NIVEA SUN LOTION SPF 50 125ML,NIVEA,990.0,960.2901,0.0,0,in_stock,https://stod.jeevee.com/whetstone-products/jeevee_erp/2025-06-10/9a/9ad8cd8129a842c9dca3113d1a51d88083eee1d7,jeevee,sunscreen,,,,0.35
jv_29093,MINIMALIST 7% ALA & AHA BRIGHTENING FACE WASH 100ML,MINIMALIST,639.0,607.04361,4.6,6,in_stock,https://stod.jeevee.com/whetstone-products/jeevee_erp/2023-03-07/59/5969f9296d9d15345c52c67cd9ab1c97430d7261,jeevee,cleanser,,"['oiliness', 'pigmentation', 'dullness', 'acne']","['glycolic_acid', 'lactic_acid']",0.8
jv_69978,PILGRIM FRENCH RED VINE & HA ULTRA-SMOOTH BODY LOTION - 400ML,PILGRIM,872.0,802.24872,5.0,0,in_stock,https://stod.jeevee.com/whetstone-products/jeevee_erp/2024-11-25/8e/8e1e2152dc24b4ef27b39c82d4cb554d7d8098df,jeevee,moisturizer,,,,0.35
jv_128265,HYPHEN GOLDEN HOUR GLOW MOISTURIZER WITH VITAMIN C (50ML),HYPHEN,719.0,683.05719,0.0,0,in_stock,https://stod.jeevee.com/whetstone-products/jeevee_erp/2026-03-16/05/05ed9b8ecdc12d0ea1ec2580376e40be2a80a28f,jeevee,moisturizer,,"['pigmentation', 'dark_circles', 'dullness', 'aging']",['vitamin_c'],0.8
jv_128269,"HYPHEN OIL CONTROL 2% AHA+BHA, SALICYLIC ACID FACE WASH- 100 ML",HYPHEN,479.0,455.05479,0.0,0,in_stock,https://stod.jeevee.com/whetstone-products/jeevee_erp/2026-03-16/c8/c8c66ac4b75342f377c8d2d8ecb1662f0a99d87b,jeevee,cleanser,['oily'],"['oiliness', 'pigmentation', 'dullness', 'acne']","['salicylic_acid', 'glycolic_acid', 'lactic_acid']",1.0
jv_149104,COSRX ALOE 54.2 AQUA TONE-UP SUNSCREEN -50ML,COSRX,2400.0,2160.0,0.0,0,in_stock,https://stod.jeevee.com/whetstone-products/jeevee_erp/2026-06-25/fc/fc1d36cebe9a018ab792bd8d78a2867627370853,jeevee,sunscreen,,"['sensitivity', 'dryness']",['aloe_vera'],0.8
jv_7265,AVANI ALOEVERA GEL- 100 GM,AVANI,550.0,550.0,4.7,1,in_stock,https://stod.jeevee.com/whetstone-products/jeevee_erp/2020-12-04/b2/b27e5710af58970866337b0b0d68c8741b1c70dd,jeevee,,['oily'],"['sensitivity', 'dryness']",['aloe_vera'],1.0
jv_7272,AVANI ALOEVERA OIL- 100 ML,AVANI,795.0,795.0,2.0,1,in_stock,https://stod.jeevee.com/whetstone-products/jeevee_erp/2020-12-04/89/8991d3b72ec85bbe082fb270eed1a67dfa444050,jeevee,,,"['sensitivity', 'dryness']",['aloe_vera'],0.8
jv_8210,MAMAEARTH UBTAN MOISTURIZING BODY LOTION- 400ML,MAMAEARTH,640.0,588.8000000000001,4.0,10,in_stock,https://stod.jeevee.com/whetstone-products/jeevee_erp/2025-09-18/28/2887bc0b5209dcdc0f2172a9a6a375b65d3d35c0,jeevee,moisturizer,,,,0.35
jv_13991,"AVANI CUCUMBER FACIAL MIST, 100ML",AVANI,545.0,545.0,0.0,0,in_stock,https://stod.jeevee.com/whetstone-products/jeevee_erp/2021-07-26/8b/8bcd1a141937228e5d509a1efc0f690fb01ea584,jeevee,toner,,,,0.35
jv_27171,THE DERMA CO PORE MINIMIZING DAILY FACE MOISTURIZER 50G,THE DERMA CO,559.0,514.28559,4.5,3,in_stock,https://stod.jeevee.com/whetstone-products/jeevee_erp/2022-11-25/6e/6ef3f022176efc79998447c6d858ffdde4f835b0,jeevee,moisturizer,['oily'],,,0.55
jv_96825,SINOZ HYDRAPRO INTENSE CLEANSER 400ML,SINOZ,2450.0,2327.5,0.0,0,in_stock,https://stod.jeevee.com/whetstone-products/jeevee_erp/2025-08-22/40/40a4b306aa014d09decf38b9c3cddf4b36bba8af,jeevee,cleanser,,,,0.35
jv_128254,HYPHEN 1% HYALURONIC ULTRA LIGHT SUNSCREEN – SPF50 PA++++(50ML),HYPHEN,879.0,835.04121,0.0,0,in_stock,https://stod.jeevee.com/whetstone-products/jeevee_erp/2026-03-16/da/da2385a40eb3aad5c22d8f208af59c00e5e6bbf1,jeevee,sunscreen,,"['aging', 'dryness']",['hyaluronic_acid'],0.8
jv_128271,HYPHEN POWER PEPTIDES COCKTAIL SERUM (30ML),HYPHEN,1279.0,1215.05,0.0,0,in_stock,https://stod.jeevee.com/whetstone-products/jeevee_erp/2026-03-16/4f/4f6b91b6df8a11fdaa8091864e90933538a05210,jeevee,serum,,"['dark_circles', 'aging']",['peptides'],0.8
jv_267,DERMAMOIST LOTION - 100ML,PIL,582.96,542.1528,4.8,9,in_stock,https://stod.jeevee.com/whetstone-products/jeevee_erp/2021-05-13/d4/d41f4d00aef223f3b5deefdcc8b9af378e856da8,jeevee,,,,,0.35
jv_6052,"ACNES OIL CONTROL CLEANSER, 100 GM",ACNES,425.0,425.0,4.2,2,in_stock,https://stod.jeevee.com/whetstone-products/jeevee_erp/2026-02-13/b5/b504f8844c70610d1125c560300706343bea107e,jeevee,cleanser,['oily'],,,0.55
jv_111223,ARENCIA FRESH RED SMOOTHIE SERUM 30-50G,ARENCIA,3250.0,2949.9925,0.0,0,in_stock,https://stod.jeevee.com/whetstone-products/jeevee_erp/2025-12-17/dd/dd2c08b0ede70f2f9170458db5fead13dc091da8,jeevee,serum,,,,0.35
jv_117178,S.NATURE  AQUA SQUALANE MOISTURIZING CREAM 60ML,S.NATURE,3600.0,2800.0080000000003,0.0,0,in_stock,https://stod.jeevee.com/whetstone-products/jeevee_erp/2026-01-18/9e/9e9d521f65a9ac5febc5c05edfa3158cd48a7464,jeevee,moisturizer,['dry'],"['aging', 'dryness']",['squalane'],1.0
jv_1441,HIMALAYA LIP BALM 10G,HIMALAYA,64.0,64.0,4.5,8,in_stock,https://stod.jeevee.com/whetstone-products/jeevee_erp/2026-01-19/90/90c7057396dd6f5eb6830652a6fcbdecedb9328e,jeevee,lip_care,,,,0.35
jv_25340,THE PUREST SOLUTIONS ARBUTIN 2% + HYALURONIC ACID SERUM 30ML,THE PUREST SOLUTIONS,3050.0,2897.5,5.0,2,in_stock,https://stod.jeevee.com/whetstone-products/jeevee_erp/2024-09-20/3f/3ff8bc38155ce4fd8623af0de20a8570902b05b4,jeevee,serum,,"['pigmentation', 'dullness', 'aging', 'dryness']","['hyaluronic_acid', 'arbutin']",0.8
jv_27172,THE DERMA CO 5% CICA-GLOW DAILY FACE MOISTURIZER,THE DERMA CO,559.0,514.28559,4.3,4,in_stock,https://stod.jeevee.com/whetstone-products/jeevee_erp/2022-11-25/8a/8afafc86c3b16acfdce069afa2ac36895182950c,jeevee,moisturizer,,['sensitivity'],['centella_asiatica'],0.8
jv_66646,DOT & KEY STRAWBERRY DEW IN-THE-SPOTLIGHT STROBE CREAM- 30 ML,DOT & KEY,552.0,496.8,4.0,2,in_stock,https://stod.jeevee.com/whetstone-products/jeevee_erp/2026-06-16/fa/fa55e21891fd19b03a491892ca54bf2d6871f768,jeevee,,['dry'],,,0.55
jv_85598,SUNSCOOP INVISIBLE SUNSCREEN SPRAY FOR BODY SPF 60 PA++++ -125ML,SUNSCOOP,1432.0,998.99184,0.0,0,in_stock,https://stod.jeevee.com/whetstone-products/jeevee_erp/2025-05-14/d7/d700807c24b504d6cd3626bcf2e3f62e0a8e6311,jeevee,sunscreen,,,,0.35
jv_109844,CHEMIST AT PLAY DEEP CLEANSING BODY WASH-236ML,CHEMIST AT PLAY,638.4,593.712,0.0,0,in_stock,https://stod.jeevee.com/whetstone-products/jeevee_erp/2026-03-10/a0/a0589dd299e1c88302c827f0dcd0ff359b605454,jeevee,cleanser,,,,0.35
jv_128255,HYPHEN 10% RICE WATER BRIGHTENING FACE WASH (100ML),HYPHEN,479.0,455.05479,0.0,0,in_stock,https://stod.jeevee.com/whetstone-products/jeevee_erp/2026-03-16/c0/c06cbf6116949bce84d356aba6a144b29886fc52,jeevee,cleanser,,,,0.35
jv_87162,ENCHANTEUR PERFUMED ALLURING SHOWER GEL - 250ML,ENCHANTEUR,400.0,380.0,5.0,1,in_stock,https://stod.jeevee.com/whetstone-products/jeevee_erp/2025-05-22/e8/e88c786289cd5114412df7c28afee544cf108e6f,jeevee,,['oily'],,,0.55
jv_38831,FOXTALE RAPID SPOT REDUCTION DROPS- 30 ML,FOXTALE,952.0,904.39048,5.0,0,in_stock,https://stod.jeevee.com/whetstone-products/jeevee_erp/2024-02-16/ac/ac6f33bba7a80990430700b33e93f499dc356dbf,jeevee,,,,,0.35
jv_139628,PLUM GOJI BERRY & GLYCOLIC ACID 5% EXFOLIATING TONER-150ML,PLUM,798.0,718.00848,0.0,0,in_stock,https://stod.jeevee.com/whetstone-products/jeevee_erp/2026-05-04/99/995e1f0ea97c2e510c0a440152e6f0ce9411d4b1,jeevee,toner,,"['oiliness', 'pigmentation', 'dullness', 'acne']",['glycolic_acid'],0.8
jv_99318,HADA LABO PERFECT TRANEXAMIC ACID CREAM FOR DARK SPOTS AND HYPERPIGMENTATION 50G,HADA LABO,1150.0,920.0,0.0,0,in_stock,https://stod.jeevee.com/whetstone-products/jeevee_erp/2025-11-25/e2/e260ae27f0b17119d5ceb53437d54571b6c73886,jeevee,,['dry'],,,0.55
jv_74830,MAMAEARTH VITAMIN C DAILY GLOW BODY LOTION-400ML,MAMAEARTH,750.4,690.375504,5.0,2,in_stock,https://stod.jeevee.com/whetstone-products/jeevee_erp/2024-12-27/47/476426072baa4eae27fcc220b66d2af3c62afc7e,jeevee,moisturizer,,"['pigmentation', 'dark_circles', 'dullness', 'aging']",['vitamin_c'],0.8
jv_5468,KOJIVIT PLUS GEL - 15 GM,MICRO LABS,680.0,632.4068,4.2,3,in_stock,https://stod.jeevee.com/whetstone-products/jeevee_erp/2020-10-21/1a/1a30348cee460ce0052d298ffa739924c0f7650e,jeevee,,['oily'],,,0.55
jv_109845,CHEMIST AT PLAY EXFOLIATING FACE WASH-100ML,CHEMIST AT PLAY,478.4,444.916784,5.0,0,in_stock,https://stod.jeevee.com/whetstone-products/jeevee_erp/2025-11-25/9d/9d0fcfedd7c2d633f3637366f2ae47737b8cb62b,jeevee,exfoliant,,,,0.35
jv_40604,PILGRIM PATUÁ & KERATIN SMOOTHENING HAIR MASK- 200G,PILGRIM,880.0,809.6,4.0,0,in_stock,https://stod.jeevee.com/whetstone-products/jeevee_erp/2026-03-18/a8/a84dcef16ebbf029e6a289a75ede6b6729a43f50,jeevee,mask,,,,0.35
jv_33196,MAMAEARTH MULTANI MITTI FACE WASH 100 ML,MAMAEARTH,415.0,381.8,4.7,1,in_stock,https://stod.jeevee.com/whetstone-products/jeevee_erp/2023-07-10/bd/bd9643b4ea4fff5ae77f56cc0ced5a7f9bcb529d,jeevee,cleanser,,,,0.35
jv_112861,THE PUREST SOLUTIONS MINERAL FILTER SUNSCREEN CREAM SPF 30-40ML,THE PUREST SOLUTIONS,3050.0,2897.5,0.0,0,in_stock,https://stod.jeevee.com/whetstone-products/jeevee_erp/2025-12-23/de/de79786b070a905608b1fc852700ae943bcfcd0a,jeevee,sunscreen,['dry'],,,0.55
jv_34171,SUNPLAY SKIN AQUA ACNE MILK 25G,SUNPLAY,599.0,599.0,4.5,5,in_stock,https://stod.jeevee.com/whetstone-products/jeevee_erp/2024-08-23/47/47958251607a07fe8c7e6ad74502f8c3952e1550,jeevee,,,,,0.35
jv_35126,NUGA FACE SCRUB- HONEY & OATMEAL 50GM,NUGA ,320.0,304.0,5.0,1,in_stock,https://stod.jeevee.com/whetstone-products/jeevee_erp/2023-10-04/0f/0f0637e5eb24b43464b8f3b3a26bbe55098e242e,jeevee,exfoliant,,,,0.35
jv_40433,PILGRIM 2% SALICYLIC ACID ANTI-ACNE FACE SERUM- 30ML,PILGRIM,1040.0,956.8104,0.0,0,in_stock,https://stod.jeevee.com/whetstone-products/jeevee_erp/2026-03-20/04/04f41f70cb5f49ddb957370b9a29e7c8de456b10,jeevee,serum,,"['oiliness', 'acne']",['salicylic_acid'],0.8
jv_40994,SANOSAN MAMA ANTI STRETCH MARK CREAM- 200 ML,SANOSAN,1600.0,1520.0,4.0,0,in_stock,https://stod.jeevee.com/whetstone-products/jeevee_erp/2024-05-19/84/84daf441e0a599b9d92605c38be6ada7108b17be,jeevee,,['dry'],,,0.55
jv_41970,SEBONIA NIACINAMIDE + ZINC SERUM 20 ML,ETHICARE,960.0,901.9968,4.3,1,in_stock,https://stod.jeevee.com/whetstone-products/jeevee_erp/2024-06-17/94/9453b8a07d95464a095725e7f97233eeb0756626,jeevee,serum,,"['aging', 'acne', 'pigmentation', 'oiliness', 'dullness', 'sun_protection']","['niacinamide', 'zinc']",0.8
jv_96824,SINOZ SEBUM CLEANSER 400ML,SINOZ,2450.0,2327.5,0.0,0,in_stock,https://stod.jeevee.com/whetstone-products/jeevee_erp/2025-08-22/f3/f382383ac99ca4d42af850ab0704fc47ddbf9e81,jeevee,cleanser,['oily'],,,0.55
jv_109432,PLUM ALOE VERA MULTI USE GEL- 150 ML,PLUM,318.0,286.19046,0.0,0,in_stock,https://stod.jeevee.com/whetstone-products/jeevee_erp/2025-11-16/4f/4f8efa4209372efe8aa14ca30ac4d70eabb54140,jeevee,,['oily'],"['sensitivity', 'dryness']",['aloe_vera'],1.0
jv_109841,CHEMIST AT PLAY 10% VITAMIN C FACE SERUM-30ML,CHEMIST AT PLAY,1278.4,1188.899216,5.0,1,in_stock,https://stod.jeevee.com/whetstone-products/jeevee_erp/2025-11-25/29/2947d144f3777332884a98d0760a8687af0b4aff,jeevee,serum,,"['pigmentation', 'dark_circles', 'dullness', 'aging']",['vitamin_c'],0.8
jv_139626,DOT & KEY STRAWBERRY BRIGHT NIACINAMIDE GEL FACE WASH-100GM,DOT & KEY,398.0,357.99702,0.0,0,in_stock,https://stod.jeevee.com/whetstone-products/jeevee_erp/2026-05-04/2a/2a8621cc8b8fad3029394cabb27218786ca7a701,jeevee,cleanser,['oily'],"['aging', 'acne', 'pigmentation', 'oiliness', 'dullness']",['niacinamide'],1.0
jv_3728,AHAGLOW S FOAMING FACEWASH 100ML,TORRENT-DERMA,1188.8,1105.5483359999998,4.4,4,in_stock,https://stod.jeevee.com/whetstone-products/jeevee_erp/2025-03-23/18/18208d194a9cc77090a6748c97133cbb712df519,jeevee,exfoliant,,"['oiliness', 'pigmentation', 'dullness', 'acne']","['glycolic_acid', 'lactic_acid']",0.8
jv_10622,"THE DERMA CO 5% CAFFEINE SERUM, 15ML",THE DERMA CO,959.0,882.2800000000001,4.4,5,in_stock,https://stod.jeevee.com/whetstone-products/jeevee_erp/2021-04-19/ab/ab0e74d5a0b8dc36ada529cbc0ccbebadb8a924f,jeevee,serum,,,,0.35
jv_12542,"THE DERMA CO ULTRA MATTE SUNSCREEN GEL, 50GM",THE DERMA CO,1119.0,1029.46881,4.5,10,in_stock,https://stod.jeevee.com/whetstone-products/jeevee_erp/2021-07-11/b4/b4b52f3dd8eb66371f07200cadc90e082f1520ea,jeevee,sunscreen,['oily'],,,0.55
jv_22255,CHEMIST AT PLAY BRIGHTENING BOOST FACE WASH - 100ML,CHEMIST AT PLAY,478.4,444.916784,4.6,0,in_stock,https://stod.jeevee.com/whetstone-products/jeevee_erp/2024-02-01/25/2564800039354a49275fbd28333470920db67485,jeevee,cleanser,,,,0.35
jv_34179,CeraVe Eye Repair Cream 0.5oz,CERAVE,2900.0,2649.991,5.0,0,in_stock,https://stod.jeevee.com/whetstone-products/jeevee_erp/2022-02-11/38/387cd77498b6c33ad2f014610b7f1b335ec8d7b4,jeevee,moisturizer,['dry'],,,0.55
jv_38356,PLUM 2% ENCAPSULATED SALICYLIC ACID FACE SERUM (30 ML),PLUM,959.0,863.10959,5.0,2,in_stock,https://stod.jeevee.com/whetstone-products/jeevee_erp/2023-12-12/f0/f0507607ca017c863c465170a0f6e2750d93b047,jeevee,serum,,"['oiliness', 'acne']",['salicylic_acid'],0.8
jv_42362,UBIYA DERMA SKIN REFINED TONER- 100ML,UBIYA DERMA,781.0,390.00016,0.0,0,in_stock,https://stod.jeevee.com/whetstone-products/jeevee_erp/2024-06-21/79/7917d287be563ec7ffa71a61331ba2effd8d5764,jeevee,toner,,,,0.35
jv_838,RAYSTOP 50SPF LOTION 50GM,SOLDERMA,793.6,738.040064,4.7,7,in_stock,https://stod.jeevee.com/whetstone-products/jeevee_erp/2024-08-13/bf/bf4de200a63d7598d4dc6af65268c4f6ef98240f,jeevee,sunscreen,,,,0.35
jv_16335,DOT & KEY WATER DRENCH HYDRATING HYALURONIC SERUM CONCENTRATE (30ML),DOT & KEY,1560.0,1404.0,4.3,10,in_stock,https://stod.jeevee.com/whetstone-products/jeevee_erp/2021-10-07/a6/a6d455b258aab7dd94a1d6d0d2fb682d7d8d2828,jeevee,serum,['dry'],"['aging', 'dryness']",['hyaluronic_acid'],1.0
jv_82424,WISHCARE TRIPLE BOND REPAIR SERUM - 100ML,WISHCARE,959.0,911.05,0.0,0,in_stock,https://stod.jeevee.com/whetstone-products/jeevee_erp/2025-03-23/97/973ba53fe3309bf819877a3c3a544c51f81f2e74,jeevee,serum,['dry'],,,0.55
jv_67140,HADA LABO ADVANCED NOURISH HYALURONIC ACID SERUM - 30ML,HADA LABO,1990.0,1592.0,0.0,0,in_stock,https://stod.jeevee.com/whetstone-products/jeevee_erp/2024-10-28/58/584527a3c97cfbab1a1cba0db55ca83653cb2bf1,jeevee,serum,['dry'],"['aging', 'dryness']",['hyaluronic_acid'],1.0
jv_114901,MEDICUBE AGE-R BOOSTER PRO (PINK),MEDICUBE,44500.0,39998.825000000004,5.0,0,in_stock,https://stod.jeevee.com/whetstone-products/jeevee_erp/2026-01-02/44/4458c6bc94e38f4694ba5f285765ecdf2b3c5c88,jeevee,serum,,,,0.35
jv_82414,RE'EQUIL SKIN CLARIFYING SERUM (1% BHA PEPTIDE SERUM)-25ML,RE'EQUIL,792.0,696.9996,5.0,1,in_stock,https://stod.jeevee.com/whetstone-products/jeevee_erp/2025-03-23/50/5054c28c619563c36875e4d244018610b27be658,jeevee,serum,,"['oiliness', 'aging', 'acne', 'dark_circles']","['salicylic_acid', 'peptides']",0.8
jv_135066,PHD 0.3% PURE RETINOL FACE SERUM -30ML,PROVEN HONEST DERMA,1118.4,1062.4911840000002,0.0,0,in_stock,https://stod.jeevee.com/whetstone-products/jeevee_erp/2026-05-31/5b/5ba2895eaa2aa622af89ac9650910a83a3e5ec58,jeevee,serum,,"['pigmentation', 'aging', 'acne', 'dark_circles']",['retinol'],0.8
jv_135069,PHD CERAMIDE HYDRATING CLEANSER- 100ML,PROVEN HONEST DERMA,504.0,478.79999999999995,0.0,0,in_stock,https://stod.jeevee.com/whetstone-products/jeevee_erp/2026-06-01/bc/bc00a02198e33e35539ab8728a4cb62621100fc5,jeevee,cleanser,['dry'],"['sensitivity', 'dryness']",['ceramides'],1.0
jv_4880,RALYCOS CEEMOCEE VITAMIN C SERUM 30ML,RALYCOS,3600.0,3348.0,4.9,4,in_stock,https://stod.jeevee.com/whetstone-products/jeevee_erp/2020-09-09/45/45a9524e37121f96500b395934e19c9c9736a4b1,jeevee,serum,,"['pigmentation', 'dark_circles', 'dullness', 'aging']",['vitamin_c'],0.8
jv_10375,NUGA LIP SCRUB – HONEY & CINNAMON,NUGA ,250.0,237.5025,4.1,3,in_stock,https://stod.jeevee.com/whetstone-products/jeevee_erp/2023-09-27/5f/5f5e5a3faa2f57b33f29b76ee68f745b966ad985,jeevee,lip_care,,,,0.35
jv_78153,FOXTALE SUPER GLOW MOISTURIZER- 50ML,FOXTALE,712.0,676.39288,0.0,0,in_stock,https://stod.jeevee.com/whetstone-products/jeevee_erp/2025-01-23/fe/fe2f19e7f630f05a9e2261cb811c441ca1dd25db,jeevee,moisturizer,,,,0.35
jv_82410,RE'EQUIL PITSTOP BLUE NIACINAMIDE SERUM- ACNE SCARS & MARKS 25ML,RE'EQUIL,953.0,838.00149,0.0,0,in_stock,https://stod.jeevee.com/whetstone-products/jeevee_erp/2025-03-23/cf/cf48406748b51aee02eb71394e5552cb6c96d5c6,jeevee,serum,,"['aging', 'acne', 'pigmentation', 'oiliness', 'dullness']",['niacinamide'],0.8
jv_122558,BEARDO ICE BLAST FACE WASH V2 100 ML,BEARDO,440.0,418.0,0.0,0,in_stock,https://stod.jeevee.com/whetstone-products/jeevee_erp/2026-03-25/b3/b3cd123968befdc56ecf850774d135ba46f1a71b,jeevee,cleanser,,,,0.35
jv_128979,BANJARA'S ROSE WATER 120ML,BANJARA'S,80.0,80.0,0.0,0,in_stock,https://stod.jeevee.com/whetstone-products/jeevee_erp/2026-03-25/0b/0b7c9cd069c9cf7adb8a6fffd535f1cfb33f10c9,jeevee,,,,,0.35
jv_43248,PILGRIM FRENCH RED VINE SUPERMELT CLEANSING BALM -75G,PILGRIM,840.0,772.8000000000001,4.7,1,in_stock,https://stod.jeevee.com/whetstone-products/jeevee_erp/2026-04-26/47/470afe13416b1fde34074aca64984196d47ecc06,jeevee,cleanser,,,,0.35
jv_114360,AVANI CLARITY C ANTI-PIGMENTATION GLOW DROPS-30ML,AVANI,1695.0,1695.0,0.0,0,in_stock,https://stod.jeevee.com/whetstone-products/jeevee_erp/2025-12-29/c2/c27bd4015d661b77e85f7f0e322b703988f70b36,jeevee,,,,,0.35
jv_7512,SPAWAKE MOISTURE SOLUTION FACE WASH- 100 GM,SPAWAKE,318.4,318.4,5.0,0,in_stock,https://stod.jeevee.com/whetstone-products/jeevee_erp/2020-12-14/94/944d687b0c94d0c3af9a7b0700e4640c5deb322c,jeevee,cleanser,,,,0.35
jv_27496,MELAO DRYING LOTION (ANTI-ACNE-30ML),MELAO,1200.0,1200.0,0.0,0,in_stock,https://stod.jeevee.com/whetstone-products/jeevee_erp/2022-12-14/01/010b711146c9855c04e3d1119f38e009717e3ae8,jeevee,,['dry'],,,0.55
jv_40578,PILGRIM VOLCANIC LAVA ASH FACE WASH - 100ML,PILGRIM,560.0,515.1944,0.0,0,in_stock,https://stod.jeevee.com/whetstone-products/jeevee_erp/2026-05-11/90/9061bcd37fb0754e4bc258231c00ebb74c638e17,jeevee,cleanser,,,,0.35
jv_118444,ORIFLAME OPTIMALS AGE REVIVE NIGHT CREAM-50ML,ORIFLAME,2479.0,2231.00084,0.0,0,in_stock,https://stod.jeevee.com/whetstone-products/jeevee_erp/2026-01-22/c1/c15c7d552a4b25ef0bd3314d197d16e8703aa317,jeevee,moisturizer,['dry'],,,0.55
jv_132882,LORD'S SPF 50+ SUNSCREEN-100 ML,LORD'S,800.0,720.008,0.0,0,in_stock,https://stod.jeevee.com/whetstone-products/jeevee_erp/2026-04-23/d5/d5eb112d3d8b9dee5becd008cf42d40ef09d484e,jeevee,sunscreen,,,,0.35
jv_132915,LORD'S RICE WATER BRIGHTENING TONER-100ML,LORD'S,800.0,720.008,0.0,0,in_stock,https://stod.jeevee.com/whetstone-products/jeevee_erp/2026-04-23/24/24337fa1e53e0e84b7feb5978bbf30bcf1bf4c46,jeevee,toner,,,,0.35
jv_27274,SUNPLAY SUPERBLOCK - 30 ML,SUNPLAY,600.0,600.0,3.0,2,in_stock,https://stod.jeevee.com/whetstone-products/jeevee_erp/2026-05-29/b9/b91a3838ada622fae691a665084d3d1de4c3ba0e,jeevee,,,,,0.35
jv_135068,PHD VITAMIN C BRIGHTENING MOISTURIZER -50G,PROVEN HONEST DERMA,878.4,834.4799999999999,0.0,0,in_stock,https://stod.jeevee.com/whetstone-products/jeevee_erp/2026-05-31/f6/f6cf6dceb78fd4d707537a28e13bbfe600860425,jeevee,moisturizer,,"['pigmentation', 'dark_circles', 'dullness', 'aging']",['vitamin_c'],0.8
jv_11966,"RALYCOS RALYVERA FACE WASH, 60GM",RALYCOS,320.0,297.59360000000004,3.8,4,in_stock,https://stod.jeevee.com/whetstone-products/jeevee_erp/2021-06-23/6c/6c0d03c02ca05764b6506d48474c42830b7f080f,jeevee,cleanser,,,,0.35
jv_14181,BEARDO MAX SUNSCREEN SPRAY SPF50 50ML,BEARDO,638.4,606.4799999999999,2.5,0,in_stock,https://stod.jeevee.com/whetstone-products/jeevee_erp/2021-08-08/9c/9c0b9fb962a576da5693ae5c2cbfc6979c8a6d78,jeevee,sunscreen,,,,0.35
jv_24906,MELAO SPF 50+ MINERAL SUNSCREEN 75ML,MELAO,1600.0,1600.0,0.0,0,in_stock,https://stod.jeevee.com/whetstone-products/jeevee_erp/2022-08-01/1f/1f789c1f7659ad683c964660e10555ca0c72e9a1,jeevee,sunscreen,,,,0.35
jv_64673,SINOZ PINK TOUCH FLUID SUNSCREEN SPF 50+ 50ML,SINOZ,1990.0,1890.5,0.0,0,in_stock,https://stod.jeevee.com/whetstone-products/jeevee_erp/2024-09-30/84/8410a7a83027e06050dcf41b3e5c7954c906b5ee,jeevee,sunscreen,,,,0.35
jv_82310,"HAORE SUNSCREEN GEL BASED 50+++, 100 GM",HAORE,1600.0,1600.0,0.0,0,in_stock,https://stod.jeevee.com/whetstone-products/jeevee_erp/2025-03-14/fe/fe1d5451a4084ddc6970ddfc2322e2977dfc1b5e,jeevee,sunscreen,['oily'],,,0.55
jv_128946,SKIN ORIGINS HYALURONIC MOISTURISING SPRAY- 100 ML,SKIN ORIGINS,736.0,699.19264,0.0,0,in_stock,https://stod.jeevee.com/whetstone-products/jeevee_erp/2026-03-25/4b/4b7060618897dfef597d375658c8de284802e379,jeevee,moisturizer,,"['aging', 'dryness']",['hyaluronic_acid'],0.8
jv_130454,SKIN ORIGINS SUNSCREEN SPF 50 PA++++- 50GM,SKIN ORIGINS,1021.0,969.00047,0.0,0,in_stock,https://stod.jeevee.com/whetstone-products/jeevee_erp/2026-04-01/27/275fa1a41159aa8eff5d334a8db4d44eca407d5d,jeevee,sunscreen,,,,0.35
jv_138778,PILGRIM 10% VITAMIN C FACE SERUM-10 ML,PILGRIM,360.0,331.2072,0.0,0,in_stock,https://stod.jeevee.com/whetstone-products/jeevee_erp/2026-05-06/c5/c561d9cc5c2784117bf3f8647596cefb6780c2b8,jeevee,serum,,"['pigmentation', 'dark_circles', 'dullness', 'aging']",['vitamin_c'],0.8
jv_26485,THE PUREST SOLUTIONS OIL CONTROL TONER  2% BHA SALICYLIC ACID,THE PUREST SOLUTIONS,2550.0,2422.5,5.0,0,in_stock,https://stod.jeevee.com/whetstone-products/jeevee_erp/2022-10-30/80/8013ce3b93ac8f371a826339f3acf228d640fc4b,jeevee,toner,['oily'],"['oiliness', 'acne']",['salicylic_acid'],1.0
jv_109846,CHEMIST AT PLAY GENTLE & SOOTHING FACE WASH-150ML,CHEMIST AT PLAY,638.4,593.712,0.0,0,in_stock,https://stod.jeevee.com/whetstone-products/jeevee_erp/2025-11-25/e9/e9a872ac4c6d0b9fba1e4747182e898a4be95689,jeevee,cleanser,['sensitive'],,,0.55
jv_120146,DR. SHETH'S OATS & CERAMIDE SENSITIVE SKIN SUNSCREEN-50G,DR. SHETH'S,798.4,734.5200159999999,0.0,0,in_stock,https://stod.jeevee.com/whetstone-products/jeevee_erp/2026-01-29/c8/c8b2dee7a482f3ca44fc74de3699f890b1efcf81,jeevee,sunscreen,['sensitive'],"['sensitivity', 'dryness']",['ceramides'],1.0
jv_31615,MAMAEARTH UBTAN FACIAL KIT - 60GM,MAMAEARTH,638.0,586.96,4.2,3,in_stock,https://stod.jeevee.com/whetstone-products/jeevee_erp/2023-05-16/c8/c81f0788e5020fbf93c13680e8edd5a70540a599,jeevee,,,,,0.35
jv_129160,PLUM BODYLOVIN OH SO PISTACHIO BODY LOTION- 400ML,PLUM,792.0,712.80792,0.0,0,in_stock,https://stod.jeevee.com/whetstone-products/jeevee_erp/2026-03-26/4a/4a0a92e7399aca575ed15a674ad315924b518af7,jeevee,moisturizer,,,,0.35
jv_101731,LAKME LUMI SMOOTH AHA+ FACEWASH - 100G,LAKME,398.4,378.47999999999996,0.0,0,in_stock,https://stod.jeevee.com/whetstone-products/jeevee_erp/2025-09-17/b7/b7ae62eff3552ea75b2a56ecb4ad4b34f8654a09,jeevee,exfoliant,,"['oiliness', 'pigmentation', 'dullness', 'acne']","['glycolic_acid', 'lactic_acid']",0.8
jv_114148,GLOLIP-SP SPF 30 9G,GLOLIP,280.0,280.0,0.0,0,in_stock,https://stod.jeevee.com/whetstone-products/jeevee_erp/2026-01-12/f3/f31c24481ff29d45dbf492aebd9e590c519a7129,jeevee,sunscreen,,,,0.35
jv_4557,HIMALAYA PURIFYING NEEM FACE WASH- 100 ML,HIMALAYA,302.4,287.28,5.0,1,in_stock,https://stod.jeevee.com/whetstone-products/jeevee_erp/2024-03-27/23/23f9fc09d0bbdec7fb843801eb6df6a626a0839c,jeevee,cleanser,['oily'],,,0.55
jv_9262,"PLUM CANDY MELTS VEGAN LIP BALM - RED VELVET LOVE, 12G",PLUM,472.0,424.8,4.7,2,in_stock,https://stod.jeevee.com/whetstone-products/jeevee_erp/2021-03-05/30/3035df49868186a8d0d82063242d668f9d9deaa9,jeevee,lip_care,,,,0.35
jv_104188,THE PUREST SOLUTIONS EXFOLIATING FACIAL PEEL AHA 10% + BHA 2%- 8ML,THE PUREST SOLUTIONS,950.0,902.4905,5.0,0,in_stock,https://stod.jeevee.com/whetstone-products/jeevee_erp/2026-02-08/b5/b5ebcf162903d50addf7fc0a221a773e98f8a28d,jeevee,exfoliant,,"['oiliness', 'pigmentation', 'dullness', 'acne']","['salicylic_acid', 'glycolic_acid', 'lactic_acid']",0.8
jv_128272,HYPHEN VITAMIN INFUSED TINTED LIP BALM 10G - HAZEL,HYPHEN,639.0,607.04361,3.0,1,in_stock,https://stod.jeevee.com/whetstone-products/jeevee_erp/2026-03-16/d5/d5eb7c4dbe2966f519986624258a57224ea3db20,jeevee,lip_care,,,,0.35
jv_3037,FIXDERMA SALYZAP FACE CLEANSER - 60 GM,FIXDERMA,472.0,434.23528,4.3,9,in_stock,https://stod.jeevee.com/whetstone-products/jeevee_erp/2023-07-26/ea/eaa49a6ef4253af829bbf41c16ff2e79cfab98b7,jeevee,cleanser,,,,0.35
jv_7358,G-THIONE WHITENING CREAM 30GM,SURBHITAM,1280.0,1190.3999999999999,4.2,1,in_stock,https://stod.jeevee.com/whetstone-products/jeevee_erp/2026-02-10/96/962e2a80bf59bfdad8652935e14db082a8d49322,jeevee,,['dry'],,,0.55
jv_27175,THE DERMA CO 3% KOJIC ACID SPOT CORRECTOR GEL 30G,THE DERMA CO,799.0,735.07201,4.7,0,in_stock,https://stod.jeevee.com/whetstone-products/jeevee_erp/2022-11-25/61/615f8be9ec94fef7fdca69694e98ac4e1f8edab9,jeevee,spot_treatment,['oily'],"['pigmentation', 'dullness']",['kojic_acid'],1.0
jv_108501,THRIVECO EXCLUSIVE SUNSCREEN MATTE FINISH SPF 50+ PA++++ - 100ML,THRIVECO,1998.4,999.2,0.0,0,in_stock,https://stod.jeevee.com/whetstone-products/jeevee_erp/2026-04-09/80/8054557c60a79824c69d5b135ac18bd95473f66a,jeevee,sunscreen,['oily'],,,0.55
jv_2276,CLINPAR-A GEL 15GM,NPL,185.0,175.75,4.4,9,in_stock,https://stod.jeevee.com/whetstone-products/jeevee_erp/2021-11-09/cb/cb70559764d76b5f7d9368c5edc0d69ab4779cc7,jeevee,,['oily'],,,0.55
jv_40934,PILGRIM 2% KOJIC ACID SERUM- 30ML,PILGRIM,792.0,728.64,3.5,2,in_stock,https://stod.jeevee.com/whetstone-products/jeevee_erp/2026-03-18/04/0472f56b36a4bb7efe8eda69dce10abbb9e324a9,jeevee,serum,,"['pigmentation', 'dullness']",['kojic_acid'],0.8
jv_66651,DOT & KEY BARRIER REPAIR HYALURONIC BODY LOTION- 250 ML,DOT & KEY,632.0,568.8000000000001,4.7,1,in_stock,https://stod.jeevee.com/whetstone-products/jeevee_erp/2024-10-24/5a/5aa70247b4244517b792ad7a2cf390abc6338cf7,jeevee,moisturizer,['dry'],"['aging', 'dryness']",['hyaluronic_acid'],1.0
jv_67475,THE PUREST SOLUTIONS DAILY BARRIER UV PROTECTION SPF 50+ SUNSTICK,THE PUREST SOLUTIONS,3450.0,3277.5,0.0,0,in_stock,https://stod.jeevee.com/whetstone-products/jeevee_erp/2024-11-06/55/55435df515026b86c146d1ce9052a25f455c7622,jeevee,sunscreen,,,,0.35
jv_118501,SECRET KEY LEMON SPARKING CLEANSING FOAM  200ML,SECRET KEY,2000.0,1700.0,0.0,0,in_stock,https://stod.jeevee.com/whetstone-products/jeevee_erp/2026-01-20/6a/6a16d1ff0117372670d8b603b93d12e0e09e899d,jeevee,cleanser,,,,0.35
jv_118504,VASELINE HEALTHY BRIGHT GLUTA-HYA SERUM BURST LOTION FLAWLESS BRIGHT 200ML,VASELINE,1000.0,1000.0,0.0,0,in_stock,https://stod.jeevee.com/whetstone-products/jeevee_erp/2026-01-20/00/00434897f7ec83a0daf8f8575cb9c6b0cc6e3007,jeevee,serum,,,,0.35
jv_118506,VASELINE HEALTHY BRIGHT GLUTA-HYA SERUM BURST DEWY RADIANCE 200ML,VASELINE,1000.0,1000.0,0.0,0,in_stock,https://stod.jeevee.com/whetstone-products/jeevee_erp/2026-01-20/c4/c46d50be0ab9cb406048e97dde0b08340af763a8,jeevee,serum,,,,0.35
jv_128263,HYPHEN CLARIFYING ACNE FACE WASH FOR WOMEN AND MEN- 100ML,HYPHEN,479.0,455.05479,0.0,0,in_stock,https://stod.jeevee.com/whetstone-products/jeevee_erp/2026-03-16/51/514bc4e870bc52e623b10a33637a63d7debbc841,jeevee,cleanser,,,,0.35
jv_25363,THE PUREST SOLUTIONS REJUVENATING RETINOL SERUM + CERAMIDE 30ML,THE PUREST SOLUTIONS,3550.0,3372.5,4.0,1,in_stock,https://stod.jeevee.com/whetstone-products/jeevee_erp/2022-08-17/13/13932f9278cf386a5c1db81bc6fa01d7ebad5021,jeevee,serum,,"['dark_circles', 'aging', 'acne', 'sensitivity', 'pigmentation', 'dryness']","['retinol', 'ceramides']",0.8
jv_25393,CASMARA SENSATIONS VITAMIN SHOT SERUM,CASMARA,7800.0,7410.0,0.0,0,in_stock,https://stod.jeevee.com/whetstone-products/jeevee_erp/2022-08-22/83/830f8d94a6ff3bdb10b000a1a66f54a83589de6f,jeevee,serum,,,,0.35
jv_129159,PLUM BODYLOVIN' HAZELNUT ECLAIR BODY BUTTER- 180G,PLUM,880.0,791.9912,0.0,0,in_stock,https://stod.jeevee.com/whetstone-products/jeevee_erp/2026-03-26/3e/3e3256f6d0a05a8bd632dd2ea45761e8148af8ed,jeevee,,,,,0.35
jv_12508,CASMARA 3 IN 1 CLEANSER DEEP CLEANSING 150ML,CASMARA,2950.0,2802.5,0.0,0,in_stock,https://stod.jeevee.com/whetstone-products/jeevee_erp/2022-08-22/a8/a86d9e909499dc0f7ce64c1ad7bee9f5cdd32e75,jeevee,cleanser,,,,0.35
jv_131432,PILGRIM KAKADU PLUM VITAMIN C BRIGHTENING MOISTURIZER 50G,PILGRIM,552.0,507.84000000000003,0.0,0,in_stock,https://stod.jeevee.com/whetstone-products/jeevee_erp/2026-04-05/b9/b9fa436a322e75f02a3bec7f607338e294f92e2d,jeevee,moisturizer,,"['pigmentation', 'dark_circles', 'dullness', 'aging']",['vitamin_c'],0.8
jv_13871,REGALIZ HYDRONIC LIP BALM - 8G,REGALIZ,480.0,446.3952,4.1,6,in_stock,https://stod.jeevee.com/whetstone-products/jeevee_erp/2021-07-22/b1/b1d435ab71f959e9396e8150139acd68c60ca66f,jeevee,lip_care,,,,0.35
jv_111918,PILGRIM KOREAN RICE WATER & COLLAGEN ADVANCED DAMAGE REPAIR HAIR MASK 200GM,PILGRIM,952.0,875.84,0.0,0,in_stock,https://stod.jeevee.com/whetstone-products/jeevee_erp/2025-12-16/3f/3f363823e7b4c822bde02a96437d03446d183743,jeevee,mask,['dry'],,,0.55
jv_107359,JUICY CHEMISTRY 2% ALPHA ARBUTIN + D-GALLIC ACID FACE SERUM 30ML,JUICY CHEMISTRY,1650.0,1650.0,0.0,0,in_stock,https://stod.jeevee.com/whetstone-products/jeevee_erp/2025-11-01/5a/5a0d6965df8dd751c95427212142c2f61ebac60b,jeevee,serum,,"['pigmentation', 'dullness']",['arbutin'],0.8
jv_114366,REGALIZ FACEWASH CONTROLS SEBUM SECRETION -150ML,REGALIZ,766.4,712.997248,0.0,0,in_stock,https://stod.jeevee.com/whetstone-products/jeevee_erp/2025-12-29/18/1807e32bcd8de0913b7fc2e3309278449720d91c,jeevee,,['oily'],,,0.55
jv_114153,UV CURB AQUA GEL 50G,UV CURB,720.0,720.0,0.0,0,in_stock,https://stod.jeevee.com/whetstone-products/jeevee_erp/2026-03-01/0d/0dec63354f1553726460487bf06825736ad0e750,jeevee,,['oily'],,,0.55
jv_150001,DERMA ESSENTIA GLUTA GO SERUM 30ML,DERMA ESSENTIA,1280.0,1216.0128,0.0,0,in_stock,https://stod.jeevee.com/whetstone-products/jeevee_erp/2026-06-28/8b/8ba5eca55bb77e7fdfceba47d28140429df41a44,jeevee,serum,,,,0.35
jv_148370,STAR STRUCK MAKEUP REMOVER WIPES,STAR STRUCK BY SUNNY LEONE,126.4,112.48968,0.0,0,in_stock,https://stod.jeevee.com/whetstone-products/jeevee_erp/2026-06-18/5d/5d838f735ffeeae1662dccaf818c49edfd1cc6de,jeevee,cleanser,,,,0.35
jv_25778,PONDS BRIGHT MIRACLE WITH ACTIVATED CHARCOAL DETOX FACEWASH,PONDS,245.0,245.0,4.0,1,in_stock,https://stod.jeevee.com/whetstone-products/jeevee_erp/2026-02-03/15/15cf7231b032711f39bfeae784c81afb91b83b44,jeevee,,,,,0.35
jv_21107,MELAO RETINOL CREAM -50G,MELAO,1500.0,1500.0,5.0,1,in_stock,https://stod.jeevee.com/whetstone-products/jeevee_erp/2022-02-09/0d/0dd8fc29ea8caed32190535dfe750b4cc1fd550f,jeevee,,['dry'],"['pigmentation', 'aging', 'acne', 'dark_circles']",['retinol'],1.0
jv_114152,"UV INFRA TINT GEL TINTED SILICONE SUN SCREEN SPF 50+, PA +++50G",RAY BACK,1160.0,1160.0,1.0,1,in_stock,https://stod.jeevee.com/whetstone-products/jeevee_erp/2025-12-29/df/dfcdae0a066a872eeac626aaa52b434d796006b4,jeevee,sunscreen,['oily'],,,0.55
jv_121877,COSMETEX ROLAND EXOSOME AZELAIC ACID BEAUTY SERUM LOTION- 300ML,COSMETEX ROLAND,2800.0,2660.0,0.0,0,in_stock,https://stod.jeevee.com/whetstone-products/jeevee_erp/2026-02-05/d7/d7305c544f965c95ece08c3a62860ac34213b379,jeevee,serum,,"['sensitivity', 'pigmentation', 'acne']",['azelaic_acid'],0.8
jv_86756,KORMESIC COCOA BODY OIL - 260ML,KORMESIC,900.0,900.0,0.0,0,in_stock,https://stod.jeevee.com/whetstone-products/jeevee_erp/2025-05-20/39/39083cd0f9e0d514fc9135f519a873f76aab4098,jeevee,,,,,0.35
jv_107367,JUICY CHEMISTRY 2% BHA + ZINC PCA FACE SERUM 10ML,JUICY CHEMISTRY,599.0,599.0,0.0,0,in_stock,https://stod.jeevee.com/whetstone-products/jeevee_erp/2025-11-01/cd/cdacb3352131f5a3ee5756f9e63b58eee8d12574,jeevee,serum,,"['oiliness', 'sun_protection', 'acne']","['salicylic_acid', 'zinc']",0.8
jv_38936,HIMALAYA -PEACH SHINE LIP CARE- 4.5 GM,HIMALAYA,318.4,302.476816,4.0,1,in_stock,https://stod.jeevee.com/whetstone-products/jeevee_erp/2024-02-27/fb/fbf602057abf638f19c3382b8468f9e73356b531,jeevee,lip_care,,,,0.35
jv_20495,"SOME BY MI – AHA, BHA, PHA 30 DAYS MIRACLE SERUM 50ML",SOME BY MI,2900.0,2680.006,0.0,0,in_stock,https://stod.jeevee.com/whetstone-products/jeevee_erp/2022-01-24/15/156330bf68112d4bde8f68a9cae7622fb73dc15e,jeevee,serum,,"['oiliness', 'pigmentation', 'dullness', 'acne']","['salicylic_acid', 'glycolic_acid', 'lactic_acid']",0.8
jv_29088,MINIMALIST SPF 30 BODY LOTION 150GM,MINIMALIST,799.0,759.05799,4.8,3,in_stock,https://stod.jeevee.com/whetstone-products/jeevee_erp/2023-03-07/78/78469193011ef557ca9774e2fccf63f6e564e489,jeevee,moisturizer,,,,0.35
jv_10448,"BEARDO DE-TAN BODY WASH, 200ML",BEARDO,478.4,454.47999999999996,5.0,1,in_stock,https://stod.jeevee.com/whetstone-products/jeevee_erp/2024-01-08/13/13315dbf7205b47db6b135db148e5bf31f6cb232,jeevee,,,,,0.35
jv_41610,MAMAEARTH BEETROOT DAILY GLOW FACE CREAM 80 G,MAMAEARTH,398.77,366.8684,3.0,0,in_stock,https://stod.jeevee.com/whetstone-products/jeevee_erp/2024-06-02/63/63eb7d58a1cb41ca9e2987993345dd75a370554d,jeevee,moisturizer,['dry'],,,0.55
jv_89277,MAMAEARTH CHIA CALMING FACE CLEANSER 180 ML,MAMAEARTH,638.4,587.321616,0.0,0,in_stock,https://stod.jeevee.com/whetstone-products/jeevee_erp/2025-07-01/40/40ff8b004efcee156dd3acbd297d25ea602ac173,jeevee,cleanser,['sensitive'],,,0.55
jv_110501,PLUM CALENDULA & 10% VITAMIN C BARRIER BOOSTING + GLOW SERUM - 30 ML,PLUM,1038.0,934.21038,0.0,0,in_stock,https://stod.jeevee.com/whetstone-products/jeevee_erp/2025-12-08/73/73a2306daf3bf201984674716306183f5a64a228,jeevee,serum,,"['pigmentation', 'dark_circles', 'dullness', 'aging']",['vitamin_c'],0.8
jv_111020,MAMAEARTH VITAMIN C DAILY GLOW MOISTURIZING CREAM-200G,MAMAEARTH,638.4,587.321616,0.0,0,in_stock,https://stod.jeevee.com/whetstone-products/jeevee_erp/2025-12-11/f9/f998932f7c18acdd2b022ded1149bedceac3c7b7,jeevee,moisturizer,['dry'],"['pigmentation', 'dark_circles', 'dullness', 'aging']",['vitamin_c'],1.0
jv_112500,MAMAEARTH ALOE REFRESH HYDRATING BODY LOTION - 400 ML,MAMAEARTH,750.4,690.375504,0.0,0,in_stock,https://stod.jeevee.com/whetstone-products/jeevee_erp/2025-12-22/a3/a37319e45a671cc15ed4c54ab7374604234875f5,jeevee,moisturizer,['dry'],"['sensitivity', 'dryness']",['aloe_vera'],1.0
jv_84008,UV DOUX FACE CLEANSER 125 ML,BRINTON,638.4,606.4799999999999,0.0,0,in_stock,https://stod.jeevee.com/whetstone-products/jeevee_erp/2025-04-04/0a/0aad32b4da75f884c66f5c7b82567f80063b3379,jeevee,cleanser,,,,0.35
jv_87645,ORGANIC HARVEST LUXURIOUS BATHING BAR - MINT -125G (BOGO),ORGANIC HARVEST,440.0,220.0,5.0,0,in_stock,https://stod.jeevee.com/whetstone-products/jeevee_erp/2025-12-11/1a/1a748f3458dc30a80a04b495168283c25d9df7eb,jeevee,,,,,0.35
jv_96832,SINOZ PERFECT FACE CLEANSING OIL 400ML,SINOZ,2550.0,2422.5,5.0,0,in_stock,https://stod.jeevee.com/whetstone-products/jeevee_erp/2025-08-22/6a/6a07808e36b1aed922fd57712fdfeec9085da2f9,jeevee,cleanser,,,,0.35
jv_2678,LA SHIELD SPF 40 SUNSCREEN GEL 50GM,GLENMARK-DERMA,1360.0,1278.3999999999999,4.5,2,in_stock,https://stod.jeevee.com/whetstone-products/jeevee_erp/2022-05-08/07/07b469f5b4e81889019c1ac5f59d014e209d176e,jeevee,sunscreen,['oily'],,,0.55
jv_34452,SINOZ PORE MINIMIZING SERUM 30ML,SINOZ,1825.0,1733.75,5.0,0,in_stock,https://stod.jeevee.com/whetstone-products/jeevee_erp/2023-09-10/bb/bba214e6a16fb1b9ca6dfdb356669418ae511491,jeevee,serum,['oily'],,,0.55
jv_4233,FLOCOTE-HA MOISTURIZER 100GM,ANDOSA,1380.8,1284.1439999999998,5.0,1,in_stock,https://stod.jeevee.com/whetstone-products/jeevee_erp/2022-06-28/a3/a30455bd180747257891e34677acb9c765473a9c,jeevee,moisturizer,,,,0.35
jv_1701,"MAMAEARTH ULTRA LIGHT INDIAN SUNSCREEN SPF50 PA+++, 80ML",MAMAEARTH,799.0,735.07201,4.1,11,in_stock,https://stod.jeevee.com/whetstone-products/jeevee_erp/2020-11-08/8b/8b6a29e04d6abacccd9cc4d0a2e4a3fc147ccf7b,jeevee,sunscreen,,,,0.35
jv_41971,SEBOLLIC SALICYLIC ACID SERUM - 20 ML,ETHICARE,960.0,902.3904,5.0,0,in_stock,https://stod.jeevee.com/whetstone-products/jeevee_erp/2024-06-17/78/78f8f461d9ee72a8d27034914d0d4deb9572edf6,jeevee,serum,,"['oiliness', 'acne']",['salicylic_acid'],0.8
jv_132883,LORD'S PEDICLEAN FOOT CREAM-50 GM,LORD'S,256.0,230.39488,0.0,0,in_stock,https://stod.jeevee.com/whetstone-products/jeevee_erp/2026-04-23/3b/3b51aa3dc7dfb5fcde36c55974e2dc474d0546b0,jeevee,,['dry'],,,0.55
jv_8910,AVANI PEPPERMINT LIP BALM,AVANI,295.0,295.0,4.7,1,in_stock,https://stod.jeevee.com/whetstone-products/jeevee_erp/2021-02-17/e3/e3689b017c5c84f95497957f81276080bd9ea722,jeevee,lip_care,,,,0.35
jv_13860,ACNES BLEMISH CONTROL TONER- 90ML,ACNES,375.0,375.0,4.4,2,in_stock,https://stod.jeevee.com/whetstone-products/jeevee_erp/2024-09-26/02/02910c9fc0dc038fe1b500f2ca89741b2f5d687b,jeevee,spot_treatment,['oily'],,,0.55
jv_39607,DERMA ESSENTIA SUNSCREEN GEL (SPF 50) - 50 GM,DERMA ESSENTIA,770.0,731.5,5.0,2,in_stock,https://stod.jeevee.com/whetstone-products/jeevee_erp/2025-02-16/ad/ad2b09c02ed50147f17f24c76b65e8fdfdd1ae3c,jeevee,sunscreen,['oily'],,,0.55
jv_86755,KORMESIC KOJIC ACID AND COLLAGEN UNDERARM WHITENING CREAM - 50ML,KORMESIC,650.0,650.0,0.0,0,in_stock,https://stod.jeevee.com/whetstone-products/jeevee_erp/2025-05-20/f9/f965a219a3e38129733d10ab278970b59abaca7a,jeevee,,['dry'],"['pigmentation', 'dullness']",['kojic_acid'],1.0
jv_118505,VASELINE BRIGHT GLUTA-HYA SERUM  PRO-AGE RESTORE 200ML,VASELINE,1000.0,1000.0,0.0,0,in_stock,https://stod.jeevee.com/whetstone-products/jeevee_erp/2026-01-20/17/1764b79d7e70c898d57b2a92083990a1d6a5e3c5,jeevee,serum,,,,0.35
jv_134663,PARACHUTE 100% ORGANIC EXTRA VIRGIN COCONUT OIL WITH ROSE OIL-200ML,PARACHUTE,600.0,540.006,0.0,0,in_stock,https://stod.jeevee.com/whetstone-products/jeevee_erp/2026-04-17/22/22b64776ad0d1f6ce9bd354de970027473b9c25c,jeevee,,,,,0.35
jv_38796,CHEMIST AT PLAY GENTLE & HYDRATING FACE WASH - 100ML,CHEMIST AT PLAY,478.4,444.916784,5.0,4,in_stock,https://stod.jeevee.com/whetstone-products/jeevee_erp/2024-02-11/e9/e969a7204327f903fcba5a8a53854d3ce20d4957,jeevee,cleanser,"['dry', 'sensitive']",,,0.55
jv_42361,UBIYA DERMA SKIN ESSENCE TONER,UBIYA DERMA,799.0,399.00462000000005,0.0,0,in_stock,https://stod.jeevee.com/whetstone-products/jeevee_erp/2024-06-21/5a/5ad8a77e571b66c37de887df1aebb3221ff1161b,jeevee,serum,,,,0.35
jv_128257,HYPHEN 44% RICE WATER BRIGHTENING FACE SERUM PADS - 50 PCS,HYPHEN,1039.0,987.05,0.0,0,in_stock,https://stod.jeevee.com/whetstone-products/jeevee_erp/2026-03-16/da/daa2580a64d773052397032a682e20b44f06cb37,jeevee,serum,,,,0.35
jv_134664,PARACHUTE 100% ORGANIC EXTRA VIRGIN COCONUT OIL WITH VITAMIN E-200ML,PARACHUTE,600.0,540.006,0.0,0,in_stock,https://stod.jeevee.com/whetstone-products/jeevee_erp/2026-04-17/83/833374d2757bdcf099baf6b0c4a135a5119648e7,jeevee,,,"['dark_circles', 'aging', 'dryness']",['vitamin_e'],0.8
jv_103175,PLUM SQUALANE & VITAMIN E DEWY-BRIGHT SUNSCREEN SPF 50 PA+++,PLUM,798.4,718.552016,0.0,0,in_stock,https://stod.jeevee.com/whetstone-products/jeevee_erp/2025-10-07/39/39fcf24943fbc45e3c95efc992307db7986238af,jeevee,sunscreen,,"['dark_circles', 'aging', 'dryness']","['vitamin_e', 'squalane']",0.8
jv_148978,"DR. PEPTI CENTELLA TURNOVER SOFT PEELING GEL, 30ML",DR. PEPTI,350.0,300.0095,0.0,0,in_stock,https://stod.jeevee.com/whetstone-products/jeevee_erp/2026-06-23/69/69b25db6058f5dc55caf231ca39aa0a5c4c822d6,jeevee,exfoliant,['oily'],['sensitivity'],['centella_asiatica'],1.0
jv_42920,PILGRIM 24K GOLD FACIAL KIT FOR GOLDEN GLOW,PILGRIM,952.0,875.84,5.0,0,in_stock,https://stod.jeevee.com/whetstone-products/jeevee_erp/2024-07-03/a1/a150476680217e2faa86d17407407ac7bbe987c3,jeevee,,,,,0.35
jv_38833,FOXTALE RETINOL NIGHT SERUM - 30ML,FOXTALE,958.4,910.4799999999999,2.0,1,in_stock,https://stod.jeevee.com/whetstone-products/jeevee_erp/2024-02-16/b3/b3f5dc68cc2deab7713ad17f72eb68d4502e4192,jeevee,serum,,"['pigmentation', 'aging', 'acne', 'dark_circles']",['retinol'],0.8
jv_31362,AVANI ROSEMARY PURE ESSENTIAL OIL 30ML,AVANI,850.0,850.0,3.0,2,in_stock,https://stod.jeevee.com/whetstone-products/jeevee_erp/2023-05-09/24/24d579f114cf5ee71e4ab03817830fcb4d319132,jeevee,,,,,0.35
jv_4523,HIMALAYA UNDER EYE CREAM- 15 ML,HIMALAYA,360.0,342.0,3.9,5,in_stock,https://stod.jeevee.com/whetstone-products/jeevee_erp/2020-08-17/39/39359981c6f7878939a37d1e52a3cc16c82e87e4,jeevee,eye_cream,['dry'],,,0.55
jv_24474,JINA ALCHEMY THA ANOINTMENT FACIAL OIL 50ML,JINA  ALCHEMY,1000.0,900.0,4.6,8,in_stock,https://stod.jeevee.com/whetstone-products/jeevee_erp/2023-03-05/ae/ae87b32e25d476f080945520bfdad6d861171ec9,jeevee,face_oil,,,,0.35
jv_38471,HUMEDA SKIN LIGHTENING MOISTURISER 50GM,HUMEDA,1575.0,1496.25,4.0,1,in_stock,https://stod.jeevee.com/whetstone-products/jeevee_erp/2023-12-21/11/115c7897c4233736505ba17eaa33b11a8497a991,jeevee,moisturizer,,,,0.35
jv_7584,SPAWAKE AYURVEDA REJUVENATING DAY CREAM- 50 GM,SPAWAKE,1598.4,1598.4,5.0,1,in_stock,https://stod.jeevee.com/whetstone-products/jeevee_erp/2020-12-15/54/545d012c97caa01706f17eb2a3b3e560baad6fe8,jeevee,moisturizer,['dry'],,,0.55
jv_18847,MAMAEARTH HYDRAGEL INDIAN SUNSCREEN WITH ALOE VERA AND RASPBERRY FOR SUN PROTECTION - 50 G,MAMAEARTH,639.0,587.88,4.1,5,in_stock,https://stod.jeevee.com/whetstone-products/jeevee_erp/2025-12-11/87/87a45404aa0cc5430f0f549ce93b787b59999b20,jeevee,sunscreen,['oily'],"['sensitivity', 'dryness']",['aloe_vera'],1.0
jv_23125,"NIVEA MEN PURE IMPACT SHOWER GEL, 250ML",NIVEA,425.0,412.2415,5.0,0,in_stock,https://stod.jeevee.com/whetstone-products/jeevee_erp/2022-05-18/fe/fe4e11c18081c0226a09cb149f76b3b8c2743c1b,jeevee,,['oily'],,,0.55
jv_41488,MAMAEARTH UBTAN FACE WASH WITH TURMERIC & SAFFRON 100ML,MAMAEARTH,638.4,587.321616,4.5,1,in_stock,https://stod.jeevee.com/whetstone-products/jeevee_erp/2025-06-16/a6/a603017734c407b407a9b79c4cbacc60a1265e91,jeevee,cleanser,,,,0.35
jv_98927,MEDICOS SUPER UV WATERPROOF SUN BLOCK SPF 50+ PA++++ (90ML),MEDICOS,1295.0,1295.0,0.0,0,in_stock,https://stod.jeevee.com/whetstone-products/jeevee_erp/2026-04-13/2b/2b1f37f894a169b869f3c9e549705a89ea3fa20c,jeevee,sunscreen,,,,0.35
jv_132899,LORD'S CERAMIDE & HYLURONIC MOISTURISER-100ML,LORD'S,600.0,540.006,0.0,0,in_stock,https://stod.jeevee.com/whetstone-products/jeevee_erp/2026-04-23/77/77d09a5a1bb2ad35b3a6272d50b9e78b6adf2536,jeevee,moisturizer,,"['sensitivity', 'dryness']",['ceramides'],0.8
jv_127828,EVEN CARE CLEANSING PADS TUMERIC & KOJIC ACID - 50 PCS,EVEN CARE,2500.0,2100.0,5.0,0,in_stock,https://stod.jeevee.com/whetstone-products/jeevee_erp/2026-03-12/65/6518929126cce29039222f28cebbf5de919ec339,jeevee,cleanser,,"['pigmentation', 'dullness']",['kojic_acid'],0.8
jv_132725,HYDRAMIDE FOOT CREAM 75GM,HYDRAMIDE,350.0,280.007,0.0,0,in_stock,https://stod.jeevee.com/whetstone-products/jeevee_erp/2026-04-08/54/542533a7f374ba052fb0000ddcf9f0d0c0a495c1,jeevee,,['dry'],,,0.55
jv_25512,FURR 2% SALICYLIC ACID & GREEN TEA ANTI ACNE FACE WASH - 100ML,PEESAFE,399.0,379.04601,4.5,6,in_stock,https://stod.jeevee.com/whetstone-products/jeevee_erp/2022-08-29/56/56cd7685137aaf72b409d61f8295087d4a5d3a3b,jeevee,cleanser,,"['oiliness', 'acne']",['salicylic_acid'],0.8
jv_104189,THE PUREST SOLUTIONS EXFOLIATING SALICYLIC ACID CLEANSER- 50ML,THE PUREST SOLUTIONS,800.0,760.008,0.0,0,in_stock,https://stod.jeevee.com/whetstone-products/jeevee_erp/2025-10-10/a0/a0055ccbc97a9acc6a0cf33e1e3bb2a78f8de808,jeevee,exfoliant,,"['oiliness', 'acne']",['salicylic_acid'],0.8
jv_27241,AQUALOGICA GLOW+ SMOOTHIE FACE WASH 100G,AQUALOGICA,479.0,445.47479,4.6,4,in_stock,https://stod.jeevee.com/whetstone-products/jeevee_erp/2025-12-18/3e/3e4bc295096afe3c94c56b7689b24739a06aee96,jeevee,cleanser,,,,0.35
jv_128266,HYPHEN GOLDEN HOUR GLOW SUNSCREEN – SPF50 PA++++ (40G),HYPHEN,879.0,835.04121,0.0,0,in_stock,https://stod.jeevee.com/whetstone-products/jeevee_erp/2026-03-16/01/014266533fc73e25e08fefe54333ed2013f71326,jeevee,sunscreen,,,,0.35
jv_89281,MAMAEARTH CHIA OIL-FREE FACE WASH 100 ML,MAMAEARTH,430.4,395.968,0.0,0,in_stock,https://stod.jeevee.com/whetstone-products/jeevee_erp/2025-07-01/b1/b112c03818c6668431b5b94917ffbe2b92626c69,jeevee,cleanser,['oily'],,,0.55
jv_29102,"HUMEDA 2% SALICYLIC ACID SERUM, 30ML",HUMEDA,915.0,869.25915,5.0,1,in_stock,https://stod.jeevee.com/whetstone-products/jeevee_erp/2023-03-09/54/548381fb16285d31ebfdeb6d3ea7902a5eda4d0e,jeevee,serum,,"['oiliness', 'acne']",['salicylic_acid'],0.8
jv_87164,ENCHANTEUR PERFUMED ENTICING SHOWER GEL - 250ML,ENCHANTEUR,410.0,410.0,1.0,1,in_stock,https://stod.jeevee.com/whetstone-products/jeevee_erp/2025-05-22/dd/dd8a430d909462778eb6aa459f30d8dad34c6740,jeevee,,['oily'],,,0.55
jv_109839,CHEMIST AT PLAY 10% NIACINAMIDE CLARIFYING FACE SERUM-30ML,CHEMIST AT PLAY,1118.4,1040.112,2.0,0,in_stock,https://stod.jeevee.com/whetstone-products/jeevee_erp/2025-11-25/bd/bd4875149d911a415e6269722d6ad2883993f07e,jeevee,serum,,"['aging', 'acne', 'pigmentation', 'oiliness', 'dullness']",['niacinamide'],0.8
jv_119409,CHEMIST AT PLAY HYALURONIC ACID FACE SERUM 30ML,CHEMIST AT PLAY,959.0,891.87959,0.0,0,in_stock,https://stod.jeevee.com/whetstone-products/jeevee_erp/2026-01-26/7c/7c888976c860b331d99d1ead07c3ac232d9d80fe,jeevee,serum,,"['aging', 'dryness']",['hyaluronic_acid'],0.8
jv_128978,BANJARA'S ROSE WATER-250ML,BANJARA'S,150.0,150.0,0.0,0,in_stock,https://stod.jeevee.com/whetstone-products/jeevee_erp/2026-03-25/0b/0b7c9cd069c9cf7adb8a6fffd535f1cfb33f10c9,jeevee,,,,,0.35
jv_30067,ACNE GUARD FACE WASH GEL 50G,PIL,237.6,220.965624,0.0,0,in_stock,https://stod.jeevee.com/whetstone-products/jeevee_erp/2023-04-13/49/49cde8c8afd1567f6754d0c3a7b27bd5613252ec,jeevee,cleanser,['oily'],,,0.55
jv_34456,SINOZ VITAMIN C SERUM 10% 30 ML,SINOZ,2100.0,1995.0,4.0,1,in_stock,https://stod.jeevee.com/whetstone-products/jeevee_erp/2023-09-10/12/12f4234a7f63dbe8c5e698739c25715d0d656b8b,jeevee,serum,,"['pigmentation', 'dark_circles', 'dullness', 'aging']",['vitamin_c'],0.8
jv_38755,THE DERMA CO 1% CERAMIDE COMPLEX LIP BALM- 4 GM,THE DERMA CO,526.4,484.28273599999994,4.6,3,in_stock,https://stod.jeevee.com/whetstone-products/jeevee_erp/2024-02-05/c6/c6f40bfd26468246a37bc51722e431ed911b81e8,jeevee,lip_care,,"['sensitivity', 'dryness']",['ceramides'],0.8
jv_82780,Z-BLOCK ZINC OXIDE SUNSCREEN GEL WITH SPF 50+ (50 ML),ETHICARE,1360.0,1265.0040000000001,0.0,0,in_stock,https://stod.jeevee.com/whetstone-products/jeevee_erp/2025-03-28/4a/4a17a7ee78d996597ad9c30786f4d6bcb08db8a0,jeevee,sunscreen,['oily'],"['oiliness', 'sun_protection', 'acne']",['zinc'],1.0
jv_106603,THE DERMA CO THE 2% VIT C GEL DAILY FACE WASH 80ML,THE DERMA CO,398.0,366.16796000000005,4.0,0,in_stock,https://stod.jeevee.com/whetstone-products/jeevee_erp/2025-10-29/89/8992d16055c8b434acadb9715856e3d5b8035d19,jeevee,cleanser,['oily'],,,0.55
jv_106982,THE DERMA CO . C-CINAMIDE SUNSCREEN AQUA GEL SPF 50 PA++++ - 80 GM,THE DERMA CO,1278.4,1176.1280000000002,0.0,0,in_stock,https://stod.jeevee.com/whetstone-products/jeevee_erp/2025-10-31/8f/8f07edea3ab87fd74fc5b92736a0f76ae2a63bc6,jeevee,sunscreen,['oily'],,,0.55
jv_128256,HYPHEN 2% CICA EXOSOMES OIL-FREE MOISTURIZER (50ML),HYPHEN,680.0,646.0,0.0,0,in_stock,https://stod.jeevee.com/whetstone-products/jeevee_erp/2026-03-16/6c/6ca02e13541aaa4be22feb0f9bd5a30eec40d073,jeevee,moisturizer,['oily'],['sensitivity'],['centella_asiatica'],1.0
jv_7618,ACNES C10 VITAMIN C SERUM - 15ML,ACNES,1775.0,1775.0,4.1,4,in_stock,https://stod.jeevee.com/whetstone-products/jeevee_erp/2021-01-07/95/95d3ed201c2b2d7ab34edaf9b9e37442f092b869,jeevee,serum,,"['pigmentation', 'dark_circles', 'dullness', 'aging']",['vitamin_c'],0.8
jv_39613,DERMA ESSENTIA CLEANSING LOTION - 125 GM,DERMA ESSENTIA,520.0,494.0,0.0,0,in_stock,https://stod.jeevee.com/whetstone-products/jeevee_erp/2025-06-17/67/67df3b20dc59cd536cce1c2da8e9c9e94f1e2273,jeevee,cleanser,,,,0.35
jv_66120,PILGRIM GLOW ILLUMINATING MOISTURIZER- 30ML,PILGRIM,712.0,655.0400000000001,5.0,0,in_stock,https://stod.jeevee.com/whetstone-products/jeevee_erp/2024-10-22/6f/6f86ccebf1d09ac5585bbe484c312d1311bfb02f,jeevee,moisturizer,,,,0.35
jv_128988,BANJARA'S MULTANI WITH PAPAYA 100GMS POWDER,BANJARA'S,100.0,100.0,0.0,0,in_stock,https://stod.jeevee.com/whetstone-products/jeevee_erp/2026-03-25/bc/bcd0be162116458a69bbee5a8da63a83362e6446,jeevee,,,,,0.35
jv_17000,MAMAEARTH AQUA GLOW FACE WASH-100ML,MAMAEARTH,639.0,587.88,4.7,10,in_stock,https://stod.jeevee.com/whetstone-products/jeevee_erp/2021-11-10/94/945123985c9cdb178be42a6ca0f91bb2d09b47e9,jeevee,cleanser,,,,0.35
jv_21782,MAMAEARTH VITAMIN C OIL FREE MOISTURISER 80GM,MAMAEARTH,511.0,470.13022,4.6,11,in_stock,https://stod.jeevee.com/whetstone-products/jeevee_erp/2022-03-07/ec/ecd8e9a943d91a124dc255f6ecb7c55625eea597,jeevee,moisturizer,['oily'],"['pigmentation', 'dark_circles', 'dullness', 'aging']",['vitamin_c'],1.0
jv_84876,ACZEE 10% AZELAIC ACID SERUM - 30ML,ETHICARE,2126.0,2019.6999999999998,0.0,0,in_stock,https://stod.jeevee.com/whetstone-products/jeevee_erp/2025-04-18/fb/fbe90f2a61354524639a52fe43c8af0e80670671,jeevee,serum,,"['sensitivity', 'pigmentation', 'acne']",['azelaic_acid'],0.8
jv_109441,HYDRAMIDE 50+ SPF SUNSCREEN GEL WITH HA 1% -75GM,HYDRAMIDE,1200.0,1055.988,5.0,0,in_stock,https://stod.jeevee.com/whetstone-products/jeevee_erp/2025-11-17/89/89fa2f3b0cfca0e42d4c6c9ef25fe9448f2230e8,jeevee,sunscreen,['oily'],,,0.55
jv_128645,ECOSOAPS ROASTED COFFEE BODY SCRUB-200GM,ECOSOAPS,600.0,600.0,0.0,0,in_stock,https://stod.jeevee.com/whetstone-products/jeevee_erp/2026-03-20/87/8711becee294b4d8716a7dba4c4b9e06429bc7a6,jeevee,exfoliant,,,,0.35
jv_132913,LORD'S RETINOL ANTI-AGEING NIGHT CREAM-100GM,LORD'S,1840.0,1656.0,0.0,0,in_stock,https://stod.jeevee.com/whetstone-products/jeevee_erp/2026-04-23/32/32d2350f9fb3af6d569af340e22c0f079a3da37a,jeevee,moisturizer,['dry'],"['pigmentation', 'aging', 'acne', 'dark_circles']",['retinol'],1.0
jv_94078,"MARY&MAY  SENSITIVE SOOTHING GEL CREAM, 100GM",MARY&MAY,1800.0,1600.002,5.0,1,in_stock,https://stod.jeevee.com/whetstone-products/jeevee_erp/2025-11-01/d0/d0773c22baf72ff90f7cc8c25517325e34820ad1,jeevee,moisturizer,"['oily', 'dry', 'sensitive']",,,0.55
jv_112805,FARMASI DR C TUNA AQUA GEL CLEANSER 100 ML,FARMASI,625.0,625.0,0.0,0,in_stock,https://stod.jeevee.com/whetstone-products/jeevee_erp/2025-12-24/6b/6ba22eec17a0ffd5ecb66826c495366812ed8e87,jeevee,cleanser,['oily'],,,0.55
jv_110414,HYDRAMIDE VITAMIN C SERUM-30ML,HYDRAMIDE,2400.0,2112.0,0.0,0,in_stock,https://stod.jeevee.com/whetstone-products/jeevee_erp/2025-12-02/b7/b7c37ddd61ca65c65d1aa9d70b6acc9d8395ef21,jeevee,serum,,"['pigmentation', 'dark_circles', 'dullness', 'aging']",['vitamin_c'],0.8
jv_132871,LORD'S CHERRY SPLASH LIP BALM-8GM,LORD'S,208.0,187.19584,0.0,0,in_stock,https://stod.jeevee.com/whetstone-products/jeevee_erp/2026-04-23/5b/5ba545f758a676a02332eeb48629398c21428865,jeevee,lip_care,,,,0.35
jv_39007,SIMPLE SOOTHING FACIAL TONER (FOR SENSITIVE SKIN) 200ML,SIMPLE,900.0,765.0,0.0,0,in_stock,https://stod.jeevee.com/whetstone-products/jeevee_erp/2024-03-07/af/af39ceb7ae5b5a98c6cefe893680a81c804cdd12,jeevee,toner,['sensitive'],,,0.55
jv_21166,MELAO STRETCH MARK CREAM,MELAO,1550.0,1550.0,0.0,0,in_stock,https://stod.jeevee.com/whetstone-products/jeevee_erp/2022-02-12/dc/dc1e709788180b016019df71fffcba044ae85fe0,jeevee,,['dry'],,,0.55
jv_104179,THE PUREST SOLUTIONS SOOTHING & SMOOTHING CICA SERUM-30ML,THE PUREST SOLUTIONS,3350.0,3182.5,0.0,0,in_stock,https://stod.jeevee.com/whetstone-products/jeevee_erp/2025-10-10/1e/1e5af8d93f91f27c861bd141573a79099eb8aafa,jeevee,serum,['sensitive'],['sensitivity'],['centella_asiatica'],1.0
jv_127982,UBIYA DERMA ALPHA GLOW+ DAY CREAM SPF 30+ (50GM),UBIYA DERMA,1760.0,1760.0,0.0,0,in_stock,https://stod.jeevee.com/whetstone-products/jeevee_erp/2026-03-13/cc/ccfc47b042e752e7b95a51866c54ad152b74fc71,jeevee,moisturizer,['dry'],,,0.55
jv_3090,RAYPROTEK SUNSCREEN LOTION SPF 50 100ML,SURBHITAM,1120.0,1041.6,3.2,2,in_stock,https://stod.jeevee.com/whetstone-products/jeevee_erp/2020-07-06/1a/1a65ed4f40775a91308aaddf5e74fac1dfad6458,jeevee,sunscreen,,,,0.35
jv_112664,LISAP HAND CREAM 100 ML,LISAP ,690.0,690.0,0.0,0,in_stock,https://stod.jeevee.com/whetstone-products/jeevee_erp/2025-12-23/e6/e64a63405f709d6c85c126b628f57a48a0777431,jeevee,,['dry'],,,0.55
jv_127827,EVEN CARE CLEANSING PADS ROSE PETAL & SALICYLIC ACID - 50 PCS,EVEN CARE,2500.0,2083.0,0.0,0,in_stock,https://stod.jeevee.com/whetstone-products/jeevee_erp/2026-03-12/03/03a954d178a608e27b9e3111c078b5c7367556d9,jeevee,cleanser,,"['oiliness', 'acne']",['salicylic_acid'],0.8
jv_128268,HYPHEN MANGO LIP BALM SPF 50 PA++++ | 2% KOJIC ACID - 10 G,HYPHEN,639.0,607.04361,0.0,0,in_stock,https://stod.jeevee.com/whetstone-products/jeevee_erp/2026-03-16/8b/8bb9bccf88cca19756c91dca41f1ad0c1eb160a1,jeevee,lip_care,,"['pigmentation', 'dullness']",['kojic_acid'],0.8
jv_31464,O.TWO.O MOIST COLOR CHANGING LIP BALM,O.TWO.O,1200.0,1140.0,3.0,1,in_stock,https://stod.jeevee.com/whetstone-products/jeevee_erp/2023-05-10/10/10850d74a6bb5ba33d402b85b647cb365834091e,jeevee,lip_care,,,,0.35
jv_10473,"BEARDO LIP BALM BUBBLEGUM, 7G",BEARDO,399.0,379.04601,3.7,1,in_stock,https://stod.jeevee.com/whetstone-products/jeevee_erp/2021-04-09/a9/a9fe86765d8ca3e879dda151b89d8e170b69337f,jeevee,lip_care,,,,0.35
jv_75602,HIMALAYA COCOA BUTTER INTENSIVE SERUM BODY LOTION,HIMALAYA,360.0,342.0,0.0,0,in_stock,https://stod.jeevee.com/whetstone-products/jeevee_erp/2026-04-09/9b/9b6e592e742b96fab1153e5e6999e25da3d7efcf,jeevee,moisturizer,,,,0.35
jv_107352,"JUICY CHEMISTRY ORGANIC ILLUMUNATING SAFFRON, ARGAN FACIAL OIL - 10ML",JUICY CHEMISTRY,1350.0,1350.0,0.0,0,in_stock,https://stod.jeevee.com/whetstone-products/jeevee_erp/2025-11-01/54/54048ed4f3964768f9945d7b1bb664f09c1da879,jeevee,face_oil,,,,0.35
jv_81053,BHALO FACEPACK NATURAL FACE MASK FOR GLOWING SKIN – 85G,BHALO,575.0,546.25,5.0,0,in_stock,https://stod.jeevee.com/whetstone-products/jeevee_erp/2025-02-25/3c/3cc5885d85167cf7aeed8226e58361e7fa1a1e81,jeevee,mask,,"['oiliness', 'acne']",['salicylic_acid'],0.8
jv_78958,UV BLOCK - 50 SUNSCREEN CREAM MATTE 100ML,UV,845.0,845.0,0.0,0,in_stock,https://stod.jeevee.com/whetstone-products/jeevee_erp/2025-01-31/8c/8cec98932eada5903b8852cb5344751089508698,jeevee,sunscreen,"['oily', 'dry']",,,0.55
jv_134348,FOXTALE GLAZED LIPS BRIGHTENING LIP BALM-,FOXTALE,440.0,440.0,0.0,0,in_stock,https://stod.jeevee.com/whetstone-products/jeevee_erp/2026-04-16/93/9392c033d2e2b1c12021ca2e52195818f67cc676,jeevee,lip_care,,,,0.35
jv_10378,NUGA LIP BALM – HOT CHOCOLATE,NUGA ,200.0,190.0,4.6,9,in_stock,https://stod.jeevee.com/whetstone-products/jeevee_erp/2026-05-08/ba/baa80aba3d96171b3eeec2c9731a8d355438fa9b,jeevee,lip_care,,,,0.35
jv_10440,"BEARDO ACTIVATED CHARCOAL FACE WASH, 100ML",BEARDO,440.0,418.0,4.6,1,in_stock,https://stod.jeevee.com/whetstone-products/jeevee_erp/2023-07-19/cc/cc5de6b11542bf3b38b418435f833447ebe2d479,jeevee,cleanser,,,,0.35
jv_3093,FIXDERMA FCL AHA LIGHTENING GEL HQ 30ML,FIXDERMA,2640.0,2428.8,4.6,2,in_stock,https://stod.jeevee.com/whetstone-products/jeevee_erp/2021-07-21/77/77756dd04cbc5e17570497570866fea55464f1be,jeevee,exfoliant,['oily'],"['oiliness', 'pigmentation', 'dullness', 'acne']","['glycolic_acid', 'lactic_acid']",1.0
jv_39610,DERMA ESSENTIA NIASEB SERUM - 30 ML,DERMA ESSENTIA,1150.0,1092.5,5.0,1,in_stock,https://stod.jeevee.com/whetstone-products/jeevee_erp/2025-02-16/0f/0ffdca2ca26dd0e5c3f039179b1609a67b16a135,jeevee,serum,,,,0.35
jv_101752,LAKME PEACH MILK VIT E MOISTURE-RISER-200ML,LAKME,798.4,758.4799999999999,0.0,0,in_stock,https://stod.jeevee.com/whetstone-products/jeevee_erp/2026-06-18/f6/f6ccbb185ef2f75c635f5b7b36657bbf2cbf3d70,jeevee,,,,,0.35
jv_87851,NIVEA BODY EXPRESS HYDRATION LOTION 380ML,NIVEA,625.0,606.24375,4.0,0,in_stock,https://stod.jeevee.com/whetstone-products/jeevee_erp/2025-06-11/86/86e2414a2457db2f0bb09fe688ccad6fda1f9594,jeevee,,,,,0.35
jv_7549,SPAWAKE INSTANT GLOW SPA SHEET MASK- 18 ML,SPAWAKE,206.4,206.4,4.3,1,in_stock,https://stod.jeevee.com/whetstone-products/jeevee_erp/2020-12-15/a5/a55152cd56927714d8829480ec890e4103711acd,jeevee,mask,,,,0.35
jv_27009,"SPAWAKE HYDRO GLOW FACE WASH, 100GM",SPAWAKE,366.4,366.4,3.0,0,in_stock,https://stod.jeevee.com/whetstone-products/jeevee_erp/2022-11-14/50/5075e91917405818737723a805cbcc2d1aaccdb6,jeevee,cleanser,,,,0.35
jv_41968,FYTOCERA CREAM - 50GM,ETHICARE,1120.0,1052.8,5.0,0,in_stock,https://stod.jeevee.com/whetstone-products/jeevee_erp/2024-06-17/2b/2bf0456016e13ebe85865016293775645e1d2f78,jeevee,,['dry'],,,0.55
jv_135062,PHD 10% VITAMIN C BRIGHTENING SERUM -30ML,PROVEN HONEST DERMA,1118.4,1062.4911840000002,0.0,0,in_stock,https://stod.jeevee.com/whetstone-products/jeevee_erp/2026-06-01/b6/b640ece23925ecc6cff7d5c447ddc858c291ccc9,jeevee,serum,,"['pigmentation', 'dark_circles', 'dullness', 'aging']",['vitamin_c'],0.8
jv_34116,RALYCOS NIACOS NIACINAMIDE FACE SERUM 30ML,RALYCOS,2480.0,2331.2,1.0,1,in_stock,https://stod.jeevee.com/whetstone-products/jeevee_erp/2023-08-23/dc/dc7ea24a56391218adc01989d115f9b0aca573b0,jeevee,serum,,"['aging', 'acne', 'pigmentation', 'oiliness', 'dullness']",['niacinamide'],0.8
jv_40446,PILGRIM 24K GOLD FACIAL MASK - 50G,PILGRIM,952.0,875.84,3.0,1,in_stock,https://stod.jeevee.com/whetstone-products/jeevee_erp/2024-05-17/04/044f4e446963e951f15bead5ff312062be5a72b3,jeevee,mask,,,,0.35
jv_87647,ORGANIC HARVEST GENTLE CLEANSING SOAP : GARDENIA - 125GM (BOGO),ORGANIC HARVEST,440.0,220.0,3.8,2,in_stock,https://stod.jeevee.com/whetstone-products/jeevee_erp/2025-06-02/7f/7f1abb45be692563696fd0ed38bda3bd04e852c8,jeevee,cleanser,['sensitive'],,,0.55
jv_5970,MAMAEARTH COCO FACE WASH WITH COFFEE & COCOA - 100 ML,MAMAEARTH,430.4,395.968,4.7,3,in_stock,https://stod.jeevee.com/whetstone-products/jeevee_erp/2020-11-06/77/7768e36b3bb09f027180d0f595984fb7f9684bb0,jeevee,cleanser,,,,0.35
jv_11873,"MAMAEARTH VITAMIN C FOAMING FACE WASH, 150ML",MAMAEARTH,639.0,587.88,4.5,5,in_stock,https://stod.jeevee.com/whetstone-products/jeevee_erp/2021-06-10/64/64679754a54c4cebf865d43f100b8c9cd9030a74,jeevee,cleanser,,"['pigmentation', 'dark_circles', 'dullness', 'aging']",['vitamin_c'],0.8
jv_25348,THE PUREST SOLUTIONS CAFFEINE 5% + VITAMIN C EYE SERUM 30ML,THE PUREST SOLUTIONS,2750.0,2612.5,0.0,0,in_stock,https://stod.jeevee.com/whetstone-products/jeevee_erp/2022-08-17/c7/c75ddb6c6ce91740d20caa331d6b625fba34675b,jeevee,eye_cream,,"['pigmentation', 'dark_circles', 'dullness', 'aging']",['vitamin_c'],0.8
jv_78356,MAMAEARTH CHERRY MOISTURE THERAPY LIP BALM 15 G,MAMAEARTH,478.4,440.128,5.0,1,in_stock,https://stod.jeevee.com/whetstone-products/jeevee_erp/2025-01-26/8e/8e4d30f82882cfe2ca055229c13e6eb03ff32d25,jeevee,lip_care,,,,0.35
jv_120151,MAMAEARTH MULTANI MITTI OIL CONTROL COMBO,MAMAEARTH,1201.2,1105.104,0.0,0,in_stock,https://stod.jeevee.com/whetstone-products/jeevee_erp/2026-01-29/0d/0d68666287c37c3d1588569bc212cf082838a798,jeevee,,['oily'],,,0.55
jv_126202,DERMEDIC HYDRAIN 3 HIALURO MICELLAR WATER H20 200ML,DERMEDIC,1680.0,1344.0,5.0,1,in_stock,https://stod.jeevee.com/whetstone-products/jeevee_erp/2026-02-27/a0/a08fe990441ea7f1911ef3c8df58b72026df4ff0,jeevee,cleanser,,,,0.35
jv_10441,"BEARDO DE-TAN FACE WASH, 100ML",BEARDO,440.0,418.0,4.5,1,in_stock,https://stod.jeevee.com/whetstone-products/jeevee_erp/2023-07-19/0b/0b684f450ee7b7f62c6208e4d7fff8120d268b01,jeevee,cleanser,,,,0.35
jv_42365,UBIYA DERMA UV DEFENCE SUNSCREEN CREAM- 80GM,UBIYA DERMA,1359.0,1291.05,5.0,1,in_stock,https://stod.jeevee.com/whetstone-products/jeevee_erp/2024-06-21/4a/4afd4299245aea4fe3d3110f94a16f8099bd7cd2,jeevee,sunscreen,['dry'],,,0.55
jv_110500,PLUM CALENDULA &1% VITAMIN C ULTRA-LIGHT-GLOW GEL CREAM -50 ML,PLUM,878.0,790.2,0.0,0,in_stock,https://stod.jeevee.com/whetstone-products/jeevee_erp/2025-12-08/15/150fb9ed5e95cad6ab0a34998a608cc48a1df31a,jeevee,moisturizer,"['oily', 'dry']","['pigmentation', 'dark_circles', 'dullness', 'aging']",['vitamin_c'],1.0
jv_128990,BANJARA'S 15MT FACE PACK GOLD 50G,BANJARA'S,180.0,180.0,0.0,0,in_stock,https://stod.jeevee.com/whetstone-products/jeevee_erp/2026-03-25/e4/e406966c85191389ccb7ef1d7dfb21dd7beb33c2,jeevee,,,,,0.35
jv_33749,SPAWAKE PORE TREATMENT TONER 140ML,SPAWAKE,478.4,478.4,3.0,1,in_stock,https://stod.jeevee.com/whetstone-products/jeevee_erp/2023-08-03/4c/4c0941537046c97d1e7c891b2889702b8e6838b2,jeevee,toner,,,,0.35
jv_69979,PILGRIM SPANISH SQUALANE & NIACINAMIDE GLOW BODY LOTION - 400ML,PILGRIM,872.0,802.24872,4.3,0,in_stock,https://stod.jeevee.com/whetstone-products/jeevee_erp/2024-11-25/f9/f9526287032d1a6ac64e6a5f3c97c563b85f75aa,jeevee,moisturizer,,"['aging', 'acne', 'pigmentation', 'oiliness', 'dullness', 'dryness']","['niacinamide', 'squalane']",0.8
jv_129158,PLUM BODYLOVIN' MARSHMALLOW MELT BODY BUTTER- 180G,PLUM,880.0,791.9912,0.0,0,in_stock,https://stod.jeevee.com/whetstone-products/jeevee_erp/2026-03-26/96/96c4e97e3733766383b26f53e0a89e2199785478,jeevee,,,,,0.35
jv_138749,PHD NIACINAMIDE DRY TOUCH MATTE SUNSCREEN (40 ML),PROVEN HONEST DERMA,792.0,752.40792,0.0,0,in_stock,https://stod.jeevee.com/whetstone-products/jeevee_erp/2026-04-29/e3/e37772e3ed18c656c339781dbb2209e300365f91,jeevee,sunscreen,"['oily', 'dry']","['aging', 'acne', 'pigmentation', 'oiliness', 'dullness']",['niacinamide'],1.0
jv_2451,NIVEA EXTRA WHITE FIRMING LOTION 125ML,NIVEA,250.0,242.4975,5.0,2,in_stock,https://stod.jeevee.com/whetstone-products/product/2020-06-02/2451/512/2020_06_025ed66b7352065_1591110515.jpg,jeevee,,,,,0.35
jv_42755,SUNSCOOP ULTRA MATTE DRY TOUCH SUNSCREEN SPF 50 PA+++- 45 GM,SUNSCOOP,1118.0,999.00008,3.0,0,in_stock,https://stod.jeevee.com/whetstone-products/jeevee_erp/2024-06-30/d4/d42d123b0971bc2df0b4f8ec803f95d48d0929da,jeevee,sunscreen,"['oily', 'dry']",,,0.55
jv_112806,FARMASI DR C TUNA AQUA EYE CREAM 20 ML,FARMASI,525.0,525.0,0.0,0,in_stock,https://stod.jeevee.com/whetstone-products/jeevee_erp/2025-12-24/70/70de25cb91760ed0151e782a25c58c02f1e9e7d0,jeevee,eye_cream,['dry'],,,0.55
jv_129155,PLUM BODYLOVIN' VANILLA CARAMELLO BODY BUTTER- 180G,PLUM,880.0,791.9912,0.0,0,in_stock,https://stod.jeevee.com/whetstone-products/jeevee_erp/2026-03-26/0f/0f88c5b77c1d45fdc9d78ac59cc92d735444e741,jeevee,,,,,0.35
jv_10611,"THE DERMA CO 2% KOJIC ACID CREAM, 30GM",THE DERMA CO,799.0,735.07201,4.3,8,in_stock,https://stod.jeevee.com/whetstone-products/jeevee_erp/2021-04-19/85/85719a5ae78d2234183cb502d41c9018a798765e,jeevee,,['dry'],"['pigmentation', 'dullness']",['kojic_acid'],1.0
jv_40308,PILGRIM RED VINE FACE WASH- 100 ML,PILGRIM,560.0,515.1944,0.0,0,in_stock,https://stod.jeevee.com/whetstone-products/jeevee_erp/2026-04-26/10/100751010d681212bde77d0a14dbd234e77e30e2,jeevee,cleanser,,,,0.35
jv_69755,LIPICE SHEER COLOR LIP BALM- 2.G (NATURALLY ARDENT),LIPICE,450.0,359.9955,5.0,0,in_stock,https://stod.jeevee.com/whetstone-products/jeevee_erp/2024-11-21/4e/4ee3b26f5ac494cb10ccf5ed5eb25d5c2955c870,jeevee,lip_care,,,,0.35
jv_94083,"MEDICUBE TXA NIACINAMIDE 15 SERUM, 30ml",MEDICUBE,2600.0,2450.006,3.7,3,in_stock,https://stod.jeevee.com/whetstone-products/jeevee_erp/2025-10-31/7d/7d27f0eacd0c1b13dfac9926f59dbd3d0826a7d8,jeevee,serum,,"['aging', 'acne', 'pigmentation', 'oiliness', 'dullness']",['niacinamide'],0.8
jv_96845,SINOZ HYDRAPRO INTENSE REPAIR MOISTURIZING LOTION -400ML,SINOZ,2650.0,2517.5,0.0,0,in_stock,https://stod.jeevee.com/whetstone-products/jeevee_erp/2025-08-22/29/2911cca2165bdf4411285198f1332870b7e34c94,jeevee,moisturizer,['dry'],,,0.55
jv_38982,COXIR VITAMIN C BRIGHT EYE CREAM- 30ML,COXIR,2490.0,2365.5,0.0,0,in_stock,https://stod.jeevee.com/whetstone-products/jeevee_erp/2024-03-04/f9/f9c070a3f9723771d02bee4eac8422d8a1b16d52,jeevee,eye_cream,['dry'],"['pigmentation', 'dark_circles', 'dullness', 'aging']",['vitamin_c'],1.0
jv_66650,DOT & KEY VITAMIN C + E SUPER BRIGHT BODY LOTION- 250 ML,DOT & KEY,632.0,568.8000000000001,4.0,1,in_stock,https://stod.jeevee.com/whetstone-products/jeevee_erp/2025-01-21/12/12af2d9534a065225053267b21d69d3908881ead,jeevee,moisturizer,,"['pigmentation', 'dark_circles', 'dullness', 'aging']",['vitamin_c'],0.8
jv_83015,DERMA ESSENTIA NIASEB MOISTURIZER - 50GM,DERMA ESSENTIA,770.0,731.5,0.0,0,in_stock,https://stod.jeevee.com/whetstone-products/jeevee_erp/2025-03-31/1d/1da88e3ab8754bce093820ea485500424711b57e,jeevee,moisturizer,,,,0.35
jv_114898,LANEIGE LIP SLEEPING MASK EX BERRY 20GM,LANEIGE,2590.0,2494.9988,0.0,0,in_stock,https://stod.jeevee.com/whetstone-products/jeevee_erp/2026-01-02/a4/a4e5e8d3f78013bfee763d48045e5b449e15ef18,jeevee,mask,,,,0.35
jv_116969,BEAUTY OF JOSEON MASSAGE CREAM-200G,BEAUTY OF JOSEON,1700.0,1470.007,0.0,0,in_stock,https://stod.jeevee.com/whetstone-products/jeevee_erp/2026-01-14/30/30231820079411cd1b84a9614308f3440fbd15b6,jeevee,,['dry'],,,0.55
jv_118502,SECRET KEY HYALURON AQUA SOFT TONER  500ML,SECRET KEY,2500.0,1250.0,0.0,0,in_stock,https://stod.jeevee.com/whetstone-products/jeevee_erp/2026-01-20/72/72bd482bfe1e544ff87b3707de5b461255c33be0,jeevee,toner,,,,0.35
jv_142582,GARNIER VITAMIN C CREAM-45ML,GARNIER,478.0,478.0,0.0,0,in_stock,https://stod.jeevee.com/whetstone-products/jeevee_erp/2026-05-20/9a/9ad7506fb1c3647f217487b9bbe7ff3c3ed137f2,jeevee,,['dry'],"['pigmentation', 'dark_circles', 'dullness', 'aging']",['vitamin_c'],1.0
jv_2901,MAMAEARTH VITAMIN C FACE TONER - 200ML,MAMAEARTH,638.4,587.321616,0.0,0,in_stock,https://stod.jeevee.com/whetstone-products/jeevee_erp/2020-06-10/04/04a25958cbf8c8ed50456e5f241e4bdb5660de7d,jeevee,toner,,"['pigmentation', 'dark_circles', 'dullness', 'aging']",['vitamin_c'],0.8
jv_32075,"COSRX ADVANCED SNAIL RADIANCE DUAL ESSENCE, 80ML",COSRX,4200.0,4200.0,4.7,3,in_stock,https://stod.jeevee.com/whetstone-products/jeevee_erp/2023-06-13/9d/9d953d154d3acc55a910f7742f88c45f1a11e7be,jeevee,serum,,,,0.35
jv_40434,PILGRIM RETINOL & HYALURONIC ACID LIFT & FIRM SERUM- 30ML,PILGRIM,1040.0,956.8104,1.0,1,in_stock,https://stod.jeevee.com/whetstone-products/jeevee_erp/2026-03-18/9a/9a197ff3d55ccc93fd73bc0e6b9b5f21ecdd5df6,jeevee,serum,,"['dark_circles', 'aging', 'acne', 'pigmentation', 'dryness']","['retinol', 'hyaluronic_acid']",0.8
jv_82419,RE'EQUIL PORE REFINING 5% NIACINAMIDE SERUM 25ML,RE'EQUIL,712.0,625.00072,0.0,0,in_stock,https://stod.jeevee.com/whetstone-products/jeevee_erp/2025-03-23/4f/4f4a2da6936e2ff483731cc7d2b3021dad10b2b6,jeevee,serum,,"['aging', 'acne', 'pigmentation', 'oiliness', 'dullness']",['niacinamide'],0.8
jv_112803,FARMASI DR C TUNA SUN 50 SPF BODY LOTION 150 ML 2023,FARMASI,1375.0,1375.0,0.0,0,in_stock,https://stod.jeevee.com/whetstone-products/jeevee_erp/2025-12-24/0f/0f02d723eaf98eb669fcef066e86d50b36cd6ee4,jeevee,moisturizer,,,,0.35
jv_114156,PHOTORID SUNSCREEN CREAM 100G,PHOTORID,1040.0,1040.0,5.0,1,in_stock,https://stod.jeevee.com/whetstone-products/jeevee_erp/2025-12-29/64/64da8cfb1a300e4662e99c4741a07c814321b5f3,jeevee,sunscreen,['dry'],,,0.55
jv_129165,DOT & KEY 2% SALICYLIC CICA SERUM- 30ML,DOT & KEY,880.0,791.9912,0.0,0,in_stock,https://stod.jeevee.com/whetstone-products/jeevee_erp/2026-03-25/8d/8dee7df11978de625f0bbc6a7a9afabeaea4323d,jeevee,serum,,"['sensitivity', 'oiliness', 'acne']","['salicylic_acid', 'centella_asiatica']",0.8
jv_142586,GARNIER  SALICYLIC CREAM-45ML,GARNIER,478.0,478.0,0.0,0,in_stock,https://stod.jeevee.com/whetstone-products/jeevee_erp/2026-05-20/b9/b9b8363d34256b59fe06d35e675ddcc1e54fd497,jeevee,,['dry'],"['oiliness', 'acne']",['salicylic_acid'],1.0
jv_109842,CHEMIST AT PLAY ACNE CONTROL FACE SERUM-10ML,CHEMIST AT PLAY,478.4,444.916784,0.0,0,in_stock,https://stod.jeevee.com/whetstone-products/jeevee_erp/2025-11-25/60/600ea29584d6821cdedc6e2a41b080cc3419016f,jeevee,serum,,,,0.35
jv_42682,KORMESIC EYE SLEEPING MASK,KORMESIC,1200.0,1200.0,0.0,0,in_stock,https://stod.jeevee.com/whetstone-products/jeevee_erp/2024-06-27/a8/a82e598010bbbe267e7dc6f324c04b59f3720300,jeevee,mask,,,,0.35
jv_78354,MAMAEARTH BEETROOT HYDRAFUL MOISTURIZING CREAM200,MAMAEARTH,638.4,587.321616,0.0,0,in_stock,https://stod.jeevee.com/whetstone-products/jeevee_erp/2025-01-26/cb/cbd749b8c271bc807568e37021adf2136be1c1c7,jeevee,moisturizer,['dry'],,,0.55
jv_78176,FOXTALE AQUA PLUNGE HYDRATING BODY WASH 250 ML,FOXTALE,558.0,530.1,0.0,0,in_stock,https://stod.jeevee.com/whetstone-products/jeevee_erp/2025-01-23/c5/c515eff891334b3ee203213d056378556c1be80f,jeevee,,['dry'],,,0.55
jv_39041,JMSOLUTION MARINE LUMINOUS PEARL DEEP MOISTURE MASK- 10 SHEETS,JMSOLUTION,2998.0,2848.1,5.0,0,in_stock,https://stod.jeevee.com/whetstone-products/jeevee_erp/2024-03-14/79/79a8165a2980417ca2e38ff778f3dd5a7cee6321,jeevee,mask,['dry'],,,0.55
jv_39056,JMSOLUTION WATER LUINOUS S.O.S RINGER INTENSIVE MASK- 10 SHEETS,JMSOLUTION,2998.0,2998.0,0.0,0,in_stock,https://stod.jeevee.com/whetstone-products/jeevee_erp/2024-03-15/19/19cbb396d215bfa8314bc87eecacc8c307a27d8b,jeevee,mask,,,,0.35
jv_132905,LORD'S ADVANCED SNAIL MUCIN 96 SERUM-25 ML,LORD'S,1280.0,1152.0,0.0,0,in_stock,https://stod.jeevee.com/whetstone-products/jeevee_erp/2026-04-23/94/9480b30667f39c997bcff59a7a1227e189389e04,jeevee,serum,,,,0.35
jv_132900,LORD'S BODY MILK BODY LOTION-400ML,LORD'S,720.0,648.0,0.0,0,in_stock,https://stod.jeevee.com/whetstone-products/jeevee_erp/2026-04-23/e0/e0f9036fc1b37751e8eaa667ae7e8a3a213185e2,jeevee,moisturizer,,,,0.35
jv_132892,LORD'S COFFEE DE TAN SUN SCREEN SPF 50-50ML,LORD'S,680.0,612.0,0.0,0,in_stock,https://stod.jeevee.com/whetstone-products/jeevee_erp/2026-04-23/8b/8bcb2a5d1b00a74259de96a767640d1dc7858065,jeevee,sunscreen,,,,0.35
jv_8914,AVANI PEPPERMINT OIL- 30 ML,AVANI,1150.0,1150.0,0.0,0,in_stock,https://stod.jeevee.com/whetstone-products/jeevee_erp/2021-02-17/0b/0b9aef74fc22ff72e25cedec7c5a5bf638d75ef6,jeevee,,,,,0.35
jv_114267,AVANI SAFFIX CREAM-50G,AVANI,1195.0,1195.0,0.0,0,in_stock,https://stod.jeevee.com/whetstone-products/jeevee_erp/2025-12-29/dc/dc0873279a43491c416a9dd716fb00625ad961fe,jeevee,,['dry'],,,0.55
jv_115910,AVANI VANI CARE MOISTURIZING LOTION- 200G,AVANI,720.0,720.0,0.0,0,in_stock,https://stod.jeevee.com/whetstone-products/jeevee_erp/2026-01-06/d2/d219cd207aeacdbab2927fdd06b1cbe1228d7add,jeevee,moisturizer,,,,0.35
jv_81057,BHALO NATURAL FACE CLEANSER ANTI-AGING & SKIN BRIGHTENING - 100ML,BHALO,475.0,451.2595,0.0,0,in_stock,https://stod.jeevee.com/whetstone-products/jeevee_erp/2025-02-25/d2/d26a2f50422f80670e4b273945ff7f9ed29e7352,jeevee,cleanser,,"['oiliness', 'acne']",['salicylic_acid'],0.8
jv_131919,ME CHARCOAL PURIFYING FACE PACK 200 G,MAMAEARTH,798.0,734.16798,0.0,0,in_stock,https://stod.jeevee.com/whetstone-products/jeevee_erp/2026-04-07/71/71b09127362dd58a6b66a67410b876bd61ed49ed,jeevee,,['oily'],,,0.55
jv_11866,"MOIST GLOW ACNE MOISTURIZER, 50GM",NIDACNE,880.0,818.4,5.0,1,in_stock,https://stod.jeevee.com/whetstone-products/jeevee_erp/2025-05-09/91/91f884b54c52792a3fb0b2bf8dbe007c60333e05,jeevee,moisturizer,,,,0.35
jv_114885,NABALUXE OIL FREE MOISTURIZER WITH SWQALANE & HYALURONIC - 80 GM,NABALUXE,690.0,621.0,0.0,0,in_stock,https://stod.jeevee.com/whetstone-products/jeevee_erp/2026-03-24/93/939535df96d5ac0a4688feb455af1798fc274fe9,jeevee,moisturizer,['oily'],"['aging', 'dryness']",['hyaluronic_acid'],1.0
jv_114150,TIXGLO FACE WASH 75ML,AESTHETIX COSMECEUTICALS,720.0,720.0,0.0,0,in_stock,https://stod.jeevee.com/whetstone-products/jeevee_erp/2025-12-29/d2/d2eef8a456e43b48b6ec9e74b3a117278d0317da,jeevee,cleanser,,,,0.35
jv_45844,ZUWA COSMETICS SOPHIA PURE HYDRATION HYALURONIC GEL 30 ML,ZUWA COSMETICS,450.0,382.50449999999995,5.0,1,in_stock,https://stod.jeevee.com/whetstone-products/jeevee_erp/2024-08-23/5d/5d62b921bbe5ce76b59f6aebb5c97a8b464735cc,jeevee,,['oily'],"['aging', 'dryness']",['hyaluronic_acid'],1.0
jv_126963,ECOSATHI VEGAN LIP BALM-9GM,ECOSATHI,450.0,450.0,0.0,0,in_stock,https://stod.jeevee.com/whetstone-products/jeevee_erp/2026-03-10/09/094aa18c78af36245009b56f7c673da0127bb977,jeevee,lip_care,,,,0.35
jv_134365,FOXTALE MEDITERRANEAN MOOD EXFOLIATING BODY WASH 250M,FOXTALE,638.4,638.4,0.0,0,in_stock,https://stod.jeevee.com/whetstone-products/jeevee_erp/2026-04-16/fe/fed165a123197b982fe277b48f13a6780f198dba,jeevee,exfoliant,,,,0.35
jv_21298,BEARDO ULTRAGLOW FACE CREAM (SPF-30)-60G,BEARDO,520.0,494.0,3.7,0,in_stock,https://stod.jeevee.com/whetstone-products/jeevee_erp/2023-12-26/2a/2a172a35615234434009e78ef4f8370c2be6e24a,jeevee,moisturizer,['dry'],,,0.55
jv_107350,JUICY CHEMISTRY ORGANIC ANCE CONTROL HEMP TEA TREE & NEEM - 110 ML,JUICY CHEMISTRY,1450.0,1450.0,0.0,0,in_stock,https://stod.jeevee.com/whetstone-products/jeevee_erp/2025-11-01/11/115e56ed65d4ac1a2324b9c8dc6642cb2836eccd,jeevee,toner,,"['oiliness', 'acne']",['tea_tree'],0.8
jv_107351,"JUICY CHEMISTRY PHYTO-RETINOL ADVANCED SERUM MOISTURISER, 50G",JUICY CHEMISTRY,1850.0,1850.0,0.0,0,in_stock,https://stod.jeevee.com/whetstone-products/jeevee_erp/2025-11-01/f2/f2de04ed0d9c30fa9b94b027b2a2caf21815a521,jeevee,moisturizer,,"['pigmentation', 'aging', 'acne', 'dark_circles']",['retinol'],0.8
jv_128947,SKIN ORIGINS NIACINAMIDE BODY LOTION- 300 ML,SKIN ORIGINS,880.0,836.0,0.0,0,in_stock,https://stod.jeevee.com/whetstone-products/jeevee_erp/2026-03-25/9c/9cd01d752b1711c1345ce37afde08e0008e2ffb8,jeevee,moisturizer,,"['aging', 'acne', 'pigmentation', 'oiliness', 'dullness']",['niacinamide'],0.8
jv_112182,"HELIO SHIELD SUNSCREEN SPF 50+ PA++++, 50ML",HELIO SHIELD,1800.0,1709.01,0.0,0,in_stock,https://stod.jeevee.com/whetstone-products/jeevee_erp/2025-12-19/fb/fbaccba9db75401eca69d76e446177a8ad4adc98,jeevee,sunscreen,,,,0.35
jv_2513,NIVEA EXTRA WHITE REPAIR FOAM 100GM,NIVEA,425.0,412.2415,0.0,0,in_stock,https://stod.jeevee.com/whetstone-products/jeevee_erp/2020-11-02/0f/0fb7fe27202e7bf06046f54d7f44bd4f90b9b2a6,jeevee,,['dry'],,,0.55
jv_132912,LORD'S ADVANCED SNAIL PEPTIDE UNDER EYE CREAM-30ML,LORD'S,1520.0,1368.0,0.0,0,in_stock,https://stod.jeevee.com/whetstone-products/jeevee_erp/2026-04-23/a5/a508b36ad8730b4593bc0409239f8db66d2937b7,jeevee,eye_cream,['dry'],"['dark_circles', 'aging']",['peptides'],1.0
jv_134389,BY NAKED FACT INTENSE TRIPPLE PROTCETION 3 IN 1 LIPBALM- 10 GM,By NAKED FACT,398.4,358.556016,0.0,0,in_stock,https://stod.jeevee.com/whetstone-products/jeevee_erp/2026-04-16/72/725e17c7635542d9f6177e2135c179cbb12abe2e,jeevee,,,,,0.35
jv_132878,LORD'S VITAMIN C BODY WASH-275ML,LORD'S,638.4,574.553616,0.0,0,in_stock,https://stod.jeevee.com/whetstone-products/jeevee_erp/2026-06-23/16/16cc3a0e373387c877d7cd6a662416f9011654b4,jeevee,,,"['pigmentation', 'dark_circles', 'dullness', 'aging']",['vitamin_c'],0.8
jv_111945,COSMETEX ROLAND B AMPLE LIPLOSOMAL-Α BEAUTY SERUM LOTION C (185ML),COSMETEX ROLAND,2800.0,2660.0,0.0,0,in_stock,https://stod.jeevee.com/whetstone-products/jeevee_erp/2025-12-17/92/929f24cf8096bda61d779e183924c9aeace39f0a,jeevee,serum,,,,0.35
jv_138779,PILGRIM 15% VITAMIN C FACE SERUM 20ML,PILGRIM,872.0,802.24872,0.0,0,in_stock,https://stod.jeevee.com/whetstone-products/jeevee_erp/2026-04-29/e0/e0f26231563a8034179a1865f4191b9e6b0c4f21,jeevee,serum,,"['pigmentation', 'dark_circles', 'dullness', 'aging']",['vitamin_c'],0.8
jv_3010,AHAGLOW ADVANCED FACE WASH 100GM,TORRENT-DERMA,904.0,840.7199999999999,4.6,2,in_stock,https://stod.jeevee.com/whetstone-products/jeevee_erp/2020-06-23/7d/7d556e02a23690a20574a4a7c19beb472a8a9dc3,jeevee,cleanser,,"['oiliness', 'pigmentation', 'dullness', 'acne']","['glycolic_acid', 'lactic_acid']",0.8
jv_10377,NUGA LIP BALM – DOUBLE MINT,NUGA ,200.0,190.0,4.7,7,out_of_stock,https://stod.jeevee.com/whetstone-products/jeevee_erp/2026-05-08/88/889ab23b468d95e24a1a081b939920ece380996f,jeevee,lip_care,,,,0.35
jv_118466,ORIFLAME TENDER CARE BLACKCURRANT MULTI-PURPOSE BALM-9.6GM,ORIFLAME,639.0,510.99551999999994,0.0,0,in_stock,https://stod.jeevee.com/whetstone-products/jeevee_erp/2026-02-16/ac/ac51a25a0f7ad58874c9afa9fa783a448b056a96,jeevee,,,,,0.35
jv_111107,ST.IVES VITAMIN E & AVOCADO RENEWING BODY LOTION  (21 OZ- 621ML),ST. IVES,1200.0,1069.992,0.0,0,in_stock,https://stod.jeevee.com/whetstone-products/jeevee_erp/2025-12-11/52/527577dcb7ed0876a9dd9bdcaa16f9947dbfe711,jeevee,moisturizer,,"['dark_circles', 'aging', 'dryness']",['vitamin_e'],0.8
jv_114897,JUMISO WATERFULL HYALURONIC TONER 7ML,JUMISO,200.0,200.0,5.0,0,in_stock,https://stod.jeevee.com/whetstone-products/jeevee_erp/2026-01-02/52/52ab9b2afade626f7040bd6835568a31424fb2bf,jeevee,toner,,"['aging', 'dryness']",['hyaluronic_acid'],0.8
jv_109443,HYDRAMIDE MULTIPEPTIDE SERUM-30ML,HYDRAMIDE,1040.0,915.2,0.0,0,in_stock,https://stod.jeevee.com/whetstone-products/jeevee_erp/2025-11-17/b5/b5174e023aeaee37da402fbba47afdf39f1de18b,jeevee,serum,,"['dark_circles', 'aging']",['peptides'],0.8
jv_128949,SKIN ORIGINS GLUTATHIONE 3D GLOW FACE SERUM 50ML,SKIN ORIGINS,2320.0,2204.0,0.0,0,in_stock,https://stod.jeevee.com/whetstone-products/jeevee_erp/2026-03-25/42/42e77069e939be6a174a2e87773d51d436a36440,jeevee,serum,,,,0.35
jv_64682,SINOZ HYPER VITALITY FACE CLEANSING GEL FOR NORMAL SKIN - 400ML,SINOZ,2200.0,2090.0,0.0,0,in_stock,https://stod.jeevee.com/whetstone-products/jeevee_erp/2024-09-30/33/336bd8af26552ce54aa4cda0571b5a62a8a64548,jeevee,cleanser,"['oily', 'normal']",,,0.55
jv_14395,NUGA LIP BALM-PEACH,NUGA ,200.0,190.0,3.8,8,in_stock,https://stod.jeevee.com/whetstone-products/jeevee_erp/2026-05-08/d7/d7aa91c61ba2f83235d668766666d4646e3b71dd,jeevee,lip_care,,,,0.35
jv_16123,NUGA CLEANSING BALM- 50ML,NUGA ,580.0,551.0058,4.0,13,in_stock,https://stod.jeevee.com/whetstone-products/jeevee_erp/2023-09-27/2b/2bb5fa3a6c662e7972448e7aee6860e00d590ee9,jeevee,cleanser,,,,0.35
jv_86754,KORMESIC VASELINE MOISTURIZING AND BRIGHTENING BODY LOTION - 500ML,KORMESIC,1200.0,1200.0,0.0,0,in_stock,https://stod.jeevee.com/whetstone-products/jeevee_erp/2025-05-20/84/84bc35b2fdaf68f27e05fc76cbbec78b674b659a,jeevee,moisturizer,,,,0.35
jv_5998,"Co-Gluta Glutathione 2% Cream, 30gm",,2000.0,2000.0,0.0,0,in_stock,https://d2731avvelbbmh.cloudfront.net/whetstone-products/jeevee_erp/2020-11-08/6b/6bd52fdeece720ae64b6a0a20fa6b343e724f415,jeevee,,['dry'],,,0.55
jv_8830,VEDANTA HERBAL'S JOINT & MUSCLE PAIN RELIEF OIL- 200ML,VEDANTA HERBAL'S,1800.0,1710.0,4.0,1,in_stock,https://stod.jeevee.com/whetstone-products/jeevee_erp/2021-02-11/4f/4f34da39476329121d460ec942d9ee2e65acea6d,jeevee,,,,,0.35
jv_94808,BIO-ESSENCE BIO-WATER B5 HYDRAT LOTION - 150ML,BIO-ESSENCE,3150.0,3150.0,0.0,0,out_of_stock,https://stod.jeevee.com/whetstone-products/jeevee_erp/2025-08-17/6f/6ffcc031129aa86225a25c3bf9c068d31d10481f,jeevee,serum,,,,0.35
jv_94809,BIO-ESSENCE BIO-WATER B5 SUN.S SPF50+ - 40ML,BIO-ESSENCE,2500.0,2500.0,0.0,0,out_of_stock,https://stod.jeevee.com/whetstone-products/jeevee_erp/2025-08-17/45/45f834c7954c0681154e28c54e51e2ab3f580d45,jeevee,serum,,,,0.35
jv_94801,BIO-ESSENCE BIO GOLD DAY CREAM SPF25 -40ml,BIO-ESSENCE,3500.0,3500.0,0.0,0,out_of_stock,https://stod.jeevee.com/whetstone-products/jeevee_erp/2025-08-17/4c/4cc8a71608021d73d53505172ea427d9ecdd5db8,jeevee,moisturizer,['dry'],,,0.55
jv_94792,BIO-ESSENCE BIO VLIFT EYE LIFTING ESSENCE ,BIO-ESSENCE,3700.0,3700.0,0.0,0,out_of_stock,https://stod.jeevee.com/whetstone-products/jeevee_erp/2025-08-17/d4/d4662c60178ce67ac845b67719f587e4487112de,jeevee,serum,,,,0.35
jv_94807,BIO-ESSENCE BIO-WATER B5 FOAMY CLEANSER - 100G,BIO-ESSENCE,1200.0,1200.0,0.0,0,out_of_stock,https://stod.jeevee.com/whetstone-products/jeevee_erp/2025-08-17/f6/f69c5dc1a2c552417fa3a59509230ea57e5b1515,jeevee,cleanser,,,,0.35
jv_94796,BIO-ESSENCE BIO GOLD RADIANCE CLEANSER - 100G,BIO-ESSENCE,1200.0,1200.0,0.0,0,out_of_stock,https://stod.jeevee.com/whetstone-products/jeevee_erp/2025-08-17/b1/b18d9bb5a0602ec0afa58aefb8b588f3c5c4df4b,jeevee,cleanser,,,,0.35
jv_129213,ICHI BEAUTY TONE UP MILK UV SPF 50+ PA +++ - 30G,ICHI BEAUTY,2195.0,2195.0,0.0,0,in_stock,https://stod.jeevee.com/whetstone-products/jeevee_erp/2026-03-26/98/98e91591f7a52e6e7b285e9dc6f6b9d58f8e9f98,jeevee,sunscreen,,,,0.35
jv_129000,BANJARA'S FACE SERUM HYDRATING 30ML,BANJARA'S,800.0,800.0,0.0,0,in_stock,https://stod.jeevee.com/whetstone-products/jeevee_erp/2026-03-25/48/4830d3962ab1c77090a293b19af5f97cbb9bb78d,jeevee,serum,['dry'],,,0.55
jv_128647,ECOSOAPS YAK MILK ANTHOPOGEN FELT SOAP-100GM,ECOSOAPS,499.0,499.0,0.0,0,in_stock,https://stod.jeevee.com/whetstone-products/jeevee_erp/2026-03-20/41/414bd9f658089f16748c859173a9ed8953c38df0,jeevee,,,,,0.35
jv_129001,BANJARA'S FACE SERUM ANTI-ACNE 30ML,BANJARA'S,800.0,800.0,0.0,0,in_stock,https://stod.jeevee.com/whetstone-products/jeevee_erp/2026-03-25/0c/0c05389bf4439de9df792d8bd8eede8068e7c6dd,jeevee,serum,,,,0.35
jv_128649,ECOSOAPS PEACH FELT SOAP-100G,ECOSOAPS,499.0,499.0,0.0,0,in_stock,https://stod.jeevee.com/whetstone-products/jeevee_erp/2026-03-20/ba/baba0ec8107650767cf4f15a8dce8d126ef445ca,jeevee,,,,,0.35
jv_127834,EVEN CARE ANTI ACNE & SCAR REMOVER SERUM-30ML,EVEN CARE,2550.0,2550.0,0.0,0,in_stock,https://stod.jeevee.com/whetstone-products/jeevee_erp/2026-03-12/b9/b9b0bf9b50e3fc3c9b60155a103e288d14490566,jeevee,serum,,,,0.35
jv_127833,EVEN CARE FACE SERUM 4% TRANEXAMIC-30ML,EVEN CARE,2550.0,2550.0,0.0,0,in_stock,https://stod.jeevee.com/whetstone-products/jeevee_erp/2026-03-12/88/8803f1b686162fd251fcef21e36c0a65f359be2f,jeevee,serum,,,,0.35
jv_128999,BANJARA'S FACE SERUM BRIGHTENING 30ML,BANJARA'S,800.0,800.0,0.0,0,in_stock,https://stod.jeevee.com/whetstone-products/jeevee_erp/2026-03-25/a5/a502c19b98413ff8bca7c4d1e2df198f77dcc865,jeevee,serum,,,,0.35
jv_128644,ECOSOAPS ROASTED COFFEE BODY OIL 100ML,ECOSOAPS,600.0,600.0,0.0,0,in_stock,https://stod.jeevee.com/whetstone-products/jeevee_erp/2026-03-20/ed/ed74894442c8a6c6a362b459a41c74da7c2821ac,jeevee,,,,,0.35
jv_126205,DERMEDIC MELUMIN DEPEGMENTATION SERUM 30ML,DERMEDIC,4470.0,4470.0,0.0,0,in_stock,https://d2731avvelbbmh.cloudfront.net/whetstone-products/jeevee_erp/2026-02-27/a6/a6d5d247a629d4ccba5f883c8b119c325cd80f2f,jeevee,serum,,,,0.35
jv_126204,DERMEDIC HIALURO HYDRAIN HYDRATING SERUM 30ML,DERMEDIC,5370.0,5370.0,0.0,0,in_stock,https://d2731avvelbbmh.cloudfront.net/whetstone-products/jeevee_erp/2026-02-27/a9/a97c0dd1622929df2ea229e7648c124b3d2084cc,jeevee,serum,['dry'],,,0.55
jv_126208,DERMEDIC SUNBRELLA ULTRA LIGHT FLUID SPF DRY TO NORMAL SKIN 40ML,DERMEDIC,2670.0,2670.0,0.0,0,in_stock,https://d2731avvelbbmh.cloudfront.net/whetstone-products/jeevee_erp/2026-02-27/c5/c52febf250ada06dc9dae65fafd055664ae631c2,jeevee,sunscreen,"['dry', 'normal']",,,0.55
jv_128648,ECOSOAPS VANILLA LILAC FELT SOAP-100GM,ECOSOAPS,499.0,499.0,0.0,0,in_stock,https://stod.jeevee.com/whetstone-products/jeevee_erp/2026-03-20/10/10cc6f8cd8ca562ad945c4b9fec41fd6209a7386,jeevee,,,,,0.35
jv_126212,DERMEDIC SUNBRELLA ULTRA LIGHT FLUID SPF OILY TO COMBINATION-40ML,DERMEDIC,2670.0,2670.0,0.0,0,in_stock,https://d2731avvelbbmh.cloudfront.net/whetstone-products/jeevee_erp/2026-02-27/d4/d46a53076fec257ea19ccb451989b137a9486611,jeevee,sunscreen,"['oily', 'combination']",,,0.55
jv_126203,DERMEDIC NORMACNE ANTIBACTERIAL CLEANSING GEL -200ML,DERMEDIC,2490.0,2490.0,0.0,0,in_stock,https://d2731avvelbbmh.cloudfront.net/whetstone-products/jeevee_erp/2026-02-27/e7/e7a8c784c01a26753132e3af174a4b4903e67a1d,jeevee,cleanser,['oily'],,,0.55
jv_127832,EVEN CARE FACE SERUM 10% NIACINAMIDE-30ML,EVEN CARE,2550.0,2550.0,0.0,0,in_stock,https://stod.jeevee.com/whetstone-products/jeevee_erp/2026-03-12/ca/ca2a5aa913c599e90f79ddf352e88953efd0062c,jeevee,serum,,"['aging', 'acne', 'pigmentation', 'oiliness', 'dullness']",['niacinamide'],0.8
jv_128980,BANJARA'S ROSE WATER GEL-100ML,BANJARA'S,200.0,200.0,0.0,0,in_stock,https://stod.jeevee.com/whetstone-products/jeevee_erp/2026-03-25/d8/d873bc973ac0aaccf909e847344518eb9631b684,jeevee,,['oily'],,,0.55
jv_104117,BIO-ESSENCE B.WATER B5 PORE MINIMIZER 30ML,BIO-ESSENCE,4500.0,4275.0,0.0,0,out_of_stock,https://stod.jeevee.com/whetstone-products/jeevee_erp/2025-10-09/d5/d5382f7c5d811dbbcaf2e827291a2a1fe7f3ec71,jeevee,serum,['oily'],,,0.55
jv_114795,BENICE SHOWER CREAM 170ML,BENICE,410.0,410.0,0.0,0,in_stock,https://stod.jeevee.com/whetstone-products/jeevee_erp/2025-12-31/f5/f53f8f92801bda5296fa2fee8d1b173b7dbe24cb,jeevee,,['dry'],,,0.55
jv_113346,AVANI HYDRA CARE LOTION-100ML,AVANI,385.0,385.0,0.0,0,in_stock,https://stod.jeevee.com/whetstone-products/jeevee_erp/2025-12-29/36/363827fe8ecae434940e85223d386d585d5283ac,jeevee,,,,,0.35
jv_114149,AESTHETIX COSMECEUTICALSEUSHINE ACNE FACE WASH 70G,AESTHETIX COSMECEUTICALS,640.0,640.0,0.0,0,in_stock,https://stod.jeevee.com/whetstone-products/jeevee_erp/2025-12-29/a9/a9dd0c703e56f78c45a61dd261ea90f2498d7290,jeevee,cleanser,,,,0.35
jv_114361,AVANI RETINEX COLLAGEN SERUM-30ML,AVANI,1475.0,1475.0,0.0,0,in_stock,https://stod.jeevee.com/whetstone-products/jeevee_erp/2025-12-29/f6/f6286497b401b7f20738b9c324396caa0e76c63e,jeevee,serum,,,,0.35
jv_111103,ST.IVES COCONUT & ORCHID SOFTENING BODY LOTION (21 OZ- 621ML),ST. IVES,1200.0,1069.992,0.0,0,in_stock,https://stod.jeevee.com/whetstone-products/jeevee_erp/2025-12-11/01/012d4792f530e291e42e9e91eb620233d757123d,jeevee,moisturizer,,,,0.35
jv_38663,DR. JK VITAMIN RETINOL 97 ESSENCE - 100 ML,PAX MOLY,1760.0,1566.4,0.0,0,in_stock,https://stod.jeevee.com/whetstone-products/jeevee_erp/2024-01-22/da/dab9042552083ae855f532172db9cd0296b6425b,jeevee,serum,,"['pigmentation', 'aging', 'acne', 'dark_circles']",['retinol'],0.8
jv_39482,BIOBALANCE HELLO CLEAN NOURISHING CLEANSING BALM 100ML,BIOBALANCE,2432.0,2310.4,0.0,0,in_stock,https://stod.jeevee.com/whetstone-products/jeevee_erp/2024-04-10/00/005ffa2250bc4dde9c4c1ae836525de35172d970,jeevee,cleanser,['dry'],,,0.55
jv_34297,NATURE DERMA SQUALANE CLEANSER WITH NATURAL BIOME-BOOST™ SOLUTION - 50 ML,NATURE DERMA,719.0,719.0,0.0,0,in_stock,https://stod.jeevee.com/whetstone-products/jeevee_erp/2023-09-01/ec/ecf10f22b1524920cfc18e2f2b5e53ab4cde17bd,jeevee,cleanser,,"['aging', 'dryness']",['squalane'],0.8
jv_33791,SPAWAKE AYURVEDA REJUVENATING NIGHT CREAM 50GM,SPAWAKE,1598.4,1598.4,0.0,0,in_stock,https://d2731avvelbbmh.cloudfront.net/whetstone-products/jeevee_erp/2023-08-07/a1/a1ac46cca7e2ffbd69b75ff9c3e410f8d3ecfa40,jeevee,moisturizer,['dry'],,,0.55
jv_23121,ELIZAVECCA MILKY PIGGY RETINOL CREAM 100ML,ELIZAVECCA,3300.0,3300.0,0.0,0,in_stock,https://stod.jeevee.com/whetstone-products/jeevee_erp/2022-05-18/e3/e3aa56d833de4dc67a9944d1c99b475dec125b82,jeevee,,['dry'],"['pigmentation', 'aging', 'acne', 'dark_circles']",['retinol'],1.0
jv_26364,BRILLARE AGE REVIVAL POWER DROPS 100% NATURAL FACE SERUM 15ML,BRILLARE,2392.0,2272.4,0.0,0,in_stock,https://stod.jeevee.com/whetstone-products/jeevee_erp/2022-10-12/ed/ed3ee2f3d91f894d97e947bdf958347ef014759e,jeevee,serum,,,,0.35
jv_86752,KORMESIC CHAMOMILE GARDEN SHOWER GEL - 200G,KORMESIC,700.0,700.0,0.0,0,in_stock,https://stod.jeevee.com/whetstone-products/jeevee_erp/2025-05-20/3a/3a51d024312021d78256e69808bcb1d8a7e7fa52,jeevee,,['oily'],,,0.55
jv_85650,HERVEDA BOTANICALS ORCHID-CITRUS FIRMING EYE CREAM 15 GM,HERVEDA BOTANICALS,2050.0,2050.0,0.0,0,in_stock,https://stod.jeevee.com/whetstone-products/jeevee_erp/2025-07-04/28/2857ba2f702e7bbc479bb34f76efeeb7fa72a2f5,jeevee,eye_cream,['dry'],,,0.55
jv_86762,KORMESIC STRAWBERRY FACIAL SCRUB CLEANSER GEL - 200 ML,KORMESIC,650.0,650.0,0.0,0,in_stock,https://stod.jeevee.com/whetstone-products/jeevee_erp/2025-05-20/6d/6ddf960421359cf4a02d998d7f1f3276945152d1,jeevee,cleanser,['oily'],,,0.55
jv_132876,LORD'S ROSE WATER FACE MIST-200 ML,LORD'S,520.0,468.0,0.0,0,in_stock,https://stod.jeevee.com/whetstone-products/jeevee_erp/2026-04-23/3d/3dfd77a64498b30543e14f2de3444186dd4e184c,jeevee,toner,,,,0.35
jv_132908,LORD'S MAGIC GLOW SUN CREAM SERUM-100ML,LORD'S,1600.0,1440.0,0.0,0,in_stock,https://stod.jeevee.com/whetstone-products/jeevee_erp/2026-04-23/8a/8a2ec7157672bb4d6c4d565ca4a11b4b56bbeac0,jeevee,sunscreen,['dry'],,,0.55
jv_132916,LORD'S RICE WATER BRIGHTENING ELIXIR SERUM-25ML,LORD'S,1440.0,1296.0,0.0,0,in_stock,https://stod.jeevee.com/whetstone-products/jeevee_erp/2026-04-23/c3/c3a5d47223fc182e5fc33a5d11d987db9402ccdf,jeevee,serum,,,,0.35
jv_132921,LORD'S UNDER THE SHADOW SPF 70+ CREAM-100ML,LORD'S,1680.0,1512.0,0.0,0,in_stock,https://stod.jeevee.com/whetstone-products/jeevee_erp/2026-04-23/31/317a558207d40130707c85b1789ffcb5b1399fca,jeevee,sunscreen,['dry'],,,0.55
jv_132891,LORD'S 24 HOUR'S SHEA MOISTURISING SOFT CREAM-100ML,LORD'S,504.0,453.6,0.0,0,in_stock,https://stod.jeevee.com/whetstone-products/jeevee_erp/2026-04-23/5b/5bbf4b13fadf255525c1eef023225ba7f94074c2,jeevee,moisturizer,['dry'],,,0.55
jv_132904,LORD'S AHA2 BHA2 BLEMISH TREATMENT SERUM-25 ML,LORD'S,1280.0,1152.0,0.0,0,in_stock,https://stod.jeevee.com/whetstone-products/jeevee_erp/2026-04-23/17/17a79fc65440e346c9b26534ed810def30b7816e,jeevee,spot_treatment,['oily'],"['oiliness', 'pigmentation', 'dullness', 'acne']","['salicylic_acid', 'glycolic_acid', 'lactic_acid']",1.0
jv_132914,LORD'S RICE WATER BRIGHTING GENTLE CLEANSER-100ML,LORD'S,1200.0,1080.0,0.0,0,in_stock,https://stod.jeevee.com/whetstone-products/jeevee_erp/2026-04-23/4f/4fca14dc3afdcde2659d4166af107e23c4005a81,jeevee,cleanser,['sensitive'],,,0.55
jv_132902,LORD'S AHA/BHA CLARIFYING TREATMENT TONER-100 ML,LORD'S,800.0,720.008,0.0,0,in_stock,https://stod.jeevee.com/whetstone-products/jeevee_erp/2026-04-23/19/19723fbabd62378da8b73289f5c45d9732d454a1,jeevee,toner,,"['oiliness', 'pigmentation', 'dullness', 'acne']","['salicylic_acid', 'glycolic_acid', 'lactic_acid']",0.8
jv_132890,LORD'S DEEP MOISTURISING COLD CREAM-100 ML,LORD'S,480.0,432.0,0.0,0,in_stock,https://stod.jeevee.com/whetstone-products/jeevee_erp/2026-04-23/88/8855b5a16a1b25c01c8d3c4959289604f2caf48c,jeevee,moisturizer,['dry'],,,0.55
jv_132877,LORD'S VITAMIN C MOISTURISER-100 ML,LORD'S,600.0,540.006,0.0,0,in_stock,https://stod.jeevee.com/whetstone-products/jeevee_erp/2026-04-23/8f/8fc19aff266053254577dfcbfc87c61b9dd0674f,jeevee,moisturizer,,"['pigmentation', 'dark_circles', 'dullness', 'aging']",['vitamin_c'],0.8
jv_132870,LORD'S SUPERBERRY RASPBERRY LIP BALM-8GM,LORD'S,208.0,187.19584,0.0,0,in_stock,https://stod.jeevee.com/whetstone-products/jeevee_erp/2026-04-23/cf/cfaf38f5aff8f0f49b7349a31a67a9d5bf0081d8,jeevee,lip_care,,,,0.35
jv_132907,LORD'S SNAIL MUCIN CLEANSER-100ML,LORD'S,1200.0,1080.0,0.0,0,in_stock,https://stod.jeevee.com/whetstone-products/jeevee_erp/2026-04-23/e0/e09949d0701c6ea9178017fb61777f3d32835259,jeevee,cleanser,,,,0.35
jv_132901,LORD'S GLUTA BRIGHT MOISTURISER-100ML,LORD'S,600.0,540.006,0.0,0,in_stock,https://stod.jeevee.com/whetstone-products/jeevee_erp/2026-04-23/b5/b53cbbc80c1ff91bba294adeeef02b1f7e198db9,jeevee,moisturizer,,,,0.35
jv_132910,LORD'S RICE WATER BRIGHTNING CREAM-100GM,LORD'S,1600.0,1440.0,0.0,0,in_stock,https://stod.jeevee.com/whetstone-products/jeevee_erp/2026-04-23/48/486b493bb84cabb30047aae652ef3614e442e30d,jeevee,,['dry'],,,0.55
jv_1697,MAMAEARTH BYE BYE BLEMISHES FACE CREAM - 30 ML,MAMAEARTH,754.0,693.6800000000001,1.5,2,in_stock,https://stod.jeevee.com/whetstone-products/product/2020-05-29/1697/512/2020_05_295ed11b37d05fe_1590762295.jpg,jeevee,moisturizer,"['oily', 'dry']",,,0.55
jv_34289,NATURE DERMA 2% SALICYLIC ACID SERUM - 30 ML,NATURE DERMA,959.0,863.10959,5.0,0,in_stock,https://stod.jeevee.com/whetstone-products/jeevee_erp/2023-09-05/2e/2e3dd00979ce9a40ed61a037ef8298af131218b2,jeevee,serum,,"['oiliness', 'acne']",['salicylic_acid'],0.8
jv_91006,HOMA NMN WHITE SKIN LOTION 500ML,HOMA,2599.0,2339.1,0.0,0,in_stock,https://stod.jeevee.com/whetstone-products/jeevee_erp/2025-07-16/24/2430a160b534fecb4eea2e9788e34c4865e2ee2c,jeevee,,,,,0.35
jv_128588,REGALIZ BRIGHTENING & ANTIOXIDANT COMPLEX SPF 50+ PA+++50G,REGALIZ,1198.0,1198.0,0.0,0,in_stock,https://stod.jeevee.com/whetstone-products/jeevee_erp/2026-03-19/25/257c47897f0701cbcf967054d7775e50a7185488,jeevee,sunscreen,,,,0.35
jv_32002,ECOSATHI BAMBOO SOAP DISH,ECOSATHI,550.0,522.4945,0.0,0,in_stock,https://stod.jeevee.com/whetstone-products/jeevee_erp/2023-05-31/56/56b0e654eb02dc1650336f13013be2a8e425ef69,jeevee,,,,,0.35
jv_26289,DIVA DAZZLE UP 50GM,DIVA,450.0,450.0,0.0,0,in_stock,https://stod.jeevee.com/whetstone-products/jeevee_erp/2022-09-29/d4/d4d3be7e3525c9bb3df3aea3014dc0e9f722e570,jeevee,,,,,0.35
jv_29617,ASTABERRY INDULGE KUMKUMADI NIGHT CREAM 50ML,ASTABERRY,958.0,958.0,0.0,0,in_stock,https://stod.jeevee.com/whetstone-products/jeevee_erp/2023-03-30/d1/d175dde37f55429f43226583fb8829485191a6cb,jeevee,moisturizer,['dry'],,,0.55
jv_38862,TEENILICIOUS TATTOO WASH -200ML,TEENILICIOUS,952.0,952.0,5.0,0,in_stock,https://stod.jeevee.com/whetstone-products/jeevee_erp/2024-02-20/6c/6cb6055c4934ec7f729f8a8745900c0fb9cc1af7,jeevee,,,,,0.35
jv_38869,TEENILICIOUS HAIR & BODY WASH BURITI OIL & TEA TREE OIL-200ML,TEENILICIOUS,1032.0,1032.0,5.0,2,in_stock,https://stod.jeevee.com/whetstone-products/jeevee_erp/2024-02-20/6b/6b0a3f31c18b6dd9d76867959157011fcfc3b425,jeevee,,,"['oiliness', 'acne']",['tea_tree'],0.8
jv_75213,KOIL SKINCARE DAILY MOISTURIZING LOTION - 50GM,KOIL SKINCARE,795.0,755.25,0.0,0,in_stock,https://stod.jeevee.com/whetstone-products/jeevee_erp/2024-12-31/7f/7fdac320116b02b31e7d8cba861fc3c7300b7383,jeevee,moisturizer,,,,0.35
jv_9308,PEACHY TONICS DEEP DETOX CLAY MASK,PEACHY TONICS,2700.0,2700.0,0.0,0,in_stock,https://stod.jeevee.com/whetstone-products/jeevee_erp/2021-03-09/63/6357bbb33b16bdb552ea9004c981ab9c7ec8de84,jeevee,mask,,,,0.35
jv_44656,ECOSOAPS TEA TREE ORGANIC SOAP- 70 GM,ECOSOAPS,300.0,284.994,0.0,0,in_stock,https://stod.jeevee.com/whetstone-products/jeevee_erp/2025-08-05/eb/eb74447c1173c0a462c7292b4913d40ba8a6596f,jeevee,,,"['oiliness', 'acne']",['tea_tree'],0.8
jv_2693,METRO GEL 20GM,,75.0,67.5,5.0,1,in_stock,,jeevee,,['oily'],,,0.55
jv_7551,SPAWAKE AGE SOLUTION INTENSIVE FOAMING FACE WASH- 100 GM,SPAWAKE,526.4,526.4,3.0,0,in_stock,https://stod.jeevee.com/whetstone-products/jeevee_erp/2020-12-15/54/54b11a1f40c60c9a0dcf769165b30ec5265cd066,jeevee,cleanser,,,,0.35
jv_7553,SPAWAKE AGE SOLUTION INTENSIVE DAY CREAM- 50 GM,SPAWAKE,878.4,878.4,4.0,1,in_stock,https://stod.jeevee.com/whetstone-products/jeevee_erp/2020-12-15/a1/a1346c0f08dbec8260847c2fa9e14f0ca8ddebb8,jeevee,moisturizer,['dry'],,,0.55
jv_7557,SPAWAKE AGE SOLUTION INTENSIVE SERUM- 30 ML,SPAWAKE,1278.4,1278.4,0.0,0,in_stock,https://stod.jeevee.com/whetstone-products/jeevee_erp/2020-12-15/be/bed5b993d0f607e9a1ea8fd609421c10459e20d4,jeevee,serum,,,,0.35
jv_7559,SPAWAKE PIMPLE SOLUTION REFRESHING FACE WASH- 100 GM,SPAWAKE,318.4,318.4,0.0,0,in_stock,https://stod.jeevee.com/whetstone-products/jeevee_erp/2020-12-15/ab/abde80bd654f92aa141f6f3c155898606e9c3040,jeevee,cleanser,,,,0.35
jv_7570,SPAWAKE UV CUT SILKY MILK- 45 ML,SPAWAKE,766.4,766.4,0.0,0,in_stock,https://stod.jeevee.com/whetstone-products/jeevee_erp/2020-12-15/55/55b2465906cf2852c1017aa231bbaa1cf9e9cb3c,jeevee,,,,,0.35
jv_7571,SPAWAKE UV PROTECT AQUA GEL- 45GM,SPAWAKE,590.4,590.4,0.0,0,in_stock,https://stod.jeevee.com/whetstone-products/jeevee_erp/2020-12-15/4c/4c1c294228f8302b69ae1ca55eed9538eacd12ae,jeevee,,['oily'],,,0.55
jv_7582,SPAWAKE AYURVEDA REJUVENATING FACE CLEANSER- 190 ML,SPAWAKE,798.4,798.4,0.0,0,in_stock,https://stod.jeevee.com/whetstone-products/jeevee_erp/2020-12-15/71/712e3b7475af61448503810e7ddd200c4bb8e583,jeevee,cleanser,,,,0.35
jv_27010,SPAWAKE BRIGHTINING SOLUTION MILKY SMOOTH DAY MOISTURISER 40ML,SPAWAKE,638.4,638.4,0.0,0,in_stock,https://stod.jeevee.com/whetstone-products/jeevee_erp/2022-11-14/2c/2c5d4d1f0f517aa62ecc9413016adc6065c1a9e4,jeevee,moisturizer,,,,0.35
jv_27011,SPAWAKE BRIGHTINING SOLUTION REVITALISING NIGHT CREAM 50G,SPAWAKE,638.4,638.4,0.0,0,in_stock,https://stod.jeevee.com/whetstone-products/jeevee_erp/2022-11-14/16/16331976729aa8ff299c809428696d316f9d6f6f,jeevee,moisturizer,['dry'],,,0.55
jv_27012,SPAWAKE WHITENING TRIPLE CARE SERUM,SPAWAKE,798.4,798.4,2.0,1,in_stock,https://stod.jeevee.com/whetstone-products/jeevee_erp/2022-11-14/c0/c04d7564c375b543232b6651deeb757116434366,jeevee,serum,,,,0.35
jv_75847,SPAWAKE EXFILOATING &BOOSTING GEL WITH VITMIN C & B3 TONER,SPAWAKE,718.4,718.4,0.0,0,in_stock,https://stod.jeevee.com/whetstone-products/jeevee_erp/2025-01-03/61/612136cf76eefd0434e711e8be3287812b7fe7cf,jeevee,toner,['oily'],,,0.55
jv_127791,SPAWAKE MOISTURE FRESH BB CREAM-3 DUSKY BEIGE - 30GM,SPAWAKE,542.4,542.4,0.0,0,in_stock,https://stod.jeevee.com/whetstone-products/jeevee_erp/2026-03-12/6c/6c1039ff68164f14b6d8cfc73db7082eb1c17646,jeevee,,['dry'],,,0.55
jv_127792,SPAWAKE PIMPLE SOLUTION INTENSE PURIFYING MASK 1PC,SPAWAKE,174.4,174.4,0.0,0,in_stock,https://stod.jeevee.com/whetstone-products/jeevee_erp/2026-03-15/6e/6e8b203e91d1523f4b124f9c0430e32b6ef12aec,jeevee,mask,['oily'],,,0.55
jv_81059,BHALO CLEANSER & FACEPACK| SUITABLE FOR ALL SKIN TYPES,BHALO,1050.0,997.5,0.0,0,in_stock,https://stod.jeevee.com/whetstone-products/jeevee_erp/2025-02-25/cc/cc5c16a6bb0d8162eb7c8f91aeb2b39e4718e91a,jeevee,cleanser,['combination'],"['oiliness', 'acne']",['salicylic_acid'],1.0
jv_132903,LORD'S CENTELLA WATER PORE TIGHTENING TONER-100 ML,LORD'S,800.0,720.008,0.0,0,in_stock,https://stod.jeevee.com/whetstone-products/jeevee_erp/2026-04-23/7e/7e4f1cca33f24f69eaab14ecd1eec4a4cbd40e51,jeevee,toner,,['sensitivity'],['centella_asiatica'],0.8
jv_140868,COLEXI MOISTURISING LOTION- 100ML,COLEXI,680.0,680.0,0.0,0,in_stock,https://stod.jeevee.com/whetstone-products/jeevee_erp/2026-05-10/40/40050cb686a1e4e90f04608f79132fcde78645af,jeevee,moisturizer,,,,0.35
ori_69cf9eed56d47a4754c8a5fe,Bright Intense Serum Sachet,Novage +,200.0,200.0,0.0,0,in_stock,https://oriflamenepal.s3.ap-south-1.amazonaws.com/product_images/product_images-1775213807458.jpeg,oriflame,serum,,,,0.35
ori_69cf9be156d47a4754c8a529,Wrinkle Smooth Serum Sachet,Novage +,200.0,200.0,0.0,0,in_stock,https://oriflamenepal.s3.ap-south-1.amazonaws.com/product_images/product_images-1775213532903.jpeg,oriflame,serum,,,,0.35
ori_6996be2156d47a4754bbb160,SOS Blemish Gel,Pure Skin,890.0,890.0,0.0,0,in_stock,https://oriflamenepal.s3.ap-south-1.amazonaws.com/product_images/product_images-1771486742677.jpeg,oriflame,spot_treatment,['oily'],,,0.55
ori_6996bcee56d47a4754bbafd5,Clarifying Toning Solution,Pure Skin,1090.0,1090.0,0.0,0,in_stock,https://oriflamenepal.s3.ap-south-1.amazonaws.com/product_images/product_images-1771486433591.webp,oriflame,toner,,,,0.35
ori_6996bb2a56d47a4754bbada9,Firming Night Cream,ROYAL VELVET,2690.0,2690.0,0.0,0,in_stock,https://oriflamenepal.s3.ap-south-1.amazonaws.com/product_images/product_images-1771485986244.jpeg,oriflame,moisturizer,['dry'],,,0.55
ori_6996b9d456d47a4754bbabd9,Firming Day Cream SPF 20,ROYAL VELVET,2690.0,2690.0,0.0,0,in_stock,https://oriflamenepal.s3.ap-south-1.amazonaws.com/product_images/product_images-1771485632248.jpeg,oriflame,moisturizer,['dry'],,,0.55
ori_6975a0f856d47a4754b22a41,Opt Optimals Foaming Gel Cleanser,OPTIMALS,1190.0,1190.0,0.0,0,in_stock,https://oriflamenepal.s3.ap-south-1.amazonaws.com/product_images/product_images-1769316594266.jpeg,oriflame,cleanser,['oily'],,,0.55
ori_695355f456d47a4754a7d9b1,Smoothing Face Scrub,Pure Skin,890.0,890.0,0.0,0,in_stock,https://oriflamenepal.s3.ap-south-1.amazonaws.com/product_images/product_images-1767069158878.jpeg,oriflame,exfoliant,,,,0.35
ori_69047a4156d47a47549c9cf8,Purifying Clay Face Mask,OPTIMALS,1170.0,1053.0,5.0,1,in_stock,https://oriflamenepal.s3.ap-south-1.amazonaws.com/product_images/product_images-1766916389507.webp,oriflame,mask,['oily'],,,0.55
ori_6903220756d47a47549c6385,Opt Optimals Even Out Serum,OPTIMALS,1980.0,1782.0,0.0,0,in_stock,https://oriflamenepal.s3.ap-south-1.amazonaws.com/product_images/product_images-1761812884567.jpeg,oriflame,serum,,,,0.35
ori_69031f5856d47a47549c615e,Opt Optimals Eye & Lip Contour Cream,OPTIMALS,1400.0,1400.0,0.0,0,in_stock,https://oriflamenepal.s3.ap-south-1.amazonaws.com/product_images/product_images-1761812306875.jpeg,oriflame,,['dry'],,,0.55
ori_68ae85f6b7d806fe3eb7b2a1,"Radiance Facial Kit with Organic Milk, Honey and Turmeric",Love Nature,2990.0,2990.0,5.0,1,in_stock,https://oriflamenepal.s3.ap-south-1.amazonaws.com/product_images/product_images-1760847353456.jpeg,oriflame,,,,,0.35
ori_684815d11c5b5b6c89380840,Opt Optimals Soft Creamy Cleanser,OPTIMALS,1190.0,1190.0,5.0,3,in_stock,https://oriflamenepal.s3.ap-south-1.amazonaws.com/product_images/product_images-1749554457975.jpeg,oriflame,cleanser,['dry'],,,0.55
ori_684813ee1c5b5b6c89380776,ROYAL VELVET Firming Eye Contour Cream,ROYAL VELVET,1990.0,1990.0,5.0,1,in_stock,https://oriflamenepal.s3.ap-south-1.amazonaws.com/product_images/product_images-1749554035920.jpeg,oriflame,eye_cream,['dry'],,,0.55
ori_6848125e1c5b5b6c893806b3,Up-Loved Purifying Face Scrub with upcycled apple & organic kale,Love Nature,200.0,200.0,0.0,0,in_stock,https://oriflamenepal.s3.ap-south-1.amazonaws.com/product_images/product_images-1749553683036.jpeg,oriflame,exfoliant,['oily'],,,0.55
ori_68480bc41c5b5b6c8938042a,"Nourishing Body, Face & Hair Oil with organic Avocado oil",Love Nature,990.0,990.0,5.0,2,in_stock,https://oriflamenepal.s3.ap-south-1.amazonaws.com/product_images/product_images-1749551771107.jpeg,oriflame,,['dry'],,,0.55
ori_68467dc51c5b5b6c89379ba9,Multi-Purpose Cream with Vitamin E & Canola Oil,essentials,890.0,890.0,4.5,1,in_stock,https://oriflamenepal.s3.ap-south-1.amazonaws.com/product_images/product_images-1749470313964.jpeg,oriflame,,['dry'],"['dark_circles', 'aging', 'dryness']",['vitamin_e'],1.0
ori_684666361c5b5b6c89378c7c,Opt Optimals The Beyond Moisturiser SPF25,OPTIMALS,2490.0,2490.0,4.8,3,in_stock,https://oriflamenepal.s3.ap-south-1.amazonaws.com/product_images/product_images-1749443781195.jpeg,oriflame,moisturizer,,,,0.35
ori_6846644a1c5b5b6c89378a23,Opt Optimals Daily Glow Multi-Protector SPF50,OPTIMALS,1390.0,1390.0,0.0,0,in_stock,https://oriflamenepal.s3.ap-south-1.amazonaws.com/product_images/product_images-1749443298841.jpeg,oriflame,sunscreen,,,,0.35
ori_67a9dea2b3d7ead9a16c5916,Bright Intense Eye Cream,NovAGE,1445.0,722.5,0.0,0,in_stock,https://oriflamenepal.s3.ap-south-1.amazonaws.com/product_images/product_images-1770889773585.jpeg,oriflame,eye_cream,['dry'],,,0.55
ori_67a5d18e3363de357ef91304,Pure Skin Pore Clearing Peel-off Mask,Pure Skin,801.0,720.9,0.0,0,in_stock,https://oriflamenepal.s3.ap-south-1.amazonaws.com/product_images/product_images-1766994010046.webp,oriflame,exfoliant,,,,0.35
ori_66d58b736c00fd9729f42e0c,Urban Guard 3D Mist,OPTIMALS,1341.0,1206.9,0.0,0,in_stock,https://oriflamenepal.s3.ap-south-1.amazonaws.com/product_images/product_images-1744713881617.jpeg,oriflame,toner,,,,0.35
ori_66d586da6c00fd9729f42c6c,Hydra Radiance Eye Cream,OPTIMALS,1341.0,1206.9,5.0,1,in_stock,https://oriflamenepal.s3.ap-south-1.amazonaws.com/product_images/product_images-1725269704189.jpeg,oriflame,eye_cream,['dry'],,,0.55
ori_66d464076c00fd9729f410f6,3-in-1 Clear-Out Clay Bar Cleanser,Pure Skin,531.0,477.90000000000003,5.0,1,in_stock,https://oriflamenepal.s3.ap-south-1.amazonaws.com/product_images/product_images-1725195100960.jpeg,oriflame,cleanser,,,,0.35
ori_66d460be6c00fd9729f41088,Double-Ended Blackhead Remover,Pure Skin,135.0,122.85000000000001,0.0,0,in_stock,https://oriflamenepal.s3.ap-south-1.amazonaws.com/product_images/product_images-1725194393709.jpeg,oriflame,,,,,0.35
ori_66a793626c00fd9729efb5fb,Exfoliating Face Scrub,OPTIMALS,1071.0,963.9,0.0,0,in_stock,https://oriflamenepal.s3.ap-south-1.amazonaws.com/product_images/product_images-1766121960140.webp,oriflame,exfoliant,,,,0.35
ori_66a78e2f6c00fd9729efb4ff,Even Out Serum,OPTIMALS,2691.0,2421.9,5.0,3,in_stock,https://oriflamenepal.s3.ap-south-1.amazonaws.com/product_images/product_images-1722256804749.webp,oriflame,serum,,,,0.35
ori_66a78ce06c00fd9729efb4c3,Age Revive Serum,OPTIMALS,2511.0,2259.9,5.0,3,in_stock,https://oriflamenepal.s3.ap-south-1.amazonaws.com/product_images/product_images-1722256518758.webp,oriflame,serum,,,,0.35
ori_66a78a236c00fd9729efb36e,Targeted 24-hour Blemish Correction,NovAGE,1790.0,1790.0,0.0,0,in_stock,https://oriflamenepal.s3.ap-south-1.amazonaws.com/product_images/product_images-1722255805098.jpeg,oriflame,spot_treatment,['oily'],,,0.55
ori_66a788166c00fd9729efb29a,Ecollagen Wrinkle Power Day Cream SPF 35,NovAGE,4190.0,4190.0,0.0,0,in_stock,https://oriflamenepal.s3.ap-south-1.amazonaws.com/product_images/product_images-1722255342075.jpeg,oriflame,moisturizer,['dry'],,,0.55
ori_66a787296c00fd9729efb255,Lift + Firm Eye Cream,Novage +,2312.0,1849.6000000000001,0.0,0,in_stock,https://oriflamenepal.s3.ap-south-1.amazonaws.com/product_images/product_images-1722254991182.jpeg,oriflame,eye_cream,['dry'],,,0.55
ori_66a784e76c00fd9729efb139,Proceuticals Ultra Light UV-Age Day Shield + SPF 50,Novage +,3490.0,3490.0,5.0,3,in_stock,https://oriflamenepal.s3.ap-south-1.amazonaws.com/product_images/product_images-1722254467094.jpeg,oriflame,sunscreen,,,,0.35
ori_66a779ec9efc4d23d5f06ba8,Bright Intense Serum,Novage +,3912.0,3129.6000000000004,0.0,0,in_stock,https://oriflamenepal.s3.ap-south-1.amazonaws.com/product_images/product_images-1766897802126.jpeg,oriflame,serum,,,,0.35
ori_66a76f599efc4d23d5f0683f,Skinrelief Pro Resilient Day Cream SPF 30,NovAGE,4720.0,3776.0,5.0,5,in_stock,https://oriflamenepal.s3.ap-south-1.amazonaws.com/product_images/product_images-1722249005474.jpeg,oriflame,moisturizer,['dry'],,,0.55
ori_66a0ee7f9efc4d23d5eff2c6,Supreme Cleansing Gel,NovAGE,1245.0,622.5,5.0,1,in_stock,https://oriflamenepal.s3.ap-south-1.amazonaws.com/product_images/product_images-1721902965250.jpeg,oriflame,cleanser,['oily'],,,0.55
ori_669ce86c9efc4d23d5ef77de,Urban Guard 3D Night Cream,OPTIMALS,2190.0,2190.0,0.0,0,in_stock,https://oriflamenepal.s3.ap-south-1.amazonaws.com/product_images/product_images-1721559136842.jpeg,oriflame,moisturizer,['dry'],,,0.55
ori_669ce6629efc4d23d5ef7758,Refresh Gel Cleanser Sachet,Novage +,200.0,200.0,0.0,0,in_stock,https://oriflamenepal.s3.ap-south-1.amazonaws.com/product_images/product_images-1722255658080.jpeg,oriflame,cleanser,['oily'],,,0.55
ori_669ce2539efc4d23d5ef762f,Multi-Active Anti-Ageing Night Cream Light,Novage +,4690.0,4690.0,0.0,0,in_stock,https://oriflamenepal.s3.ap-south-1.amazonaws.com/product_images/product_images-1722254213612.jpeg,oriflame,moisturizer,['dry'],,,0.55
ori_669cc89a9efc4d23d5ef7260,Blemish + Age Defy Serum,Novage +,3912.0,3129.6000000000004,0.0,0,in_stock,https://oriflamenepal.s3.ap-south-1.amazonaws.com/product_images/product_images-1767172048955.jpeg,oriflame,spot_treatment,['oily'],,,0.55
ori_669cc7ce9efc4d23d5ef721e,Lift + Firm Serum,Novage +,4890.0,4890.0,0.0,0,in_stock,https://oriflamenepal.s3.ap-south-1.amazonaws.com/product_images/product_images-1722251019393.jpeg,oriflame,serum,,,,0.35
ori_669cc6979efc4d23d5ef71f5,Wrinkle Smooth Serum,Novage +,3912.0,3129.6000000000004,0.0,0,in_stock,https://oriflamenepal.s3.ap-south-1.amazonaws.com/product_images/product_images-1760854674028.jpeg,oriflame,serum,,,,0.35
ori_669cc5fa9efc4d23d5ef71bd,Wrinkle Smooth Eye Cream,Novage +,2312.0,1849.6000000000001,0.0,0,in_stock,https://oriflamenepal.s3.ap-south-1.amazonaws.com/product_images/product_images-1766897934984.jpeg,oriflame,eye_cream,['dry'],,,0.55
ori_669cc5779efc4d23d5ef7197,Refresh Gel Cleanser,Novage +,2990.0,2990.0,5.0,6,in_stock,https://oriflamenepal.s3.ap-south-1.amazonaws.com/product_images/product_images-1722249254301.jpeg,oriflame,cleanser,['oily'],,,0.55
ori_669cb0ed9efc4d23d5ef6f03,Skinrelief Pro Resilient Foam Cleanser,NovAGE,3990.0,3990.0,5.0,6,in_stock,https://oriflamenepal.s3.ap-south-1.amazonaws.com/product_images/product_images-1721544928597.jpeg,oriflame,cleanser,,,,0.35
ori_669cafd99efc4d23d5ef6ed2,Neck & Decollete Advanced Sculpting Serum,Novage +,4990.0,4990.0,0.0,0,in_stock,https://oriflamenepal.s3.ap-south-1.amazonaws.com/product_images/product_images-1721544582682.jpeg,oriflame,serum,,,,0.35
ori_669cacff9efc4d23d5ef6da0,Royal Velvet Ultra Firming Capsules,ROYAL VELVET,3272.0,2617.6000000000004,0.0,0,in_stock,https://oriflamenepal.s3.ap-south-1.amazonaws.com/product_images/product_images-1768388931972.jpeg,oriflame,,,,,0.35
ori_6699264d9efc4d23d5ef1dc4,Diamond Cellular Anti-Ageing Cream,DIAMONDCELLULAR,3990.0,3990.0,5.0,1,in_stock,https://oriflamenepal.s3.ap-south-1.amazonaws.com/product_images/product_images-1721312731104.jpeg,oriflame,,['dry'],,,0.55
ori_664315579efc4d23d5e4e1b9,Raspberry Multi-purpose Balm,TENDER CARE,511.0,408.8,0.0,0,in_stock,https://oriflamenepal.s3.ap-south-1.amazonaws.com/product_images/product_images-1767094151806.jpeg,oriflame,,,,,0.35
ori_66430f749efc4d23d5e4dfaa,Age Revive Day Cream SPF 15,OPTIMALS,2241.0,2016.9,5.0,5,in_stock,https://oriflamenepal.s3.ap-south-1.amazonaws.com/product_images/product_images-1715668101134.jpeg,oriflame,moisturizer,['dry'],,,0.55
ori_6642ebc59efc4d23d5e4d695,Glow Rise,OPTIMALS,1584.0,1425.6000000000001,5.0,1,in_stock,https://oriflamenepal.s3.ap-south-1.amazonaws.com/product_images/product_images-1739176547231.jpeg,oriflame,,,,,0.35
ori_6627a48d9efc4d23d5e0a892,Tender Care Natural Multipurpose Balm,TENDER CARE,511.0,408.8,0.0,0,in_stock,https://oriflamenepal.s3.ap-south-1.amazonaws.com/product_images/product_images-1766918825608.jpeg,oriflame,,,,,0.35
ori_651567559efc4d23d5c691e1,Brilliance Infinite Luminosity Day Cream SPF30,NovAGE,3990.0,3990.0,0.0,0,in_stock,https://oriflamenepal.s3.ap-south-1.amazonaws.com/product_images/product_images-1756701735894.jpeg,oriflame,moisturizer,['dry'],,,0.55
ori_651558a09efc4d23d5c68cab,Hydra Radiance Serum,OPTIMALS,1971.0,1773.9,0.0,0,in_stock,https://oriflamenepal.s3.ap-south-1.amazonaws.com/product_images/product_images-1725269163170.jpeg,oriflame,serum,,,,0.35
ori_6515544c9efc4d23d5c68b4d,Comforting Facial Toner,OPTIMALS,1007.0,906.3000000000001,5.0,4,in_stock,https://oriflamenepal.s3.ap-south-1.amazonaws.com/product_images/product_images-1766993820860.jpeg,oriflame,toner,,,,0.35
ori_651550089efc4d23d5c68a43,Mattifying & Cooling Face Lotion,Pure Skin,950.0,855.0,5.0,2,in_stock,https://oriflamenepal.s3.ap-south-1.amazonaws.com/product_images/product_images-1739176722234.jpeg,oriflame,moisturizer,['oily'],,,0.55
ori_64f5997b7be21bca2a3fe2eb,Urban Guard 3D Day Cream SPF 25,OPTIMALS,1791.0,1611.9,0.0,0,in_stock,https://oriflamenepal.s3.ap-south-1.amazonaws.com/product_images/product_images-1722258544759.jpeg,oriflame,moisturizer,['dry'],,,0.55
ori_64eed86c7be21bca2a3ed447,Optimals Clarifying Creamy Cleanser,OPTIMALS,1290.0,1290.0,5.0,5,in_stock,https://oriflamenepal.s3.ap-south-1.amazonaws.com/product_images/product_images-1756791794545.webp,oriflame,cleanser,['dry'],,,0.55
ori_64eed1e97be21bca2a3ecf04,Pure Skin Deep Cleanse Face Wash,Pure Skin,981.0,882.9,5.0,2,in_stock,https://oriflamenepal.s3.ap-south-1.amazonaws.com/product_images/product_images-1739529893896.jpeg,oriflame,cleanser,,,,0.35
ori_64cc7ff8f9bffa200e7e5a93,Radiance Face Gel with Organic Apricot & Orange,Love Nature,699.0,699.0,0.0,0,in_stock,https://oriflamenepal.s3.ap-south-1.amazonaws.com/product_images/product_images-1739176622848.jpeg,oriflame,,['oily'],,,0.55
ori_64c8e9bcf9bffa200e7d1754,LOVE NATURE Mattifying Face Lotion with Organic Tea Tree & Lime,Love Nature,890.0,890.0,5.0,2,in_stock,https://oriflamenepal.s3.ap-south-1.amazonaws.com/product_images/product_images-1722270096632.jpeg,oriflame,moisturizer,['oily'],"['oiliness', 'acne']",['tea_tree'],1.0
ori_64c8a1baf9bffa200e7ce5b2,NOVAGE Brilliance Infinite Luminosity Serum,NovAGE,4290.0,4290.0,0.0,0,in_stock,https://oriflamenepal.s3.ap-south-1.amazonaws.com/product_images/product_images-1756808590748.jpeg,oriflame,serum,,,,0.35
ori_643f8e31a5ea5e75519f2fca,Blackcurrant Multi-purpose Balm,TENDER CARE,511.0,408.8,5.0,1,in_stock,https://oriflamenepal.s3.ap-south-1.amazonaws.com/product_images/product_images-1766918906026.jpeg,oriflame,,,,,0.35
ori_640d6f4535cf77dd6ad44a27,Even Out Night Cream,OPTIMALS,2151.0,1935.9,4.9,13,in_stock,https://oriflamenepal.s3.ap-south-1.amazonaws.com/product_images/product_images-1766918411252.jpeg,oriflame,moisturizer,['dry'],,,0.55
ori_640d6ccb35cf77dd6ad44a04,Multi-Protection UV Day Shield SPF 50,OPTIMALS,1790.0,1790.0,0.0,0,in_stock,https://oriflamenepal.s3.ap-south-1.amazonaws.com/product_images/product_images-1722258381907.jpeg,oriflame,sunscreen,,,,0.35
ori_640d6afb35cf77dd6ad449e1,Optimals Even Out Day Cream SPF 20,OPTIMALS,1971.0,1773.9,4.9,9,in_stock,https://oriflamenepal.s3.ap-south-1.amazonaws.com/product_images/product_images-1766918491617.jpeg,oriflame,moisturizer,['dry'],,,0.55
ori_63faeeec9a04a232b29e3bd6,Glow Essentials Face Cream with Vitamins E & B3 SPF 10,essentials,449.0,449.0,5.0,1,in_stock,https://oriflamenepal.s3.ap-south-1.amazonaws.com/product_images/product_images-1739165984272.jpeg,oriflame,moisturizer,['dry'],,,0.55
ori_63faed9e9a04a232b29e3b8f,Deep Cleansing Gel,OPTIMALS,1290.0,1290.0,5.0,1,in_stock,https://oriflamenepal.s3.ap-south-1.amazonaws.com/product_images/product_images-1739171191017.jpeg,oriflame,cleanser,['oily'],,,0.55
ori_63f8add89a04a232b29e3098,Hydra Radiance Day Cream Rich,OPTIMALS,1690.0,1690.0,0.0,0,in_stock,https://oriflamenepal.s3.ap-south-1.amazonaws.com/product_images/product_images-1739171155598.jpeg,oriflame,moisturizer,['dry'],,,0.55
ori_63f8a78c9a04a232b29e3046,Age Revive Night Cream,OPTIMALS,2231.0,2007.9,5.0,5,in_stock,https://oriflamenepal.s3.ap-south-1.amazonaws.com/product_images/product_images-1739165318634.jpeg,oriflame,moisturizer,['dry'],,,0.55
ori_63f8990a9a04a232b29e2efd,Purifying 2-in-1 Mask & Scrub with Organic Tea Tree & Lime,Love Nature,990.0,990.0,5.0,1,in_stock,https://oriflamenepal.s3.ap-south-1.amazonaws.com/product_images/product_images-1739181206807.jpeg,oriflame,exfoliant,['oily'],"['oiliness', 'acne']",['tea_tree'],1.0
ori_63f854139a04a232b29e2643,Night Restorative Treatment,DIAMONDCELLULAR,3999.0,3999.0,5.0,1,in_stock,https://oriflamenepal.s3.ap-south-1.amazonaws.com/product_images/product_images-1691473770599.jpeg,oriflame,,,,,0.35
ori_63f8527b9a04a232b29e2613,Urban Guard 3D Multifunctional Cleanser,OPTIMALS,1521.0,1368.9,0.0,0,in_stock,https://oriflamenepal.s3.ap-south-1.amazonaws.com/product_images/product_images-1739181124887.jpeg,oriflame,cleanser,,,,0.35
ori_63f607e10bfe806b68d24273,Refreshing Face Wash with Organic Green Tea,Love Nature,499.0,499.0,5.0,1,in_stock,https://oriflamenepal.s3.ap-south-1.amazonaws.com/product_images/product_images-1739176858193.jpeg,oriflame,cleanser,,,,0.35
