image_id,original_path,source,original_label,duplicate_group,image_scope,split,blemishes,dark_spots,redness,visible_pores,fine_lines
6973f0cbc88d1833,/Users/aryanmalla/PycharmProjects/Skin-Care-AI/dataset_sources/extracted/facial_skin_concerns/dataset/pores/22_PNG_jpg.rf.f8873e4193dcd7c7345be1a8d2767da3.jpg,facial_skin_concerns,pores,dup_01238,facial_closeup,train,-1,-1,-1,-1,-1
338b60ca37961254,/Users/aryanmalla/PycharmProjects/Skin-Care-AI/dataset_sources/extracted/facial_skin_concerns/dataset/wrinkles/wrinkles131.png,facial_skin_concerns,wrinkles,af6e8af3abd9ce7d5b8b129447e3f9e03d551fd13b7c83dbe9d9d01e460bd2f3,facial_closeup,train,-1,-1,-1,-1,1
28968516cf67fd77,/Users/aryanmalla/PycharmProjects/Skin-Care-AI/dataset_sources/extracted/facial_skin_concerns/dataset/wrinkles/54_jpg.rf.c783764b238796cfcffe613b79c5bbf8.jpg,facial_skin_concerns,wrinkles,dup_00683,full_face,train,-1,-1,-1,-1,1
1bffd244d5979894,/Users/aryanmalla/PycharmProjects/Skin-Care-AI/dataset_sources/extracted/facial_skin_concerns/dataset/wrinkles/52_jpg.rf.1f1de4e63b68a5d7f60893d5aa61d2e4.jpg,facial_skin_concerns,wrinkles,dup_00349,full_face,train,-1,-1,-1,-1,1
a42628db3ddff9c3,/Users/aryanmalla/PycharmProjects/Skin-Care-AI/dataset_sources/extracted/acne04/acne2_1024/levle2_7.jpg,acne04_level2,acne2_1024,6f85ccfb5ad32a02bea56354b6a03becc8e244891fb0de0fa028370e76ee72c6,full_face,train,1,0,1,1,0
e006b415cdfdb2bd,/Users/aryanmalla/PycharmProjects/Skin-Care-AI/dataset_sources/extracted/facial_skin_concerns/dataset/wrinkles/67_jpg.rf.549b98cd7b773a9c34d0ba050ea841a5.jpg,facial_skin_concerns,wrinkles,dup_04145,facial_closeup,train,-1,-1,-1,-1,1
13437063b565a454,/Users/aryanmalla/PycharmProjects/Skin-Care-AI/dataset_sources/extracted/facial_skin_concerns/dataset/Redness/seed0573_png.rf.a7b4ebb7017340dd6c0bbb696691d0e5.jpg,facial_skin_concerns,Redness,2438d95ad0e4a0a6cca22242a8f5538f3fd55f618ad7e70deac7762087e4dc78,facial_closeup,train,1,-1,-1,-1,-1
46cae7e88989329b,/Users/aryanmalla/PycharmProjects/Skin-Care-AI/dataset_sources/extracted/facial_skin_concerns/dataset/pigmentation/yt-LrMrhZhlHyU-0191_jpg.rf.fa403bb05149ca16746c17d58a1ea1c5.jpg,facial_skin_concerns,pigmentation,11bdc04e53c7165e7d46acc156371c7c388c1a1858dca918a7950074de1c4e4c,full_face,train,-1,-1,-1,-1,-1
8b64a52d704863cf,/Users/aryanmalla/PycharmProjects/Skin-Care-AI/dataset_sources/extracted/facial_skin_concerns/dataset/wrinkles/wrinkles28.png,facial_skin_concerns,wrinkles,2f4be19fc394d77ae9d659c364c229e615c03e59d909132c15e5f9641194f50a,full_face,train,-1,-1,-1,-1,1
a420a7a77f423730,/Users/aryanmalla/PycharmProjects/Skin-Care-AI/dataset_sources/extracted/acne04/acne2_1024/levle2_174.jpg,acne04_level2,acne2_1024,29b0c1b704dcf8774233df7f67dabf2349630bc5a8c7f261445bdb2306598e9f,facial_closeup,train,1,0,0,1,0
d11a1d8b5667ef4c,/Users/aryanmalla/PycharmProjects/Skin-Care-AI/dataset_sources/extracted/facial_skin_concerns/dataset/wrinkles/6_jpeg_jpg.rf.cde00279afbf35c2fca22f15c62611ca.jpg,facial_skin_concerns,wrinkles,dup_04154,facial_closeup,train,-1,-1,-1,-1,1
7f3dafa1d9452cad,/Users/aryanmalla/PycharmProjects/Skin-Care-AI/dataset_sources/extracted/facial_skin_concerns/dataset/wrinkles/wrinkles62.png,facial_skin_concerns,wrinkles,dup_01336,full_face,train,-1,-1,-1,-1,1
171cf83f326b1799,/Users/aryanmalla/PycharmProjects/Skin-Care-AI/dataset_sources/extracted/facial_skin_concerns/dataset/wrinkles/wrinkles110.png,facial_skin_concerns,wrinkles,dup_00195,facial_closeup,train,-1,-1,-1,-1,1
d95d52d68961e070,/Users/aryanmalla/PycharmProjects/Skin-Care-AI/dataset/Conditions/Dark Spot/6 (2).jpg,existing_conditions,Dark Spot,dup_00121,full_face,train,-1,-1,-1,-1,-1
c00b0082f27d9602,/Users/aryanmalla/PycharmProjects/Skin-Care-AI/dataset_sources/extracted/facial_skin_concerns/dataset/wrinkles/wrinkle171.png,facial_skin_concerns,wrinkles,dup_01334,full_face,train,-1,-1,-1,-1,1
23eedeb998c2bb7a,/Users/aryanmalla/PycharmProjects/Skin-Care-AI/dataset_sources/extracted/acne04/acne2_1024/levle2_164.jpg,acne04_level2,acne2_1024,500de48e1749a01618b858270f77615a095420b0ea1e3cc4af36c0e386a87ffe,full_face,train,1,-1,1,-1,-1
484b5fd3e66257e5,/Users/aryanmalla/PycharmProjects/Skin-Care-AI/dataset_sources/extracted/facial_skin_concerns/dataset/wrinkles/64_jpg.rf.0730b85487982058776c0794bcf325d3.jpg,facial_skin_concerns,wrinkles,dup_04138,facial_closeup,train,-1,-1,-1,-1,1
bc12d58a14fdc540,/Users/aryanmalla/PycharmProjects/Skin-Care-AI/dataset/Conditions/Acne/acne3.png,existing_conditions,Acne,f666b4e9bbb8a0a4b4e64e415f82cf6924b9d184cfa9137d2da037d9850628f9,facial_closeup,train,1,0,0,-1,0
956ea3383f2f0484,/Users/aryanmalla/PycharmProjects/Skin-Care-AI/dataset_sources/extracted/facial_skin_concerns/dataset/wrinkles/56_jpg.rf.b90a4c1601f46a4a08885b5d09274069.jpg,facial_skin_concerns,wrinkles,dup_04109,facial_closeup,train,-1,-1,-1,-1,1
459b23ad0d4088a0,/Users/aryanmalla/PycharmProjects/Skin-Care-AI/dataset_sources/extracted/facial_skin_concerns/dataset/wrinkles/wrinkles16.png,facial_skin_concerns,wrinkles,dup_04265,full_face,train,-1,-1,-1,-1,1
dbe47f51731a9bda,/Users/aryanmalla/PycharmProjects/Skin-Care-AI/dataset_sources/extracted/facial_skin_concerns/dataset/dark spots/spots158.png,facial_skin_concerns,dark spots,6e09f0ce02b257b3ffe41c536ac3f2df37798b7d38b6e1ce551560964adec57b,facial_closeup,train,-1,-1,-1,1,-1
83368d75931db7ea,/Users/aryanmalla/PycharmProjects/Skin-Care-AI/dataset_sources/extracted/facial_skin_concerns/dataset/inflammatory acne/levle2_141_jpg.rf.cc601efd980b56b530a2d463383085e1 - Copy.jpg,facial_skin_concerns,inflammatory acne,dup_03613,facial_closeup,train,1,0,0,1,0
9dc1b7b7e7a27afc,/Users/aryanmalla/PycharmProjects/Skin-Care-AI/dataset/Conditions/Dark Spot/6aef60e0-7b80-49ab-b6dc-aef2df465f76.jpg,existing_conditions,Dark Spot,dup_00865,full_face,train,-1,-1,-1,-1,-1
b144af6f95f03905,/Users/aryanmalla/PycharmProjects/Skin-Care-AI/dataset/Conditions/Rosacea/Rosacea_139.jpg,existing_conditions,Rosacea,fb79804698ad7b574f0f64c7428ec0d9bfbd20dd035f79ebba6b0f5b514a5128,facial_closeup,train,-1,-1,1,-1,-1
78f3a8e78787906b,/Users/aryanmalla/PycharmProjects/Skin-Care-AI/dataset_sources/extracted/facial_skin_concerns/dataset/pigmentation/melasma54_png_jpg.rf.cff2d357a64902b71b428a194033f260.jpg,facial_skin_concerns,pigmentation,5c319ee305936884389c7819f472373aa0d2a32869a52c267b619b30ea70391c,full_face,train,-1,1,1,-1,-1
17091b58faa54732,/Users/aryanmalla/PycharmProjects/Skin-Care-AI/dataset/Conditions/Dark Spot/75.jpg,existing_conditions,Dark Spot,dup_00116,full_face,train,-1,-1,-1,-1,-1
30d3fa730ef7ed17,/Users/aryanmalla/PycharmProjects/Skin-Care-AI/dataset_sources/extracted/facial_skin_concerns/dataset/Redness/seed0422_png.rf.96fb0c6ec7775158357811fc85b42c92.jpg,facial_skin_concerns,Redness,dup_00004,facial_closeup,train,1,-1,-1,-1,-1
d443de34d0a59a26,/Users/aryanmalla/PycharmProjects/Skin-Care-AI/dataset_sources/extracted/facial_skin_concerns/dataset/pores/39_PNG_jpg.rf.52084e49860b5f70ab74b1149ae72731.jpg,facial_skin_concerns,pores,dup_01252,facial_closeup,train,-1,-1,-1,1,-1
c55042a31c27e934,/Users/aryanmalla/PycharmProjects/Skin-Care-AI/dataset_sources/extracted/facial_skin_concerns/dataset/inflammatory acne/resize (1).jpg,facial_skin_concerns,inflammatory acne,dup_01139,facial_closeup,train,1,0,1,1,0
4226e54a5e3faab9,/Users/aryanmalla/PycharmProjects/Skin-Care-AI/dataset/Conditions/Dark Spot/3e94d530-1288-4672-8e5f-70741b570193.jpg,existing_conditions,Dark Spot,dup_00850,full_face,train,-1,-1,-1,-1,-1
72cb36c02e4063d8,/Users/aryanmalla/PycharmProjects/Skin-Care-AI/dataset_sources/extracted/facial_skin_concerns/dataset/wrinkles/wrinkles208.png,facial_skin_concerns,wrinkles,bed36c142641512b1df0b72efb939e4409be607660080300e280f187db144aa2,facial_closeup,train,-1,-1,-1,-1,1
282ab52aed2806dd,/Users/aryanmalla/PycharmProjects/Skin-Care-AI/dataset_sources/extracted/facial_skin_concerns/dataset/dark spots/spots132.png,facial_skin_concerns,dark spots,7afcfdc66280cc8362b0c02d44e8d430ce1a7d4f249ac066849b59321085a890,facial_closeup,train,1,-1,1,-1,-1
d9d5ce09cd70f93c,/Users/aryanmalla/PycharmProjects/Skin-Care-AI/dataset_sources/extracted/facial_skin_concerns/dataset/pigmentation/36192_png_0_1562_jpeg.rf.cd351a9fbad5107fcbb59fa222bfae0d.jpg,facial_skin_concerns,pigmentation,477dec8ec9edfced36f4cd2959a55ad1d3c7d3272ebede6e1557037ab7a640eb,facial_closeup,train,-1,1,-1,-1,-1
dcc71fd7030fa465,/Users/aryanmalla/PycharmProjects/Skin-Care-AI/dataset/Conditions/Dark Spot/5.jpg,existing_conditions,Dark Spot,dup_00084,facial_closeup,train,-1,1,-1,-1,-1
081ffa9b4ae3d5fc,/Users/aryanmalla/PycharmProjects/Skin-Care-AI/dataset/Conditions/Dark Spot/c5b6cdc7-5654-47d8-87c1-79ac0ba4daba.jpg,existing_conditions,Dark Spot,dup_00016,facial_closeup,train,-1,-1,-1,-1,-1
aa297562cef8c486,/Users/aryanmalla/PycharmProjects/Skin-Care-AI/dataset_sources/extracted/facial_skin_concerns/dataset/Redness/702fe312-redness-450_jpg.rf.c6155060995c5f426cb96a4a0590513b.jpg,facial_skin_concerns,Redness,0f83949b8c5967604900456db57d329b2e83af4e7bd6677652434e34067b6cc8,facial_closeup,train,-1,-1,-1,-1,-1
b57d4d91ade59bff,/Users/aryanmalla/PycharmProjects/Skin-Care-AI/dataset_sources/extracted/facial_skin_concerns/dataset/wrinkles/58_jpg.rf.30fc5100deac555ffb5c0fc816a3e206.jpg,facial_skin_concerns,wrinkles,dup_01316,facial_closeup,train,-1,-1,-1,-1,1
2b96b72a8c8ac4da,/Users/aryanmalla/PycharmProjects/Skin-Care-AI/dataset/Conditions/Acne/acne29.png,existing_conditions,Acne,137506d029454e379d4bc82a1ebc3d017e4b655181d26746185fac6bc1c0a49c,facial_closeup,train,1,-1,1,-1,-1
e406f55b865d1e90,/Users/aryanmalla/PycharmProjects/Skin-Care-AI/dataset_sources/extracted/facial_skin_concerns/dataset/wrinkles/wrinkles92.png,facial_skin_concerns,wrinkles,cdb59eee62059df948f103c3b13d94e04b83dc45ff1957fcc7e31bd00bffd3c8,full_face,train,-1,-1,-1,-1,1
2079c01e545a2749,/Users/aryanmalla/PycharmProjects/Skin-Care-AI/dataset/Conditions/Acne/Acne_266.jpg,existing_conditions,Acne,dup_00386,full_face,train,1,0,1,-1,0
c777c3bdd0e7ee8b,/Users/aryanmalla/PycharmProjects/Skin-Care-AI/dataset_sources/extracted/facial_skin_concerns/dataset/dark spots/efd4b0bd-4be5-4dfb-b118-71de0cde6b7c_jpg.rf.469a291abbc29f41842524268149c266.jpg,facial_skin_concerns,dark spots,dup_00893,facial_closeup,train,-1,-1,-1,-1,-1
5f97169a0cd84ffc,/Users/aryanmalla/PycharmProjects/Skin-Care-AI/dataset_sources/extracted/facial_skin_concerns/dataset/inflammatory acne/levle3_129_jpg.rf.3c5b02174aea44c5ea48b21a08c35abb - Copy.jpg,facial_skin_concerns,inflammatory acne,dup_03615,facial_closeup,train,1,-1,1,-1,-1
dec43b0cbe255845,/Users/aryanmalla/PycharmProjects/Skin-Care-AI/dataset/Conditions/Dark Spot/c047b4bc-c11c-41bf-aa01-a13604fa4b31.jpg,existing_conditions,Dark Spot,dup_00286,facial_closeup,train,-1,1,-1,-1,-1
fa5dde482b6d0bd1,/Users/aryanmalla/PycharmProjects/Skin-Care-AI/dataset_sources/extracted/facial_skin_concerns/dataset/dark spots/melasma46_jpg.rf.3dd7102a844e5e91c475ffb985d77cd3.jpg,facial_skin_concerns,dark spots,dup_00038,facial_closeup,train,-1,1,-1,1,-1
17cd5bd085600a6b,/Users/aryanmalla/PycharmProjects/Skin-Care-AI/dataset_sources/extracted/facial_skin_concerns/dataset/Redness/seed0002_png.rf.65394d6ac6cb34afcb392f6aaed8c93f.jpg,facial_skin_concerns,Redness,dup_03441,facial_closeup,train,1,-1,1,-1,-1
2ba3e5809365c0fe,/Users/aryanmalla/PycharmProjects/Skin-Care-AI/dataset/Conditions/Dark Spot/8386c412-a76b-477a-a5d5-776396d5c145.jpg,existing_conditions,Dark Spot,dup_00176,facial_closeup,train,1,1,-1,-1,-1
84cbe10cd0cc864f,/Users/aryanmalla/PycharmProjects/Skin-Care-AI/dataset_sources/extracted/facial_skin_concerns/dataset/dark spots/85c2340a-6cda-4609-8e08-24019b360531_jpg.rf.c88d637e7efe8c28f79cd51bd69274c4.jpg,facial_skin_concerns,dark spots,dup_00872,facial_closeup,train,-1,-1,-1,-1,-1
4a0901b2e217202d,/Users/aryanmalla/PycharmProjects/Skin-Care-AI/dataset_sources/extracted/facial_skin_concerns/dataset/wrinkles/wrinkles43.png,facial_skin_concerns,wrinkles,61b44f3d201c9c17f8004591c596fc8e9c34635beb60ef788b16ac5430b7dc21,facial_closeup,train,-1,-1,-1,-1,1
e3af9a759da54757,/Users/aryanmalla/PycharmProjects/Skin-Care-AI/dataset_sources/extracted/facial_skin_concerns/dataset/Redness/seed0917_png.rf.071578448d28ebb7c9dcedf10c194381.jpg,facial_skin_concerns,Redness,6e835ffec557381d477ad8734c089c0397cc6b08872d13312c4f0fb04cdf2ce4,facial_closeup,train,1,-1,1,-1,-1
2cf8c6e98bfe2180,/Users/aryanmalla/PycharmProjects/Skin-Care-AI/dataset_sources/extracted/facial_skin_concerns/dataset/pores/59_PNG_jpg.rf.717d9c76f3872f063fdeef6abcae2666.jpg,facial_skin_concerns,pores,dup_00654,facial_closeup,train,-1,-1,-1,1,-1
8d89af4265a9a423,/Users/aryanmalla/PycharmProjects/Skin-Care-AI/dataset_sources/extracted/facial_skin_concerns/dataset/wrinkles/13_jpeg_jpg.rf.86764d7f264a94d31bf8b0da5e2a72b9.jpg,facial_skin_concerns,wrinkles,dup_00104,facial_closeup,train,-1,-1,-1,-1,1
34154bbd2d70afac,/Users/aryanmalla/PycharmProjects/Skin-Care-AI/dataset_sources/extracted/acne04/acne3_1024/levle3_74.jpg,acne04_level3,acne3_1024,7b807628b967b0a499690b55d4dd599302e3e7bfbf1eccb8543bee6bb32aa57c,facial_closeup,train,1,1,1,1,0
692c0b77f633c76c,/Users/aryanmalla/PycharmProjects/Skin-Care-AI/dataset_sources/extracted/facial_skin_concerns/dataset/wrinkles/wrinkle163.png,facial_skin_concerns,wrinkles,95f6b345a94e09eec7f41cd0a33fb57647978d3136cefe95929cc5088368028e,full_face,train,-1,-1,-1,-1,1
1019cde740b08443,/Users/aryanmalla/PycharmProjects/Skin-Care-AI/dataset_sources/extracted/facial_skin_concerns/dataset/pigmentation/melasma54_png_jpg.rf.2e8f1a05e1f912ff0caad0da252ffc96.jpg,facial_skin_concerns,pigmentation,8bef3933b830e10f204959a4252aaf9facf688148f1535915658c4d86fdb5d05,full_face,train,1,-1,1,-1,-1
22432107583b303a,/Users/aryanmalla/PycharmProjects/Skin-Care-AI/dataset/Conditions/Rosacea/3638__ProtectWyJQcm90ZWN0Il0_FocusFillWzI5NCwyMjIsIngiLDFd.jpeg,existing_conditions,Rosacea,5e632e185105ea198e6703e988a006255d669c46ec0e80e976d4263e50f0db2e,facial_closeup,train,-1,-1,1,-1,-1
d0a0f009b092fa2c,/Users/aryanmalla/PycharmProjects/Skin-Care-AI/dataset_sources/extracted/facial_skin_concerns/dataset/pigmentation/17_0_802_jpeg.rf.72f117dc038fa0361443e9192d5ffb60.jpg,facial_skin_concerns,pigmentation,93e83e0ee5dccef00fb7043b87d04b91023d24d73c846a527e9c9f9be5bb6886,full_face,train,-1,-1,-1,-1,-1
860706b82b1665ea,/Users/aryanmalla/PycharmProjects/Skin-Care-AI/dataset_sources/extracted/acne04/acne2_1024/levle2_165.jpg,acne04_level2,acne2_1024,7658729933835eb51af12f26169f63752c7345e5de48d152e75a2f018dbb5c7e,full_face,train,1,1,1,1,-1
edcf97c985d039a9,/Users/aryanmalla/PycharmProjects/Skin-Care-AI/dataset/Conditions/Dark Spot/aea4383c-8a9d-442c-9636-2e5d415458f2.jpg,existing_conditions,Dark Spot,dup_00285,full_face,train,-1,-1,-1,-1,-1
1e4f5fac46ab3ed0,/Users/aryanmalla/PycharmProjects/Skin-Care-AI/dataset_sources/extracted/acne04/acne1_1024/levle1_203.jpg,acne04_level1,acne1_1024,98cee0c9a58dfc28739d89bd783912ea933d3bb86c02ffeb841277713754f217,facial_closeup,train,1,1,1,-1,-1
5e4db3b1230fae14,/Users/aryanmalla/PycharmProjects/Skin-Care-AI/dataset/Conditions/Dark Spot/69731f1a-ff7b-45ae-880b-a0aaac6efda0.jpg,existing_conditions,Dark Spot,dup_00182,facial_closeup,train,1,1,1,-1,-1
2411802ab0cbe34a,/Users/aryanmalla/PycharmProjects/Skin-Care-AI/dataset_sources/extracted/acne04/acne1_1024/levle1_404.jpg,acne04_level1,acne1_1024,1ef1e9f3f9d1e54c7b6942b964d4b34c3cf227c6524afb2fb6a58426623da43c,full_face,train,-1,-1,1,-1,-1
3876d841d3bd2e7a,/Users/aryanmalla/PycharmProjects/Skin-Care-AI/dataset_sources/extracted/facial_skin_concerns/dataset/Redness/seed0193_png.rf.fc65236eb2558cf39676e6931a0f9336 - Copy - Copy.jpg,facial_skin_concerns,Redness,52a6eee98042acf9d54e07dfcb68b8d652abc08c035cbcc751217753655d856e,facial_closeup,train,1,-1,1,-1,-1
45acf2b1839115f8,/Users/aryanmalla/PycharmProjects/Skin-Care-AI/dataset/Conditions/Acne/acne27.png,existing_conditions,Acne,9bddcc5720dc84051f687e0dfcf8bcf90ac818e9399fbb3a13279b2bd94862fc,full_face,train,1,-1,1,-1,-1
94540fb860fd14db,/Users/aryanmalla/PycharmProjects/Skin-Care-AI/dataset/Conditions/Dark Spot/8156d885-5dd2-4cd4-9a2a-c52d5982fd53.jpg,existing_conditions,Dark Spot,dup_02123,full_face,train,-1,-1,-1,-1,-1
91fe3a6af3524fb4,/Users/aryanmalla/PycharmProjects/Skin-Care-AI/dataset_sources/extracted/facial_skin_concerns/dataset/wrinkles/86_jpg.rf.17c09e772a052a016e1ca8db698f9ed6.jpg,facial_skin_concerns,wrinkles,dup_04186,full_face,train,-1,-1,-1,-1,1
20931868ab56a9c8,/Users/aryanmalla/PycharmProjects/Skin-Care-AI/dataset_sources/extracted/facial_skin_concerns/dataset/dark spots/67_jpg.rf.04a2f29453b5f21468673a79e1d9def6.jpg,facial_skin_concerns,dark spots,dup_00017,facial_closeup,train,-1,-1,-1,-1,-1
e904899793321a05,/Users/aryanmalla/PycharmProjects/Skin-Care-AI/dataset_sources/extracted/facial_skin_concerns/dataset/wrinkles/wrinkles137.png,facial_skin_concerns,wrinkles,8432644f8e2a313dddc9b220d4a12869e06580f154978fa4aa77cd8094cb29c5,facial_closeup,train,-1,-1,-1,-1,1
2420d353d63e7c42,/Users/aryanmalla/PycharmProjects/Skin-Care-AI/dataset_sources/extracted/facial_skin_concerns/dataset/wrinkles/57_jpg.rf.c3b14c7fc09536e37853bf81de55f93f.jpg,facial_skin_concerns,wrinkles,dup_04113,facial_closeup,train,-1,-1,-1,-1,1
8d814ef8d70ab182,/Users/aryanmalla/PycharmProjects/Skin-Care-AI/dataset_sources/extracted/facial_skin_concerns/dataset/Redness/combination_-_b36a7b4c24f364d5c1f1_jpg.rf.b5dd8d4d98d516a7d1d5954c44ba10e7.jpg,facial_skin_concerns,Redness,dup_03430,facial_closeup,train,-1,-1,-1,-1,-1
ef7ab0b7be1556a6,/Users/aryanmalla/PycharmProjects/Skin-Care-AI/dataset_sources/extracted/facial_skin_concerns/dataset/Redness/various_selfie-skin-with-many-pores_440a282a4b66c94c9467_jpg.rf.60e7e391ed072a2bc3d793a6fe718192.jpg,facial_skin_concerns,Redness,8caa730b24748a59c4a05893cdebb577b0c6c7fc0e63dff18d7eefcc695c2cda,facial_closeup,train,-1,-1,-1,-1,-1
1030b16869dc78f3,/Users/aryanmalla/PycharmProjects/Skin-Care-AI/dataset_sources/extracted/facial_skin_concerns/dataset/wrinkles/70_jpg.rf.6bab7d5e8df33a218dabc6ecbd66a699.jpg,facial_skin_concerns,wrinkles,dup_04156,full_face,train,-1,-1,-1,-1,1
614c5d3bd54a0c4e,/Users/aryanmalla/PycharmProjects/Skin-Care-AI/dataset/Conditions/Acne/acne58.png,existing_conditions,Acne,dup_02045,facial_closeup,train,1,-1,1,-1,-1
541141026f57433f,/Users/aryanmalla/PycharmProjects/Skin-Care-AI/dataset_sources/extracted/acne04/acne1_1024/levle1_439.jpg,acne04_level1,acne1_1024,ccff0c1d1b34ca75b855975ea4531620dfc856a80ed50589a4489e7d10897ee4,facial_closeup,train,1,0,1,1,0
8d4d820e74bf974e,/Users/aryanmalla/PycharmProjects/Skin-Care-AI/dataset_sources/extracted/facial_skin_concerns/dataset/wrinkles/wrinkles2.png,facial_skin_concerns,wrinkles,dup_00196,facial_closeup,train,-1,-1,-1,-1,1
7770e7581fbe8f7f,/Users/aryanmalla/PycharmProjects/Skin-Care-AI/dataset_sources/extracted/facial_skin_concerns/dataset/wrinkles/349_jpg.rf.eb3d0ad54bb9ce7eecae56fbee3ed7a9.jpg,facial_skin_concerns,wrinkles,dup_04055,full_face,train,-1,-1,-1,-1,-1
c8a9f234e4e75107,/Users/aryanmalla/PycharmProjects/Skin-Care-AI/dataset_sources/extracted/facial_skin_concerns/dataset/wrinkles/wrinkles7_jpg.rf.7cf1d7b4fe6fb10c00fcd7a9fc69f3c2.jpg,facial_skin_concerns,wrinkles,dup_01337,facial_closeup,train,-1,-1,-1,-1,1
ae0d188c5c5507ea,/Users/aryanmalla/PycharmProjects/Skin-Care-AI/dataset_sources/extracted/facial_skin_concerns/dataset/inflammatory acne/OIP (7) - Copy.jpg,facial_skin_concerns,inflammatory acne,dup_00319,facial_closeup,train,1,-1,1,-1,-1
dd9bad2babea8376,/Users/aryanmalla/PycharmProjects/Skin-Care-AI/dataset_sources/extracted/facial_skin_concerns/dataset/wrinkles/364_jpg.rf.c6ee87d75cba14202a24e462b92710f9.jpg,facial_skin_concerns,wrinkles,dup_00343,full_face,train,-1,-1,-1,-1,1
1a25552b7bd5c9b2,/Users/aryanmalla/PycharmProjects/Skin-Care-AI/dataset_sources/extracted/acne04/acne2_1024/levle2_48.jpg,acne04_level2,acne2_1024,e90d42d24db84f7c3a261b7623347eaf606c4ed3397b52526272e59c45f9474d,full_face,train,1,0,1,1,-1
fa778ee7212f5d04,/Users/aryanmalla/PycharmProjects/Skin-Care-AI/dataset_sources/extracted/facial_skin_concerns/dataset/Redness/combination_-_6f7dcab28a16a7ffcf41_jpg.rf.6dd8be976437cf40ff72f382b2180827.jpg,facial_skin_concerns,Redness,dup_01049,facial_closeup,train,-1,-1,-1,-1,-1
871f94a2d84a3026,/Users/aryanmalla/PycharmProjects/Skin-Care-AI/dataset_sources/extracted/facial_skin_concerns/dataset/Redness/seed0115_png.rf.ca6c622a57d94961d49ae87a3a41e4ed.jpg,facial_skin_concerns,Redness,aed016f5c7ff8a979bf05a1a14748b7e06be5804c28bb5b8ee46a5364128e895,facial_closeup,train,1,-1,1,-1,-1
a4bb16b2fbd069c0,/Users/aryanmalla/PycharmProjects/Skin-Care-AI/dataset_sources/extracted/facial_skin_concerns/dataset/wrinkles/5_jpg.rf.989e21f404ccac4907aa2c679d6b6b71.jpg,facial_skin_concerns,wrinkles,dup_04121,facial_closeup,train,-1,-1,-1,-1,1
e7855b041af6679b,/Users/aryanmalla/PycharmProjects/Skin-Care-AI/dataset/Conditions/Acne/acne141.png,existing_conditions,Acne,dup_02023,facial_closeup,train,1,0,1,1,0
e176fe544b854166,/Users/aryanmalla/PycharmProjects/Skin-Care-AI/dataset/Conditions/Dark Spot/433679f8-b278-4787-9f44-b5ad8dde11da.jpg,existing_conditions,Dark Spot,dup_00268,facial_closeup,train,1,1,1,-1,-1
22b1f039508ad7c5,/Users/aryanmalla/PycharmProjects/Skin-Care-AI/dataset/Conditions/Rosacea/Rosacea_151.jpg,existing_conditions,Rosacea,bc1f41834347c1bc4d8a7ea33d2dbd85c27ad22a57534fbe0b377929ebf256d3,facial_closeup,train,-1,-1,1,-1,-1
183b470eaff8c8c8,/Users/aryanmalla/PycharmProjects/Skin-Care-AI/dataset_sources/extracted/acne04/acne3_1024/levle3_112.jpg,acne04_level3,acne3_1024,6b08c832334a9f5adb328407d2fb2a64dc0467fc374c23ef4c4c8b30ed835732,full_face,train,1,0,1,1,0
933f9969d79a7360,/Users/aryanmalla/PycharmProjects/Skin-Care-AI/dataset_sources/extracted/facial_skin_concerns/dataset/Redness/combination_-_5e9b1c6b02764f2c2259_jpg.rf.a3439bfa6d609271e1c7f58a02298b86.jpg,facial_skin_concerns,Redness,dup_00537,facial_closeup,train,-1,-1,-1,-1,-1
f5f96ae23953c91c,/Users/aryanmalla/PycharmProjects/Skin-Care-AI/dataset_sources/extracted/facial_skin_concerns/dataset/Redness/_2250439467_jpg.rf.bc609dd5a3e71a2e005917b44be6fb4e.jpg,facial_skin_concerns,Redness,dup_01047,facial_closeup,train,1,-1,1,-1,-1
842f7a9ba36312ea,/Users/aryanmalla/PycharmProjects/Skin-Care-AI/dataset_sources/extracted/acne04/acne2_1024/levle2_181.jpg,acne04_level2,acne2_1024,e7c93b8f05adfdcf66e029388d2a65ef1e4d1c3454944f1b4dd0bc8217830c13,facial_closeup,train,1,0,1,1,0
876d34512987516c,/Users/aryanmalla/PycharmProjects/Skin-Care-AI/dataset_sources/extracted/acne04/acne3_1024/levle3_4.jpg,acne04_level3,acne3_1024,83102965cff4987698353e23d6e270be837f9df0f3210f269a3132843432d4bf,full_face,train,1,1,1,1,0
6b3050815a57fdf2,/Users/aryanmalla/PycharmProjects/Skin-Care-AI/dataset_sources/extracted/acne04/acne2_1024/levle2_179.jpg,acne04_level2,acne2_1024,40544df6ff9bab58c0e35de4e86c237aab880564f091b9e972759391837a83b4,full_face,train,1,0,1,1,0
2cc790d645e5b33b,/Users/aryanmalla/PycharmProjects/Skin-Care-AI/dataset_sources/extracted/facial_skin_concerns/dataset/dark spots/spots104.png,facial_skin_concerns,dark spots,9fe4c9dfc9c94e5918e896af340f08acae6244cf52c573d0c288c6024d7610cd,facial_closeup,train,1,-1,1,1,-1
fd3b9205646e5983,/Users/aryanmalla/PycharmProjects/Skin-Care-AI/dataset_sources/extracted/acne04/acne3_1024/levle3_44.jpg,acne04_level3,acne3_1024,38fe58d192b3b4786574bdbe38badd7fd594713e104b1efb42de83837e1f9afe,facial_closeup,train,1,1,1,-1,-1
0c06539730734e2b,/Users/aryanmalla/PycharmProjects/Skin-Care-AI/dataset_sources/extracted/facial_skin_concerns/dataset/pigmentation/5_0_2669_jpeg.rf.8526e6cacd566b4fdc93356962a9c207.jpg,facial_skin_concerns,pigmentation,4a393235b2fd86b9fc59e73105a586e220b61b89fcb8910a42d8c1357a16f234,full_face,train,-1,-1,-1,-1,-1
0c581e76f2834ea5,/Users/aryanmalla/PycharmProjects/Skin-Care-AI/dataset_sources/extracted/facial_skin_concerns/dataset/wrinkles/26183_png_jpg.rf.117ee8820ab6302ce8c289c324562f5a.jpg,facial_skin_concerns,wrinkles,dup_04027,facial_closeup,train,-1,-1,-1,-1,1
b998762ad8c25514,/Users/aryanmalla/PycharmProjects/Skin-Care-AI/dataset/Conditions/Dark Spot/28.jpg,existing_conditions,Dark Spot,dup_02112,full_face,train,-1,-1,-1,-1,-1
40c37999d9cd8b08,/Users/aryanmalla/PycharmProjects/Skin-Care-AI/dataset_sources/extracted/facial_skin_concerns/dataset/Redness/seed0758_png.rf.3fc71d22805f1e294c18bbbd8eeb952f - Copy - Copy.jpg,facial_skin_concerns,Redness,8fc9bf3f01a9d4ffa0bc6973c47d9731d0580d4a181f03bd5cd67f1511d2a602,facial_closeup,train,1,-1,1,-1,-1
4d9f0cb4a9789844,/Users/aryanmalla/PycharmProjects/Skin-Care-AI/dataset_sources/extracted/facial_skin_concerns/dataset/Redness/seed0963_png.rf.5e8f691df3eccb62193fd19f3e8e5d52.jpg,facial_skin_concerns,Redness,cf01a47e6691c1541c6232f3cb4f1c799c1c75e263922301d13a031a615278cf,facial_closeup,train,1,-1,1,-1,-1
ee5f075aad9d6d63,/Users/aryanmalla/PycharmProjects/Skin-Care-AI/dataset_sources/extracted/facial_skin_concerns/dataset/wrinkles/34_jpg.rf.c96b652782439c1ee205a7b0288e09cb.jpg,facial_skin_concerns,wrinkles,dup_00676,facial_closeup,train,-1,-1,-1,-1,0
9f045aba12727e12,/Users/aryanmalla/PycharmProjects/Skin-Care-AI/dataset_sources/extracted/facial_skin_concerns/dataset/dark spots/7a5ef40e-dd58-44f5-ab19-380d8fe2ff80_jpg.rf.c351e77b5575e2545f9382f218125ad2.jpg,facial_skin_concerns,dark spots,dup_00275,facial_closeup,train,-1,1,-1,-1,-1
4b9d75921b2e100b,/Users/aryanmalla/PycharmProjects/Skin-Care-AI/dataset_sources/extracted/facial_skin_concerns/dataset/wrinkles/26660_png_jpg.rf.b436e32329fc7dcb2437af03454bc478.jpg,facial_skin_concerns,wrinkles,dup_01302,facial_closeup,train,-1,-1,-1,-1,0
364a9dcb375e9b66,/Users/aryanmalla/PycharmProjects/Skin-Care-AI/dataset_sources/extracted/facial_skin_concerns/dataset/wrinkles/64_jpg.rf.8e04ded3dc45d52bfbd7a2e63fed7de4.jpg,facial_skin_concerns,wrinkles,dup_04140,full_face,train,-1,-1,-1,-1,-1
00d11dace9c302fd,/Users/aryanmalla/PycharmProjects/Skin-Care-AI/dataset_sources/extracted/facial_skin_concerns/dataset/wrinkles/360_jpg.rf.938924a28a5664d28b947f5f59058645.jpg,facial_skin_concerns,wrinkles,dup_04065,facial_closeup,train,-1,-1,-1,-1,1
790b1c133312ab6d,/Users/aryanmalla/PycharmProjects/Skin-Care-AI/dataset_sources/extracted/facial_skin_concerns/dataset/dark spots/spots34.png,facial_skin_concerns,dark spots,6f1cca452d919fdc68e55915ec2f304803fc884035a6695a163113bb7a206c66,facial_closeup,train,-1,1,-1,-1,-1
a2767050f4b03bc5,/Users/aryanmalla/PycharmProjects/Skin-Care-AI/dataset_sources/extracted/facial_skin_concerns/dataset/wrinkles/wrinkles91.png,facial_skin_concerns,wrinkles,dup_03360,facial_closeup,train,-1,-1,-1,-1,1
7b510324c9297234,/Users/aryanmalla/PycharmProjects/Skin-Care-AI/dataset/Conditions/Acne/acne109.png,existing_conditions,Acne,1448d5e287f47dc5b07fcfb54e2fe11d3b5af5a55a1709562c35802425b852c5,facial_closeup,train,1,0,1,1,0
353a1950497b9fac,/Users/aryanmalla/PycharmProjects/Skin-Care-AI/dataset/Conditions/Dark Spot/efd4b0bd-4be5-4dfb-b118-71de0cde6b7c.jpg,existing_conditions,Dark Spot,dup_00893,facial_closeup,train,-1,-1,-1,-1,-1
9d60112f947d7973,/Users/aryanmalla/PycharmProjects/Skin-Care-AI/dataset/Conditions/Dark Spot/1c6c36fb-8904-46fa-bbdf-c0338df75f60.jpg,existing_conditions,Dark Spot,dup_00261,facial_closeup,train,-1,-1,-1,-1,-1
dd3a65e5f3873102,/Users/aryanmalla/PycharmProjects/Skin-Care-AI/dataset_sources/extracted/facial_skin_concerns/dataset/wrinkles/271_jpg.rf.7ef09fa03529071e6caf47fffbcd2eaf.jpg,facial_skin_concerns,wrinkles,dup_00671,facial_closeup,train,-1,-1,-1,-1,1
842a142a23de2b68,/Users/aryanmalla/PycharmProjects/Skin-Care-AI/dataset_sources/extracted/acne04/acne1_1024/levle1_613.jpg,acne04_level1,acne1_1024,4c01f4eacced61d915fe2c2ad76c7e2ac937eecd281feeb09f005f49e13156e5,facial_closeup,train,1,1,1,1,0
caa89f141d9c2dd7,/Users/aryanmalla/PycharmProjects/Skin-Care-AI/dataset_sources/extracted/facial_skin_concerns/dataset/wrinkles/wrinkles25.png,facial_skin_concerns,wrinkles,dup_00530,facial_closeup,train,-1,-1,-1,-1,1
8ce1aae7ca6924a3,/Users/aryanmalla/PycharmProjects/Skin-Care-AI/dataset_sources/extracted/facial_skin_concerns/dataset/Redness/combination_-_8cb7d464df2c970e85aa_jpg.rf.8722cd966717e94879db1d3724686fc7.jpg,facial_skin_concerns,Redness,dup_00201,facial_closeup,train,-1,-1,-1,-1,-1
27fac04510e0959e,/Users/aryanmalla/PycharmProjects/Skin-Care-AI/dataset_sources/extracted/facial_skin_concerns/dataset/inflammatory acne/acne-pustular-67 - Copy.jpg,facial_skin_concerns,inflammatory acne,dup_03584,facial_closeup,train,1,0,1,1,0
f635d9b32c3856cf,/Users/aryanmalla/PycharmProjects/Skin-Care-AI/dataset_sources/extracted/facial_skin_concerns/dataset/wrinkles/13_jpeg_jpg.rf.fdc92205a86fb0f9b75f2ab73e177339.jpg,facial_skin_concerns,wrinkles,dup_00104,full_face,train,-1,1,-1,-1,1
48e765dbda2c8cf3,/Users/aryanmalla/PycharmProjects/Skin-Care-AI/dataset/Conditions/Dark Spot/91.jpg,existing_conditions,Dark Spot,dup_00839,full_face,train,-1,-1,-1,-1,-1
aee99caa950ff7ba,/Users/aryanmalla/PycharmProjects/Skin-Care-AI/dataset/Conditions/Rosacea/Rosacea_378.jpg,existing_conditions,Rosacea,dup_03184,facial_closeup,train,-1,-1,-1,-1,-1
3cc17be6f758d19f,/Users/aryanmalla/PycharmProjects/Skin-Care-AI/dataset_sources/extracted/facial_skin_concerns/dataset/Redness/combination_-_6f7dcab28a16a7ffcf41_jpg.rf.dc9688162f8f49c2a35b81dd33e19df6.jpg,facial_skin_concerns,Redness,dup_01049,facial_closeup,train,-1,-1,-1,-1,-1
a55b10197e3fdc06,/Users/aryanmalla/PycharmProjects/Skin-Care-AI/dataset_sources/extracted/facial_skin_concerns/dataset/wrinkles/wrinkle172.png,facial_skin_concerns,wrinkles,c6b77fb359e771a07bf4d63ab1fd995787685fc6a414d6db08daf6586d665d4d,full_face,train,-1,-1,-1,-1,1
ce7a569133619529,/Users/aryanmalla/PycharmProjects/Skin-Care-AI/dataset_sources/extracted/acne04/acne2_1024/levle2_183.jpg,acne04_level2,acne2_1024,0d8c38c9ebd1561d0af3bf5bc6309906b3932bbfad08282497614b2c4560b868,full_face,train,1,1,1,0,0
bf56a7b33cf920b5,/Users/aryanmalla/PycharmProjects/Skin-Care-AI/dataset_sources/extracted/facial_skin_concerns/dataset/dark spots/spots1.png,facial_skin_concerns,dark spots,624fed3e421762be29ded09035f74153c9049dfc400bd2ebdc2e6b40b4f40eaa,facial_closeup,train,1,1,1,-1,-1
abff2955556d1123,/Users/aryanmalla/PycharmProjects/Skin-Care-AI/dataset/Conditions/Dark Spot/95.jpg,existing_conditions,Dark Spot,dup_02113,facial_closeup,train,-1,-1,-1,-1,-1
aa7dbf5a4dcfa7b8,/Users/aryanmalla/PycharmProjects/Skin-Care-AI/dataset/Conditions/Rosacea/rosacea-0005__ProtectWyJQcm90ZWN0Il0_FocusFillWzI5NCwyMjIsIngiLDFd.jpeg,existing_conditions,Rosacea,eb8b603ba1d76a77ca7160caf7662c34781e8fa875c9068013bfb32d3049acb9,facial_closeup,train,-1,-1,-1,-1,-1
10f7fb96a51789b3,/Users/aryanmalla/PycharmProjects/Skin-Care-AI/dataset_sources/extracted/facial_skin_concerns/dataset/Redness/_696339637_jpg.rf.0ef493f15888ff284e068a888678a5ef.jpg,facial_skin_concerns,Redness,f47fdfa8b6bb8775e2c130efbdf98ebf0c12c2c2db8ab229ff9ce360a59960a6,facial_closeup,train,1,-1,1,-1,-1
9d60caf1a81e42f8,/Users/aryanmalla/PycharmProjects/Skin-Care-AI/dataset_sources/extracted/facial_skin_concerns/dataset/Redness/combination_-_3b8da74ffcff4f91461f_jpg.rf.1647fae6373290771918df9621a478bf.jpg,facial_skin_concerns,Redness,dup_03426,full_face,train,-1,-1,-1,-1,-1
f0ff3b99e63d37d6,/Users/aryanmalla/PycharmProjects/Skin-Care-AI/dataset_sources/extracted/facial_skin_concerns/dataset/wrinkles/7_jpeg_jpg.rf.48a243dfe8a09c6a7a8c0cfe4748fd19.jpg,facial_skin_concerns,wrinkles,dup_04173,facial_closeup,train,-1,-1,-1,-1,1
9ad996cec60011d6,/Users/aryanmalla/PycharmProjects/Skin-Care-AI/dataset_sources/extracted/facial_skin_concerns/dataset/inflammatory acne/acne35.png,facial_skin_concerns,inflammatory acne,dup_00814,full_face,train,1,1,1,-1,0
5485121ed742f483,/Users/aryanmalla/PycharmProjects/Skin-Care-AI/dataset_sources/extracted/facial_skin_concerns/dataset/Redness/seed0512_png.rf.e9c5b09c652deb96c8f4d79d28dd1417 - Copy - Copy.jpg,facial_skin_concerns,Redness,cf0878e3923850d44e47f1e65f60896892f7ebc4092056b224374510a0bd1356,facial_closeup,train,1,-1,1,-1,-1
ec0d72f50aca6cd3,/Users/aryanmalla/PycharmProjects/Skin-Care-AI/dataset_sources/extracted/facial_skin_concerns/dataset/pores/73_PNG_jpg.rf.c354afb3701dbc155b0c4e323a7a3f3a.jpg,facial_skin_concerns,pores,dup_03981,facial_closeup,train,-1,-1,-1,1,-1
014c10a2d165af19,/Users/aryanmalla/PycharmProjects/Skin-Care-AI/dataset_sources/extracted/facial_skin_concerns/dataset/dark spots/spots42.png,facial_skin_concerns,dark spots,dup_01075,facial_closeup,train,1,1,0,-1,-1
636ece3ef7fd9eb4,/Users/aryanmalla/PycharmProjects/Skin-Care-AI/dataset_sources/extracted/facial_skin_concerns/dataset/pores/39_PNG_jpg.rf.3609e6ba98bc4b34d4c306b7154c69b6.jpg,facial_skin_concerns,pores,dup_00335,facial_closeup,train,-1,-1,-1,1,-1
8fae4ef4238feb37,/Users/aryanmalla/PycharmProjects/Skin-Care-AI/dataset_sources/extracted/facial_skin_concerns/dataset/inflammatory acne/uq3mypax59u51.png,facial_skin_concerns,inflammatory acne,dup_01142,full_face,train,1,1,1,1,0
99034aaf569ed963,/Users/aryanmalla/PycharmProjects/Skin-Care-AI/dataset_sources/extracted/acne04/acne3_1024/levle3_102.jpg,acne04_level3,acne3_1024,e4a3ff3f4fb4f4ddc63439505c4e67ee4dd71563a9d19f86c7f2ce54e8a4bf05,full_face,train,1,0,1,0,0
8f8aa86c7af3d6f4,/Users/aryanmalla/PycharmProjects/Skin-Care-AI/dataset_sources/extracted/facial_skin_concerns/dataset/Redness/combination_-_6f7dcab28a16a7ffcf41_jpg.rf.6e2eba312a2d0a38539ff3f80cdef43d.jpg,facial_skin_concerns,Redness,dup_01049,facial_closeup,train,-1,-1,-1,-1,-1
d72e49ba05e47484,/Users/aryanmalla/PycharmProjects/Skin-Care-AI/dataset_sources/extracted/acne04/acne2_1024/levle2_177.jpg,acne04_level2,acne2_1024,ef3347346058d10b8d4e155b0240ee14dc146d33084b0a9b38e456840a487c43,facial_closeup,train,1,0,1,1,0
3fbdfe3df10d1d12,/Users/aryanmalla/PycharmProjects/Skin-Care-AI/dataset/Conditions/Dark Spot/64.jpg,existing_conditions,Dark Spot,f709419f621495e61ebab65bd9bf36055f6f12b1375c1c7526c61b4404e3059c,full_face,train,-1,-1,-1,-1,-1
863e6ee0e4d631b5,/Users/aryanmalla/PycharmProjects/Skin-Care-AI/dataset/Conditions/Dark Spot/9bfe69da-441e-45f2-be9d-1c75badaa96b.jpg,existing_conditions,Dark Spot,dup_00282,facial_closeup,train,-1,1,-1,1,-1
77a161ce2fc66303,/Users/aryanmalla/PycharmProjects/Skin-Care-AI/dataset_sources/extracted/facial_skin_concerns/dataset/wrinkles/29_jpeg.rf.8b944d6004b935428eebaab1f4508de1.jpg,facial_skin_concerns,wrinkles,dup_04049,facial_closeup,train,-1,-1,-1,-1,1
4c8430d100280567,/Users/aryanmalla/PycharmProjects/Skin-Care-AI/dataset/Conditions/Dark Spot/6110c83a-166b-4594-8ce1-5694a76292a9.jpg,existing_conditions,Dark Spot,dup_00416,facial_closeup,train,-1,-1,-1,-1,-1
c71df7975418e4bc,/Users/aryanmalla/PycharmProjects/Skin-Care-AI/dataset_sources/extracted/acne04/acne3_1024/levle3_111.jpg,acne04_level3,acne3_1024,60a7f59f92bbd21de67035d5b4697af466b369bae8a8f06ce40c96ccc5102a54,full_face,train,1,1,1,0,1
6e1b2a472d60e532,/Users/aryanmalla/PycharmProjects/Skin-Care-AI/dataset/Conditions/Acne/acne33.png,existing_conditions,Acne,d2c6403c3f00a3b83e3270d7664c8ed275000deaa6b3226ea69b504513ee242a,full_face,train,1,1,1,1,0
e9fda44a3398a50a,/Users/aryanmalla/PycharmProjects/Skin-Care-AI/dataset_sources/extracted/facial_skin_concerns/dataset/wrinkles/wrinkles155.png,facial_skin_concerns,wrinkles,dup_03348,facial_closeup,train,-1,-1,-1,-1,1
01851fde46bf9ae1,/Users/aryanmalla/PycharmProjects/Skin-Care-AI/dataset_sources/extracted/facial_skin_concerns/dataset/dark spots/77251e7e-eaf9-493b-b4cd-a261ca6b1a14_jpg.rf.275e39dd5fff6d232470bc2257bcb3ba.jpg,facial_skin_concerns,dark spots,dup_00546,facial_closeup,train,-1,-1,-1,-1,-1
08ea7d422ae3a7a0,/Users/aryanmalla/PycharmProjects/Skin-Care-AI/dataset/Conditions/Dark Spot/3deebf0a-72f9-4fa9-8764-3ac44ada6fd7.jpg,existing_conditions,Dark Spot,dup_00267,facial_closeup,train,-1,1,-1,-1,-1
b44969b868f1946b,/Users/aryanmalla/PycharmProjects/Skin-Care-AI/dataset_sources/extracted/facial_skin_concerns/dataset/pigmentation/images-1-copy_jpeg_0_8088_jpeg.rf.6db1e29751a88658408b32bbe8382ae4.jpg,facial_skin_concerns,pigmentation,194b47b4ecde5b30b8596b14b02eb1b1ec10a26e440bef298621bd23e7902667,facial_closeup,train,-1,-1,-1,-1,-1
3d5fb86e98761a2e,/Users/aryanmalla/PycharmProjects/Skin-Care-AI/dataset/Conditions/Dark Spot/45.jpg,existing_conditions,Dark Spot,64fe8fe622c3182168330dcd3021b2e7ea89015e6fe0ff94846d62dfa49203c6,facial_closeup,train,-1,-1,-1,-1,-1
c8e2d8f222e2c9b8,/Users/aryanmalla/PycharmProjects/Skin-Care-AI/dataset_sources/extracted/facial_skin_concerns/dataset/pigmentation/IMG_2930_0_2324_jpeg.rf.fbad8cfe237b10865905367c1eceef6c.jpg,facial_skin_concerns,pigmentation,f86f991f677e1db21afcb279c44027e88842b3621cf4a40bc3889762f222eb9b,facial_closeup,train,1,1,-1,-1,-1
e5b6c0f900f303dd,/Users/aryanmalla/PycharmProjects/Skin-Care-AI/dataset_sources/extracted/facial_skin_concerns/dataset/wrinkles/wrinkles83.png,facial_skin_concerns,wrinkles,dup_01335,full_face,train,-1,-1,-1,-1,1
bd5fac20c1ffa0e7,/Users/aryanmalla/PycharmProjects/Skin-Care-AI/dataset_sources/extracted/facial_skin_concerns/dataset/dark spots/melasma27_jpg.rf.c5e0d2caa27f2c104d7e7734b27cb203.jpg,facial_skin_concerns,dark spots,dup_00557,full_face,train,-1,1,-1,-1,-1
a51f67ba8fd66025,/Users/aryanmalla/PycharmProjects/Skin-Care-AI/dataset_sources/extracted/facial_skin_concerns/dataset/wrinkles/57_jpg.rf.48aaac8c2fc80515f6edc85293d75b3a.jpg,facial_skin_concerns,wrinkles,dup_00685,facial_closeup,train,-1,-1,-1,-1,1
15dc387c6b33a0e7,/Users/aryanmalla/PycharmProjects/Skin-Care-AI/dataset_sources/extracted/facial_skin_concerns/dataset/Redness/seed0420_png.rf.9ecbd060c956c9a3e7690675c318d7b3.jpg,facial_skin_concerns,Redness,dup_00004,facial_closeup,train,-1,-1,1,-1,-1
78c6b53e1c826484,/Users/aryanmalla/PycharmProjects/Skin-Care-AI/dataset/Conditions/Acne/acne98.png,existing_conditions,Acne,1e23349cd3aa1b2c4810a817673bf26940a35c31f17d230b0cc41116ebb911bd,full_face,train,1,1,1,0,0
fa500dcd7f3cd3b9,/Users/aryanmalla/PycharmProjects/Skin-Care-AI/dataset_sources/extracted/facial_skin_concerns/dataset/wrinkles/14_jpeg_jpg.rf.a70134b63e4bcda3932d1150aa626a13.jpg,facial_skin_concerns,wrinkles,dup_00668,full_face,train,-1,-1,-1,-1,1
5c3f7d9961fdeffd,/Users/aryanmalla/PycharmProjects/Skin-Care-AI/dataset_sources/extracted/facial_skin_concerns/dataset/wrinkles/wrinkles93.png,facial_skin_concerns,wrinkles,1783d8d9b03ed281d5e78666d4ac514a9ff3a8ff87339169d67b738a047c9732,facial_closeup,train,-1,-1,-1,-1,1
3adaee6a64783cb6,/Users/aryanmalla/PycharmProjects/Skin-Care-AI/dataset_sources/extracted/acne04/acne1_1024/levle1_567.jpg,acne04_level1,acne1_1024,707d4bef83a13544d679959b0913ffaae9b9b09c356fe15254d9434176b01850,facial_closeup,train,1,1,1,-1,-1
f4cb93f6be1e41db,/Users/aryanmalla/PycharmProjects/Skin-Care-AI/dataset/Conditions/Dark Spot/b43985cb-8464-49ba-ac88-72c1875b821d.jpg,existing_conditions,Dark Spot,dup_00179,facial_closeup,train,-1,1,-1,1,-1
bc7ae3f9f39c3fd2,/Users/aryanmalla/PycharmProjects/Skin-Care-AI/dataset_sources/extracted/facial_skin_concerns/dataset/wrinkles/51_jpg.rf.10060cfb6463aa51f48f2746c61cf4f8.jpg,facial_skin_concerns,wrinkles,dup_00682,full_face,train,-1,-1,-1,-1,1
65cee106362c6d2e,/Users/aryanmalla/PycharmProjects/Skin-Care-AI/dataset_sources/extracted/facial_skin_concerns/dataset/dark spots/melasma54_png_jpg.rf.70c295f1f9e8715bf02f99828ae1394e.jpg,facial_skin_concerns,dark spots,dup_00132,full_face,train,1,1,-1,-1,-1
d7da79abcf9e5204,/Users/aryanmalla/PycharmProjects/Skin-Care-AI/dataset_sources/extracted/facial_skin_concerns/dataset/dark spots/melasma40_jpg.rf.2b37da54cc32f44313ef6aafe891df60.jpg,facial_skin_concerns,dark spots,dup_00011,full_face,train,-1,1,-1,-1,-1
b49374d11cc23d00,/Users/aryanmalla/PycharmProjects/Skin-Care-AI/dataset_sources/extracted/facial_skin_concerns/dataset/pores/23_PNG_jpg.rf.4fbd18b4d524f4ace3e95e1ebbabe936.jpg,facial_skin_concerns,pores,dup_00229,facial_closeup,train,-1,-1,-1,1,-1
c310284ac5838de3,/Users/aryanmalla/PycharmProjects/Skin-Care-AI/dataset_sources/extracted/facial_skin_concerns/dataset/wrinkles/wrinkles96.png,facial_skin_concerns,wrinkles,accd38d2cba09f832a6034df9c6e1ddd4515e5e67e44c1d2e67fbb13eac541aa,full_face,train,-1,-1,-1,-1,1
c3a32ebb79d9a726,/Users/aryanmalla/PycharmProjects/Skin-Care-AI/dataset/Conditions/Dark Spot/77251e7e-eaf9-493b-b4cd-a261ca6b1a14.jpg,existing_conditions,Dark Spot,5126ccf1dbda75bdc49b918d75a43c958a7b8aef6d1ed25ea79802219b120363,full_face,train,-1,-1,-1,-1,-1
4e83b06991a6774d,/Users/aryanmalla/PycharmProjects/Skin-Care-AI/dataset/Conditions/Dark Spot/edee38c6-6337-4d84-92d7-56c25cbc1ad3.jpg,existing_conditions,Dark Spot,f23655d33ab76ff84c6f65a65b16317c4e66d99f5b8251af72f73bd6c6d16a6f,full_face,train,-1,-1,-1,-1,-1
37188ef727b2d4da,/Users/aryanmalla/PycharmProjects/Skin-Care-AI/dataset_sources/extracted/facial_skin_concerns/dataset/wrinkles/wrinkles153.png,facial_skin_concerns,wrinkles,dup_03347,facial_closeup,train,-1,-1,-1,-1,1
8aa535f9b81af39a,/Users/aryanmalla/PycharmProjects/Skin-Care-AI/dataset_sources/extracted/facial_skin_concerns/dataset/Redness/seed0040_png.rf.0f553a313a22eb594c525a191ae9ccff.jpg,facial_skin_concerns,Redness,0e9fee1c0d4eead41d48dc936967779ec28bcce398801839cb06129d64bb8e34,facial_closeup,train,1,-1,1,-1,-1
063f14cba630ebe3,/Users/aryanmalla/PycharmProjects/Skin-Care-AI/dataset/Conditions/Dark Spot/74.jpg,existing_conditions,Dark Spot,dup_02120,facial_closeup,train,-1,1,-1,-1,-1
ef97c3af991042a8,/Users/aryanmalla/PycharmProjects/Skin-Care-AI/dataset/Conditions/Rosacea/Rosacea_308.jpg,existing_conditions,Rosacea,dup_03209,facial_closeup,train,1,-1,1,-1,-1
ff4ef561f85a1346,/Users/aryanmalla/PycharmProjects/Skin-Care-AI/dataset_sources/extracted/acne04/acne3_1024/levle3_89.jpg,acne04_level3,acne3_1024,e049bd8a98b0198816eb22a8ad3cb45e8ecc792c3c50e0daa044391907345d79,facial_closeup,train,1,1,1,-1,-1
911c6d555d699452,/Users/aryanmalla/PycharmProjects/Skin-Care-AI/dataset_sources/extracted/facial_skin_concerns/dataset/wrinkles/13706_png_jpg.rf.c53bbbcd89c10234c4530ddd6c2a36a7.jpg,facial_skin_concerns,wrinkles,dup_04007,facial_closeup,train,-1,-1,-1,-1,1
ba606e1b77270701,/Users/aryanmalla/PycharmProjects/Skin-Care-AI/dataset/Conditions/Rosacea/3627__ProtectWyJQcm90ZWN0Il0_FocusFillWzI5NCwyMjIsIngiLDFd.jpeg,existing_conditions,Rosacea,c235a8c6e773f53770998a99cbc1c864cc337c789db7de20f1dcf6841fb43709,facial_closeup,train,1,-1,-1,-1,-1
90c076e4a4272ad2,/Users/aryanmalla/PycharmProjects/Skin-Care-AI/dataset_sources/extracted/facial_skin_concerns/dataset/inflammatory acne/R-42-_jpg.rf.ed26045daddfedcd4d824092571aa75d.jpg,facial_skin_concerns,inflammatory acne,dup_00319,full_face,train,1,-1,1,-1,0
5494c60c0f75e4f6,/Users/aryanmalla/PycharmProjects/Skin-Care-AI/dataset_sources/extracted/facial_skin_concerns/dataset/wrinkles/12_jpeg.rf.9191396a707e02e3c3c9579982a35702.jpg,facial_skin_concerns,wrinkles,dup_00667,full_face,train,-1,-1,-1,-1,1
1ed2f58309ce4422,/Users/aryanmalla/PycharmProjects/Skin-Care-AI/dataset_sources/extracted/facial_skin_concerns/dataset/pores/34_PNG_jpg.rf.0a363e33909333578e0c57eaffcdc8db.jpg,facial_skin_concerns,pores,dup_01246,facial_closeup,train,-1,-1,-1,1,-1
15934600751eabd6,/Users/aryanmalla/PycharmProjects/Skin-Care-AI/dataset_sources/extracted/facial_skin_concerns/dataset/pores/51_PNG_jpg.rf.0dfb842a60a0e337141ca6f0a2b20f71.jpg,facial_skin_concerns,pores,dup_00649,facial_closeup,train,-1,-1,-1,-1,-1
b116134364243c86,/Users/aryanmalla/PycharmProjects/Skin-Care-AI/dataset/Conditions/Dark Spot/dbe6c84b-81f9-4e7d-9a6a-c2c654a092e1.jpg,existing_conditions,Dark Spot,dup_02128,facial_closeup,train,-1,-1,1,-1,-1
19f6370a8715745c,/Users/aryanmalla/PycharmProjects/Skin-Care-AI/dataset_sources/extracted/acne04/acne2_1024/levle2_167.jpg,acne04_level2,acne2_1024,d0c59b8d69d021584728a3b2f80c1b7b8cdc4a928e1d6d9f9192bc513aacdd3b,full_face,train,1,1,1,1,0
3de8c4ae1b8e5afa,/Users/aryanmalla/PycharmProjects/Skin-Care-AI/dataset_sources/extracted/facial_skin_concerns/dataset/Redness/9b944ef6-redness-254_jpg.rf.7a43e87d717ec4225d3b115e4c4f0aeb.jpg,facial_skin_concerns,Redness,dup_03415,full_face,train,-1,-1,1,-1,-1
967f31f8bf542946,/Users/aryanmalla/PycharmProjects/Skin-Care-AI/dataset_sources/extracted/facial_skin_concerns/dataset/wrinkles/wrinkles86.png,facial_skin_concerns,wrinkles,bad4ae3c28739fb5e6d4de3040bde733d115d4f58a90c426e18905a42711b2e8,facial_closeup,train,-1,-1,-1,-1,1
381fc76853a12980,/Users/aryanmalla/PycharmProjects/Skin-Care-AI/dataset_sources/extracted/facial_skin_concerns/dataset/Redness/seed0786_png.rf.285f77fe22bca89f1dec911e94e456ea.jpg,facial_skin_concerns,Redness,bb9ecb391312bbd2a7b8a29c29786177d60072b3f31f33109c00cc28126c6ef0,facial_closeup,train,1,-1,1,-1,-1
1bca0796258c1022,/Users/aryanmalla/PycharmProjects/Skin-Care-AI/dataset_sources/extracted/facial_skin_concerns/dataset/inflammatory acne/OIP (14) - Copy.jpg,facial_skin_concerns,inflammatory acne,dup_01078,full_face,train,1,0,1,1,0
141111a9150872be,/Users/aryanmalla/PycharmProjects/Skin-Care-AI/dataset_sources/extracted/facial_skin_concerns/dataset/pores/31_PNG_jpg.rf.38dfdc826b673bdf00f36b3edcad9e50.jpg,facial_skin_concerns,pores,dup_01245,facial_closeup,train,-1,-1,-1,-1,-1
73a6831af9d7bf00,/Users/aryanmalla/PycharmProjects/Skin-Care-AI/dataset/Conditions/Dark Spot/33.jpg,existing_conditions,Dark Spot,dup_00120,full_face,train,1,-1,-1,-1,-1
a326700ab7f19d62,/Users/aryanmalla/PycharmProjects/Skin-Care-AI/dataset/Conditions/Rosacea/rosacea-0011__ProtectWyJQcm90ZWN0Il0_FocusFillWzI5NCwyMjIsIngiLDFd.jpeg,existing_conditions,Rosacea,6e40f77a288c960e51ad060ddf2a39ec9480908ac82527190c54315f260e5996,facial_closeup,train,-1,-1,-1,-1,-1
df2fb4ff826e20d0,/Users/aryanmalla/PycharmProjects/Skin-Care-AI/dataset_sources/extracted/facial_skin_concerns/dataset/wrinkles/56_jpg.rf.6d932da262ce0047caecdd87500ff8a7.jpg,facial_skin_concerns,wrinkles,dup_04108,full_face,train,-1,-1,-1,-1,1
325e99ec4baecf8a,/Users/aryanmalla/PycharmProjects/Skin-Care-AI/dataset_sources/extracted/acne04/acne2_1024/levle2_163.jpg,acne04_level2,acne2_1024,e124eb64b6f599bce92b06ac6df77d24216391036fa69f0f141c5b69d77505a4,facial_closeup,train,1,0,-1,1,0
350cebba1ce369c7,/Users/aryanmalla/PycharmProjects/Skin-Care-AI/dataset_sources/extracted/facial_skin_concerns/dataset/pores/65_PNG_jpg.rf.b7662db532dda1cc62845656edef76bc.jpg,facial_skin_concerns,pores,dup_03977,facial_closeup,train,-1,-1,1,-1,-1
46329d97926c88a0,/Users/aryanmalla/PycharmProjects/Skin-Care-AI/dataset_sources/extracted/facial_skin_concerns/dataset/wrinkles/34_jpg.rf.3c8192c1870674bb2135c34b116b9bbf.jpg,facial_skin_concerns,wrinkles,dup_00676,facial_closeup,train,-1,-1,-1,-1,1
5f4fd7cf6881c2ed,/Users/aryanmalla/PycharmProjects/Skin-Care-AI/dataset_sources/extracted/facial_skin_concerns/dataset/wrinkles/wrinkles75.png,facial_skin_concerns,wrinkles,2b6d8fda7f06db4e719734de6b0b187e0f15080db8e02b2437876f67285223aa,full_face,train,-1,-1,-1,-1,1
c82a91f5df4a19ce,/Users/aryanmalla/PycharmProjects/Skin-Care-AI/dataset_sources/extracted/facial_skin_concerns/dataset/pores/34_PNG_jpg.rf.c4b6faa2ffe0e53ea2e285567db3b9ae.jpg,facial_skin_concerns,pores,dup_03953,facial_closeup,train,-1,-1,-1,1,-1
91621af73bb71519,/Users/aryanmalla/PycharmProjects/Skin-Care-AI/dataset/Conditions/Dark Spot/26.jpg,existing_conditions,Dark Spot,dup_00843,facial_closeup,train,-1,-1,-1,-1,-1
9544434dcbdbb3b1,/Users/aryanmalla/PycharmProjects/Skin-Care-AI/dataset_sources/extracted/acne04/acne2_1024/levle2_64.jpg,acne04_level2,acne2_1024,bf5262fcbaa90cd8f6e769cbc89ef238a7c5045a088bfc980b16470bade68f33,facial_closeup,train,1,1,1,-1,-1
58817f0f090466f8,/Users/aryanmalla/PycharmProjects/Skin-Care-AI/dataset_sources/extracted/facial_skin_concerns/dataset/wrinkles/51_jpg.rf.2f92dbc8685d0c5add83a97f09109ddb.jpg,facial_skin_concerns,wrinkles,dup_00682,full_face,train,-1,-1,-1,-1,1
1946d0d281ff3029,/Users/aryanmalla/PycharmProjects/Skin-Care-AI/dataset_sources/extracted/facial_skin_concerns/dataset/wrinkles/wrinkles148.png,facial_skin_concerns,wrinkles,1eebd1f071e14daab28150de2bd10e8b70436fb44f7bca51036215532bec9389,facial_closeup,train,-1,-1,-1,-1,1
b43ad67d5ea47a52,/Users/aryanmalla/PycharmProjects/Skin-Care-AI/dataset/Conditions/Acne/acne15.png,existing_conditions,Acne,2bb100bb3746eb4ef6937184f3889dced2a453786a356ffa883856349226853e,full_face,train,0,0,0,0,0
46ab80a488751f83,/Users/aryanmalla/PycharmProjects/Skin-Care-AI/dataset_sources/extracted/facial_skin_concerns/dataset/Redness/df8bae14-redness-401_jpg.rf.57536ef6facadfc564cc5c3f6f75d376.jpg,facial_skin_concerns,Redness,af7fca887b4d0bd4f11db89da2748b92e72170ca87abb7a4eae435b5fae10b90,facial_closeup,train,1,-1,1,-1,-1
209b954399ec339b,/Users/aryanmalla/PycharmProjects/Skin-Care-AI/dataset_sources/extracted/acne04/acne1_1024/levle1_200.jpg,acne04_level1,acne1_1024,dup_04312,full_face,train,1,0,1,-1,0
8457550218ce8d1f,/Users/aryanmalla/PycharmProjects/Skin-Care-AI/dataset/Conditions/Dark Spot/482e3a4c-4edd-4127-8f60-68b7a7a05e28.jpg,existing_conditions,Dark Spot,dup_00853,full_face,train,-1,-1,-1,-1,-1
46ee14bdd675b9e4,/Users/aryanmalla/PycharmProjects/Skin-Care-AI/dataset_sources/extracted/acne04/acne1_1024/levle1_229.jpg,acne04_level1,acne1_1024,59d2696988f41d2f82e3d377c053c803bb988a27ecd60941790ed00a00fbbf18,full_face,train,1,1,-1,1,-1
8bcd52088a7ababf,/Users/aryanmalla/PycharmProjects/Skin-Care-AI/dataset_sources/extracted/facial_skin_concerns/dataset/Redness/seed0541_png.rf.18beff6e62c49677ffce8b2c6cfa9cfb.jpg,facial_skin_concerns,Redness,a7f7343833774d688ed1162a64c41d731d3a4f72f575619ad0a36d6129b14b55,facial_closeup,train,1,-1,1,-1,-1
bc57478cf2e81d19,/Users/aryanmalla/PycharmProjects/Skin-Care-AI/dataset_sources/extracted/acne04/acne2_1024/levle2_113.jpg,acne04_level2,acne2_1024,a6838135348e6d7f58ea27ec59ad98983f58a40a95c803377c7bb67cc58910c4,facial_closeup,train,1,-1,-1,0,1
3dcfa041dc3f5856,/Users/aryanmalla/PycharmProjects/Skin-Care-AI/dataset_sources/extracted/facial_skin_concerns/dataset/Redness/combination_-_0bc5ca1194a13cfd7b9a_jpg.rf.fbef4973d289f085d519124caa546f43.jpg,facial_skin_concerns,Redness,d7028db2f32a2c5d221f1ea135805a78eb5dc6818d66de6652e054f63e68eb1c,full_face,train,-1,-1,-1,-1,-1
c7c8b2b94a46eba4,/Users/aryanmalla/PycharmProjects/Skin-Care-AI/dataset/Conditions/Dark Spot/2906ef14-4042-451e-a639-58110a02c0aa.jpg,existing_conditions,Dark Spot,dup_00414,full_face,train,-1,-1,-1,-1,-1
93a0554ddff2d250,/Users/aryanmalla/PycharmProjects/Skin-Care-AI/dataset_sources/extracted/facial_skin_concerns/dataset/wrinkles/wrinkle180.png,facial_skin_concerns,wrinkles,15ca661e797f851cf1774cbcd520b529a2ce1239bf19edfcc9b99d6a4efa7974,facial_closeup,train,-1,-1,-1,-1,1
587c2c87c7885512,/Users/aryanmalla/PycharmProjects/Skin-Care-AI/dataset/Conditions/Rosacea/Rosacea_282.jpg,existing_conditions,Rosacea,6435c11aa0a3093b2267b542c0eeac01f39dbd32b993b024c2df30665e80847d,facial_closeup,train,-1,-1,1,-1,-1
c6fffb50846b218c,/Users/aryanmalla/PycharmProjects/Skin-Care-AI/dataset/Conditions/Dark Spot/bda58b7d-44d5-46ec-b682-534084cfdb4f.jpg,existing_conditions,Dark Spot,dup_00016,facial_closeup,train,-1,-1,-1,-1,-1
1c789687e3e83ef4,/Users/aryanmalla/PycharmProjects/Skin-Care-AI/dataset_sources/extracted/facial_skin_concerns/dataset/pores/35_PNG_jpg.rf.f8d798496c1b8929173a0590738777a7.jpg,facial_skin_concerns,pores,dup_00637,facial_closeup,train,-1,1,-1,-1,-1
a03910c1dea09201,/Users/aryanmalla/PycharmProjects/Skin-Care-AI/dataset/Conditions/Dark Spot/28d57376-7104-46f9-9808-a677ad93d838.jpg,existing_conditions,Dark Spot,dup_00174,facial_closeup,train,-1,-1,-1,-1,-1
b36db46af4c17af8,/Users/aryanmalla/PycharmProjects/Skin-Care-AI/dataset_sources/extracted/facial_skin_concerns/dataset/pores/22_PNG_jpg.rf.def416b38300d7aed8c7b1cf8c9c3114.jpg,facial_skin_concerns,pores,dup_03940,facial_closeup,train,-1,-1,-1,-1,-1
18fa615e30da1414,/Users/aryanmalla/PycharmProjects/Skin-Care-AI/dataset_sources/extracted/facial_skin_concerns/dataset/Redness/seed0012_png.rf.dc80185ccbb5aad17d118f21aab745e6.jpg,facial_skin_concerns,Redness,676b6ef4738362214c4018cc8c3076c1b875ffdc2658b0f7fc48c3b150b2cdd5,facial_closeup,train,1,-1,1,-1,-1
f7ba4d27995c4323,/Users/aryanmalla/PycharmProjects/Skin-Care-AI/dataset_sources/extracted/facial_skin_concerns/dataset/dark spots/melasma46_jpg.rf.6f2f3568505eb6e13c469035631da8fc.jpg,facial_skin_concerns,dark spots,dup_00038,facial_closeup,train,-1,1,-1,1,-1
9f1cb881a8338ade,/Users/aryanmalla/PycharmProjects/Skin-Care-AI/dataset_sources/extracted/facial_skin_concerns/dataset/Redness/combination_-_b36a7b4c24f364d5c1f1_jpg.rf.a509e04c0db90a37d0689b318933eb79.jpg,facial_skin_concerns,Redness,dup_03430,facial_closeup,train,-1,-1,-1,-1,-1
6b7e2362d1b10fd0,/Users/aryanmalla/PycharmProjects/Skin-Care-AI/dataset_sources/extracted/facial_skin_concerns/dataset/dark spots/spots130.png,facial_skin_concerns,dark spots,150b4be787b547e9f007026fc335ee4235820b9892690c19fc54766a41648b4f,facial_closeup,train,1,1,1,-1,-1
41c058c8be97df6d,/Users/aryanmalla/PycharmProjects/Skin-Care-AI/dataset_sources/extracted/facial_skin_concerns/dataset/wrinkles/53_jpg.rf.38ad09c1f7e4ea0c8c269d551cc28635.jpg,facial_skin_concerns,wrinkles,dup_04102,facial_closeup,train,-1,-1,-1,-1,1
f5757bb44aabf323,/Users/aryanmalla/PycharmProjects/Skin-Care-AI/dataset_sources/extracted/facial_skin_concerns/dataset/inflammatory acne/R (28).jpg,facial_skin_concerns,inflammatory acne,dup_03527,facial_closeup,train,1,0,1,-1,0
0a03ef356c461b79,/Users/aryanmalla/PycharmProjects/Skin-Care-AI/dataset/Conditions/Acne/acne50.png,existing_conditions,Acne,dup_02043,full_face,train,1,0,1,1,0
5bda0fe6e30c1947,/Users/aryanmalla/PycharmProjects/Skin-Care-AI/dataset_sources/extracted/facial_skin_concerns/dataset/wrinkles/wrinkles52.png,facial_skin_concerns,wrinkles,dup_00242,full_face,train,-1,-1,-1,-1,1
5d349f88773aee70,/Users/aryanmalla/PycharmProjects/Skin-Care-AI/dataset_sources/extracted/facial_skin_concerns/dataset/wrinkles/wrinkle160.png,facial_skin_concerns,wrinkles,e8afa6b085d740913500b1cf84f504328d168003d83ff104b263368f15033962,facial_closeup,train,-1,-1,-1,-1,1
d6d98c2a0a4769e1,/Users/aryanmalla/PycharmProjects/Skin-Care-AI/dataset_sources/extracted/facial_skin_concerns/dataset/pigmentation/48560_png_jpg.rf.c39130dd958235dae4e414a96b30edef.jpg,facial_skin_concerns,pigmentation,9b2d7b9edfa9d6bb5c37b433fc4edfda9e804103c3473a3b2926a064faadda33,full_face,train,-1,-1,-1,-1,-1
8051ea698256bccf,/Users/aryanmalla/PycharmProjects/Skin-Care-AI/dataset/Conditions/Rosacea/rosacea-0003__ProtectWyJQcm90ZWN0Il0_FocusFillWzI5NCwyMjIsIngiLDFd.jpeg,existing_conditions,Rosacea,524747ffdfa672dc41184b98f75fe9557eda98ed37f1db25108d5d7cceec3da5,facial_closeup,train,-1,-1,-1,-1,-1
5cc48aa682844d14,/Users/aryanmalla/PycharmProjects/Skin-Care-AI/dataset_sources/extracted/facial_skin_concerns/dataset/wrinkles/wrinkles4.png,facial_skin_concerns,wrinkles,dup_04257,full_face,train,-1,-1,-1,-1,1
8c78e80ba37ac8ef,/Users/aryanmalla/PycharmProjects/Skin-Care-AI/dataset_sources/extracted/acne04/acne1_1024/levle1_348.jpg,acne04_level1,acne1_1024,c842316518832fa5b455558f5fef99e12f09c205a00b6fcd23c78171d255c07f,full_face,train,1,0,1,0,0
3c49d9a9b0a88e19,/Users/aryanmalla/PycharmProjects/Skin-Care-AI/dataset_sources/extracted/acne04/acne1_1024/levle1_576.jpg,acne04_level1,acne1_1024,f4ec26cf4b7225f7badf6f5b965573f949c49bb51c88b2d887e2dce65ab36d8b,facial_closeup,train,1,1,1,-1,-1
095692ff268cfb71,/Users/aryanmalla/PycharmProjects/Skin-Care-AI/dataset/Conditions/Rosacea/rosacea-nose-39.jpeg,existing_conditions,Rosacea,1c6154cdc680c0caf619e7a30bd6b10b637b8785e9f4402d812a91b3430baa21,facial_closeup,train,-1,-1,1,-1,-1
f2f36ffa858a706b,/Users/aryanmalla/PycharmProjects/Skin-Care-AI/dataset_sources/extracted/facial_skin_concerns/dataset/wrinkles/265_jpeg.rf.1696b74f6bb2022b450b4d43a0b66b77.jpg,facial_skin_concerns,wrinkles,dup_01301,full_face,train,-1,-1,-1,-1,1
9f19cbfdb022523d,/Users/aryanmalla/PycharmProjects/Skin-Care-AI/dataset_sources/extracted/facial_skin_concerns/dataset/Redness/seed0276_png.rf.72a0ac567d051ff2aa479d8399173abf.jpg,facial_skin_concerns,Redness,dup_00004,full_face,train,1,-1,1,-1,-1
ec6d00754d1fb577,/Users/aryanmalla/PycharmProjects/Skin-Care-AI/dataset_sources/extracted/facial_skin_concerns/dataset/pigmentation/images-18-copy_jpeg_jpg.rf.74454b6f048711b7e7763e495f3eef5c.jpg,facial_skin_concerns,pigmentation,dab33973cd4b90cdbd86eec8b6d2733eb9830e1092acb68c5385f482f6199b24,full_face,train,-1,-1,-1,1,-1
536a8c5630e05ffa,/Users/aryanmalla/PycharmProjects/Skin-Care-AI/dataset_sources/extracted/facial_skin_concerns/dataset/Redness/dry_5b88fba1f5eaefd49ae7_jpg.rf.60094ead8b0a378bbe844c9e535e1ea5.jpg,facial_skin_concerns,Redness,2b744023f6eaa78d3673802baf602da5c5e420e5e62159c794035078ae2f5beb,facial_closeup,train,0,0,0,0,0
62d2088a57d1f92c,/Users/aryanmalla/PycharmProjects/Skin-Care-AI/dataset_sources/extracted/facial_skin_concerns/dataset/Redness/combination_-_7c47c759fe84bfc8750f_jpg.rf.2db14df04b778ce3746c9c49a1d30b6d.jpg,facial_skin_concerns,Redness,dup_00200,full_face,train,-1,-1,-1,-1,-1
b1b801bd80bbf5cc,/Users/aryanmalla/PycharmProjects/Skin-Care-AI/dataset_sources/extracted/facial_skin_concerns/dataset/wrinkles/wrinkles79.png,facial_skin_concerns,wrinkles,7ec0db69ed7bf490dfdfee5a3c561747c7c4c107087c60d0d318f6afefe81cb5,full_face,train,-1,-1,-1,-1,1
25692222cba81ad6,/Users/aryanmalla/PycharmProjects/Skin-Care-AI/dataset_sources/extracted/facial_skin_concerns/dataset/Redness/2af33572-redness-386_jpg.rf.f76ffe80fd8c3b5cadc51622ac480da1.jpg,facial_skin_concerns,Redness,e2eaca253a6230742abad53db3e7f352c7d7e97756a4e9b59ba6c598b02ba6a3,full_face,train,1,-1,1,-1,-1
2a1a1e64075f6866,/Users/aryanmalla/PycharmProjects/Skin-Care-AI/dataset/Conditions/Rosacea/rosacea-107.jpeg,existing_conditions,Rosacea,dup_03243,facial_closeup,train,1,-1,1,-1,-1
be941d3cec7c1416,/Users/aryanmalla/PycharmProjects/Skin-Care-AI/dataset_sources/extracted/facial_skin_concerns/dataset/pigmentation/IMG_4620_jpg.rf.7d9f2247c9f724bb000ae675d55e26eb.jpg,facial_skin_concerns,pigmentation,cfbcf983f69962d8aa7a5b1ece39c8a47e688510f181028250a7b093e7ffbbf0,facial_closeup,train,-1,1,-1,-1,-1
0fe69fd6758cdf31,/Users/aryanmalla/PycharmProjects/Skin-Care-AI/dataset_sources/extracted/facial_skin_concerns/dataset/wrinkles/wrinkle183.png,facial_skin_concerns,wrinkles,dup_00525,facial_closeup,train,-1,-1,-1,-1,1
5e0f740e74937b87,/Users/aryanmalla/PycharmProjects/Skin-Care-AI/dataset/Conditions/Acne/acne44.png,existing_conditions,Acne,dup_00252,facial_closeup,train,1,-1,1,-1,-1
278cd25fb0e6b714,/Users/aryanmalla/PycharmProjects/Skin-Care-AI/dataset_sources/extracted/facial_skin_concerns/dataset/wrinkles/wrinkle177.png,facial_skin_concerns,wrinkles,2d98fc2b3571f17dbe6aa7ad4a3876dbb2375aafb1279589120e1168a4e538d3,facial_closeup,train,-1,-1,-1,-1,1
a956c4b86a338377,/Users/aryanmalla/PycharmProjects/Skin-Care-AI/dataset_sources/extracted/facial_skin_concerns/dataset/dark spots/melasma40_jpg.rf.2ed7e017c4fb72685a4051403f5d89e7.jpg,facial_skin_concerns,dark spots,dup_00011,facial_closeup,train,-1,1,-1,-1,-1
c7706f963b9b7540,/Users/aryanmalla/PycharmProjects/Skin-Care-AI/dataset_sources/extracted/facial_skin_concerns/dataset/dark spots/ofckuw4n1f5EhqQ1M9j-o_jpg.rf.de49b69a40eaf88e86afdfa1da89c9b3.jpg,facial_skin_concerns,dark spots,dup_00569,facial_closeup,train,1,1,-1,-1,-1
6d33b0c487555e77,/Users/aryanmalla/PycharmProjects/Skin-Care-AI/dataset_sources/extracted/facial_skin_concerns/dataset/wrinkles/Wrinkles_158_jpeg.rf.ba05f4d0f73650fed24bd1316c7c34c4.jpg,facial_skin_concerns,wrinkles,dup_00022,facial_closeup,train,-1,-1,-1,-1,1
61417326be1b8445,/Users/aryanmalla/PycharmProjects/Skin-Care-AI/dataset/Conditions/Rosacea/Rosacea_255.jpg,existing_conditions,Rosacea,c077b95671fd1f40b6e9015e0be664ac65b0513f3b966d61f5d6912814895f48,full_face,train,-1,-1,-1,-1,-1
d02a2f8da6669e4e,/Users/aryanmalla/PycharmProjects/Skin-Care-AI/dataset/Conditions/Acne/acne122.png,existing_conditions,Acne,98b78accb9b26570dc4e5dc7b912c43c02b4d73e4ecb4010b7ae952b31769ffe,facial_closeup,train,1,1,1,-1,-1
3264be2dd276487c,/Users/aryanmalla/PycharmProjects/Skin-Care-AI/dataset_sources/extracted/facial_skin_concerns/dataset/inflammatory acne/acne24.png,facial_skin_concerns,inflammatory acne,468694104e395b7e16307da41093e22f1e09a46245d05caa97636be1dc26954e,full_face,train,1,1,1,-1,0
a9a23a2bf06bb14e,/Users/aryanmalla/PycharmProjects/Skin-Care-AI/dataset_sources/extracted/acne04/acne1_1024/levle1_563.jpg,acne04_level1,acne1_1024,0c718459ba3b1e1f3a07b1429356c868e68de040d5e171df22cde20296247346,full_face,train,1,0,1,1,0
e30a951a95a19d98,/Users/aryanmalla/PycharmProjects/Skin-Care-AI/dataset/Conditions/Rosacea/3633__ProtectWyJQcm90ZWN0Il0_FocusFillWzI5NCwyMjIsIngiLDFd.jpeg,existing_conditions,Rosacea,01412eb2034311fffc44b809cad7d2e022a56bc7ccd63e9e3cb87657efc8f830,facial_closeup,train,1,-1,1,-1,-1
797de14e75fc05b4,/Users/aryanmalla/PycharmProjects/Skin-Care-AI/dataset/Conditions/Dark Spot/4fe4d594-0473-4419-8edf-9d85802134b1.jpg,existing_conditions,Dark Spot,f4d32dd5f5fa9de496b32e619ea8238f5a036f1fdf88b600e12085657fa48adf,facial_closeup,train,-1,-1,-1,-1,-1
3f3498457c5007ca,/Users/aryanmalla/PycharmProjects/Skin-Care-AI/dataset_sources/extracted/facial_skin_concerns/dataset/wrinkles/wrinkles70.png,facial_skin_concerns,wrinkles,297d1a7be63077823cc6cc63fbb4336f9454506239f27b166eb0706d9ca9d468,full_face,train,-1,-1,-1,-1,1
a7dfff1c9e8b9390,/Users/aryanmalla/PycharmProjects/Skin-Care-AI/dataset_sources/extracted/facial_skin_concerns/dataset/dark spots/spots19.png,facial_skin_concerns,dark spots,268abeb2ea2d943279a2bc0d6a6e00708a58d2725cc00ad188488b8fa27512ad,facial_closeup,train,-1,1,-1,-1,-1
ee3eac2802ec68cf,/Users/aryanmalla/PycharmProjects/Skin-Care-AI/dataset/Conditions/Dark Spot/97eeed53-d813-4f64-863e-229b88975281.jpg,existing_conditions,Dark Spot,dup_00878,facial_closeup,train,-1,-1,1,1,-1
057cf8791093e460,/Users/aryanmalla/PycharmProjects/Skin-Care-AI/dataset_sources/extracted/facial_skin_concerns/dataset/wrinkles/ds00890-sn7_wrinklesthu_jpg_jpg.rf.b084367cf1b03eba6e70cbce8a9449f3.jpg,facial_skin_concerns,wrinkles,dup_00062,facial_closeup,train,-1,-1,-1,-1,0
427805cbda01f52e,/Users/aryanmalla/PycharmProjects/Skin-Care-AI/dataset_sources/extracted/facial_skin_concerns/dataset/Redness/seed0819_png.rf.bdacfef2f85812ab9863e9bbbc8c7de0.jpg,facial_skin_concerns,Redness,d8b33ff6c08e7f18a8772d176dba832d30337bfba417943bec7a88bf967f1703,facial_closeup,train,-1,-1,-1,-1,-1
b7cd1e8cecdcc546,/Users/aryanmalla/PycharmProjects/Skin-Care-AI/dataset/Conditions/Rosacea/Rosacea_3.jpg,existing_conditions,Rosacea,3005f0639e2eaaf58bbfe5cf79040695980502b4c76eaf43743e6b47bf2f4846,facial_closeup,train,-1,-1,1,-1,-1
042e1ca1b85d37b9,/Users/aryanmalla/PycharmProjects/Skin-Care-AI/dataset_sources/extracted/facial_skin_concerns/dataset/inflammatory acne/OIP (29) - Copy.jpg,facial_skin_concerns,inflammatory acne,dup_03522,facial_closeup,train,1,1,1,-1,-1
dc1b69f502ccf576,/Users/aryanmalla/PycharmProjects/Skin-Care-AI/dataset/Conditions/Rosacea/Rosacea_11.jpg,existing_conditions,Rosacea,1644462fb7342dd347720bdcd49d60da51c9059b6631034414692587731ea278,facial_closeup,train,-1,-1,-1,-1,-1
a27565597ba5d44b,/Users/aryanmalla/PycharmProjects/Skin-Care-AI/dataset_sources/extracted/facial_skin_concerns/dataset/Redness/seed0032_png.rf.643b9d13128780397f08774c315d8f31.jpg,facial_skin_concerns,Redness,24d031764fbb44175c6721ab6ca9c56102a5dc77784c8c62c8edbbb86fdd574b,facial_closeup,train,1,-1,1,-1,-1
d3fc73d482f8e543,/Users/aryanmalla/PycharmProjects/Skin-Care-AI/dataset_sources/extracted/facial_skin_concerns/dataset/Redness/6ac5252a-redness-297_jpg.rf.1f0ba9d7b4bba2b66ec4232db23545e3.jpg,facial_skin_concerns,Redness,8379c0ba78ccc9bff0f8ac64d5d6de5b792c042255dbe6cdc5bf8c1f7498fd0f,facial_closeup,train,-1,-1,1,-1,-1
82781ea51f7c1f82,/Users/aryanmalla/PycharmProjects/Skin-Care-AI/dataset/Conditions/Dark Spot/7b4d3873-22e1-4966-8d52-3f22d7ce46f9.jpg,existing_conditions,Dark Spot,dup_00868,full_face,train,-1,-1,-1,-1,-1
dbd119c3b9abad86,/Users/aryanmalla/PycharmProjects/Skin-Care-AI/dataset_sources/extracted/facial_skin_concerns/dataset/pores/-8_PNG_jpg.rf.31406912e14e9e3663eb9150fa3dca55.jpg,facial_skin_concerns,pores,dup_03928,facial_closeup,train,-1,-1,-1,-1,-1
eafbf72e1b9de861,/Users/aryanmalla/PycharmProjects/Skin-Care-AI/dataset_sources/extracted/facial_skin_concerns/dataset/wrinkles/Wrinkles_14_jpeg.rf.5d2e83426e3ed7200a97cda601d1a5f4.jpg,facial_skin_concerns,wrinkles,dup_04226,facial_closeup,train,-1,-1,-1,-1,1
b880f9d1aba30550,/Users/aryanmalla/PycharmProjects/Skin-Care-AI/dataset_sources/extracted/facial_skin_concerns/dataset/wrinkles/587c120e4f34f605445d3100b462decb_jpg.rf.4b9f02efb828757fe65ff3a4e01b0b00.jpg,facial_skin_concerns,wrinkles,dup_04117,full_face,train,-1,-1,-1,-1,1
466cff2292b4c708,/Users/aryanmalla/PycharmProjects/Skin-Care-AI/dataset_sources/extracted/facial_skin_concerns/dataset/inflammatory acne/acne50.png,facial_skin_concerns,inflammatory acne,dup_02043,full_face,train,1,-1,1,-1,-1
dda5da8ffb201d78,/Users/aryanmalla/PycharmProjects/Skin-Care-AI/dataset_sources/extracted/acne04/acne1_1024/levle1_599.jpg,acne04_level1,acne1_1024,56f7dac82831e01f193f4edbe1e91ac4fe31aa01bab3be7943209cf62f854957,full_face,train,1,-1,1,1,0
d7f8f8df7afb6f9f,/Users/aryanmalla/PycharmProjects/Skin-Care-AI/dataset/Conditions/Acne/acne99.png,existing_conditions,Acne,dup_02048,facial_closeup,train,1,0,1,0,0
d06010245a4fb15e,/Users/aryanmalla/PycharmProjects/Skin-Care-AI/dataset_sources/extracted/acne04/acne3_1024/levle3_43.jpg,acne04_level3,acne3_1024,6b725646276775f98b2a55cacabfc0b77b58005ec8d7ebbbe9805030616d0bf2,facial_closeup,train,1,-1,1,-1,-1
e4550febf27923dc,/Users/aryanmalla/PycharmProjects/Skin-Care-AI/dataset/Conditions/Rosacea/07rosacea010206OK.jpeg,existing_conditions,Rosacea,3106bb066aaa168c9fdef208fc1dd52b47823038a2beaa4546c0b5a8c46e8fdb,facial_closeup,train,-1,-1,-1,-1,-1
67f2adfbb22d087d,/Users/aryanmalla/PycharmProjects/Skin-Care-AI/dataset_sources/extracted/facial_skin_concerns/dataset/Redness/seed0698_png.rf.f010b01b68d16162d8d183fa00a3238b.jpg,facial_skin_concerns,Redness,dup_00004,facial_closeup,train,1,-1,1,-1,-1
8b088209bcc54f24,/Users/aryanmalla/PycharmProjects/Skin-Care-AI/dataset_sources/extracted/facial_skin_concerns/dataset/wrinkles/wrinkle178.png,facial_skin_concerns,wrinkles,6bb70bf4d8b5f8b56c2f5b3e23d473d1894a44425dea4ae03e1a1429689e3f27,full_face,train,-1,-1,-1,-1,1
cd5494938ff38fe0,/Users/aryanmalla/PycharmProjects/Skin-Care-AI/dataset_sources/extracted/facial_skin_concerns/dataset/pores/20_PNG_jpg.rf.f1b79953a7fd6d2a43290530c568533f.jpg,facial_skin_concerns,pores,dup_03937,facial_closeup,train,-1,1,-1,-1,-1
9942cd13e5193119,/Users/aryanmalla/PycharmProjects/Skin-Care-AI/dataset_sources/extracted/acne04/acne1_1024/levle1_18.jpg,acne04_level1,acne1_1024,94965aedd53525417fc71c20af5db8c0148910d0918869a0e89ae2ef398e2613,facial_closeup,train,1,1,1,-1,-1
a551c9345890693f,/Users/aryanmalla/PycharmProjects/Skin-Care-AI/dataset_sources/extracted/facial_skin_concerns/dataset/Redness/combination_-_ccb7426c5e33a4633ce1_jpg.rf.fc94f109a0fd285c3f43947ce07a492e.jpg,facial_skin_concerns,Redness,dup_03431,facial_closeup,train,0,0,0,0,0
049b0a6e87f42199,/Users/aryanmalla/PycharmProjects/Skin-Care-AI/dataset_sources/extracted/acne04/acne1_1024/levle1_375.jpg,acne04_level1,acne1_1024,3126404e91fbfa8babccd5be3bfb146976ac3b0b06f28f80766b1a67314c4d49,full_face,train,1,0,1,1,1
2c376bb019b61b8b,/Users/aryanmalla/PycharmProjects/Skin-Care-AI/dataset_sources/extracted/facial_skin_concerns/dataset/wrinkles/wrinkles95.png,facial_skin_concerns,wrinkles,bded34a480b2db14b0d94bf3b616e18f0bc6a1563a0cfda35fbcbc6b253c4312,full_face,train,-1,-1,-1,-1,1
51e236ac3b73f2e3,/Users/aryanmalla/PycharmProjects/Skin-Care-AI/dataset_sources/extracted/facial_skin_concerns/dataset/wrinkles/57_jpg.rf.c0d7197364e0187ef574fcfe82a2303f.jpg,facial_skin_concerns,wrinkles,dup_04112,facial_closeup,train,-1,-1,-1,-1,1
e454aa39c001ad4e,/Users/aryanmalla/PycharmProjects/Skin-Care-AI/dataset_sources/extracted/facial_skin_concerns/dataset/dark spots/39_jpg.rf.4abb3739cc575153f52906d1a119e8f8.jpg,facial_skin_concerns,dark spots,dup_00178,facial_closeup,train,-1,1,-1,-1,-1
a6332183806e923f,/Users/aryanmalla/PycharmProjects/Skin-Care-AI/dataset_sources/extracted/acne04/acne1_1024/levle1_7.jpg,acne04_level1,acne1_1024,82589e912a92fa81f138034ee94ec6730d8cea3dbdbaf7ad9f6331e8c935ff62,facial_closeup,train,1,-1,1,-1,-1
c88375015a3b690d,/Users/aryanmalla/PycharmProjects/Skin-Care-AI/dataset_sources/extracted/acne04/acne1_1024/levle1_638.jpg,acne04_level1,acne1_1024,3ad717e0d9c75e8f5b0a77b9e51683a7713e8047b5b23ccf0762962744082644,facial_closeup,train,1,1,1,-1,0
c61808fea8908eb6,/Users/aryanmalla/PycharmProjects/Skin-Care-AI/dataset/Conditions/Acne/acne115.png,existing_conditions,Acne,dup_02017,facial_closeup,train,1,1,1,1,0
1328e1a0dc3dc0e6,/Users/aryanmalla/PycharmProjects/Skin-Care-AI/dataset_sources/extracted/acne04/acne3_1024/levle3_126.jpg,acne04_level3,acne3_1024,0caa3398026ecfbaa7cf57813e4d1b5395a08c3d2977afc198fd2ace21bd473e,facial_closeup,train,1,-1,1,-1,0
cd67a45dcd7c1c3f,/Users/aryanmalla/PycharmProjects/Skin-Care-AI/dataset/Conditions/Rosacea/Rosacea_113.jpg,existing_conditions,Rosacea,dup_03160,facial_closeup,train,-1,-1,-1,-1,-1
4d5c79cda8a2a8c5,/Users/aryanmalla/PycharmProjects/Skin-Care-AI/dataset_sources/extracted/facial_skin_concerns/dataset/Redness/seed0441_png.rf.4cfff19ea8a146f0080086043e3d0220.jpg,facial_skin_concerns,Redness,c7b474650dbaa0d480e7f130f25ea5a25e217bb7b3a83a21c0d87d767053bd5d,facial_closeup,train,1,-1,-1,-1,-1
2c3e19bfebad5291,/Users/aryanmalla/PycharmProjects/Skin-Care-AI/dataset/Conditions/Dark Spot/d01572b7-9a7c-41f9-866e-b6e134320f34.jpg,existing_conditions,Dark Spot,dup_00288,facial_closeup,train,1,1,-1,-1,-1
0261286569605175,/Users/aryanmalla/PycharmProjects/Skin-Care-AI/dataset_sources/extracted/facial_skin_concerns/dataset/inflammatory acne/R (21).jpg,facial_skin_concerns,inflammatory acne,dup_01081,facial_closeup,train,1,1,1,1,0
5e41a47d72ae38d8,/Users/aryanmalla/PycharmProjects/Skin-Care-AI/dataset_sources/extracted/acne04/acne1_1024/levle1_161.jpg,acne04_level1,acne1_1024,bbefdb8453e73439abed653391431fb1b0ff57fb10a31fb2a6148337ab96072f,facial_closeup,train,1,0,1,-1,0
2e62da58906c3bb5,/Users/aryanmalla/PycharmProjects/Skin-Care-AI/dataset_sources/extracted/facial_skin_concerns/dataset/Redness/combination_-_ccb7426c5e33a4633ce1_jpg.rf.7f980b3ea448e3bf9c595043f7f9d608.jpg,facial_skin_concerns,Redness,dup_03431,facial_closeup,train,0,0,0,0,0
4b26de0ce675b742,/Users/aryanmalla/PycharmProjects/Skin-Care-AI/dataset_sources/extracted/facial_skin_concerns/dataset/pigmentation/IMG_2909_jpg.rf.b797dd81d11f34e4a2996ee334aa4570.jpg,facial_skin_concerns,pigmentation,dup_03909,full_face,train,-1,-1,-1,-1,-1
b97eeb6e90e3407b,/Users/aryanmalla/PycharmProjects/Skin-Care-AI/dataset_sources/extracted/facial_skin_concerns/dataset/wrinkles/3_jpg.rf.91278f0bdb35d37ca3dd71ea6b564350.jpg,facial_skin_concerns,wrinkles,dup_00241,facial_closeup,train,-1,-1,-1,-1,1
bf2562d64009c147,/Users/aryanmalla/PycharmProjects/Skin-Care-AI/dataset_sources/extracted/facial_skin_concerns/dataset/pigmentation/1_0_3862_jpeg.rf.7b2edd923792781bb3e9029a39bc99ad.jpg,facial_skin_concerns,pigmentation,52d7d84fe0353a5a600cdf77a30e1517252fa9c436bc7a4a85faaa49968e95c0,facial_closeup,train,-1,-1,-1,-1,-1
6b4d1c388b446648,/Users/aryanmalla/PycharmProjects/Skin-Care-AI/dataset_sources/extracted/facial_skin_concerns/dataset/wrinkles/wrinkles94.png,facial_skin_concerns,wrinkles,36e81b709eff7948152b4228a26fbbf6f682076aeba9bdf8de5b08f9babce059,full_face,train,-1,-1,-1,-1,1
0f43fd3e13b91b05,/Users/aryanmalla/PycharmProjects/Skin-Care-AI/dataset/Conditions/Dark Spot/46.jpg,existing_conditions,Dark Spot,dup_02114,full_face,train,-1,-1,-1,-1,-1
b6e8dc07d11332c0,/Users/aryanmalla/PycharmProjects/Skin-Care-AI/dataset/Conditions/Rosacea/Rosacea_359.jpg,existing_conditions,Rosacea,2719923f36a0f20a41489a5cb2266bcf16070a8e49101edd0b01cd28cd844693,facial_closeup,train,-1,-1,1,-1,-1
d217c0d3ac2a078d,/Users/aryanmalla/PycharmProjects/Skin-Care-AI/dataset/Conditions/Dark Spot/7f18933e-9889-4115-8c87-d5cf3b787f99.jpg,existing_conditions,Dark Spot,85057ce9292879c1f2ce543c6ca4dcdc32e5b0c9fd467aee6436f84d738e47fc,facial_closeup,train,-1,-1,-1,-1,-1
5e14212ee1826d1f,/Users/aryanmalla/PycharmProjects/Skin-Care-AI/dataset/Conditions/Dark Spot/ea45b08a-f7e8-4fd0-89ee-88f643a52289.jpg,existing_conditions,Dark Spot,dup_02130,facial_closeup,train,0,0,0,-1,-1
7021cbcaefe1cac7,/Users/aryanmalla/PycharmProjects/Skin-Care-AI/dataset_sources/extracted/acne04/acne1_1024/levle1_25.jpg,acne04_level1,acne1_1024,710bd4623c8f8e0449c0fb32311fef7655edfa188733ff57552701c7a31cba00,facial_closeup,train,1,0,1,-1,-1
8fa46054905dbd1b,/Users/aryanmalla/PycharmProjects/Skin-Care-AI/dataset_sources/extracted/facial_skin_concerns/dataset/wrinkles/wrinkles207.png,facial_skin_concerns,wrinkles,a0758e58cdb3aaa08b1261bce37a460772ed4199b7a10cc4ef2dafd0bebe8180,full_face,train,-1,-1,-1,-1,1
1ac3f1d98e7854b6,/Users/aryanmalla/PycharmProjects/Skin-Care-AI/dataset_sources/extracted/facial_skin_concerns/dataset/Redness/combination_-_8cb7d464df2c970e85aa_jpg.rf.ed12d7d872db3694278653882d21b087.jpg,facial_skin_concerns,Redness,dup_00201,facial_closeup,train,-1,-1,-1,-1,-1
df9c4bf08beb7480,/Users/aryanmalla/PycharmProjects/Skin-Care-AI/dataset_sources/extracted/facial_skin_concerns/dataset/Redness/face-0025_jpg.rf.c70fe23191ecf2d736af68de28bc5021.jpg,facial_skin_concerns,Redness,9e34ef0f6253fe232c2810b0f0ca28f439db9533b5dddd65273e948e9e1383c6,facial_closeup,train,-1,-1,1,-1,-1
63614f0c3bb9ef11,/Users/aryanmalla/PycharmProjects/Skin-Care-AI/dataset_sources/extracted/facial_skin_concerns/dataset/wrinkles/9_jpeg_jpg.rf.b64fdc3199e861e8081afe4def1e3bce.jpg,facial_skin_concerns,wrinkles,dup_00696,full_face,train,-1,-1,-1,-1,0
ecc6efcebee5046d,/Users/aryanmalla/PycharmProjects/Skin-Care-AI/dataset/Conditions/Dark Spot/3abac4b8-0219-4f6e-a2fb-732b5f7b91ed.jpg,existing_conditions,Dark Spot,dup_00178,facial_closeup,train,0,0,0,-1,-1
949314dca544a089,/Users/aryanmalla/PycharmProjects/Skin-Care-AI/dataset_sources/extracted/acne04/acne3_1024/levle3_103.jpg,acne04_level3,acne3_1024,05469429acb2afe4097aac247966b2bde399a5ac70ca7fabca6af0d767e1509d,facial_closeup,train,1,1,1,-1,-1
249868fab934726f,/Users/aryanmalla/PycharmProjects/Skin-Care-AI/dataset_sources/extracted/acne04/acne2_1024/levle2_65.jpg,acne04_level2,acne2_1024,a872ac0e50efb2c670cfa9587650b6ea3803a38e4c8c2075f79c81a0f95194e9,facial_closeup,train,1,1,1,-1,-1
8555eecaf0b3216c,/Users/aryanmalla/PycharmProjects/Skin-Care-AI/dataset_sources/extracted/acne04/acne3_1024/levle3_14.jpg,acne04_level3,acne3_1024,c44027237e36db9ef140756b38bbb057556cf8d26cdd34839de250e83210124e,facial_closeup,train,1,1,1,-1,0
ad018b81a09295cf,/Users/aryanmalla/PycharmProjects/Skin-Care-AI/dataset_sources/extracted/facial_skin_concerns/dataset/Redness/front28_jpg.rf.e018e5b594ddbf1e71bd95dc6d647183.jpg,facial_skin_concerns,Redness,e4f72c862ca4ade185ab0f7a3e2c02747076bb76712a97c0529581301341fbc3,facial_closeup,train,1,-1,1,-1,-1
97f9464924439467,/Users/aryanmalla/PycharmProjects/Skin-Care-AI/dataset_sources/extracted/facial_skin_concerns/dataset/wrinkles/wrinkles64.png,facial_skin_concerns,wrinkles,57545ed94fa02cb986c845c6248af7789b81ee5f4a5530498b40b184aa0eecf4,facial_closeup,train,-1,-1,-1,-1,1
a738f07010f5bca4,/Users/aryanmalla/PycharmProjects/Skin-Care-AI/dataset/Conditions/Dark Spot/9d786d72-fcfd-426d-b40b-5af6decf4362.jpg,existing_conditions,Dark Spot,dup_00185,facial_closeup,train,-1,1,-1,-1,-1
3f2a6d3bf968ca8b,/Users/aryanmalla/PycharmProjects/Skin-Care-AI/dataset_sources/extracted/acne04/acne3_1024/levle3_94.jpg,acne04_level3,acne3_1024,059ee9bfa5a7f8a26b3e88cd71ae373c6c569fc179da3501cd8dc62d843c13d8,full_face,train,1,1,1,-1,-1
c91361a5136b9207,/Users/aryanmalla/PycharmProjects/Skin-Care-AI/dataset_sources/extracted/acne04/acne3_1024/levle3_38.jpg,acne04_level3,acne3_1024,9f72e46b19ffb10053e495e6c95d47ce4b60fa70581e522e0ff9c8d2c33c8e92,facial_closeup,train,1,0,1,1,0
7580bae96d84e6c1,/Users/aryanmalla/PycharmProjects/Skin-Care-AI/dataset_sources/extracted/facial_skin_concerns/dataset/Redness/seed0906_png.rf.39d743ae0b79cbaf95ebb8717042e5be - Copy - Copy.jpg,facial_skin_concerns,Redness,dup_01055,facial_closeup,train,1,-1,1,-1,-1
595c022f13007b87,/Users/aryanmalla/PycharmProjects/Skin-Care-AI/dataset_sources/extracted/facial_skin_concerns/dataset/Redness/combination_-_5e9b1c6b02764f2c2259_jpg.rf.fcdb0cac7ace83af6b2a838cb03f2893.jpg,facial_skin_concerns,Redness,dup_03428,facial_closeup,train,-1,-1,-1,-1,-1
9d32b5d2a830866d,/Users/aryanmalla/PycharmProjects/Skin-Care-AI/dataset/Conditions/Rosacea/Rosacea_372.jpg,existing_conditions,Rosacea,cb5a75de31f77afa193c796d562266ae94eca5906248ab2197d151211c17b446,facial_closeup,train,1,-1,1,-1,-1
3c385d10ee39a64c,/Users/aryanmalla/PycharmProjects/Skin-Care-AI/dataset/Conditions/Dark Spot/97e3e72c-8460-4110-80bb-caf372c7c05e.jpg,existing_conditions,Dark Spot,dup_00420,full_face,train,-1,-1,-1,-1,-1
79732433be8ce122,/Users/aryanmalla/PycharmProjects/Skin-Care-AI/dataset_sources/extracted/acne04/acne3_1024/levle3_49.jpg,acne04_level3,acne3_1024,807ad7dedc72187357ff87cc7d7600fca68f50812c490b0ba86d8397b895c123,full_face,train,1,0,0,1,0
da4d98e8726054ee,/Users/aryanmalla/PycharmProjects/Skin-Care-AI/dataset/Conditions/Dark Spot/572e21f5-c1e3-40a5-b90a-ef122a2c898f.jpg,existing_conditions,Dark Spot,dup_00858,facial_closeup,train,-1,-1,-1,-1,-1
05ea4c2d855ca88c,/Users/aryanmalla/PycharmProjects/Skin-Care-AI/dataset_sources/extracted/acne04/acne2_1024/levle2_182.jpg,acne04_level2,acne2_1024,12fce09ba1055b62ad650c303c77064235cc0749e55fa09721c3c4c171b9650b,full_face,train,1,0,1,0,0
fe4ddaeb22f720fe,/Users/aryanmalla/PycharmProjects/Skin-Care-AI/dataset_sources/extracted/facial_skin_concerns/dataset/wrinkles/wrinkles45.png,facial_skin_concerns,wrinkles,dup_03354,full_face,train,-1,-1,-1,-1,1
3a62bcf183b463c5,/Users/aryanmalla/PycharmProjects/Skin-Care-AI/dataset_sources/extracted/facial_skin_concerns/dataset/pores/-9_PNG_jpg.rf.3a0ef0af41b683a4e1d06a39b403772e.jpg,facial_skin_concerns,pores,dup_01219,facial_closeup,train,-1,-1,-1,0,-1
e0fbb61985667f2b,/Users/aryanmalla/PycharmProjects/Skin-Care-AI/dataset_sources/extracted/facial_skin_concerns/dataset/wrinkles/wrinkles198.png,facial_skin_concerns,wrinkles,8a2fb082cf93f710a9077fb300f8b19eb22b08c7fff90a7da4b10820b998d37f,facial_closeup,train,-1,-1,-1,-1,1
852a4875c739247f,/Users/aryanmalla/PycharmProjects/Skin-Care-AI/dataset_sources/extracted/facial_skin_concerns/dataset/Redness/seed0054_png.rf.3d29f88c8b7605262f229e4e1c2af5c6.jpg,facial_skin_concerns,Redness,f031aa952a6e7f8fb58dfdf2062729e3e03307e1b0b048cf1c34a0969c3a2456,facial_closeup,train,1,-1,-1,-1,-1
32ecc7c6ba765d5e,/Users/aryanmalla/PycharmProjects/Skin-Care-AI/dataset_sources/extracted/facial_skin_concerns/dataset/inflammatory acne/acne189.png,facial_skin_concerns,inflammatory acne,dup_00812,full_face,train,1,1,1,1,0
4c1bd769f9f67cef,/Users/aryanmalla/PycharmProjects/Skin-Care-AI/dataset_sources/extracted/acne04/acne2_1024/levle2_60.jpg,acne04_level2,acne2_1024,c26f945afaa43ef9f38bfe89f71ead7eb77f01281352f8e835f5430a934e68e7,facial_closeup,train,1,1,1,-1,-1
4256be0d4c4573e2,/Users/aryanmalla/PycharmProjects/Skin-Care-AI/dataset_sources/extracted/facial_skin_concerns/dataset/Redness/seed0645_png.rf.8dde6198ace6bf1247a72e53662b42b0.jpg,facial_skin_concerns,Redness,eae5650bec5c753f82d67edcbe11109edd27ac6a733ad3e984604e0ca29fc945,facial_closeup,train,1,-1,1,-1,-1
2308fef2441119ab,/Users/aryanmalla/PycharmProjects/Skin-Care-AI/dataset_sources/extracted/facial_skin_concerns/dataset/inflammatory acne/acne103.png,facial_skin_concerns,inflammatory acne,dup_02014,facial_closeup,train,1,-1,1,-1,-1
bbeb9065f0ae23de,/Users/aryanmalla/PycharmProjects/Skin-Care-AI/dataset_sources/extracted/facial_skin_concerns/dataset/wrinkles/26563_png_jpg.rf.6e2cb0eae20603755aae1db45dd4c3fc.jpg,facial_skin_concerns,wrinkles,dup_04030,facial_closeup,train,-1,1,-1,-1,-1
0ad2c23d0204103a,/Users/aryanmalla/PycharmProjects/Skin-Care-AI/dataset_sources/extracted/facial_skin_concerns/dataset/wrinkles/wrinkles55.png,facial_skin_concerns,wrinkles,5e7781637263d93216a95f0fdd4ab9282dacc778aed362a46745acae57b563f6,facial_closeup,train,-1,-1,-1,-1,1
b4d28a07a111d39c,/Users/aryanmalla/PycharmProjects/Skin-Care-AI/dataset_sources/extracted/facial_skin_concerns/dataset/inflammatory acne/levle1_15_jpg.rf.14aa63cc6a6c36d80ff77444129723d3 - Copy.jpg,facial_skin_concerns,inflammatory acne,dup_03611,full_face,train,1,-1,1,-1,0
40c8d23f2c199db2,/Users/aryanmalla/PycharmProjects/Skin-Care-AI/dataset_sources/extracted/facial_skin_concerns/dataset/dark spots/melasma40_jpg.rf.6f38df4b9fe6ff38e84ce55972dfdb12.jpg,facial_skin_concerns,dark spots,dup_03482,facial_closeup,train,-1,-1,-1,-1,-1
6178db123e06333b,/Users/aryanmalla/PycharmProjects/Skin-Care-AI/dataset/Conditions/Dark Spot/92d51c3d-40f5-42c4-9721-2af45d3691e0.jpg,existing_conditions,Dark Spot,dup_00876,facial_closeup,train,-1,-1,-1,-1,-1
492b69263682e449,/Users/aryanmalla/PycharmProjects/Skin-Care-AI/dataset/Conditions/Dark Spot/a9a346a2-5870-43d7-b11a-9b89352d011f.jpg,existing_conditions,Dark Spot,dup_00880,facial_closeup,train,-1,-1,-1,-1,-1
d65d66d03d7e9b5f,/Users/aryanmalla/PycharmProjects/Skin-Care-AI/dataset_sources/extracted/facial_skin_concerns/dataset/wrinkles/56_jpg.rf.835c20beceff5181d849bd896a1ffe03.jpg,facial_skin_concerns,wrinkles,dup_01315,full_face,train,-1,-1,-1,-1,1
83fb4e930d79ef82,/Users/aryanmalla/PycharmProjects/Skin-Care-AI/dataset/Conditions/Dark Spot/16.jpg,existing_conditions,Dark Spot,dup_00838,facial_closeup,train,-1,-1,-1,-1,-1
05172af0abbeb5f6,/Users/aryanmalla/PycharmProjects/Skin-Care-AI/dataset_sources/extracted/facial_skin_concerns/dataset/dark spots/spots44.png,facial_skin_concerns,dark spots,583c77d9ad98a89faf640f6e144ca931143c22c188ae5df15ab92cf590e094d0,facial_closeup,train,-1,1,-1,-1,-1
b33e0d6afdfa7d87,/Users/aryanmalla/PycharmProjects/Skin-Care-AI/dataset_sources/extracted/facial_skin_concerns/dataset/wrinkles/97_jpg.rf.55195991bfa77e2a45a2f95fad3e3d96.jpg,facial_skin_concerns,wrinkles,dup_00695,full_face,train,-1,-1,-1,-1,1
30bf6d1eb8e19232,/Users/aryanmalla/PycharmProjects/Skin-Care-AI/dataset/Conditions/Rosacea/3609__ProtectWyJQcm90ZWN0Il0_FocusFillWzI5NCwyMjIsIngiLDFd.jpeg,existing_conditions,Rosacea,2ea652ea7b7a4bb07c743ef672453a7212afcbac75d15af1e43e73d9c3765b0c,facial_closeup,train,-1,-1,-1,-1,-1
7517fdf70932f608,/Users/aryanmalla/PycharmProjects/Skin-Care-AI/dataset_sources/extracted/acne04/acne3_1024/levle3_107.jpg,acne04_level3,acne3_1024,7edeeed58a5bc7eb114f37f00ce291b832b8ec3ad4f0efc609de01b3b127998a,facial_closeup,train,1,1,1,-1,-1
27c02b654c6faf5e,/Users/aryanmalla/PycharmProjects/Skin-Care-AI/dataset_sources/extracted/acne04/acne2_1024/levle2_143.jpg,acne04_level2,acne2_1024,02441d8d8734e766dec90cb2e04954ae8d0c4b736f5df43bf00f3ad64df77287,full_face,train,1,1,1,1,0
433d5439dfc51bff,/Users/aryanmalla/PycharmProjects/Skin-Care-AI/dataset_sources/extracted/facial_skin_concerns/dataset/wrinkles/Wrinkles_5_jpeg.rf.55eca89db54456840e2bdf73fe34b57e.jpg,facial_skin_concerns,wrinkles,dup_00196,facial_closeup,train,-1,-1,-1,-1,1
d35bfe639ceb0441,/Users/aryanmalla/PycharmProjects/Skin-Care-AI/dataset_sources/extracted/facial_skin_concerns/dataset/wrinkles/18588_png_jpg.rf.8a2ddf4d7e77250bbe25abe5f8e3e23f.jpg,facial_skin_concerns,wrinkles,dup_04018,facial_closeup,train,-1,-1,-1,-1,1
cbaf8b5ad8ab3d30,/Users/aryanmalla/PycharmProjects/Skin-Care-AI/dataset/Conditions/Rosacea/Rosacea_221.jpg,existing_conditions,Rosacea,be514501a7aecb78520818f800ea7cd31b9bea3000d204177b5daf83f9192507,facial_closeup,train,-1,-1,1,-1,-1
dde54eab72b5dda5,/Users/aryanmalla/PycharmProjects/Skin-Care-AI/dataset_sources/extracted/facial_skin_concerns/dataset/wrinkles/265_jpeg_jpg.rf.52f6f70f70c6e44a964dff7f2fa2f434.jpg,facial_skin_concerns,wrinkles,dup_01301,full_face,train,-1,-1,-1,-1,1
55e0aecd28ae2a3e,/Users/aryanmalla/PycharmProjects/Skin-Care-AI/dataset_sources/extracted/facial_skin_concerns/dataset/wrinkles/60_png.rf.6a0dcfa6853206cbd36785297e8fe660.jpg,facial_skin_concerns,wrinkles,dup_00689,full_face,train,-1,-1,-1,-1,1
4d1065ea195bd988,/Users/aryanmalla/PycharmProjects/Skin-Care-AI/dataset_sources/extracted/acne04/acne2_1024/levle2_16.jpg,acne04_level2,acne2_1024,c86ba11ad663afe014b38badf40e63642fd91cec79c96b5601674b4083f79de3,facial_closeup,train,1,1,1,-1,-1
3714db959c5443b5,/Users/aryanmalla/PycharmProjects/Skin-Care-AI/dataset_sources/extracted/facial_skin_concerns/dataset/wrinkles/26_jpg.rf.1002b41b2e7a50b701b34da30b4b5058.jpg,facial_skin_concerns,wrinkles,dup_04035,facial_closeup,train,-1,-1,-1,-1,1
7c61ef7d39e404d9,/Users/aryanmalla/PycharmProjects/Skin-Care-AI/dataset_sources/extracted/facial_skin_concerns/dataset/dark spots/spots88.png,facial_skin_concerns,dark spots,dup_03499,facial_closeup,train,1,-1,1,-1,-1
09bb1c2629ff3b91,/Users/aryanmalla/PycharmProjects/Skin-Care-AI/dataset_sources/extracted/facial_skin_concerns/dataset/Redness/various_selfie-skin-with-many-pores_03f7e09badf3674be190_jpg.rf.5ab55c2b95be7feb2d58b5538d3d3989.jpg,facial_skin_concerns,Redness,6e94cc9746949699c5349df48b763408b4f35a6ba83c077d18c715b293c15605,facial_closeup,train,-1,-1,-1,-1,-1
1925c0274c3dca66,/Users/aryanmalla/PycharmProjects/Skin-Care-AI/dataset/Conditions/Rosacea/rosacea-105.jpeg,existing_conditions,Rosacea,b1ee69bbe14e4be3e91dbc86237725ce9c16df79ff29825e65491495b378df99,full_face,train,1,-1,1,-1,-1
e6ef7830274c6f55,/Users/aryanmalla/PycharmProjects/Skin-Care-AI/dataset_sources/extracted/facial_skin_concerns/dataset/Redness/seed0570_png.rf.bd2f0734eceff0d5df9156964b66e97a.jpg,facial_skin_concerns,Redness,dup_00004,facial_closeup,train,1,-1,1,-1,-1
68cbe0f75c72759f,/Users/aryanmalla/PycharmProjects/Skin-Care-AI/dataset/Conditions/Dark Spot/ff7e81f3-a740-4d2e-9f37-908cecc840b6.jpg,existing_conditions,Dark Spot,31ce346afe5607cfa447910bfde75aa4c4d5afd22a1a21ed2ed82e118c95d2dc,facial_closeup,train,-1,1,-1,-1,-1
8126105a727c2b1c,/Users/aryanmalla/PycharmProjects/Skin-Care-AI/dataset/Conditions/Dark Spot/9f2c3594-5a2b-4502-9872-54b0fa60adf5.jpg,existing_conditions,Dark Spot,dup_00879,facial_closeup,train,-1,-1,-1,-1,-1
c3c21ec264f7b383,/Users/aryanmalla/PycharmProjects/Skin-Care-AI/dataset_sources/extracted/acne04/acne3_1024/levle3_21.jpg,acne04_level3,acne3_1024,9c09e995d224e8c943f0fd904d2677425a11700295356daa63626bbc2dcba63b,facial_closeup,train,1,-1,1,-1,-1
9f64840f0071ff3c,/Users/aryanmalla/PycharmProjects/Skin-Care-AI/dataset_sources/extracted/facial_skin_concerns/dataset/pores/71_PNG_jpg.rf.5d9ac770648854e24a20855f78b810c7.jpg,facial_skin_concerns,pores,dup_01275,facial_closeup,train,-1,-1,-1,-1,-1
a937bad4ace1b018,/Users/aryanmalla/PycharmProjects/Skin-Care-AI/dataset_sources/extracted/facial_skin_concerns/dataset/wrinkles/wrinkles99.png,facial_skin_concerns,wrinkles,b56a364e94f501ef1346f19995b23ebfb70a4cf575766fe96f31acc29c707667,full_face,train,-1,-1,-1,-1,1
be5df20294336509,/Users/aryanmalla/PycharmProjects/Skin-Care-AI/dataset_sources/extracted/facial_skin_concerns/dataset/dark spots/spots179.png,facial_skin_concerns,dark spots,6db6b93c7ba85ce7775d6232c552a53c062881d669a594ca2635e31f2fbc2c39,facial_closeup,train,0,-1,-1,-1,-1
d0358ea84d823903,/Users/aryanmalla/PycharmProjects/Skin-Care-AI/dataset/Conditions/Acne/acne100.png,existing_conditions,Acne,dup_02013,facial_closeup,train,1,-1,1,-1,-1
f1a0e9bc67061b17,/Users/aryanmalla/PycharmProjects/Skin-Care-AI/dataset_sources/extracted/facial_skin_concerns/dataset/wrinkles/4_jpg.rf.0423fc1c5ef0c0e8bdb3955560edfe61.jpg,facial_skin_concerns,wrinkles,dup_00022,facial_closeup,train,-1,-1,-1,-1,1
9cca51ff1721f8dc,/Users/aryanmalla/PycharmProjects/Skin-Care-AI/dataset_sources/extracted/acne04/acne3_1024/levle3_93.jpg,acne04_level3,acne3_1024,56d1a3f4cba8658831a1ab956c6114ffce78ba4c9849221018485f41aef87602,facial_closeup,train,1,1,1,1,0
0a7b528bb7e2b8a2,/Users/aryanmalla/PycharmProjects/Skin-Care-AI/dataset_sources/extracted/facial_skin_concerns/dataset/inflammatory acne/Bells-Palsy-1_jpg.rf.5a73d1fea143325f493eecaa8308522e - Copy.jpg,facial_skin_concerns,inflammatory acne,dup_03504,facial_closeup,train,1,-1,1,-1,-1
2cf5881b19498aab,/Users/aryanmalla/PycharmProjects/Skin-Care-AI/dataset_sources/extracted/facial_skin_concerns/dataset/wrinkles/wrinkles115.png,facial_skin_concerns,wrinkles,1c416d802007893e689d6588f1f046739d4e86ec4c7985b4c13aa8a3ace414e7,facial_closeup,train,-1,-1,-1,-1,1
e9a0fc14291f5744,/Users/aryanmalla/PycharmProjects/Skin-Care-AI/dataset_sources/extracted/facial_skin_concerns/dataset/wrinkles/Wrinkles_158_jpeg.rf.c58e09192206969e394cf6ae2c5484e9.jpg,facial_skin_concerns,wrinkles,dup_04228,facial_closeup,train,-1,-1,-1,-1,1
bda1ef6a09dd1fa0,/Users/aryanmalla/PycharmProjects/Skin-Care-AI/dataset/Conditions/Rosacea/Rosacea_368.jpg,existing_conditions,Rosacea,dup_03162,facial_closeup,train,1,-1,1,-1,-1
7ef207bc6e5068a3,/Users/aryanmalla/PycharmProjects/Skin-Care-AI/dataset/Conditions/Rosacea/rosacea-0022__ProtectWyJQcm90ZWN0Il0_FocusFillWzI5NCwyMjIsIngiLDFd.jpeg,existing_conditions,Rosacea,ff7234ee57e0bcd1d2f454336723f379584fd7fe8ace86adc3e4bcb3b4a3a98b,facial_closeup,train,1,-1,1,-1,-1
41f96afe4972ab19,/Users/aryanmalla/PycharmProjects/Skin-Care-AI/dataset_sources/extracted/facial_skin_concerns/dataset/wrinkles/26664_png_jpg.rf.6c0441c95ff751ff0610e93fdf58d011.jpg,facial_skin_concerns,wrinkles,dup_04031,facial_closeup,train,-1,-1,-1,-1,1
57ea9485b8195437,/Users/aryanmalla/PycharmProjects/Skin-Care-AI/dataset_sources/extracted/facial_skin_concerns/dataset/wrinkles/21074_png_jpg.rf.370827383c7ff453eb69c5883e4350ee.jpg,facial_skin_concerns,wrinkles,dup_04020,facial_closeup,train,-1,-1,-1,-1,0
ee06edc4759c9519,/Users/aryanmalla/PycharmProjects/Skin-Care-AI/dataset_sources/extracted/acne04/acne1_1024/levle1_403.jpg,acne04_level1,acne1_1024,2bb033c3d8fb55f0f76db33cdb49a8bc605a8cf396d5c1b7814e264c29032877,facial_closeup,train,1,1,0,1,0
d34d6ab6a0deae6b,/Users/aryanmalla/PycharmProjects/Skin-Care-AI/dataset_sources/extracted/facial_skin_concerns/dataset/wrinkles/49_jpg.rf.25dcd0f83ffe32f6f623aa4e83fcf359.jpg,facial_skin_concerns,wrinkles,dup_04090,facial_closeup,train,-1,-1,-1,-1,1
eccaab2b00166fd3,/Users/aryanmalla/PycharmProjects/Skin-Care-AI/dataset_sources/extracted/facial_skin_concerns/dataset/wrinkles/wrinkles41.png,facial_skin_concerns,wrinkles,dup_01316,facial_closeup,train,-1,-1,-1,-1,1
f4dda3f42ceea8d3,/Users/aryanmalla/PycharmProjects/Skin-Care-AI/dataset_sources/extracted/facial_skin_concerns/dataset/pores/14_PNG_jpg.rf.0f989061e886d320cfbdccfaed8c44bb.jpg,facial_skin_concerns,pores,dup_03931,facial_closeup,train,-1,-1,-1,-1,-1
54be783abbc3eeb2,/Users/aryanmalla/PycharmProjects/Skin-Care-AI/dataset/Conditions/Rosacea/Rosacea_62.jpg,existing_conditions,Rosacea,98497b84c640bfba6b834a5956d00a14c661dd540444d44e37297222765cb7ae,facial_closeup,train,1,1,-1,-1,-1
18305d14da55bc3c,/Users/aryanmalla/PycharmProjects/Skin-Care-AI/dataset_sources/extracted/facial_skin_concerns/dataset/wrinkles/6_jpg.rf.33280e96d781664cb7e6461d774bb5a5.jpg,facial_skin_concerns,wrinkles,dup_00241,facial_closeup,train,-1,-1,-1,-1,-1
b92dd13d0186e28f,/Users/aryanmalla/PycharmProjects/Skin-Care-AI/dataset_sources/extracted/facial_skin_concerns/dataset/pigmentation/Melasma25_jpg.rf.2f382c75cd6f55a93fb0e3590cc47268.jpg,facial_skin_concerns,pigmentation,77e3934a8ed9537971f400d4fef4c484375d413c58d8479a5af2ab5028d2cea3,facial_closeup,train,1,-1,1,-1,-1
e22eded9c74a5ad2,/Users/aryanmalla/PycharmProjects/Skin-Care-AI/dataset_sources/extracted/acne04/acne3_1024/levle3_122.jpg,acne04_level3,acne3_1024,06f5ebabf167a3f0dd0b4ecb769b7b59a21788012d64f3e5911aa043de4ea15b,facial_closeup,train,1,1,1,-1,-1
fa50ef77cebec8e1,/Users/aryanmalla/PycharmProjects/Skin-Care-AI/dataset_sources/extracted/acne04/acne2_1024/levle2_100.jpg,acne04_level2,acne2_1024,af8dcd338e7c3a9c2e2507980f0d0930d7ea1081c6b86777e40a2ae793d5c0b7,facial_closeup,train,1,1,1,-1,-1
7a58e8e1d87c543f,/Users/aryanmalla/PycharmProjects/Skin-Care-AI/dataset_sources/extracted/acne04/acne2_1024/levle2_171.jpg,acne04_level2,acne2_1024,c5787de9e88e67f923676f3921ae9a9b9911816414251645c918a318061bfb54,facial_closeup,train,1,1,1,-1,-1
b32c13dbc132ad68,/Users/aryanmalla/PycharmProjects/Skin-Care-AI/dataset_sources/extracted/facial_skin_concerns/dataset/Redness/9f5631ae-redness-320_jpg.rf.9da1ecaba4600fb184f8b24fe390850e.jpg,facial_skin_concerns,Redness,dup_03416,facial_closeup,train,-1,-1,1,-1,-1
a5a822475355cf90,/Users/aryanmalla/PycharmProjects/Skin-Care-AI/dataset_sources/extracted/facial_skin_concerns/dataset/wrinkles/wrinkle184.png,facial_skin_concerns,wrinkles,42d6d9f7791a3fdc55c78475bd554d69cc96a4e1f86f348b79a7cbd67f99f32d,full_face,train,-1,-1,-1,-1,1
624b60b12a7d26d2,/Users/aryanmalla/PycharmProjects/Skin-Care-AI/dataset_sources/extracted/facial_skin_concerns/dataset/wrinkles/wrinkles42.png,facial_skin_concerns,wrinkles,dup_04267,facial_closeup,train,-1,-1,-1,-1,1
84068e6aabe751cb,/Users/aryanmalla/PycharmProjects/Skin-Care-AI/dataset/Conditions/Rosacea/Rosacea_72.jpg,existing_conditions,Rosacea,dup_03235,facial_closeup,train,1,-1,1,-1,-1
2ff09b227394a0a2,/Users/aryanmalla/PycharmProjects/Skin-Care-AI/dataset_sources/extracted/facial_skin_concerns/dataset/dark spots/melasma58_png_jpg.rf.8c0e1cd5fe593d47f630984fa45fd6ae.jpg,facial_skin_concerns,dark spots,dup_00563,full_face,train,-1,-1,-1,-1,-1
15942cd865939a1c,/Users/aryanmalla/PycharmProjects/Skin-Care-AI/dataset_sources/extracted/facial_skin_concerns/dataset/Redness/seed0827_png.rf.573eb3f23bef72a3b07556e813e4ad4b - Copy.jpg,facial_skin_concerns,Redness,6c35feb935057773eabc0d86663199a5635921f80fd8f6f96b559328351a412c,facial_closeup,train,1,-1,1,-1,-1
c00a274b8250341c,/Users/aryanmalla/PycharmProjects/Skin-Care-AI/dataset_sources/extracted/facial_skin_concerns/dataset/Redness/combination_-_5e9b1c6b02764f2c2259_jpg.rf.17141216594400b3d043a2836c02a889.jpg,facial_skin_concerns,Redness,dup_03428,facial_closeup,train,-1,-1,-1,-1,-1
564143f92bc23df6,/Users/aryanmalla/PycharmProjects/Skin-Care-AI/dataset_sources/extracted/acne04/acne1_1024/levle1_604.jpg,acne04_level1,acne1_1024,f65c721f338922ec30a42a42941a0b8e2eca7837f48d538855d0a93eef401917,full_face,train,1,0,0,1,0
173dcd594483e91e,/Users/aryanmalla/PycharmProjects/Skin-Care-AI/dataset/Conditions/Acne/acne190.png,existing_conditions,Acne,dup_02038,full_face,train,1,0,1,0,1
70cbce46f68dd07c,/Users/aryanmalla/PycharmProjects/Skin-Care-AI/dataset/Conditions/Rosacea/Rosacea_367.jpg,existing_conditions,Rosacea,e5160b999517f49a44d7f6cd36a1c3c8d049397adbe4235645a4a3c567088485,full_face,train,-1,-1,-1,-1,-1
67b1d210e2282e13,/Users/aryanmalla/PycharmProjects/Skin-Care-AI/dataset/Conditions/Dark Spot/9d1feedd-3b9b-4e3c-a2f8-d8f28be00a10.jpg,existing_conditions,Dark Spot,dup_02112,full_face,train,1,1,-1,-1,-1
a90b9ebadb8cdfcc,/Users/aryanmalla/PycharmProjects/Skin-Care-AI/dataset_sources/extracted/facial_skin_concerns/dataset/wrinkles/270_jpg.rf.ce1e604f790a24796b04719fb97a3956.jpg,facial_skin_concerns,wrinkles,dup_04039,facial_closeup,train,-1,-1,-1,-1,1
4c33bf956541b233,/Users/aryanmalla/PycharmProjects/Skin-Care-AI/dataset_sources/extracted/acne04/acne2_1024/levle2_76.jpg,acne04_level2,acne2_1024,6b37a0016d4cd68735ae0b2e679678c8edaa9519149db8e0b352dfb6a0dc62a9,facial_closeup,train,1,1,1,-1,-1
31e57cad3edb1c71,/Users/aryanmalla/PycharmProjects/Skin-Care-AI/dataset/Conditions/Dark Spot/20.jpg,existing_conditions,Dark Spot,dup_00016,facial_closeup,train,-1,-1,-1,-1,-1
f105e71db4429baf,/Users/aryanmalla/PycharmProjects/Skin-Care-AI/dataset_sources/extracted/facial_skin_concerns/dataset/dark spots/b836149e-b247-44b4-85f0-0e986dc4d9e9_jpg.rf.5adf7ab4b22ba17f47edae0d46e3d71b.jpg,facial_skin_concerns,dark spots,dup_00549,full_face,train,-1,-1,-1,-1,-1
44ff672a3e57075a,/Users/aryanmalla/PycharmProjects/Skin-Care-AI/dataset/Conditions/Rosacea/Rosacea_304.jpg,existing_conditions,Rosacea,dup_00963,facial_closeup,train,-1,-1,-1,-1,-1
336f4942f099ead8,/Users/aryanmalla/PycharmProjects/Skin-Care-AI/dataset_sources/extracted/facial_skin_concerns/dataset/wrinkles/64_jpg.rf.f0270619f905e59fc54ca7be14a21c4d.jpg,facial_skin_concerns,wrinkles,dup_01320,full_face,train,-1,-1,-1,-1,1
69d9df6c6620e996,/Users/aryanmalla/PycharmProjects/Skin-Care-AI/dataset_sources/extracted/acne04/acne1_1024/levle1_406.jpg,acne04_level1,acne1_1024,c5735e08d9e284ec9d01fcce6688748be56fe1e0d78ce431128ec5f9cf679c23,facial_closeup,train,1,1,1,-1,-1
8b89e7f3f52e68aa,/Users/aryanmalla/PycharmProjects/Skin-Care-AI/dataset_sources/extracted/facial_skin_concerns/dataset/wrinkles/44_jpg.rf.d672f70df7451587fb9e1039327e1826.jpg,facial_skin_concerns,wrinkles,dup_04085,facial_closeup,train,-1,-1,-1,-1,1
f502d18e2a5760ed,/Users/aryanmalla/PycharmProjects/Skin-Care-AI/dataset_sources/extracted/facial_skin_concerns/dataset/wrinkles/5db9eb242dbe5b53d2e156a8_wrinklereduction_jpg.rf.e454d696ff33ea013c95378d6905bd2c.jpg,facial_skin_concerns,wrinkles,dup_04127,facial_closeup,train,-1,-1,-1,-1,1
bfad9493adf8f507,/Users/aryanmalla/PycharmProjects/Skin-Care-AI/dataset_sources/extracted/facial_skin_concerns/dataset/wrinkles/wrinkles39.png,facial_skin_concerns,wrinkles,9f4f2c2e3dd4c56ae63f89bade8a5a70ff4dd67ee704d4e78d94e1c429c39ab0,full_face,train,-1,-1,-1,-1,1
300058cb6833a22f,/Users/aryanmalla/PycharmProjects/Skin-Care-AI/dataset_sources/extracted/facial_skin_concerns/dataset/wrinkles/wrinkles20.png,facial_skin_concerns,wrinkles,dup_00699,facial_closeup,train,-1,-1,-1,-1,1
b5449116daa02604,/Users/aryanmalla/PycharmProjects/Skin-Care-AI/dataset/Conditions/Dark Spot/6f50c70b-39d7-4c28-a4fc-6f982ad4b5d7.jpg,existing_conditions,Dark Spot,dup_00272,facial_closeup,train,-1,-1,-1,1,-1
004b097771531ae6,/Users/aryanmalla/PycharmProjects/Skin-Care-AI/dataset_sources/extracted/facial_skin_concerns/dataset/wrinkles/wrinkles124.png,facial_skin_concerns,wrinkles,dup_03391,facial_closeup,train,-1,-1,-1,-1,1
e1afdd248d70360b,/Users/aryanmalla/PycharmProjects/Skin-Care-AI/dataset_sources/extracted/facial_skin_concerns/dataset/Redness/combination_-_8cb7d464df2c970e85aa_jpg.rf.084c871694eff423049de3122ac855e3.jpg,facial_skin_concerns,Redness,dup_00201,facial_closeup,train,-1,-1,-1,-1,-1
880f3cb49dcb723a,/Users/aryanmalla/PycharmProjects/Skin-Care-AI/dataset_sources/extracted/facial_skin_concerns/dataset/dark spots/spots116.png,facial_skin_concerns,dark spots,dup_00307,facial_closeup,train,1,-1,-1,1,-1
b96ca73702c2add5,/Users/aryanmalla/PycharmProjects/Skin-Care-AI/dataset/Conditions/Rosacea/Rosacea_357.jpg,existing_conditions,Rosacea,dup_03221,facial_closeup,train,1,-1,1,-1,-1
78a565eaa82e097b,/Users/aryanmalla/PycharmProjects/Skin-Care-AI/dataset_sources/extracted/facial_skin_concerns/dataset/Redness/628d62c5-redness-329_jpg.rf.719bd3e2f407bce7b5c5299a47c3d1fc.jpg,facial_skin_concerns,Redness,c36a06edfff33015b967fba7093b6909b0c6e697d8d0d138334150c3e1cc8f8d,facial_closeup,train,-1,-1,-1,-1,-1
6485fe00782aa3ad,/Users/aryanmalla/PycharmProjects/Skin-Care-AI/dataset_sources/extracted/facial_skin_concerns/dataset/pores/68_PNG_jpg.rf.ded6e9ed8b2e9f55adf7b519ea482d25.jpg,facial_skin_concerns,pores,dup_01274,facial_closeup,train,-1,-1,-1,1,-1
f166879d47fbd4ab,/Users/aryanmalla/PycharmProjects/Skin-Care-AI/dataset_sources/extracted/facial_skin_concerns/dataset/wrinkles/Wrinkles_61_jpeg.rf.8484cd9555b6fcf567af41392caae39f.jpg,facial_skin_concerns,wrinkles,dup_04243,facial_closeup,train,-1,-1,-1,-1,1
0243263b9323c235,/Users/aryanmalla/PycharmProjects/Skin-Care-AI/dataset_sources/extracted/facial_skin_concerns/dataset/wrinkles/14_jpeg_jpg.rf.4963d7e70d449ef1df6f9d729c14bb4f.jpg,facial_skin_concerns,wrinkles,dup_00668,full_face,train,-1,1,-1,-1,1
0b0e3cc9553513da,/Users/aryanmalla/PycharmProjects/Skin-Care-AI/dataset_sources/extracted/facial_skin_concerns/dataset/pores/35_PNG_jpg.rf.25893d9e0ca39f4e45c887530fac97a8.jpg,facial_skin_concerns,pores,dup_00078,facial_closeup,train,-1,-1,-1,1,-1
f19accc7d2f2144b,/Users/aryanmalla/PycharmProjects/Skin-Care-AI/dataset_sources/extracted/facial_skin_concerns/dataset/pores/37_PNG_jpg.rf.36e5f636b02d82f690377b6f2b3f2b83.jpg,facial_skin_concerns,pores,dup_03955,facial_closeup,train,-1,-1,-1,-1,-1
20d093335a0ebe67,/Users/aryanmalla/PycharmProjects/Skin-Care-AI/dataset/Conditions/Acne/acne51.png,existing_conditions,Acne,dup_00252,facial_closeup,train,1,-1,1,-1,-1
77b8e44206af11c2,/Users/aryanmalla/PycharmProjects/Skin-Care-AI/dataset_sources/extracted/facial_skin_concerns/dataset/wrinkles/wrinkle187.png,facial_skin_concerns,wrinkles,373684f5c2ceaefded8971d01e76bcf8237dd30d0398aa8e498cb102369e6976,facial_closeup,train,-1,-1,-1,-1,1
59442a319edbb39a,/Users/aryanmalla/PycharmProjects/Skin-Care-AI/dataset/Conditions/Dark Spot/a7d19b86-5eb2-4cd0-8f64-a11bfccf69db.jpg,existing_conditions,Dark Spot,dup_02126,full_face,train,-1,-1,-1,-1,-1
c91a6dc37eb94d8e,/Users/aryanmalla/PycharmProjects/Skin-Care-AI/dataset_sources/extracted/facial_skin_concerns/dataset/Redness/combination_-_7c47c759fe84bfc8750f_jpg.rf.05877b8b13192171de46b6f898412994.jpg,facial_skin_concerns,Redness,dup_00200,full_face,train,1,-1,-1,-1,-1
d528440e98dad595,/Users/aryanmalla/PycharmProjects/Skin-Care-AI/dataset_sources/extracted/facial_skin_concerns/dataset/pores/201a5f6f17c216db7800faef8836e125_jpg.rf.aaa80cf661ff44712b3647eecae0eda8.jpg,facial_skin_concerns,pores,dup_00102,facial_closeup,train,-1,-1,-1,-1,-1
29c1029fec3afa5e,/Users/aryanmalla/PycharmProjects/Skin-Care-AI/dataset_sources/extracted/facial_skin_concerns/dataset/Redness/seed0902_png.rf.22089abc44de7e049c9738a7b0751ad5.jpg,facial_skin_concerns,Redness,d9bde42aa4ba753c827dd4e7974e29df1a5c5019666b85f522ebbeec0bccb096,facial_closeup,train,1,-1,1,-1,-1
dae6aca4a3941ccb,/Users/aryanmalla/PycharmProjects/Skin-Care-AI/dataset_sources/extracted/facial_skin_concerns/dataset/wrinkles/wrinkle188.png,facial_skin_concerns,wrinkles,55df35a0e79fedbf79f0e6d1033bfcf0b1dfafd8bf8513d263d6aa9462eedf03,facial_closeup,train,-1,-1,-1,-1,1
90cff434448b1d8c,/Users/aryanmalla/PycharmProjects/Skin-Care-AI/dataset_sources/extracted/facial_skin_concerns/dataset/wrinkles/wrinkle179.png,facial_skin_concerns,wrinkles,25bdc42b77cc08d137839920c646a4d3b7d3a7802931b833e305eeb5538c89f2,facial_closeup,train,-1,-1,-1,-1,1
d9949c5df26e80ed,/Users/aryanmalla/PycharmProjects/Skin-Care-AI/dataset/Conditions/Dark Spot/1380edc8-cb4f-4a34-8d83-0159a2e15cb9.jpg,existing_conditions,Dark Spot,dup_00837,full_face,train,-1,-1,-1,-1,-1
98929885d8a5bce3,/Users/aryanmalla/PycharmProjects/Skin-Care-AI/dataset_sources/extracted/facial_skin_concerns/dataset/dark spots/spots13.png,facial_skin_concerns,dark spots,62eb161a5cb6d467868786fcd4fc19d731d65f6f8db5b63a6d77b72606181707,facial_closeup,train,-1,1,-1,-1,-1
c0fb647e410938ef,/Users/aryanmalla/PycharmProjects/Skin-Care-AI/dataset_sources/extracted/facial_skin_concerns/dataset/inflammatory acne/R (42).jpg,facial_skin_concerns,inflammatory acne,dup_00319,full_face,train,1,1,1,-1,-1
d3c818185ec23a1c,/Users/aryanmalla/PycharmProjects/Skin-Care-AI/dataset_sources/extracted/acne04/acne3_1024/levle3_105.jpg,acne04_level3,acne3_1024,aa0d753b97998b702d3389d702dace8b743a0eee07faafab56ba6f68c37e1650,facial_closeup,train,1,1,1,1,0
115f6d6e06d5fdc6,/Users/aryanmalla/PycharmProjects/Skin-Care-AI/dataset_sources/extracted/acne04/acne2_1024/levle2_155.jpg,acne04_level2,acne2_1024,29c4b69b5392bb5d6777ca730d5d2446226bd8993ecc1e08d4a1988bf44b0ef3,full_face,train,1,0,1,1,0
d2e0a0dd07ced197,/Users/aryanmalla/PycharmProjects/Skin-Care-AI/dataset/Conditions/Dark Spot/1c5e1b2b-2896-45a9-a1a0-cc05addc49db.jpg,existing_conditions,Dark Spot,dup_00260,facial_closeup,train,-1,-1,-1,-1,-1
fa1558dac01c5307,/Users/aryanmalla/PycharmProjects/Skin-Care-AI/dataset_sources/extracted/facial_skin_concerns/dataset/inflammatory acne/resize-1-_jpg.rf.672af4e834300dd83a38c0bbc7a38404.jpg,facial_skin_concerns,inflammatory acne,dup_01139,facial_closeup,train,1,0,1,1,0
c99715c6e2630ff3,/Users/aryanmalla/PycharmProjects/Skin-Care-AI/dataset_sources/extracted/facial_skin_concerns/dataset/Redness/_1892688412_jpg.rf.3317a2fe8aeb114437ff9e332f14d45c - Copy (2).jpg,facial_skin_concerns,Redness,9da1dfe8734438d8e0262666615a872d3a0722fcf72fa92f601694dd901ce745,facial_closeup,train,-1,-1,1,-1,-1
2694c02a8b6eda13,/Users/aryanmalla/PycharmProjects/Skin-Care-AI/dataset/Conditions/Rosacea/3629__ProtectWyJQcm90ZWN0Il0_FocusFillWzI5NCwyMjIsIngiLDFd.jpeg,existing_conditions,Rosacea,dfdd4f6938c1da08c0bd9980f588cf7eccb516ab999b50c10f2bd8068230ac51,facial_closeup,train,1,-1,1,-1,-1
cd727d57ed283885,/Users/aryanmalla/PycharmProjects/Skin-Care-AI/dataset/Conditions/Acne/acne83.png,existing_conditions,Acne,f937352d53db960637ca27f24061c3aa017bc62809614d7dd05c48bcf436ede4,facial_closeup,train,1,0,1,-1,-1
14429cebf4009c1c,/Users/aryanmalla/PycharmProjects/Skin-Care-AI/dataset_sources/extracted/facial_skin_concerns/dataset/pigmentation/32955_png_jpg.rf.442da242bc54046e657d50bc3d2221bc.jpg,facial_skin_concerns,pigmentation,2eda2ad6afd320213acad91e74298b102babac64fe507c4242fdcbc9a38626d1,full_face,train,-1,-1,1,1,-1
15a6b611f9797ada,/Users/aryanmalla/PycharmProjects/Skin-Care-AI/dataset_sources/extracted/facial_skin_concerns/dataset/Redness/seed0907_png.rf.db783b65e508dbfef9639cd92ca6a243.jpg,facial_skin_concerns,Redness,549dfa92051f49f58a8129105995aaecf96ac2af337b2f8b3ff5a9c545c7b443,full_face,train,1,-1,1,-1,-1
38a9fae82eca2902,/Users/aryanmalla/PycharmProjects/Skin-Care-AI/dataset_sources/extracted/facial_skin_concerns/dataset/Redness/seed0913_png.rf.f63f70c6dd393360ae933271e0c25873.jpg,facial_skin_concerns,Redness,dup_00004,facial_closeup,train,1,-1,-1,-1,-1
840928b06a4f99af,/Users/aryanmalla/PycharmProjects/Skin-Care-AI/dataset_sources/extracted/facial_skin_concerns/dataset/wrinkles/wrinkle164.png,facial_skin_concerns,wrinkles,0c0258d586a465fd80231a6cd09337cff09d18ec959ade8c679dc93fcf33439d,full_face,train,-1,-1,-1,-1,1
fcb63c76113c08d4,/Users/aryanmalla/PycharmProjects/Skin-Care-AI/dataset_sources/extracted/facial_skin_concerns/dataset/wrinkles/71_jpg.rf.63c44de4a4bac0e291504dd86688abad.jpg,facial_skin_concerns,wrinkles,dup_04159,facial_closeup,train,-1,-1,-1,-1,1
5eb587e68ff8ec59,/Users/aryanmalla/PycharmProjects/Skin-Care-AI/dataset_sources/extracted/facial_skin_concerns/dataset/pores/94_PNG_jpg.rf.8db65ba71b53494cbdd93968b17b1433.jpg,facial_skin_concerns,pores,dup_03996,facial_closeup,train,-1,-1,-1,-1,-1
2d67e4a5b7a12d68,/Users/aryanmalla/PycharmProjects/Skin-Care-AI/dataset_sources/extracted/facial_skin_concerns/dataset/Redness/combination_-_8cb7d464df2c970e85aa_jpg.rf.9625426b77491075413d40b96bef3e81.jpg,facial_skin_concerns,Redness,dup_00201,facial_closeup,train,-1,1,-1,-1,-1
e118c7fcf024ffad,/Users/aryanmalla/PycharmProjects/Skin-Care-AI/dataset/Conditions/Dark Spot/42.jpg,existing_conditions,Dark Spot,dup_00411,full_face,train,-1,-1,-1,-1,-1
e3f598332a032ed2,/Users/aryanmalla/PycharmProjects/Skin-Care-AI/dataset/Conditions/Dark Spot/84c1c5de-7940-4b6d-bc5e-cbdfded76eb9.jpg,existing_conditions,Dark Spot,dup_00870,facial_closeup,train,-1,1,-1,-1,-1
dbaf9079ae89c6fe,/Users/aryanmalla/PycharmProjects/Skin-Care-AI/dataset_sources/extracted/facial_skin_concerns/dataset/wrinkles/37_jpeg_jpg.rf.3da8441cb755f1230cedffa52b4a2be2.jpg,facial_skin_concerns,wrinkles,dup_04070,full_face,train,-1,-1,-1,-1,1
94971328e8a8b212,/Users/aryanmalla/PycharmProjects/Skin-Care-AI/dataset_sources/extracted/facial_skin_concerns/dataset/Redness/various_selfie_skin_with_many_pores_4c897291396be7fbbcee_jpg.rf.4c6ea21c6d097288566375b11ed8e0a8.jpg,facial_skin_concerns,Redness,81e16e9858f4f1ad94763f6aa9487725af015f2d72d3c5fafcd04a093af5adde,facial_closeup,train,-1,-1,-1,-1,-1
efbcf18bfad3fa3f,/Users/aryanmalla/PycharmProjects/Skin-Care-AI/dataset_sources/extracted/facial_skin_concerns/dataset/dark spots/melasma24_jpg.rf.0bff5008c224ee5c8b365fa1ddfd9beb.jpg,facial_skin_concerns,dark spots,dup_00129,full_face,train,1,-1,1,-1,-1
2849f62e5333a716,/Users/aryanmalla/PycharmProjects/Skin-Care-AI/dataset_sources/extracted/acne04/acne2_1024/levle2_141.jpg,acne04_level2,acne2_1024,218c490b92f7c31452288dfde11a3fa55a2585ab2d614bd1e4cff66502ab052b,full_face,train,1,1,0,1,0
b7da373e95dc8f78,/Users/aryanmalla/PycharmProjects/Skin-Care-AI/dataset/Conditions/Rosacea/Rosacea_125.jpg,existing_conditions,Rosacea,2c12c2660d571864c1ee688285bbb4441a5e41c47ccd16ff634a51af47482ec7,facial_closeup,train,-1,-1,-1,-1,-1
654bbe97d689b7cd,/Users/aryanmalla/PycharmProjects/Skin-Care-AI/dataset_sources/extracted/facial_skin_concerns/dataset/dark spots/melasma3_jpg.rf.15bbddbd8979161b824b8ad4c1cc5421.jpg,facial_skin_concerns,dark spots,dup_03467,facial_closeup,train,-1,-1,-1,-1,-1
269c7de92020237a,/Users/aryanmalla/PycharmProjects/Skin-Care-AI/dataset_sources/extracted/acne04/acne3_1024/levle3_79.jpg,acne04_level3,acne3_1024,4eb294a6ecb0d7766fdca8fc4a05e0cfdc8407d34bfb0031ebd4579d20abbaa4,full_face,train,1,1,1,1,0
5bdd41fefc01bb48,/Users/aryanmalla/PycharmProjects/Skin-Care-AI/dataset_sources/extracted/facial_skin_concerns/dataset/wrinkles/4_jpeg.rf.33ad99c4b32264a44cebb9197fcaf07c.jpg,facial_skin_concerns,wrinkles,dup_00242,facial_closeup,train,-1,-1,-1,-1,1
b8464c348e8823a2,/Users/aryanmalla/PycharmProjects/Skin-Care-AI/dataset_sources/extracted/acne04/acne3_1024/levle3_108.jpg,acne04_level3,acne3_1024,c1b51e0ca863f94a27bf211f20a480073be71923e23601f5619f3fc96f695648,facial_closeup,train,1,1,1,1,0
e9feceb195941763,/Users/aryanmalla/PycharmProjects/Skin-Care-AI/dataset_sources/extracted/facial_skin_concerns/dataset/wrinkles/52_jpg.rf.f42322dcf1b5a46992aa536ef4829b64.jpg,facial_skin_concerns,wrinkles,dup_00349,full_face,train,-1,-1,-1,-1,1
61591c2932711eb4,/Users/aryanmalla/PycharmProjects/Skin-Care-AI/dataset_sources/extracted/facial_skin_concerns/dataset/wrinkles/wrinkles111.png,facial_skin_concerns,wrinkles,d699e63b209e76ebc021e02a4ae1a4df3ad8a7af56e6f2793157459c833e19da,full_face,train,-1,-1,-1,-1,1
dbcbbbcaf3ae1f67,/Users/aryanmalla/PycharmProjects/Skin-Care-AI/dataset_sources/extracted/facial_skin_concerns/dataset/wrinkles/wrinkles119.png,facial_skin_concerns,wrinkles,bdc848f677e98258ab12ba6b5697caae2fdb98c278f5eb86cc4cdd0b581de4e5,full_face,train,-1,1,-1,-1,1
942655aa8290d57a,/Users/aryanmalla/PycharmProjects/Skin-Care-AI/dataset_sources/extracted/facial_skin_concerns/dataset/dark spots/melasma34_jpg.rf.1597d04d2a1b528359c7653860caf4ec.jpg,facial_skin_concerns,dark spots,dup_01062,full_face,train,-1,1,-1,-1,-1
3c3c5429f4056a2e,/Users/aryanmalla/PycharmProjects/Skin-Care-AI/dataset_sources/extracted/facial_skin_concerns/dataset/wrinkles/182_jpg.rf.4ce8f95bd7892a0914790b2aec3725f8.jpg,facial_skin_concerns,wrinkles,dup_01299,full_face,train,-1,-1,-1,-1,1
b9d87cd990e0eff9,/Users/aryanmalla/PycharmProjects/Skin-Care-AI/dataset_sources/extracted/facial_skin_concerns/dataset/pigmentation/48340_png_jpg.rf.6036d34663ea588526f2ba7099748974.jpg,facial_skin_concerns,pigmentation,3ed6a02f1ab8e668b6d978a411c024f446e87e200c8040e1a647f76eb2379ded,full_face,train,-1,-1,-1,-1,-1
fded7351d33ac89c,/Users/aryanmalla/PycharmProjects/Skin-Care-AI/dataset/Conditions/Acne/acne42.png,existing_conditions,Acne,351d7fc59a354122e03b3c59a88edc9c0560aaaf4df1485e87f7a2d609f5a5c7,facial_closeup,train,1,0,1,0,0
ea824587a39aba00,/Users/aryanmalla/PycharmProjects/Skin-Care-AI/dataset/Conditions/Dark Spot/11.jpg,existing_conditions,Dark Spot,1a91c58fe9d65364abe33bfbd67beb8a0d7b76d122f22b16057a95d8bec3f6ba,full_face,train,-1,-1,-1,-1,-1
928f6329934e7a93,/Users/aryanmalla/PycharmProjects/Skin-Care-AI/dataset_sources/extracted/facial_skin_concerns/dataset/pores/91_PNG_jpg.rf.bd9a0438618e58bd4161c61e6070ab48.jpg,facial_skin_concerns,pores,dup_00663,facial_closeup,train,-1,-1,-1,0,-1
15644aede7333a32,/Users/aryanmalla/PycharmProjects/Skin-Care-AI/dataset_sources/extracted/facial_skin_concerns/dataset/inflammatory acne/acne-excoriated-18.jpg,facial_skin_concerns,inflammatory acne,dup_01011,facial_closeup,train,1,1,1,-1,-1
53b8f0cc26671d88,/Users/aryanmalla/PycharmProjects/Skin-Care-AI/dataset_sources/extracted/facial_skin_concerns/dataset/inflammatory acne/rosacea-39.jpg,facial_skin_concerns,inflammatory acne,dup_03249,facial_closeup,train,1,1,1,-1,-1
ca11636517df4711,/Users/aryanmalla/PycharmProjects/Skin-Care-AI/dataset_sources/extracted/facial_skin_concerns/dataset/Redness/seed0571_png.rf.e5ba8f43532bf663486504b20dfffdce.jpg,facial_skin_concerns,Redness,5ba0e559415066a3ab29818c584a5866572155cb459180d812069ff4367709ea,facial_closeup,train,1,-1,1,-1,-1
d06901122d30d77a,/Users/aryanmalla/PycharmProjects/Skin-Care-AI/dataset_sources/extracted/facial_skin_concerns/dataset/wrinkles/wrinkles123.png,facial_skin_concerns,wrinkles,9c9ab29b43e2fd0eacd39cc1bcb69031e288be8945d88b7fa5d593a3ed516f53,facial_closeup,train,-1,-1,-1,-1,1
0b01e88041f55a4c,/Users/aryanmalla/PycharmProjects/Skin-Care-AI/dataset_sources/extracted/acne04/acne2_1024/levle2_74.jpg,acne04_level2,acne2_1024,34defa94207e7254f0ee5ce185ce2268f75ff4cab8e675b5cac67d153e89ca95,facial_closeup,train,1,1,1,-1,-1
a5d73a6aca0a12bf,/Users/aryanmalla/PycharmProjects/Skin-Care-AI/dataset_sources/extracted/facial_skin_concerns/dataset/dark spots/melasma37_jpg.rf.a34ee49e5b6e286024feec94629d9382.jpg,facial_skin_concerns,dark spots,dup_00025,full_face,train,1,1,-1,-1,-1
6c401be022c5dacf,/Users/aryanmalla/PycharmProjects/Skin-Care-AI/dataset_sources/extracted/acne04/acne3_1024/levle3_80.jpg,acne04_level3,acne3_1024,45654c88bfa806d4d151b6ada180594c0e19ceb09433341de73995dcbfad7233,facial_closeup,train,1,1,1,-1,-1
6a1de6ffaed3eaac,/Users/aryanmalla/PycharmProjects/Skin-Care-AI/dataset_sources/extracted/facial_skin_concerns/dataset/wrinkles/185_jpg.rf.0355d686b24741f5ebfdd247515c21d4.jpg,facial_skin_concerns,wrinkles,dup_00063,facial_closeup,train,-1,-1,-1,-1,1
48fb1da6732c55e7,/Users/aryanmalla/PycharmProjects/Skin-Care-AI/dataset_sources/extracted/facial_skin_concerns/dataset/wrinkles/50_jpg.rf.fea55ef1881186e8c33e66f3a8ec40f7.jpg,facial_skin_concerns,wrinkles,dup_04093,full_face,train,-1,-1,-1,-1,1
8fc25023302d4e94,/Users/aryanmalla/PycharmProjects/Skin-Care-AI/dataset_sources/extracted/facial_skin_concerns/dataset/wrinkles/wrinkles209.png,facial_skin_concerns,wrinkles,dup_03392,facial_closeup,train,-1,-1,-1,-1,1
fb9d7affc7976716,/Users/aryanmalla/PycharmProjects/Skin-Care-AI/dataset/Conditions/Dark Spot/25.jpg,existing_conditions,Dark Spot,dup_02111,full_face,train,-1,-1,-1,-1,-1
0872e1c65d2217df,/Users/aryanmalla/PycharmProjects/Skin-Care-AI/dataset_sources/extracted/facial_skin_concerns/dataset/wrinkles/76_jpg.rf.ad1e31a8b8a3dbd7e3f67e06e8eadca5.jpg,facial_skin_concerns,wrinkles,dup_04167,facial_closeup,train,-1,-1,-1,-1,1
d6270a0333e6698e,/Users/aryanmalla/PycharmProjects/Skin-Care-AI/dataset_sources/extracted/facial_skin_concerns/dataset/dark spots/spots46.png,facial_skin_concerns,dark spots,00e03d0e21a9f7d4fc3fd5ca642619f881e32eaff95d89416677adc86d175e36,facial_closeup,train,1,1,-1,1,-1
de89463034e552ef,/Users/aryanmalla/PycharmProjects/Skin-Care-AI/dataset_sources/extracted/facial_skin_concerns/dataset/pigmentation/48340_png_jpg.rf.1783fcfb910c29d3d05d7af7decc143b.jpg,facial_skin_concerns,pigmentation,b023361a306a178c46c884ce587cb3d4f8d31eb6846bdd778d282c6e58ad8273,full_face,train,-1,-1,-1,-1,-1
9ca6c60f44e740a8,/Users/aryanmalla/PycharmProjects/Skin-Care-AI/dataset_sources/extracted/facial_skin_concerns/dataset/wrinkles/wrinkles60.png,facial_skin_concerns,wrinkles,c8b428d190b6dceb5a914f88f49cad506aa19c639def0453032986451724c27a,full_face,train,-1,-1,-1,-1,1
e0edc894f550cac2,/Users/aryanmalla/PycharmProjects/Skin-Care-AI/dataset_sources/extracted/facial_skin_concerns/dataset/dark spots/spots59.png,facial_skin_concerns,dark spots,caea3a48caa3b489e160ee310a80b6bd743e86d30857525ee0857c0bd7b9be7a,full_face,train,-1,-1,-1,-1,-1
a3ea355bf2804c6c,/Users/aryanmalla/PycharmProjects/Skin-Care-AI/dataset_sources/extracted/facial_skin_concerns/dataset/dark spots/spots170.png,facial_skin_concerns,dark spots,81c88292898049036a98056231550888d011e443dfa9198f89043e0a2a70fb5b,facial_closeup,train,1,-1,1,-1,-1
ab5e39fc7e6add9c,/Users/aryanmalla/PycharmProjects/Skin-Care-AI/dataset/Conditions/Dark Spot/67.jpg,existing_conditions,Dark Spot,dup_00017,full_face,train,-1,-1,-1,-1,-1
bad71fc2edcc4ef3,/Users/aryanmalla/PycharmProjects/Skin-Care-AI/dataset_sources/extracted/acne04/acne3_1024/levle3_27.jpg,acne04_level3,acne3_1024,7d751938f9212959b50c7f5105b2311290eb1b71283ea69ffd7f67ab4f393764,facial_closeup,train,1,1,1,1,0
1261086a8efbd1b1,/Users/aryanmalla/PycharmProjects/Skin-Care-AI/dataset_sources/extracted/acne04/acne1_1024/levle1_34.jpg,acne04_level1,acne1_1024,01b33bbb33758be5aa76fc43365bd397798f604a642657de3ee07fb9cb16b039,full_face,train,1,1,1,-1,0
0b2c01acf7350735,/Users/aryanmalla/PycharmProjects/Skin-Care-AI/dataset/Conditions/Rosacea/Rosacea_48.jpg,existing_conditions,Rosacea,0d812adc6e747de2806f8b630756943266c852bc0dba9123638a4552cfbee0ee,facial_closeup,train,-1,-1,-1,-1,-1
523e6a6eef25279c,/Users/aryanmalla/PycharmProjects/Skin-Care-AI/dataset/Conditions/Dark Spot/7a5ef40e-dd58-44f5-ab19-380d8fe2ff80.jpg,existing_conditions,Dark Spot,dup_00275,facial_closeup,train,-1,1,-1,-1,-1
d27dbd0898a48183,/Users/aryanmalla/PycharmProjects/Skin-Care-AI/dataset/Conditions/Dark Spot/176a2fc2-e888-458d-945d-89c7ce94abad.jpg,existing_conditions,Dark Spot,dup_00259,facial_closeup,train,-1,1,-1,-1,-1
44005fb35d8472ad,/Users/aryanmalla/PycharmProjects/Skin-Care-AI/dataset_sources/extracted/facial_skin_concerns/dataset/wrinkles/wrinkles122.png,facial_skin_concerns,wrinkles,b168eaa54275cd06dee3a2d42f7cc7be1250384554467e3959c74b245c446d08,full_face,train,-1,-1,-1,-1,1
e984248df293b2c0,/Users/aryanmalla/PycharmProjects/Skin-Care-AI/dataset_sources/extracted/facial_skin_concerns/dataset/dark spots/melasma57_png_jpg.rf.aec32f9e3ba0e6598cae12f514d37225.jpg,facial_skin_concerns,dark spots,dup_00317,facial_closeup,train,-1,1,-1,-1,-1
fed00b1ec44652eb,/Users/aryanmalla/PycharmProjects/Skin-Care-AI/dataset_sources/extracted/acne04/acne3_1024/levle3_84.jpg,acne04_level3,acne3_1024,2e5311989be2ee151ea9c4a26c8de34b418f9f5de15e5812caafb8204c9b9dc6,facial_closeup,train,1,1,1,-1,-1
63adbcdd79dabb3c,/Users/aryanmalla/PycharmProjects/Skin-Care-AI/dataset_sources/extracted/facial_skin_concerns/dataset/Redness/combination_-_6f7dcab28a16a7ffcf41_jpg.rf.11f94919f98d49f23ab042b67576b213.jpg,facial_skin_concerns,Redness,6d458923766b7cc336418ea1138a280302f6bbb66e01c5e53d611830796b7ee0,full_face,train,-1,-1,-1,-1,-1
aece8f9b19562a4e,/Users/aryanmalla/PycharmProjects/Skin-Care-AI/dataset_sources/extracted/acne04/acne2_1024/levle2_145.jpg,acne04_level2,acne2_1024,544141bae9b578c393ddb3dac7153fb20ed976a82472bb6bef086af51433ec30,facial_closeup,train,1,0,1,-1,0
d8e76717b70263fd,/Users/aryanmalla/PycharmProjects/Skin-Care-AI/dataset/Conditions/Dark Spot/c459d2af-6e50-4d0c-8f13-4a98cb6685e6.jpg,existing_conditions,Dark Spot,dup_00287,full_face,train,1,-1,-1,1,-1
4c5fe54d6b6d3d57,/Users/aryanmalla/PycharmProjects/Skin-Care-AI/dataset_sources/extracted/facial_skin_concerns/dataset/pigmentation/6_0_148_jpeg.rf.9ba2b04c60659e44db899e10b1985aa7.jpg,facial_skin_concerns,pigmentation,ac67ba27967f34e75e3801d820bee3182dc6646656d99036fca80859ae10eafd,facial_closeup,train,-1,-1,-1,-1,-1
a03437f25a079be5,/Users/aryanmalla/PycharmProjects/Skin-Care-AI/dataset_sources/extracted/facial_skin_concerns/dataset/pigmentation/images-18-copy_jpeg_jpg.rf.84b7ea82bb468dd4003b53d2c53d63d3.jpg,facial_skin_concerns,pigmentation,8e904e58f28ae8948bd097952079ff48473d5b3a00ca0c447e5c88d4874a6d30,full_face,train,-1,-1,-1,-1,-1
