id,name,slug,coverImage,type,stockQuantity,price,discountedPrice,isDiscounted,discountPercent,isBestSeller,review_count,rating
4977,Pax Moly Dr.Jk1 Sunscreen Lotion Spf 50+/+++ - 200ml,pax-moly-drjk1-sunscreen-lotion-spf-50-200ml,https://d2wfc4v12a2zxr.cloudfront.net/resized/medium/products/main_pax-moly-drjk1-sunscreen-lotion-spf-50-200ml_1738144835.webp,none,129,1350,1283,True,5% off,True,812,4.6
10210,Aqualogica Radiance+ Dewy Gel Sunscreen - 50g | SPF 50+ PA++++| New-age Filters | Anti Pollution Factor| Lightweight | For Men & Women,aqualogica-radiance-dewy-gel-sunscreen-50g-spf-50-pa-new-age-filters-anti-pollution-factor-lightweight-for-men-women,https://d2wfc4v12a2zxr.cloudfront.net/resized/medium/products/main_aqualogica-radiance-dewy-sunscreen-50gm_1778838011.webp,size,10,719,669,True,7% off,True,515,4.7
6275,Derma Co. 10% Niacinamide Serum - 30ml,derma-co-10-niacinamide-serum-30ml,https://d2wfc4v12a2zxr.cloudfront.net/resized/medium/products/main_derma-co-10-niacinamide-serum-30ml_1747903397.webp,none,47,959,882,True,8% off,True,463,4.7
9203,Derma Co. 1% Hyaluronic Sunscreen Aqua Gel - 50gm,derma-co-1-hyaluronic-sunscreen-aqua-gel-50gm,https://d2wfc4v12a2zxr.cloudfront.net/resized/medium/products/main_derma-co-1-hyaluronic-sunscreen-aqua-gel-50gm_1770281180.webp,size,47,799,735,True,8% off,True,429,4.7
6447,Plum Mandarin & Vitamin C Serum,plum-mandarin-vitamin-c-serum,https://d2wfc4v12a2zxr.cloudfront.net/resized/medium/products/plum-mandarin-vitamin-c-serum-20ml_1628566989.webp,size,7,1265,1139,True,10% off,True,400,4.6
7012,Plum Rice Water & 10% Niacinamide Serum,plum-rice-water-10-niacinamide-serum,https://d2wfc4v12a2zxr.cloudfront.net/resized/medium/products/plum-rice-water-10-niacinamide-serum_1633603768.webp,size,12,1039,935,True,10% off,True,386,4.6
7665,Derma Co 1% Salicylic Acid Gel Face Wash with Salicylic Acid & Witch Hazel,derma-co-1-salicylic-acid-gel-face-wash-with-salicylic-acid-witch-hazel,https://d2wfc4v12a2zxr.cloudfront.net/resized/medium/products/derma-co-1-salicylic-acid-gel-face-wash-with-salicylic-acid-witch-hazel-for-active-acne-100-m_1640512396.webp,size,38,480,442,True,8% off,True,368,4.7
10786,COSRX Advanced Snail 96 Mucin Power Essence - 100ml,cosrx-advanced-snail-96-mucin-power-essence-100ml,https://d2wfc4v12a2zxr.cloudfront.net/resized/medium/products/cosrx-advanced-snail-96-mucin-power-essence-100ml_1673586201.webp,none,21,2800,2520,True,10% off,True,363,4.7
10209,Aqualogica Glow+ Dewy Sunscreen - 50gm,aqualogica-glow-dewy-sunscreen-50gm,https://d2wfc4v12a2zxr.cloudfront.net/resized/medium/products/main_aqualogica-glow-dewy-sunscreen-50gm_1781420720.webp,none,23,719,669,True,7% off,True,362,4.8
12928,Plum 2% Niacinamide & Rice Water Hybrid Face Sunscreen with SPF 50 PA+++ -50gm,plum-2-niacinamide-rice-water-hybrid-face-sunscreen-with-spf-50-pa-50gm,https://d2wfc4v12a2zxr.cloudfront.net/resized/medium/products/main_plum-2-niacinamide-rice-water-hybrid-face-sunscreen-with-spf-50-pa-50gm_1782818546.webp,none,23,638,574,True,10% off,True,326,4.6
6296,Derma Co. 2% Salicylic Acid Serum - 30ml,derma-co-2-salicylic-acid-serum-30ml,https://d2wfc4v12a2zxr.cloudfront.net/resized/medium/products/2-salicylic-acid-serum-30-ml_1626452464.webp,none,17,799,735,True,8% off,True,288,4.7
6295,Derma Co 10% Niacinamide Serum - 10ml,derma-co-10-niacinamide-serum-10ml,https://d2wfc4v12a2zxr.cloudfront.net/resized/medium/products/derma-co-10-niacinamide-serum-10-ml_1626452042.webp,none,27,399,367,True,8% off,True,287,4.7
3677,Mamaearth Oil-Free Face Moisturizer for Acne-Prone Skin - 80ml,mamaearth-oil-free-face-moisturizer-for-acne-prone-skin-80ml,https://d2wfc4v12a2zxr.cloudfront.net/resized/medium/products/main_mamaearth-oil-free-face-moisturizer-for-acne-prone-skin-80ml_1660475642.webp,none,7,510,469,True,8% off,True,278,4.6
5824,"UV Doux Silicone Sunscreen Gel SPF 50 PA+++ | India’s No.1 Dermatologist Recommended Brand | UVA/UVB Protection, Benzene Free |No White Cast | Oily & Acne-Prone Skin",uv-doux-silicone-sunscreen-gel-spf-50-pa-indias-no1-dermatologist-recommended-brand-uvauvb-protection-benzene-free-no-white-cast-oily-acne-prone-skin,https://d2wfc4v12a2zxr.cloudfront.net/resized/medium/products/main_uv-doux-silicone-sunscreen-gel-spf-50-pa-indias-no1-dermatologist-recommended-brand-u_1780572208.webp,size,10,2384,2265,True,5% off,True,251,4.8
5823,"Brinton AcMist Moisturizing Cream Gel for Acne-Prone & Oily Skin | With Vitamin E, Aloe Vera & Squalane | Oil-Free, Non-Comedogenic, Lightweight, Quick Absorbing",brinton-acmist-moisturizing-cream-gel-for-acne-prone-oily-skin-with-vitamin-e-aloe-vera-squalane-oil-free-non-comedogenic-lightweight-quick-absorbing,https://d2wfc4v12a2zxr.cloudfront.net/resized/medium/products/main_acmist-moisturizing-cream-gel_1719228022.webp,size,3,698,642,True,8% off,True,250,4.7
9645,Derma Co. 2% Kojic Acid Face Serum with 1% Alpha Arbutin & Niacinamide - 30 ml,derma-co-2-kojic-acid-face-serum-with-1-alpha-arbutin-niacinamide-30-ml,https://d2wfc4v12a2zxr.cloudfront.net/resized/medium/products/derma-co-2-kojic-acid-face-serum-with-1-alpha-arbutin-niacinamide-30-ml_1662875513.webp,none,31,799,735,True,8% off,True,235,4.5
8949,Derma Co 10% Vitamin C Face Serum,derma-co-10-vitamin-c-face-serum,https://d2wfc4v12a2zxr.cloudfront.net/resized/medium/products/main_derma-co-10-vitamin-c-face-serum_1743671398.webp,size,24,559,514,True,8% off,True,232,4.3
12026,Plum 3% Niacinamide Toner with Rice Water | Vitamin B3 with Japanese Fermented Rice Water - 150ml,plum-3-niacinamide-toner-with-rice-water-vitamin-b3-with-japanese-fermented-rice-water-150ml,https://d2wfc4v12a2zxr.cloudfront.net/resized/medium/products/main_plum-3-niacinamide-toner-with-rice-water-vitamin-b3-with-japanese-fermented-rice-wate_1721620585.webp,none,6,704,634,True,10% off,True,214,4.6
1245,Acnes C10 - 10% Pure Vitamin C Serum for Dark Spots And Scars Treatment 15ml,acnes-c10-10-pure-vitamin-c-serum-for-dark-spots-and-scars-treatment-15ml,https://d2wfc4v12a2zxr.cloudfront.net/resized/medium/product/cover_image1591781918.png,none,10,1775,1775,False,0% off,True,211,4.5
13802,The Derma Co. 1% Hyaluronic Sunscreen Aqua Gel - 80gm,the-derma-co-1-hyaluronic-sunscreen-aqua-gel-80gm,https://d2wfc4v12a2zxr.cloudfront.net/resized/medium/products/main_the-derma-co-1-hyaluronic-sunscreen-aqua-gel-80gm_1770281293.webp,none,47,1039,956,True,8% off,True,202,4.7
6277,Derma Co. Ceramide + HA Intense Moisturizer - 50gm,derma-co-ceramide-ha-intense-moisturizer-50gm,https://d2wfc4v12a2zxr.cloudfront.net/resized/medium/products/derma-co-ceramide-ha-intense-moisturizer-50gm_1626443748.webp,none,14,559,514,True,8% off,True,190,4.6
2040,Hada Labo Advanced Nourish Cleanser For Dry and Dull Skin 80g,hada-labo-advanced-nourish-cleanser-for-dry-and-dull-skin-80g,https://d2wfc4v12a2zxr.cloudfront.net/products/main_hada-labo-advanced-nourish-cleanser-for-dry-and-dull-skin-80g_1768885976.webp,none,9,500,500,False,0% off,True,183,4.6
5666,Fix Derma Shadow SPF 50+ Cream,fix-derma-shadow-spf-50-cream,https://d2wfc4v12a2zxr.cloudfront.net/resized/medium/products/main_fix-derma-shadow-spf-50-cream_1620385849.webp,none,47,880,836,True,5% off,True,167,4.8
3946,Plum Green Tea Pore Cleansing Face Wash,plum-green-tea-pore-cleansing-face-wash,https://d2wfc4v12a2zxr.cloudfront.net/resized/medium/products/main_plum-green-tea-pore-cleansing-face-wash_1726131833.webp,size,2,440,396,True,10% off,True,163,4.6
7013,Plum 1% Retinol Face Serum with Bakuchiol,plum-1-retinol-face-serum-with-bakuchiol,https://d2wfc4v12a2zxr.cloudfront.net/resized/medium/products/main_plum-1-retinol-face-serum-with-bakuchiol_1726131598.webp,size,1,880,792,True,10% off,True,163,4.7
13847,Aqualogica Glow+ dewy sunscreen - 80gm,aqualogica-glow-dewy-sunscreen-80gm,https://d2wfc4v12a2zxr.cloudfront.net/resized/medium/products/main_aqualogica-glow-dewy-sunscreen-80gm_1783426481.webp,none,19,959,892,True,7% off,True,160,4.8
12536,Mamaearth Rice Face Wash - 100ml,mamaearth-rice-face-wash-100ml,https://d2wfc4v12a2zxr.cloudfront.net/resized/medium/products/mamaearth-rice-face-wash-100-ml_1679391991.webp,none,46,456,420,True,8% off,True,157,4.7
7389,Fix Derma Shadow SPF 50+ Gel 75gm,fix-derma-shadow-spf-50-gel-75gm,https://d2wfc4v12a2zxr.cloudfront.net/resized/medium/products/main_fix-derma-shadow-spf-50-gel-75gm_1654834584.webp,none,44,1000,950,True,5% off,True,145,4.6
7938,"FURR By Pee Safe Charcoal Nose Strips - 3N | Reduces Blackheads, Oil and Dirt | Aloevera and Tea Tree Infused",furr-by-pee-safe-charcoal-nose-strips-3n-reduces-blackheads-oil-and-dirt-aloevera-and-tea-tree-infused,https://d2wfc4v12a2zxr.cloudfront.net/resized/medium/products/main_furr-by-pee-safe-charcoal-nose-strips-3n-reduces-blackheads-oil-and-dirt-aloevera-and_1775716296.webp,none,5,159,151,True,5% off,True,133,4
7666,Derma Co 3% Vitamin E Face Moisturizer With Vitamin E & Lactic Acid - 100gm,derma-co-3-vitamin-e-face-moisturizer-with-vitamin-e-lactic-acid-100gm,https://d2wfc4v12a2zxr.cloudfront.net/resized/medium/products/derma-co-3-vitamin-e-face-moisturizer-with-vitamin-e-lactic-acid_1640512630.webp,none,19,559,514,True,8% off,True,130,4.8
6524,Plum Bulgarian Valley Rose Water toner - 100ml,plum-bulgarian-valley-rose-water-toner-100ml,https://d2wfc4v12a2zxr.cloudfront.net/resized/medium/products/plum-bulgarian-valley-rose-water-toner-100ml_1628992852.webp,none,11,408,367,True,10% off,True,130,4.8
5003,Diva Toning & Hydrating Mist - Sandalwood,diva-toning-hydrating-mist-sandalwood,https://d2wfc4v12a2zxr.cloudfront.net/resized/medium/products/main_diva-toning-hydrating-mist-sandalwood_1630479588.webp,size,5,380,361,True,5% off,True,130,4.7
10339,Derma Co.1% Salicylic Acid Oil-Free Face Moisturizer - 50gm,derma-co1-salicylic-acid-oil-free-face-moisturizer-50gm,https://d2wfc4v12a2zxr.cloudfront.net/resized/medium/products/derma-co1-salicylic-acid-oil-free-face-moisturizer_1670235640.webp,size,16,559,514,True,8% off,True,129,4.7
8474,Chemist At Play Acne Control Body Wash (1% Salicylic Acid) - 236ML,chemist-at-play-acne-control-body-wash-1-salicylic-acid-236ml,https://d2wfc4v12a2zxr.cloudfront.net/resized/medium/products/main_chemist-at-play-acne-control-body-wash-1-salicylic-acid-236ml_1712831720.webp,none,24,639,594,True,7% off,True,128,4.7
13346,Aqualogica Detan+ Dewy Sunscreen with Cherry Tomato & Hyaluronic Acid with SPF 50 & PA++++ - 50g,aqualogica-detan-dewy-sunscreen-with-cherry-tomato-hyaluronic-acid-with-spf-50-pa-50g,https://d2wfc4v12a2zxr.cloudfront.net/resized/medium/products/main_aqualogica-detan-dewy-sunscreen-with-cherry-tomato-hyaluronic-acid-with-spf-50-pa-50g_1686291808.webp,none,8,719,669,True,7% off,True,128,4.7
7929,Fix Derma Multi Active Moisturizing Lotion 150ml,fix-derma-multi-active-moisturizing-lotion-150ml,https://d2wfc4v12a2zxr.cloudfront.net/resized/medium/products/main_fix-derma-multi-active-moisturizing-lotion-150ml_1719378307.webp,none,22,536,509,True,5% off,True,125,4.7
2892,Sunplay Skin Aqua Silky Sunscreen Gel For Normal to Dry Skin with SPF 50 PA++++,sunplay-skin-aqua-silky-sunscreen-gel-for-normal-to-dry-skin-with-spf-50-pa,https://d2wfc4v12a2zxr.cloudfront.net/resized/medium/products/main_sunplay-skin-aqua-silky-sunscreen-gel-for-normal-to-dry-skin-with-spf-50-pa_1768820431.webp,size,10,520,520,False,0% off,True,122,4.5
5002,Diva Toning & Hydrating Mist - Himlayan Rose,diva-toning-hydrating-mist-himlayan-rose,https://d2wfc4v12a2zxr.cloudfront.net/resized/medium/products/main_diva-toning-hydrating-mist-himlayan-rose_1630479621.webp,size,5,380,361,True,5% off,True,121,4.6
13659,COSRX Advanced Snail 92 All in one Cream - 100gm,cosrx-advanced-snail-92-all-in-one-cream-100gm,https://d2wfc4v12a2zxr.cloudfront.net/resized/medium/products/main_cosrx-advanced-snail-92-all-in-one-cream-100gm_1688121621.webp,none,29,3100,2790,True,10% off,True,118,4.8
9058,Chemist At Play 5% AHAs Under Arm Roll On - Aqua Fragrance - 40ML,chemist-at-play-5-ahas-under-arm-roll-on-aqua-fragrance-40ml,https://d2wfc4v12a2zxr.cloudfront.net/resized/medium/products/main_chemist-at-play-under-arm-roll-on-aqua-fragrance-40ml-4-lactic-acid-1-mandelic-acid_1716097218.webp,none,20,638,593,True,7% off,True,118,4.8
3943,"Plum Green Tea Mattifying Moisturizer, 50ml",plum-green-tea-mattifying-moisturizer-50ml,https://d2wfc4v12a2zxr.cloudfront.net/resized/medium/product/cover_image1599028061.jpg,none,5,753,678,True,10% off,True,117,4.6
3176,Mamaearth Castor Oil 100% Pure Cold Pressed Oil For Skin- Hair & Nails (150ml),mamaearth-castor-oil-100-pure-cold-pressed-oil-for-skin-hair-nails-150ml,https://d2wfc4v12a2zxr.cloudfront.net/resized/medium/product/cover_image1594009071.jpg,none,13,479,441,True,8% off,True,113,4.6
3168,Mamaearth Ubtan Face Wash For Tan Removal - 100ml (Normal to Oily Skin),mamaearth-ubtan-face-wash-for-tan-removal-100ml-normal-to-oily-skin,https://d2wfc4v12a2zxr.cloudfront.net/resized/medium/products/main_mamaearth-ubtan-face-wash-for-tan-removal-100ml_1770894673.webp,none,21,456,420,True,8% off,True,111,4.5
8951,Derma Co. 15% AHA+1% BHA Beginner Face Peeling Solution - 30ml,derma-co-15-aha1-bha-beginner-face-peeling-solution-30ml,https://d2wfc4v12a2zxr.cloudfront.net/resized/medium/products/derma-co-15-aha1-bha-beginner-face-peeling-solution_1650801412.webp,none,9,799,735,True,8% off,True,103,4.7
3661,Mamaearth Vitamin C Face Wash with Vitamin C and Turmeric for Skin Illumination – 100ml,mamaearth-vitamin-c-face-wash-with-vitamin-c-and-turmeric-for-skin-illumination-100ml,https://d2wfc4v12a2zxr.cloudfront.net/resized/medium/product/cover_image1596020082.jpg,none,16,456,420,True,8% off,True,102,4.6
15182,Derma Co Sali-Cinamide Anti-Acne Face Wash with 2% Salicylic Acid - 80ml,derma-co-sali-cinamide-anti-acne-face-wash-with-2-salicylic-acid-80ml,https://d2wfc4v12a2zxr.cloudfront.net/resized/medium/products/main_derma-co-sali-cinamide-anti-acne-face-wash-with-2-salicylic-acid-80ml_1731302541.webp,none,24,400,368,True,8% off,True,101,4.8
2043,Hada Labo Advanced Nourish And Hydrating Cream 50g,hada-labo-advanced-nourish-and-hydrating-cream-50g,https://d2wfc4v12a2zxr.cloudfront.net/resized/medium/products/main_hada-labo-advanced-nourish-and-hydrating-cream-50g_1768884485.webp,none,24,1150,1150,False,0% off,True,100,4.7
9684,Derma Co. 1% Hyaluronic Tinted Sunscreen Gel for Broad Spectrum Protection - 50gm,derma-co-1-hyaluronic-tinted-sunscreen-gel-for-broad-spectrum-protection-50gm,https://d2wfc4v12a2zxr.cloudfront.net/resized/medium/products/derma-co-1-hyaluronic-tinted-sunscreen-gel-for-broad-spectrum-protection-50g_1663752677.webp,size,12,1118,1029,True,8% off,True,98,4
17766,Dot & Key Ceramides Moisturizer with Hyaluronic Barrier Repair Cream - 100gm,dot-key-ceramides-moisturizer-with-hyaluronic-barrier-repair-cream-100gm,https://d2wfc4v12a2zxr.cloudfront.net/resized/medium/products/main_dot-key-ceramides-moisturizer-with-hyaluronic-barrier-repair-cream-100gm_1782882749.webp,none,9,632,569,True,10% off,False,97,4.8
3170,Mamaearth Bye Bye Dark Circles Eye Cream (20gm),mamaearth-bye-bye-dark-circles-eye-cream-20gm,https://d2wfc4v12a2zxr.cloudfront.net/resized/medium/product/cover_image1593965612.jpg,none,6,640,589,True,8% off,True,97,4.2
6276,Derma Co. 0.1 % Retinol Serum - 30ml,derma-co-01-retinol-serum-30ml,https://d2wfc4v12a2zxr.cloudfront.net/resized/medium/products/derma-co-01-retinol-serum-30ml_1626443530.webp,none,8,1120,1030,True,8% off,True,95,4.5
9059,Chemist At Play 5% AHAs Under Arm Roll On - Fragrance Free - 40ML,chemist-at-play-5-ahas-under-arm-roll-on-fragrance-free-40ml,https://d2wfc4v12a2zxr.cloudfront.net/resized/medium/products/main_chemist-at-play-under-arm-roll-on-fragrance-free-40ml-4-lactic-acid-1-mandelic-acid_1716097436.webp,none,25,638,593,True,7% off,True,93,4.6
14795,FURR Dual Head Face Razor - 3N,furr-dual-head-face-razor-3n,https://d2wfc4v12a2zxr.cloudfront.net/resized/medium/products/main_furr-face-razor-for-women-facial-hair-with-dual-blade_1695816620.webp,none,12,559,531,True,5% off,True,90,4.7
5001,Diva Toning & Hydrating Mist - Lotus,diva-toning-hydrating-mist-lotus,https://d2wfc4v12a2zxr.cloudfront.net/resized/medium/products/main_diva-toning-hydrating-mist-lotus_1630479661.webp,size,4,380,361,True,5% off,True,89,4.6
6274,Derma Co 20% Vitamin C Serum - 20ml,derma-co-20-vitamin-c-serum-20ml,https://d2wfc4v12a2zxr.cloudfront.net/resized/medium/products/derma-co-20-vitamin-c-serum-20-ml_1626443241.webp,none,11,1440,1325,True,8% off,True,88,4.7
10204,Aqualogica Hydrate+ Sunscreen with Coconut water & Hyaluronic Acid - 50gm,aqualogica-hydrate-sunscreen-with-coconut-water-hyaluronic-acid-50gm,https://d2wfc4v12a2zxr.cloudfront.net/resized/medium/products/aqualogica-hydrate-sunscreen-with-coconut-water-hyaluronic-acid_1669534756.webp,none,13,719,669,True,7% off,True,87,4.7
16300,Minimalist 10% Vitamin B5 Gel Face Moisturizer - 50gm,minimalist-10-vitamin-b5-gel-face-moisturizer-50gm,https://d2wfc4v12a2zxr.cloudfront.net/resized/medium/products/main_minimalist-10-vitamin-b5-gel-face-moisturizer-50g_1712484076.webp,size,21,561,533,True,5% off,True,83,4.6
12971,Derma co. Hyaluronic Sunscreen Stick - 20gm,derma-co-hyaluronic-sunscreen-stick-20gm,https://d2wfc4v12a2zxr.cloudfront.net/resized/medium/products/main_dema-co-hyaluronic-sunscreen-stick_1683179521.webp,none,2,1600,1472,True,8% off,True,83,4.7
10332,Derma Co. Pore Minimizing Priming Sunscreen - 50gm,derma-co-pore-minimizing-priming-sunscreen-50gm,https://d2wfc4v12a2zxr.cloudfront.net/resized/medium/products/derma-co-pore-minimizing-priming-sunscreen_1670225945.webp,none,5,719,661,True,8% off,True,83,4.7
6291,Derma Co. Ultra Matte Sunscreen Gel,derma-co-ultra-matte-sunscreen-gel,https://d2wfc4v12a2zxr.cloudfront.net/resized/medium/products/derma-co-ultra-matte-sunscreen-gel-50gm_1626450708.webp,size,6,1119,1029,True,8% off,True,82,4.8
16229,Mamaearth Rice Oil-Free Face Moisturizer - 80gm,mamaearth-rice-oil-free-face-moisturizer-80gm,https://d2wfc4v12a2zxr.cloudfront.net/resized/medium/products/main_mamaearth-rice-oil-free-face-moisturizer_1711004765.webp,size,28,511,470,True,8% off,True,79,4.7
12929,Plum 5% Niacinamide face Serum 30ml,plum-5-niacinamide-face-serum-30ml,https://d2wfc4v12a2zxr.cloudfront.net/resized/medium/products/main_plum-5-niacinamide-face-serum-30ml_1682318557.webp,none,1,959,863,True,10% off,True,79,4.7
1229,Acnes Vitamin Cleanser Face Wash for Gentle Cleansing And Nourishment,acnes-vitamin-cleanser-face-wash-for-gentle-cleansing-and-nourishment,https://d2wfc4v12a2zxr.cloudfront.net/resized/medium/products/main_acnes-vitamin-cleanser-face-wash-for-gentle-cleansing-and-nourishment_1768910827.webp,size,7,575,575,False,0% off,False,79,4.5
10275,Derma Co. 5% Niacinamide Daily Face Serum,derma-co-5-niacinamide-daily-face-serum,https://d2wfc4v12a2zxr.cloudfront.net/resized/medium/products/main_derma-co-5-niacinamide-daily-face-serum_1690695643.webp,none,10,799,735,True,8% off,False,78,4.6
7011,Plum Bulgarian Rose & 2% Hyaluronic Acid Serum,plum-bulgarian-rose-2-hyaluronic-acid-serum,https://d2wfc4v12a2zxr.cloudfront.net/resized/medium/products/plum-bulgarian-rose-2-hyaluronic-acid-serum-15-ml_1633603518.webp,size,2,958,862,True,10% off,True,77,4.7
10264,Derma Co.5% Vitamin C Oil Free Moisturizer - 100gm,derma-co5-vitamin-c-oil-free-moisturizer-100gm,https://d2wfc4v12a2zxr.cloudfront.net/resized/medium/products/derma-co5-vitamin-c-oil-free-moisturizer_1669803787.webp,none,14,559,514,True,8% off,True,76,4.8
13750,Derma Co 1% Kojic Acid Face Wash - 100ml,derma-co-1-kojic-acid-face-wash-100ml,https://d2wfc4v12a2zxr.cloudfront.net/resized/medium/products/main_derma-co-1-kojic-acid-face-wash_1731313813.webp,none,15,479,441,True,8% off,True,75,4.7
5838,Plum Green Tea Oil Free Moisturizer 50ml,plum-green-tea-oil-free-moisturizer-50ml,https://d2wfc4v12a2zxr.cloudfront.net/resized/medium/products/plum-green-tea-oil-free-moisturizer-50ml_1623645510.webp,none,2,753,678,True,10% off,True,74,4.6
13808,The Derma Co 2% Salicylic Acid Serum with Witch Hazel & Willow Bark for Active Acne - 10ml,the-derma-co-2-salicylic-acid-serum-with-witch-hazel-willow-bark-for-active-acne-10ml,https://d2wfc4v12a2zxr.cloudfront.net/resized/medium/products/main_the-derma-co-2-salicylic-acid-serum-with-witch-hazel-willow-bark-for-active-acne-10ml_1688731630.webp,none,22,399,367,True,8% off,True,74,4.4
6303,Derma Co 2% Alpha Arbutin Face Serum 30ml,derma-co-2-alpha-arbutin-face-serum-30ml,https://d2wfc4v12a2zxr.cloudfront.net/resized/medium/products/derma-co-2-alpha-arbutin-face-serum-30ml_1626454812.webp,none,7,799,735,True,8% off,True,72,4.5
9204,Derma Co. 3% AHA+BHA Foaming Facial Wash - 100ml,derma-co-3-ahabha-foaming-facial-wash-100ml,https://d2wfc4v12a2zxr.cloudfront.net/resized/medium/products/dermaco-3-ahabha-foaming-facial-cleanser-100ml_1656417317.webp,size,6,559,514,True,8% off,True,66,4.7
6287,Derma Co. 0.3% Retinol Serum - 30 ml,derma-co-03-retinol-serum-30-ml,https://d2wfc4v12a2zxr.cloudfront.net/resized/medium/products/derma-co-03-retinol-serum-30-ml_1626448756.webp,none,5,1280,1178,True,8% off,True,66,4.7
16316,Minimalist Gentle Cleanser Oat Extract For Sensitive Skin - 120ml,minimalist-gentle-cleanser-oat-extract-for-sensitive-skin-120ml,https://d2wfc4v12a2zxr.cloudfront.net/resized/medium/products/main_minimalist-gentle-cleanser-oat-extract-for-sensitive-skin-120ml_1712488181.webp,none,24,481,457,True,5% off,False,64,4.7
13454,"Mamaearth Daily Glow Sunscreen SPF 50 PA+++, with Vitamin C & Turmeric",mamaearth-daily-glow-sunscreen-spf-50-pa-with-vitamin-c-turmeric,https://d2wfc4v12a2zxr.cloudfront.net/resized/medium/products/main_mamaearth-daily-glow-sunscreen-spf-50-pa-no-white-cast-with-vitamin-c-turmeric-for-su_1687343787.webp,size,7,559,514,True,8% off,True,64,4.4
10343,Derma Co. 2% Salicylic Acid Mask - 50gm,derma-co-2-salicylic-acid-mask-50gm,https://d2wfc4v12a2zxr.cloudfront.net/resized/medium/products/derma-co-2-salicylic-acid-mask_1670237817.webp,none,14,799,735,True,8% off,True,61,4.8
6299,Derma Co. 30% AHA + 2% BHA Peeling Solution - 30ml,derma-co-30-aha-2-bha-peeling-solution-30ml,https://d2wfc4v12a2zxr.cloudfront.net/resized/medium/products/derma-co-30-aha-2-bha-peeling-solution_1626453774.webp,none,6,960,883,True,8% off,False,61,4.6
6297,Derma Co. 5% Caffeine Eye serum - 15 ml,derma-co-5-caffeine-eye-serum-15-ml,https://d2wfc4v12a2zxr.cloudfront.net/resized/medium/products/derma-co-5-caffeine-serum-15-ml_1626453277.webp,none,10,958,881,True,8% off,True,60,4.5
6280,Derma Co 2% Kojic Acid Cream - 30gm,derma-co-2-kojic-acid-cream-30gm,https://d2wfc4v12a2zxr.cloudfront.net/resized/medium/products/main_derma-co-2-kojic-acid-cream-30gm_1659789671.webp,none,7,799,735,True,8% off,True,60,4.5
17193,Aqualogica Barrier+ Hydra Gel Moisturizer - 200gm,aqualogica-barrier-hydra-gel-moisturizer-200gm,https://d2wfc4v12a2zxr.cloudfront.net/resized/medium/products/main_aqualogica-barrier-hydra-gel-moisturizer-200gm_1722427803.webp,none,4,799,743,True,7% off,False,60,4.6
16308,Minimalist Marula Oil 5% Face Moisturizer For Dry Skin - 50gm,minimalist-marula-oil-5-face-moisturizer-for-dry-skin-50gm,https://d2wfc4v12a2zxr.cloudfront.net/resized/medium/products/main_minimalist-marula-oil-5-face-moisturizer-for-dry-skin-50g_1712486044.webp,none,22,481,457,True,5% off,True,59,4.7
6306,Acnes Creamy Face Wash For Acne And Pimple Treatment 50g,acnes-creamy-face-wash-for-acne-and-pimple-treatment-50g,https://d2wfc4v12a2zxr.cloudfront.net/resized/medium/products/main_acnes-creamy-face-wash-for-acne-and-pimple-treatment-50g_1768823434.webp,size,5,425,425,False,0% off,False,58,4.8
11981,COSRX Acne Pimple Patch,cosrx-acne-pimple-patch,https://d2wfc4v12a2zxr.cloudfront.net/resized/medium/products/cosrx-acne-pimple-patch-24patches_1677580175.webp,none,13,600,540,True,10% off,True,57,4.6
8135,Plum 1.5% Vitamin C Toner with Mandarin 100ml,plum-15-vitamin-c-toner-with-mandarin-100ml,https://d2wfc4v12a2zxr.cloudfront.net/resized/medium/products/plum-15-vitamin-c-toner-with-mandarin-100ml_1644319098.webp,none,8,680,612,True,10% off,True,57,4.8
10338,Derma Co. Pore Minimizing Daily Face Moisturizer - 50gm,derma-co-pore-minimizing-daily-face-moisturizer-50gm,https://d2wfc4v12a2zxr.cloudfront.net/resized/medium/products/derma-co-pore-minimizing-daily-face-moisturizer_1670234808.webp,none,6,559,514,True,8% off,True,57,4.4
288,Himalaya Herbals Purifying Neem Face Wash,himalaya-herbals-purifying-neem-face-wash,https://d2wfc4v12a2zxr.cloudfront.net/resized/medium/products/main_himalaya-herbals-purifying-neem-face-wash_1675165062.webp,size,2,520,494,True,5% off,False,57,4.6
13807,The Derma Co 2% Kojic Acid Face Serum for Dark Spots And Pigmentation - 10 ml,the-derma-co-2-kojic-acid-face-serum-for-dark-spots-and-pigmentation-10-ml,https://d2wfc4v12a2zxr.cloudfront.net/resized/medium/products/main_the-derma-co-2-kojic-acid-face-serum-with-1-alpha-arbutin-niacinamide-for-dark-spots-_1688731571.webp,none,10,398,366,True,8% off,True,56,4.3
16063,Beauty of Joseon Relief Sun Cream (SPF50+ PA++++) - 50ml,beauty-of-joseon-relief-sun-cream-spf50-pa-50ml,https://d2wfc4v12a2zxr.cloudfront.net/resized/medium/products/main_beauty-of-joseon-relief-sun-cream-spf50-pa-50ml_1782887993.webp,none,76,2385,2147,True,10% off,True,55,4.9
16989,Derma Co 2% Niacinamide Oily-Skin Cleanser 125ml,derma-co-2-niacinamide-oily-skin-cleanser-125ml,https://d2wfc4v12a2zxr.cloudfront.net/resized/medium/products/main_derma-co-2-niacinamide-oily-skin-cleanser-125ml_1718106130.webp,none,14,479,441,True,8% off,False,55,4.6
13749,Derma Co 1% Hyaluronic Tinted Sunscreen Gel SPF 60 - 30gm,derma-co-1-hyaluronic-tinted-sunscreen-gel-spf-60-30gm,https://d2wfc4v12a2zxr.cloudfront.net/resized/medium/products/main_derma-co-1-hyaluronic-tinted-sunscreen-gel-spf-60_1708420299.webp,none,16,799,735,True,8% off,True,54,4.3
8967,Derma co. 3% Niacinamide Foaming Face Wash - 100ml,derma-co-3-niacinamide-foaming-face-wash-100ml,https://d2wfc4v12a2zxr.cloudfront.net/resized/medium/products/derma-co-3-niacinamide-foaming-face-wash_1651051017.webp,none,8,560,515,True,8% off,True,54,4.9
9289,CeraVe Hydrating Facial Cleanser - 473ml,cerave-hydrating-facial-cleanser-473ml,https://d2wfc4v12a2zxr.cloudfront.net/resized/medium/products/main_cerave-hydrating-facial-cleanser-473ml_1668530978.webp,size,4,4000,3600,True,10% off,True,53,4.7
1798,The Ordinary Hyaluronic Acid 2% + B5 60ml,the-ordinary-hyaluronic-acid-2-b5-60ml,https://d2wfc4v12a2zxr.cloudfront.net/resized/medium/product/cover_image1569405321.png,none,6,2700,2295,True,15% off,True,51,4.9
15222,Chemist at play under eye cream,chemist-at-play-under-eye-cream,https://d2wfc4v12a2zxr.cloudfront.net/resized/medium/products/main_chemist-at-play-under-eye-cream_1702963121.webp,none,5,559,520,True,7% off,False,51,4
3669,"Mamaearth Vitamin C Face Toner with Vitamin C & Cucumber for Pore Tightening, 200 ml",mamaearth-vitamin-c-face-toner-with-vitamin-c-cucumber-for-pore-tightening-200-ml,https://d2wfc4v12a2zxr.cloudfront.net/resized/medium/product/cover_image1596024428.jpg,none,5,640,589,True,8% off,False,51,4.3
5000,Diva Toning & Hydrating Mist - Jasmine,diva-toning-hydrating-mist-jasmine,https://d2wfc4v12a2zxr.cloudfront.net/resized/medium/products/main_diva-toning-hydrating-mist-jasmine_1630479684.webp,size,6,380,361,True,5% off,False,50,4.7
17765,Dot & Key Lip Balm for Moisturization - 12gm,dot-key-lip-balm-for-moisturization-12gm,https://d2wfc4v12a2zxr.cloudfront.net/resized/medium/products/main_dot-key-lip-balm-for-moisturization-12gm_1731236579.webp,color,6,398,358,True,10% off,False,50,4.5
8718,Mamaearth Vitamin C Oil-Free Face Moisturizer 80g,mamaearth-vitamin-c-oil-free-face-moisturizer-80g,https://d2wfc4v12a2zxr.cloudfront.net/resized/medium/products/mamaearth-vitamin-c-oil-free-face-moisturizer-80g_1649325175.webp,none,2,509,468,True,8% off,True,50,4.7
16990,Derma Co 2% Niacinamide Gentle Skin Cleanser - 125ml,derma-co-2-niacinamide-gentle-skin-cleanser-125ml,https://d2wfc4v12a2zxr.cloudfront.net/resized/medium/products/main_derma-co-2-niacinamide-gentle-skin-cleanser-125ml_1718105999.webp,none,31,479,441,True,8% off,False,49,4.7
9908,Derma Co. Pore Minimizing Face Serum For Open Pores - 30ml,derma-co-pore-minimizing-face-serum-for-open-pores-30ml,https://d2wfc4v12a2zxr.cloudfront.net/resized/medium/products/the-derma-co-pore-minimizing-face-serum-with-4-niacinamide-5-pha-and-p-refinyl-for-open-pores-30ml_1666540507.webp,none,8,959,882,True,8% off,True,49,4.7
12974,Derma co. C-Cinamide R Sunscreen AquaGel - 50gm,derma-co-c-cinamide-r-sunscreen-aquagel-50gm,https://d2wfc4v12a2zxr.cloudfront.net/resized/medium/products/main_derma-co-c-cinamide-r-sunscreen-aquagel-50g_1683180181.webp,none,7,799,735,True,8% off,True,48,4.2
10213,Aqualogica Radiance+ Face Wash - 100ml,aqualogica-radiance-face-wash-100ml,https://d2wfc4v12a2zxr.cloudfront.net/resized/medium/products/aqualogica-radiance-face-wash_1669538891.webp,none,12,478,445,True,7% off,True,47,4.4
12240,Le Tan Watermelon SPF50+ Lotion 125ml,le-tan-watermelon-spf50-lotion-125ml,https://d2wfc4v12a2zxr.cloudfront.net/resized/medium/products/le-tan-watermelon-spf50-lotion-125ml_1678191231.webp,none,6,1645,1596,True,3% off,True,46,4.2
1246,Sunplay UV Sunscreen For All Skin Types With SPF 50+ PA++++,sunplay-uv-sunscreen-for-all-skin-types-with-spf-50-pa,https://d2wfc4v12a2zxr.cloudfront.net/resized/medium/products/main_sunplay-uv-sunscreen-for-all-skin-types-with-spf-50-pa_1768820994.webp,size,7,875,875,False,0% off,False,44,4.6
19274,FAIRY SKIN PREMIUM TINTED SUNSCREEN SPF 50++++ 50g,fairy-skin-premium-tinted-sunscreen-spf-50-50g,https://d2wfc4v12a2zxr.cloudfront.net/resized/medium/products/main_fairy-skin-premium-tinted-sunscreen-spf-50-50g_1782887666.webp,none,2,1495,1279,True,14% off,False,44,4.6
16246,The Derma Co 4% Ceramide Barrier Repair Moisturizer - 50gm,the-derma-co-4-ceramide-barrier-repair-moisturizer-50gm,https://d2wfc4v12a2zxr.cloudfront.net/resized/medium/products/main_the-derma-co-4-ceramide-barrier-repair-moisturizer-50gm_1743509243.webp,size,19,367,338,True,8% off,False,43,4.6
16283,Minimalist 2% Alpha Arbutin Serum - 30ml,minimalist-2-alpha-arbutin-serum-30ml,https://d2wfc4v12a2zxr.cloudfront.net/resized/medium/products/main_minimalist-2-alpha-arbutin-serum-30ml_1712479674.webp,none,21,881,837,True,5% off,False,42,4.3
14636,Dr. Sheth’s Haldi & Hyaluronic Acid Oil-Free Moisturizer - 50g,dr-sheths-haldi-hyaluronic-acid-oil-free-moisturizer-50g,https://d2wfc4v12a2zxr.cloudfront.net/resized/medium/products/main_dr-sheths-haldi-hyaluronic-acid-oil-free-moisturizer-50g_1693449156.webp,none,7,558,513,True,8% off,True,42,4.1
10330,Derma Co. 2% Cica-Glow Daily Face Wash - 100ml,derma-co-2-cica-glow-daily-face-wash-100ml,https://d2wfc4v12a2zxr.cloudfront.net/resized/medium/products/derma-co-2-cica-glow-daily-face-wash-100ml_1670224695.webp,none,19,559,514,True,8% off,False,41,4.7
16876,Acnemoist Cream For Acne Prone Skin - 60gm,acnemoist-cream-for-acne-prone-skin-60gm,https://d2wfc4v12a2zxr.cloudfront.net/resized/medium/products/main_acnemoist-cream-for-acne-prone-skin-60gm_1740466321.webp,none,4,719,683,True,5% off,False,41,4.7
2062,Hada Labo Pro Anti-Aging Lifting Cleanser 80g,hada-labo-pro-anti-aging-lifting-cleanser-80g,https://d2wfc4v12a2zxr.cloudfront.net/resized/medium/products/main_hada-labo-pro-anti-aging-lifting-cleanser-80g_1768885640.webp,none,11,550,550,False,0% off,False,40,4.7
10341,Derma Co. 1% Salicylic Acid Foaming Daily FaceWash - 100ml,derma-co-1-salicylic-acid-foaming-daily-facewash-100ml,https://d2wfc4v12a2zxr.cloudfront.net/resized/medium/products/derma-co-1-salicylic-acid-foaming-daily-facewash_1670236724.webp,none,10,559,514,True,8% off,True,40,4.8
17812,Plum Simply Bright 2% Niacinamide Face Wash With Rice Water - 100ml,plum-simply-bright-2-niacinamide-face-wash-with-rice-water-100ml,https://d2wfc4v12a2zxr.cloudfront.net/resized/medium/products/main_plum-simply-bright-2-niacinamide-face-wash-with-rice-water-100ml_1729840277.webp,none,10,479,431,True,10% off,False,40,4.7
2037,Hada Labo Advanced Nourish Lotion/Toner For Oily to Combination Skin - 100ml,hada-labo-advanced-nourish-lotiontoner-for-oily-to-combination-skin-100ml,https://d2wfc4v12a2zxr.cloudfront.net/resized/medium/products/main_hada-labo-advanced-nourish-lotiontoner-for-oily-to-combination-skin-100ml_1768884599.webp,none,9,790,790,False,0% off,False,40,4.5
3191,Mamaearth Milky Soft Baby Face Cream - 60gm,mamaearth-milky-soft-baby-face-cream-60gm,https://d2wfc4v12a2zxr.cloudfront.net/resized/medium/product/cover_image1594016266.jpg,none,7,320,294,True,8% off,False,40,4.8
10207,Aqualogica Glow+ Smoothie Face Wash - 100ml,aqualogica-glow-smoothie-face-wash-100ml,https://d2wfc4v12a2zxr.cloudfront.net/resized/medium/products/main_aqualogica-glow-smoothie-face-wash-100ml_1781419778.webp,size,7,399,371,True,7% off,False,40,4.8
16527,Aqualogica Radiance+ Dewy Sunscreen - 80gm,aqualogica-radiance-dewy-sunscreen-80gm,https://d2wfc4v12a2zxr.cloudfront.net/resized/medium/products/main_aqualogica-radiance-dewy-sunscreen_1715158789.webp,size,10,959,892,True,7% off,False,38,4.3
15732,"The Derma Co 1% Kojic Acid Lip Balm With Alpha Arbutin & Hyaluronic Acid, Spf 30 Pa++ For Dark & Pigmented Lips - 4G, Off White",the-derma-co-1-kojic-acid-lip-balm-with-alpha-arbutin-hyaluronic-acid-spf-30-pa-for-dark-pigmented-lips-4g-off-white,https://d2wfc4v12a2zxr.cloudfront.net/resized/medium/products/main_the-derma-co-1-kojic-acid-lip-balm-with-alpha-arbutin-hyaluronic-acid-spf-30-pa-for-d_1707468937.webp,none,9,526,484,True,8% off,True,37,4.5
10337,Derma Co. 5% Vitamin C Daily Face Serum - 30ml,derma-co-5-vitamin-c-daily-face-serum-30ml,https://d2wfc4v12a2zxr.cloudfront.net/resized/medium/products/the-derma-co-5-vitamin-c-daily-face-serum_1670234151.webp,none,9,878,808,True,8% off,False,36,4.4
15050,Chemist at Play Oil & Acne Control Face Wash - 100ML (2% Salicylic Acid + Azelaic Acid + Cica),chemist-at-play-oil-acne-control-face-wash-100ml-2-salicylic-acid-azelaic-acid-cica,https://d2wfc4v12a2zxr.cloudfront.net/resized/medium/products/main_chemist-at-play-oil-acne-control-face-wash-100ml-2-salicylic-acid-azelaic-acid-cica_1698732517.webp,none,5,479,445,True,7% off,False,36,4.6
13349,"UV Doux SPF 50 PA+++ Blue Light Sunscreen Gel  UVA/UVB Protection | Matte, Water-Resistant Formula | Suitable for Men & Women | All Skin Types",uv-doux-spf-50-pa-blue-light-sunscreen-gel-uvauvb-protection-matte-water-resistant-formula-suitable-for-men-women-all-skin-types,https://d2wfc4v12a2zxr.cloudfront.net/resized/medium/products/main_uv-doux-blue-light-sunscreen-gel-spf-50-pa-50gm_1727238225.webp,size,38,1408,1338,True,5% off,False,35,4.7
10342,Derma Co. 5% Cica-Glow Daily Face Moisturizer - 50gm,derma-co-5-cica-glow-daily-face-moisturizer-50gm,https://d2wfc4v12a2zxr.cloudfront.net/resized/medium/products/derma-co-5-cica-glow-daily-face-moisturizer-50gm_1670237128.webp,none,9,559,514,True,8% off,False,35,4.6
16297,Minimalist PHA 3% Alcohol Free Face Toner - 150ml,minimalist-pha-3-alcohol-free-face-toner-150ml,https://d2wfc4v12a2zxr.cloudfront.net/resized/medium/products/main_minimalist-pha-3-alcohol-free-face-toner-150-ml_1712482749.webp,none,2,639,607,True,5% off,False,34,4.7
13273,Plum Salicylic Acid Face Wash - 110ml,plum-salicylic-acid-face-wash-110ml,https://d2wfc4v12a2zxr.cloudfront.net/resized/medium/products/main_plum-salicylic-acid-face-wash-110ml_1685526111.webp,none,11,521,469,True,10% off,True,32,4.7
16528,Aqualogica Detan+ Dewy Sunscreen - 80gm,aqualogica-detan-dewy-sunscreen-80gm,https://d2wfc4v12a2zxr.cloudfront.net/resized/medium/products/main_aqualogica-detan-dewy-sunscreen_1715159621.webp,size,7,959,892,True,7% off,False,32,4.9
16290,Minimalist 3% Tranexamic Acid Face Serum - 30ml,minimalist-3-tranexamic-acid-face-serum-30ml,https://d2wfc4v12a2zxr.cloudfront.net/resized/medium/products/main_minimalist-3-tranexamic-acid-face-serum-30ml_1712481065.webp,none,16,1041,989,True,5% off,False,31,4.4
16244,Combo Of COSRX Advance Snail 96 Mucin Power Essence and Advance Snail 92 All in One,combo-of-cosrx-advance-snail-96-mucin-power-essence-and-advance-snail-92-all-in-one,https://d2wfc4v12a2zxr.cloudfront.net/resized/medium/products/main_combo-of-cosrx-advance-snail-96-mucin-power-essence-and-advance-snail-92-all-in-one_1782888714.webp,none,5,5900,5310,True,10% off,True,31,4.6
3189,Mamaearth Mineral Based Sunscreen SPF20+ - 50ml,mamaearth-mineral-based-sunscreen-spf20-50ml,https://d2wfc4v12a2zxr.cloudfront.net/resized/medium/product/cover_image1594015496.jpg,none,17,240,221,True,8% off,False,31,4.5
15181,The Derma Co Sali-Cinamide Anti-Acne Face Serum for Acne & Acne Marks - 30ml,the-derma-co-sali-cinamide-anti-acne-face-serum-for-acne-acne-marks-30ml,https://d2wfc4v12a2zxr.cloudfront.net/resized/medium/products/main_the-derma-co-sali-cinamide-anti-acne-face-serum-with-2-salicylic-acid-5-niacinamide-f_1701859300.webp,none,6,960,883,True,8% off,True,31,4.8
5678,Mamaearth Vitamin C Foaming Face wash-150ml,mamaearth-vitamin-c-foaming-face-wash-150ml,https://d2wfc4v12a2zxr.cloudfront.net/resized/medium/products/mamaearth-vitamin-c-foaming-face-wash-150ml_1620815249.webp,none,3,639,588,True,8% off,False,31,4.4
330,"Himalaya Herbals Under Eye Cream, 15ml",himalaya-herbals-under-eye-cream-15ml,https://d2wfc4v12a2zxr.cloudfront.net/resized/medium/12/eye-cream-1.jpg,none,2,360,342,True,5% off,False,31,4.2
10788,COSRX Salicylic Acid Daily Gentle Cleanser - 150ml,cosrx-salicylic-acid-daily-gentle-cleanser-150ml,https://d2wfc4v12a2zxr.cloudfront.net/resized/medium/products/main_cosrx-salicylic-acid-daily-gentle-cleanser-150ml-21_1773118774.webp,none,12,1650,1485,True,10% off,True,30,4.4
17769,Dot & Key CICA Face Wash for Acne Prone Skin with 2% Salicylic Acid & Green Tea Face Wash - 100ml,dot-key-cica-face-wash-for-acne-prone-skin-with-2-salicylic-acid-green-tea-face-wash-100ml,https://d2wfc4v12a2zxr.cloudfront.net/resized/medium/products/main_dot-key-cica-face-wash-for-acne-prone-skin-2-salicylic-acid-face-wash-100ml_1729500217.webp,none,18,398,358,True,10% off,False,30,4.4
8709,Mamaearth Niacin face Toner 200ml,mamaearth-niacin-face-toner-200ml,https://d2wfc4v12a2zxr.cloudfront.net/resized/medium/products/mamaearth-niacin-face-toner-200ml_1649321829.webp,none,6,639,588,True,8% off,False,30,4.8
3958,"Plum E-luminence Deep Moisturizing Creme, 50ml",plum-e-luminence-deep-moisturizing-creme-50ml,https://d2wfc4v12a2zxr.cloudfront.net/resized/medium/product/cover_image1599029653.jpg,none,4,921,829,True,10% off,False,30,4.7
14345,Nature Derma Glycolic Acid Toner Essence with Natural Biome-Boost™ Solution - 100 ml,nature-derma-glycolic-acid-toner-essence-with-natural-biome-boost-solution-100-ml,https://d2wfc4v12a2zxr.cloudfront.net/resized/medium/products/main_nature-derma-brightening-toner-essence-100ml_1691150192.webp,none,1,638,415,True,35% off,False,30,4.8
12238,Le Tan Spf 50+ Coconut 125ml,le-tan-spf-50-coconut-125ml,https://d2wfc4v12a2zxr.cloudfront.net/resized/medium/products/main_le-tan-spf-50-coconut-125ml_1715763208.webp,none,2,1645,1596,True,3% off,True,29,4.7
11979,COSRX Aloe Soothing Sun Cream SPF50 PA+++ - 50ml,cosrx-aloe-soothing-sun-cream-spf50-pa-50ml,https://d2wfc4v12a2zxr.cloudfront.net/resized/medium/products/cosrx-aloe-soothing-sun-cream-spf50-pa-50ml_1677579328.webp,none,6,2000,1800,True,10% off,True,29,4.6
17768,DOT & KEY Vitamin C + E Super Bright Sunscreen Spf 50++++ (50gm),dot-key-vitamin-c-e-super-bright-sunscreen-spf-50-50gm,https://d2wfc4v12a2zxr.cloudfront.net/resized/medium/products/main_dot-key-vitamin-c-e-super-bright-sunscreen-spf-50-50gm_1773830736.webp,none,6,712,641,True,10% off,False,29,4.7
17772,Dot & Key Watermelon Hyaluronic Sunscreen SPF 50 PA++++ (50gm),dot-key-watermelon-hyaluronic-sunscreen-spf-50-pa-50gm,https://d2wfc4v12a2zxr.cloudfront.net/resized/medium/products/main_dot-key-watermelon-hyaluronic-sunscreen-spf-50-pa-50gm_1773830854.webp,none,6,712,641,True,10% off,False,29,4.6
17663,Aqualogica Illuminate + Hydra Gel Moisturizer - 200gm,aqualogica-illuminate-hydra-gel-moisturizer-200gm,https://d2wfc4v12a2zxr.cloudfront.net/resized/medium/products/main_aqualogica-illuminate-hydra-gel-moisturizer-200gm_1726565238.webp,none,10,799,743,True,7% off,False,28,4.4
16298,Minimalist Multi Peptide Night Face Serum - 30ml,minimalist-multi-peptide-night-face-serum-30ml,https://d2wfc4v12a2zxr.cloudfront.net/resized/medium/products/main_minimalist-multi-peptide-night-face-serum-30-ml_1712483014.webp,size,7,1121,1065,True,5% off,False,28,4.5
16291,Minimalist Vitamin K + 01 retinol% Eyecream- 14g,minimalist-vitamin-k-01-retinol-eyecream-14g,https://d2wfc4v12a2zxr.cloudfront.net/resized/medium/products/main_minimalist-vitamin-k-retinal-01-eyecream-14g_1712481262.webp,none,5,801,761,True,5% off,False,28,4.1
17315,Aqualogica Glow+ Hydra Gel Moisturizer with Vitamin C & Papaya - 200gm,aqualogica-glow-hydra-gel-moisturizer-with-vitamin-c-papaya-200gm,https://d2wfc4v12a2zxr.cloudfront.net/resized/medium/products/main_aqualogica-glow-hydra-gel-moisturizer-with-vitamin-c-papaya-20-g24-hour-intense-hydra_1723089789.webp,none,12,799,743,True,7% off,False,28,4.8
12242,Le Tan SPF50+ BB Cream Light Tint 70ml,le-tan-spf50-bb-cream-light-tint-70ml,https://d2wfc4v12a2zxr.cloudfront.net/resized/medium/products/main_le-tan-spf50-bb-cream-light-tint-70ml_1723805928.webp,none,1,1645,1596,True,3% off,True,28,4.2
5791,Melano CC Rich Moisturising Cream 100g,melano-cc-rich-moisturising-cream-100g,https://d2wfc4v12a2zxr.cloudfront.net/resized/medium/products/main_melano-cc-hydration-gel-with-vitamin-c-100g-for-dark-spots-even-skin-tone_1769333185.webp,none,1,1460,1460,False,0% off,False,28,4.8
12243,Le Tan BB Cream Spf 50+ Medium Tint 70ml,le-tan-bb-cream-spf-50-medium-tint-70ml,https://d2wfc4v12a2zxr.cloudfront.net/resized/medium/products/main_le-tan-bb-cream-spf-50-medium-tint-70ml_1703737611.webp,none,6,1645,1596,True,3% off,True,27,4.7
17962,"Brinton AcMist Moisturizing Cream Gel for Acne-Prone & Oily Skin | With Vitamin E, Aloe Vera & Squalane | Oil-Free, Non-Comedogenic, Lightweight, Quick Absorbing |  100gm",brinton-acmist-moisturizing-cream-gel-for-acne-prone-oily-skin-with-vitamin-e-aloe-vera-squalane-oil-free-non-comedogenic-lightweight-quick-absorbing-100gm,https://d2wfc4v12a2zxr.cloudfront.net/resized/medium/products/main_acmist-moisturizing-cream-gel-100gm_1733807603.webp,none,5,1192,1097,True,8% off,False,27,4.5
16491,Pilgrim Tea Tree Light Non-oily Moisturizer - 80gm,pilgrim-tea-tree-light-non-oily-moisturizer-80gm,https://d2wfc4v12a2zxr.cloudfront.net/resized/medium/products/main_pilgrim-tea-tree-light-non-oily-moisturizer-80gm_1777791567.webp,size,8,440,405,True,8% off,False,27,4
1739,Acnes Oil Control Cleanser Face Wash,acnes-oil-control-cleanser-face-wash,https://d2wfc4v12a2zxr.cloudfront.net/resized/medium/products/main_acnes-oil-control-cleanser-face-wash_1768823176.webp,size,7,275,275,False,0% off,False,27,4.8
15051,Chemist at Play Gentle & Hydrating Face Wash - 100ML (Hyaluronic Acid + PolyGlutamic Acid + Rice Water + Oatmeal),chemist-at-play-gentle-hydrating-face-wash-100ml-hyaluronic-acid-polyglutamic-acid-rice-water-oatmeal,https://d2wfc4v12a2zxr.cloudfront.net/resized/medium/products/main_chemist-at-play-gentle-hydrating-face-wash-100ml-hyaluronic-acid-polyglutamic-acid-ri_1698733001.webp,none,4,479,445,True,7% off,False,27,4.5
11971,"COSRX Niacinamide 15% Face Serum with Zinc 1%, Minimizing Pores & Sebums - 20ml",cosrx-niacinamide-15-face-serum-with-zinc-1-minimizing-pores-sebums-20ml,https://d2wfc4v12a2zxr.cloudfront.net/resized/medium/products/cosrx-niacinamide-15-face-serum-with-zinc-1-minimizing-pores-sebums-20ml_1677576124.webp,none,9,2850,2565,True,10% off,True,26,4.8
10098,Dot & Key Vitamin C + E Sorbet Super Bright Moisturizer (60ml),dot-key-vitamin-c-e-sorbet-super-bright-moisturizer-60ml,https://d2wfc4v12a2zxr.cloudfront.net/resized/medium/products/main_dot-key-vitamin-c-e-sorbet-super-bright-moisturizer-60ml_1739183993.webp,none,6,792,713,True,10% off,False,26,4.5
16515,Pilgrim 2% Niacinamide Glow Gel Sunscreen SPF 50+ PA+++ - 50g,pilgrim-2-niacinamide-glow-gel-sunscreen-spf-50-pa-50g,https://d2wfc4v12a2zxr.cloudfront.net/resized/medium/products/main_pilgrim-2-niacinamide-glow-gel-sunscreen-spf-50-pa-50g_1775033984.webp,size,16,712,655,True,8% off,False,25,4.4
18510,Plum Green Tea & Zinc Super-Matte Gel Sunscreen SPF 50 PA +++ 50gm,plum-green-tea-zinc-super-matte-gel-sunscreen-spf-50-pa-50gm,https://d2wfc4v12a2zxr.cloudfront.net/resized/medium/products/main_plum-green-tea-zinc-super-matte-gel-sunscreen-spf-50-pa-50gm_1743333767.webp,none,12,680,612,True,10% off,False,25,4.4
10263,Derma Co.3% Kojic Acid Dark Spot Corrector - 30gm,derma-co3-kojic-acid-dark-spot-corrector-30gm,https://d2wfc4v12a2zxr.cloudfront.net/resized/medium/products/derma-co3-kojic-acid-dark-spot-corrector_1669803282.webp,none,9,799,735,True,8% off,False,25,4.4
18637,Dot & Key Strawberry Dew Tinted Sunscreen SPF 50+ Pa++++ - 02 Warm Ivory,dot-key-strawberry-dew-tinted-sunscreen-spf-50-pa-02-warm-ivory,https://d2wfc4v12a2zxr.cloudfront.net/resized/medium/products/main_dot-key-strawberry-dew-tinted-sunscreen-spf-50-pa-02-warm-ivory_1747028367.webp,none,20,878,790,True,10% off,False,24,4.8
11972,COSRX Hyaluronic Acid Intensive Cream - 100gm,cosrx-hyaluronic-acid-intensive-cream-100gm,https://d2wfc4v12a2zxr.cloudfront.net/resized/medium/products/cosrx-hyaluronic-acid-sensitive-cream-100g_1677576390.webp,none,6,3200,2880,True,10% off,True,24,4.9
10329,Derma Co. Pore Minimizing Clay Daily Face Wash - 100ml,derma-co-pore-minimizing-clay-daily-face-wash-100ml,https://d2wfc4v12a2zxr.cloudfront.net/resized/medium/products/derma-co-pore-minimizing-clay-daily-face-wash_1670224381.webp,none,5,559,514,True,8% off,False,24,4.7
317,Himalaya Herbals Nourishing Skin Cream,himalaya-herbals-nourishing-skin-cream,https://d2wfc4v12a2zxr.cloudfront.net/resized/medium/12/nourishing-skin-cream-1.jpg,size,3,272,258,True,5% off,False,24,4.2
16309,Minimalist 5% Niacinamide Day And Night Face Serum - 30ml,minimalist-5-niacinamide-day-and-night-face-serum-30ml,https://d2wfc4v12a2zxr.cloudfront.net/resized/medium/products/main_minimalist-5-niacinamide-day-and-night-face-serum-30ml_1712486209.webp,none,20,961,913,True,5% off,False,23,4.7
10052,The Derma Co. Hyaluronic Invisible Sunscreen Gel - 50gm,the-derma-co-hyaluronic-invisible-sunscreen-gel-50gm,https://d2wfc4v12a2zxr.cloudfront.net/resized/medium/products/main_the-derma-co-hyaluronic-invisible-sunscreen-with-hyaluronic-acid-for-no-white-cast-sun-protection-50gm_1670219287.webp,size,6,959,882,True,8% off,False,23,4.3
315,"Himalaya Oil Free Radiance Gel Cream, 50g",himalaya-oil-free-radiance-gel-cream-50g,https://d2wfc4v12a2zxr.cloudfront.net/resized/medium/12/oil-free-gel-cream.jpg,none,2,416,395,True,5% off,False,23,4.5
16299,Minimalist Aquaporin Booster 05% Cleanser - 100ml,minimalist-aquaporin-booster-05-cleanser-100ml,https://d2wfc4v12a2zxr.cloudfront.net/resized/medium/products/main_minimalist-aquaporin-booster-05-cleanser-100ml_1712483458.webp,none,6,481,457,True,5% off,False,22,4.7
10787,COSRX Low pH Good Morning Gel Cleanser - 150ml,cosrx-low-ph-good-morning-gel-cleanser-150ml,https://d2wfc4v12a2zxr.cloudfront.net/resized/medium/products/main_cosrx-low-ph-good-morning-gel-cleanser-150ml-21_1773118441.webp,none,4,1650,1485,True,10% off,True,22,4.8
18331,"Chemist At Play Ceramides + 2% Kojic Acid Tinted Lip Balm | SPF 50, PA++++ - 10gm",chemist-at-play-ceramides-2-kojic-acid-tinted-lip-balm-spf-50-pa-10gm,https://d2wfc4v12a2zxr.cloudfront.net/resized/medium/products/main_chemist-at-play-ceramides-2-kojic-acid-tinted-lip-balm-spf-50-pa-10gm_1739072722.webp,color,8,559,520,True,7% off,False,22,4.7
17172,Plum Hyaluronic Acid Aqua Light Sunscreen 50 spf+++ - 50gm,plum-hyaluronic-acid-aqua-light-sunscreen-50-spf-50gm,https://d2wfc4v12a2zxr.cloudfront.net/resized/medium/products/main_plum-hyaluronic-acid-aqua-light-sunscreen-50-spf-50g_1721641013.webp,none,6,638,574,True,10% off,False,22,4
11999,Girlpal Rose Extract Brightening Day Cream - 20gm,girlpal-rose-extract-brightening-day-cream-20gm,https://d2wfc4v12a2zxr.cloudfront.net/resized/medium/products/girlpal-rose-extract-brightening-day-cream-20g_1677649973.webp,none,3,419,419,False,0% off,False,22,4.7
17780,DOT & KEY Vitamin C + E Super Bright Gel Face Wash - 100ml,dot-key-vitamin-c-e-super-bright-gel-face-wash-100ml,https://d2wfc4v12a2zxr.cloudfront.net/resized/medium/products/main_dot-key-vitamin-c-e-super-bright-gel-face-wash-100ml_1729505023.webp,none,2,398,358,True,10% off,False,22,4.3
14487,Sunplay Skin Aqua Acne Clear Milk 25g with SPF 50+ PA++++ (Strong UV Protection & Ultra Protection),sunplay-skin-aqua-acne-clear-milk-25g-with-spf-50-pa-strong-uv-protection-ultra-protection,https://d2wfc4v12a2zxr.cloudfront.net/resized/medium/products/main_sunplay-skin-aqua-acne-clear-milk-25g-with-spf-50-pa-strong-uv-protection-ultra-prote_1768819008.webp,none,17,599,599,False,0% off,False,21,4.4
18638,Dot & Key Strawberry Dew Tinted Sunscreen SPF 50+ Pa++++ - 03 Sand,dot-key-strawberry-dew-tinted-sunscreen-spf-50-pa-03-sand,https://d2wfc4v12a2zxr.cloudfront.net/resized/medium/products/main_dot-key-strawberry-dew-tinted-sunscreen-spf-50-pa-03-sand_1747028493.webp,none,10,878,790,True,10% off,False,21,4.8
319,Himalaya Herbals Purifying Neem Scrub,himalaya-herbals-purifying-neem-scrub,https://d2wfc4v12a2zxr.cloudfront.net/resized/medium/12/himalaya-neem-scrub-1.jpg,size,2,256,243,True,5% off,False,21,4.7
1227,Acnes Sealing Gel for Pimple Treatment 9gm,acnes-sealing-gel-for-pimple-treatment-9gm,https://d2wfc4v12a2zxr.cloudfront.net/resized/medium/products/main_acnes-sealing-gel-for-pimple-treatment-9g_1768559213.webp,size,18,430,430,False,0% off,False,20,4.2
16534,Derma Co 7% Glycolic Acid Hydrating Toner,derma-co-7-glycolic-acid-hydrating-toner,https://d2wfc4v12a2zxr.cloudfront.net/resized/medium/products/main_derma-co-7-glycolic-acid-hydrating-toner_1715161619.webp,size,9,799,735,True,8% off,False,20,4.8
7425,Plum BodyLovin' Feelin' So Rose Body Mist,plum-bodylovin-feelin-so-rose-body-mist,https://d2wfc4v12a2zxr.cloudfront.net/resized/medium/products/plum-bodylovin-feelin-so-rose-body-mist-150ml_1638459532.webp,size,8,840,756,True,10% off,False,20,4.1
326,"Himalaya Herbals Refreshing Cleansing Milk, 100ml",himalaya-herbals-refreshing-cleansing-milk-100ml,https://d2wfc4v12a2zxr.cloudfront.net/resized/medium/12/cleansing-milk-1.jpg,none,3,176,167,True,5% off,False,20,4.2
17786,Dot & Key Strawberry Dew Cleansing Balm - 70ml,dot-key-strawberry-dew-cleansing-balm-70ml,https://d2wfc4v12a2zxr.cloudfront.net/resized/medium/products/main_dot-key-strawberry-dew-cleansing-balm-70ml_1729508268.webp,none,2,798,718,True,10% off,False,20,4.6
19869,Mamaearth Rice Water Dewy Face Toner With Rice Water & 4% Niacinamide (150ml),mamaearth-rice-water-dewy-face-toner-with-rice-water-4-niacinamide-150ml,https://d2wfc4v12a2zxr.cloudfront.net/resized/medium/products/main_mamaearth-rice-water-dewy-face-toner-with-rice-water-4-niacinamide-150ml_1774176338.webp,none,46,687,632,True,8% off,False,19,4.7
17936,Pilgrim 5 Ceramides Moisturizer for Face - 100gm,pilgrim-5-ceramides-moisturizer-for-face-100gm,https://d2wfc4v12a2zxr.cloudfront.net/resized/medium/products/main_pilgrim-5-ceramides-moisturizer-for-face-100gm_1733635140.webp,none,17,632,581,True,8% off,False,19,4.7
10061,Dot & Key Probiotics Light Gel Moisturizer 72 hr Hydration - 60 ml,dot-key-probiotics-light-gel-moisturizer-72-hr-hydration-60-ml,https://d2wfc4v12a2zxr.cloudfront.net/resized/medium/products/dot-key-probiotics-light-gel-moisturizer-72-hr-hydration-60-ml_1667794963.webp,none,8,792,713,True,10% off,False,19,4.8
1251,Sunplay Baby Mild Sunscreen with SPF 35 PA ++ 30ml (For Baby And Sensitive Skin),sunplay-baby-mild-sunscreen-with-spf-35-pa-30ml-for-baby-and-sensitive-skin,https://d2wfc4v12a2zxr.cloudfront.net/resized/medium/05/SUNPLAY-BABY-MILD-SPF35-PA.jpg,none,4,475,475,False,0% off,False,19,4.9
3193,Mamaearth Charcoal Face Wash With Activated Charcoal And Coffee For Oil Control - 100ml,mamaearth-charcoal-face-wash-with-activated-charcoal-and-coffee-for-oil-control-100ml,https://d2wfc4v12a2zxr.cloudfront.net/resized/medium/product/cover_image1594017220.jpg,none,3,431,397,True,8% off,False,19,4.4
8747,Mamaearth Tea Tree Facewash for acne & pimples - 100ml,mamaearth-tea-tree-facewash-for-acne-pimples-100ml,https://d2wfc4v12a2zxr.cloudfront.net/resized/medium/products/main_mamaearth-tea-tree-facewash-for-acne-pimples-100ml_1777791914.webp,none,3,431,397,True,8% off,False,19,4.4
292,Himalaya Herbals Oil Clear Lemon Face Wash,himalaya-herbals-oil-clear-lemon-face-wash,https://d2wfc4v12a2zxr.cloudfront.net/resized/medium/12/oil-clear-lemon-100ml.jpg,size,4,144,137,True,5% off,False,19,4.7
17771,DOT & KEY Watermelon Cooling Gel Face Wash - 100ml,dot-key-watermelon-cooling-gel-face-wash-100ml,https://d2wfc4v12a2zxr.cloudfront.net/resized/medium/products/main_dot-key-watermelon-cooling-gel-face-wash-100ml_1747547453.webp,none,1,398,358,True,10% off,False,19,4.6
17785,DOT & KEY Blueberry Hydrate Barrier Repair Toner with Ceramides & Rice Water  150ml,dot-key-blueberry-hydrate-barrier-repair-toner-with-ceramides-rice-water-150ml,https://d2wfc4v12a2zxr.cloudfront.net/resized/medium/products/main_blueberry-hydrate-barrier-repair-toner-with-ceramides-rice-water-150ml_1747386004.webp,none,1,632,569,True,10% off,False,19,4.7
16988,Aqualogica Detan+ Dewy Sunscreen Spray SPF 50+ PA++++ - 100ml,aqualogica-detan-dewy-sunscreen-spray-spf-50-pa-100ml,https://d2wfc4v12a2zxr.cloudfront.net/resized/medium/products/main_aqualogica-detan-dewy-sunscreen-spray-spf-50-pa-100ml_1718097566.webp,none,12,959,892,True,7% off,False,18,4.5
333,"Himalaya Herbals Peach Shine Lip Care, 4.5g",himalaya-herbals-peach-shine-lip-care-45g,https://d2wfc4v12a2zxr.cloudfront.net/resized/medium/12/peach.jpg,none,3,318,302,True,5% off,False,18,4.6
3942,Plum Green Tea Clear Face Mask (60gm),plum-green-tea-clear-face-mask-60gm,https://d2wfc4v12a2zxr.cloudfront.net/resized/medium/product/cover_image1599027941.jpg,none,1,785,707,True,10% off,False,18,4.3
17794,"DOT & KEY Blueberry Hydrate Barrier Repair Sunscreen Spf 50+,Pa++++|",dot-key-blueberry-hydrate-barrier-repair-sunscreen-spf-50pa,https://d2wfc4v12a2zxr.cloudfront.net/resized/medium/products/main_dot-key-blueberry-hydrate-barrier-repair-sunscreen-spf-50pa_1772773175.webp,size,8,712,641,True,10% off,False,18,4.7
1233,Acnes Vitamin Cream for Glowing And Even-Toned Skin 40g,acnes-vitamin-cream-for-glowing-and-even-toned-skin-40g,https://d2wfc4v12a2zxr.cloudfront.net/resized/medium/product/cover_image1591782125.png,none,22,595,595,False,0% off,False,17,4.4
18774,Pilgrim Korean Rice Water Hydra Glow Moisturizer (100g),pilgrim-korean-rice-water-hydra-glow-moisturizer-100g,https://d2wfc4v12a2zxr.cloudfront.net/resized/medium/products/main_pilgrim-korean-rice-water-hydra-glow-moisturizer-100g_1750402238.webp,none,18,632,581,True,8% off,False,17,4.6
17781,Dot & Key Strawberry Dew Tinted Sunscreen SPF 50+ Pa++++ - 05 Beige,dot-key-strawberry-dew-tinted-sunscreen-spf-50-pa-05-beige,https://d2wfc4v12a2zxr.cloudfront.net/resized/medium/products/main_dot-key-strawberry-dew-tinted-sunscreen-spf-50-pa-05-beige_1729506137.webp,none,10,878,790,True,10% off,False,17,4.8
3206,Mamaearth Mineral Based Sunscreen - 100ml,mamaearth-mineral-based-sunscreen-100ml,https://d2wfc4v12a2zxr.cloudfront.net/resized/medium/products/main_mamaearth-mineral-based-sunscreen-100ml_1677651965.webp,none,3,480,442,True,8% off,False,17,4.3
11155,"Himalaya Rich Cocoa Butter Body Cream, 200ml",himalaya-rich-cocoa-butter-body-cream-200ml,https://d2wfc4v12a2zxr.cloudfront.net/resized/medium/products/himalaya-rich-cocoa-butter-body-cream-200ml_1675143182.webp,none,2,478,454,True,5% off,False,17,4.6
1234,Acnes Scar Care for Pimple And Acne Scar Treatment 12g,acnes-scar-care-for-pimple-and-acne-scar-treatment-12g,https://d2wfc4v12a2zxr.cloudfront.net/resized/medium/products/main_acnes-scar-care-12gm_1658742285.webp,none,7,560,560,False,0% off,False,16,4.9
4548,Plum Green Tea Revitalizing Face Mist (100ml),plum-green-tea-revitalizing-face-mist-100ml,https://d2wfc4v12a2zxr.cloudfront.net/resized/medium/product/cover_image1607844138.jpg,none,3,577,519,True,10% off,False,16,4.4
14488,Sunplay Skin Aqua UV Moisture Milk 30g For Dry Skin with SPF 50+ PA++++ ((Long - Lasting UV Protection & Ultra Protection),sunplay-skin-aqua-uv-moisture-milk-30g-for-dry-skin-with-spf-50-pa-long-lasting-uv-protection-ultra-protection,https://d2wfc4v12a2zxr.cloudfront.net/resized/medium/products/main_sunplay-skin-aqua-uv-moisture-milk-30g-for-dry-skin-with-spf-50-pa-long-lasting-uv-pr_1768820734.webp,none,16,599,599,False,0% off,False,15,4.3
1243,Acnes Hyaluronic & Niacinamide Pure Cream For All Skin Types 50g (Dermatologically Tested),acnes-hyaluronic-niacinamide-pure-cream-for-all-skin-types-50g-dermatologically-tested,https://d2wfc4v12a2zxr.cloudfront.net/resized/medium/products/main_acnes-hyaluronic-niacinamide-pure-cream-for-all-skin-types-50g-dermatologically-teste_1770011859.webp,none,16,575,575,False,0% off,False,15,4.3
11128,CeraVe Eye Repair Cream - 14.2gm,cerave-eye-repair-cream-142gm,https://d2wfc4v12a2zxr.cloudfront.net/resized/medium/products/main_cerave-eye-repair-cream-142gm_1731383434.webp,none,6,2900,2755,True,5% off,False,15,4.9
2436,The Ordinary Caffeine Solution 5% + EGCG - 30ml,the-ordinary-caffeine-solution-5-egcg-30ml,https://d2wfc4v12a2zxr.cloudfront.net/resized/medium/product/cover_image1579502264.png,none,2,2200,1870,True,15% off,False,15,4.5
17963,"Brinton AcMist Moisturizing Cream Gel for Acne-Prone & Oily Skin | With Vitamin E, Aloe Vera & Squalane | Oil-Free, Non-Comedogenic, Lightweight, Quick Absorbing | 50 g",brinton-acmist-moisturizing-cream-gel-for-acne-prone-oily-skin-with-vitamin-e-aloe-vera-squalane-oil-free-non-comedogenic-lightweight-quick-absorbing-50-g,https://d2wfc4v12a2zxr.cloudfront.net/resized/medium/products/main_acmist-moisturizing-cream-gel-50gm_1733807907.webp,none,8,698,642,True,8% off,False,14,4.4
16530,Aqualogica Illuminate+ Dewy Sunscreen - 80gm,aqualogica-illuminate-dewy-sunscreen-80gm,https://d2wfc4v12a2zxr.cloudfront.net/resized/medium/products/main_aqualogica-illuminate-dewy-sunscreen_1715160242.webp,size,7,959,892,True,7% off,False,14,4.9
14789,Chemist at Play Brightening Boost Face Wash 100 ml,chemist-at-play-brightening-boost-face-wash-100-ml,https://d2wfc4v12a2zxr.cloudfront.net/resized/medium/products/main_chemist-at-play-brightening-boost-face-wash-100-ml_1695630775.webp,none,6,479,445,True,7% off,False,14,4.6
9443,Moonwake Lavender Lip Butter 5gm,moonwake-lavender-lip-butter-5gm,https://d2wfc4v12a2zxr.cloudfront.net/resized/medium/products/main_moonwake-lavender-lip-butter-5gm_1776062815.webp,none,4,300,300,False,0% off,False,14,4.6
6102,Raystop Sun Screen Lotion SPF 50,raystop-sun-screen-lotion-spf-50,https://d2wfc4v12a2zxr.cloudfront.net/resized/medium/products/main_raystop-sun-screen-lotion-spf-50-50gm_1625541647.webp,size,2,758,758,False,0% off,False,14,4.6
17764,Dot & Key Barrier Repair Hydrating Lip Balm SPF 50 - 4.5gm,dot-key-barrier-repair-hydrating-lip-balm-spf-50-45gm,https://d2wfc4v12a2zxr.cloudfront.net/resized/medium/products/main_dot-key-barrier-repair-hydrating-lip-balm-spf-50-45gm_1729491546.webp,color,6,398,358,True,10% off,False,14,4
17961,Combo Of UV Doux Silicone Sunscreen Gel - 50gm and Acmist Moisturizing Cream Gel - 50gm,combo-of-uv-doux-silicone-sunscreen-gel-50gm-and-acmist-moisturizing-cream-gel-50gm,https://d2wfc4v12a2zxr.cloudfront.net/resized/medium/products/main_uv-doux-silicone-sunscreen-gel-50gm-and-acmist-moisturizing-cream-gel-50gm-combo-offe_1733804199.webp,none,6,1976,1877,True,5% off,False,13,4.5
18308,The Derma Co. Snail Peptide 96 Under Eye Cream 15gm,the-derma-co-snail-peptide-96-under-eye-cream-15gm,https://d2wfc4v12a2zxr.cloudfront.net/resized/medium/products/main_the-derma-co-snail-peptide-96-under-eye-cream-15gm_1738573237.webp,none,11,639,588,True,8% off,False,13,4.4
16489,Pilgrim Australian Tea Tree Purifying Gel Face Wash - 100ml,pilgrim-australian-tea-tree-purifying-gel-face-wash-100ml,https://d2wfc4v12a2zxr.cloudfront.net/resized/medium/products/main_pilgrim-australian-tea-tree-purifying-gel-face-wash-100ml_1775036538.webp,size,10,400,368,True,8% off,False,13,4.1
17796,Dot & Key Mango Detan Gel Face Wash - 100ml,dot-key-mango-detan-gel-face-wash-100ml,https://d2wfc4v12a2zxr.cloudfront.net/resized/medium/products/main_dot-key-mango-detan-gel-face-wash-100ml_1729569532.webp,none,8,398,358,True,10% off,False,13,4.7
5813,Mamaearth Ubtan Foaming Face Wash - 150ml,mamaearth-ubtan-foaming-face-wash-150ml,https://d2wfc4v12a2zxr.cloudfront.net/resized/medium/products/mamaearth-ubtan-foaming-face-wash_1622708189.webp,none,4,639,588,True,8% off,False,13,4.9
10181,Diva Brightening Natural Face Serum,diva-brightening-natural-face-serum,https://d2wfc4v12a2zxr.cloudfront.net/resized/medium/products/diva-brightening-natural-face-serum_1669004525.webp,none,4,875,831,True,5% off,False,13,4.5
5482,Avani Peppermint Lip Balm,avani-peppermint-lip-balm,https://d2wfc4v12a2zxr.cloudfront.net/resized/medium/products/avani-peppermint-lip-balm_1617786692.webp,none,1,295,295,False,0% off,False,13,4.3
16494,Pilgrim 1% Vitamin C Toner 100ml,pilgrim-1-vitamin-c-toner-100ml,https://d2wfc4v12a2zxr.cloudfront.net/resized/medium/products/main_pilgrim-1-vitamin-c-toner-100ml_1778151229.webp,size,7,480,442,True,8% off,False,12,4.5
17774,Dot & Key Strawberry Dew Spf 50 Sunscreen Stick Spf 50 Pa+++ | 20gm,dot-key-strawberry-dew-spf-50-sunscreen-stick-spf-50-pa-20gm,https://d2wfc4v12a2zxr.cloudfront.net/resized/medium/products/main_dot-key-strawberry-dew-spf-50-sunscreen-stick-spf-50-pa-20gm_1729502745.webp,none,7,952,857,True,10% off,False,12,4.7
18306,The Derma Co. 5% Nia-Ceramide Mattifying Moisturizer 100gm,the-derma-co-5-nia-ceramide-mattifying-moisturizer-100gm,https://d2wfc4v12a2zxr.cloudfront.net/resized/medium/products/main_the-derma-co-5-nia-ceramide-mattifying-moisturizer-100gm_1738572763.webp,none,7,718,661,True,8% off,False,12,4.5
318,Himalaya Herbals Winter Defense Moisturizing Cream,himalaya-herbals-winter-defense-moisturizing-cream,https://d2wfc4v12a2zxr.cloudfront.net/resized/medium/products/main_himalaya-herbals-winter-defense-moisturizing-cream_1724931963.webp,size,2,280,266,True,5% off,False,12,4.7
293,Himalaya Herbal Gentle Exfoliating Apricot Face Wash,himalaya-herbal-gentle-exfoliating-apricot-face-wash,https://d2wfc4v12a2zxr.cloudfront.net/resized/medium/products/main_himalaya-herbal-gentle-exfoliating-apricot-face-wash_1749462783.webp,size,2,136,129,True,5% off,False,12,4.2
10079,Dot & Key Night Reset Retinol + Ceramide Night Cream,dot-key-night-reset-retinol-ceramide-night-cream,https://d2wfc4v12a2zxr.cloudfront.net/resized/medium/products/main_dot-key-night-reset-retinol-ceramide-night-cream_1775473296.webp,size,6,1112,1001,True,10% off,False,12,4.9
2269,Astaberry Gold Extra Glow Bleach Creme,astaberry-gold-extra-glow-bleach-creme,https://d2wfc4v12a2zxr.cloudfront.net/resized/medium/product/cover_image1578218143.jpg,size,1,440,418,True,5% off,False,11,4.2
14342,"Nature Derma 3% AHA+BHA Exfoliating Foaming Cleanser, 100ml",nature-derma-3-ahabha-exfoliating-foaming-cleanser-100ml,https://d2wfc4v12a2zxr.cloudfront.net/resized/medium/products/main_nature-derma-3-ahabha-exfoliating-foaming-cleanser-100ml_1691922762.webp,none,19,590,384,True,35% off,False,11,4.8
18591,Lord's Skin Active Crystal Clear Micellar Infusion 300ml,lords-skin-active-crystal-clear-micellar-infusion-300ml,https://d2wfc4v12a2zxr.cloudfront.net/resized/medium/products/main_lords-skin-active-crystal-clear-micellar-infusion-300ml_1744348758.webp,none,8,400,360,True,10% off,False,11,3.8
19026,Buy Uv Doux Silicon Sunscreen Gel (100gm) and get a Uv Doux Face Cleanser FREE,buy-uv-doux-silicon-sunscreen-gel-100gm-and-get-a-uv-doux-face-cleanser-free,https://d2wfc4v12a2zxr.cloudfront.net/resized/medium/products/main_buy-uv-doux-silicon-sunscreen-gel-100gm-and-get-a-uv-doux-face-cleanser-free_1757998673.webp,size,7,2384,2265,True,5% off,False,11,5
997,"Himalaya Natural Glow Kesar Face Cream, 50g (Pack of 2)",himalaya-natural-glow-kesar-face-cream-50g-pack-of-2,https://d2wfc4v12a2zxr.cloudfront.net/resized/medium/02/0-02-06-00aa619fafdc10e2c7a24804b27f3d644feaad4e18d94d2984def5f793ade91b_fcf1dd3.jpg,none,3,238,238,False,0% off,False,11,4.6
10269,Derma Co. 1% Kojic + Arbutin Night Repair Face Serum-Gel - 50gm,derma-co-1-kojic-arbutin-night-repair-face-serum-gel-50gm,https://d2wfc4v12a2zxr.cloudfront.net/resized/medium/products/derma-co-1-kojic-arbutin-night-repair-face-serum-gel_1669805838.webp,none,3,959,882,True,8% off,False,11,4.3
3770,Himalaya Tan Removal Orange Face Wash,himalaya-tan-removal-orange-face-wash,https://d2wfc4v12a2zxr.cloudfront.net/resized/medium/product/cover_image1596695497.jpg,size,2,152,144,True,5% off,False,11,4.1
12239,Le Tan Spf 50+ Mango 125ml,le-tan-spf-50-mango-125ml,https://d2wfc4v12a2zxr.cloudfront.net/resized/medium/products/main_le-tan-spf-50-mango-125ml_1717484725.webp,none,1,1645,1596,True,3% off,True,10,4.3
7347,PRRETI PURE WHITE MILK CREAM 50gm (Exp November 2023),prreti-pure-white-milk-cream-50gm-exp-november-2023,https://d2wfc4v12a2zxr.cloudfront.net/resized/medium/products/prreti-pure-white-milk-cream-50gm_1638074538.webp,none,176,535,535,False,0% off,False,10,4.4
5728,Pax Moly Real Arbutin Mask Pack (2.1),pax-moly-real-arbutin-mask-pack-21,https://d2wfc4v12a2zxr.cloudfront.net/resized/medium/products/pax-moly-real-arbutin-mask-pack_1621924337.webp,none,40,100,70,True,30% off,False,10,4.8
16842,Derma co. 1% Hyaluronic Long Lasting Sunscreen Spf 50 PA++++ - 50gm,derma-co-1-hyaluronic-long-lasting-sunscreen-spf-50-pa-50gm,https://d2wfc4v12a2zxr.cloudfront.net/resized/medium/products/main_derma-co-1-hyaluronic-long-lasting-sunscreen-spf-50-pa-50gm_1717049697.webp,none,7,1039,956,True,8% off,False,10,4.1
19101,Plum 2% Niacinamide & Rice Water SPF 50 PA++++ Brightening Sunscreen - 80gm,plum-2-niacinamide-rice-water-spf-50-pa-brightening-sunscreen-80gm,https://d2wfc4v12a2zxr.cloudfront.net/resized/medium/products/main_plum-bodylovin-2-niacinamide-rice-water-spf-50-pa-brightening-sunscreen-80gm_1760350233.webp,none,6,959,863,True,10% off,False,10,4.9
312,"Himalaya Herbals Anti Wrinkle Cream, 50g",himalaya-herbals-anti-wrinkle-cream-50g,https://d2wfc4v12a2zxr.cloudfront.net/resized/medium/12/anti-wrinkle-cream.jpg,none,1,432,410,True,5% off,False,10,4.6
1076,SKIN DEVA 20% VITAMIN C+ E + FERULIC ACID SERUM 30ml (2.1),skin-deva-20-vitamin-c-e-ferulic-acid-serum-30ml-21,https://d2wfc4v12a2zxr.cloudfront.net/resized/medium/products/main_skin-deva-20-vitamin-c-e-ferulic-acid-serum-30ml_1773048069.webp,none,1,3000,2850,True,5% off,False,10,4.9
16315,Minimalist Retinol 0.6% Mid-strength Anti Aging Face Serum 30ml,minimalist-retinol-06-mid-strength-anti-aging-face-serum-30ml,https://d2wfc4v12a2zxr.cloudfront.net/resized/medium/products/main_minimalist-retinol-06-mid-strength-anti-aging-face-serum-30ml_1712487993.webp,size,13,1041,989,True,5% off,False,9,4.7
16177,Lakme Blush & Glow Sheet Mask Fruit Facial Like GLow,lakme-blush-glow-sheet-mask-fruit-facial-like-glow,https://d2wfc4v12a2zxr.cloudfront.net/resized/medium/products/main_lakme-blush-glow-sheet-mask-fruit-facial-like-glow_1710496658.webp,image,4,160,144,True,10% off,False,9,4.6
14485,Sunplay Skin Aqua Clear CC Milk 25g with SPF 50+ PA++++ (Long - lasting UV Protection & Ultra Protection),sunplay-skin-aqua-clear-cc-milk-25g-with-spf-50-pa-long-lasting-uv-protection-ultra-protection,https://d2wfc4v12a2zxr.cloudfront.net/resized/medium/products/main_sunplay-skin-aqua-clear-cc-milk-25g-with-spf-50-pa-long-lasting-uv-protection-ultra-p_1768819114.webp,none,8,799,799,False,0% off,False,9,4
18773,Pilgrim Korean White Lotus Tinted Sunscreen SPF 50+ PA++++ 50ml,pilgrim-korean-white-lotus-tinted-sunscreen-spf-50-pa-50ml,https://d2wfc4v12a2zxr.cloudfront.net/resized/medium/products/main_pilgrim-korean-white-lotus-tinted-sunscreen-spf-50-pa-50ml_1750401134.webp,none,7,792,729,True,8% off,False,9,3
334,"Himalaya Herbals Litchi Shine Lip Care, 4.5g",himalaya-herbals-litchi-shine-lip-care-45g,https://d2wfc4v12a2zxr.cloudfront.net/resized/medium/12/litch-1.jpg,none,4,318,302,True,5% off,False,9,4.9
12859,DIVA Detoxifying Face Cleanser with Lavender - 100ml,diva-detoxifying-face-cleanser-with-lavender-100ml,https://d2wfc4v12a2zxr.cloudfront.net/resized/medium/products/diva-detoxifying-face-cleanser-with-lavender-100ml_1681793340.webp,none,4,350,333,True,5% off,False,9,4.7
16480,Pilgrim Salicylic & Glycolic Acid Foaming Face Wash - 120ml,pilgrim-salicylic-glycolic-acid-foaming-face-wash-120ml,https://d2wfc4v12a2zxr.cloudfront.net/resized/medium/products/main_pilgrim-salicylic-glycolic-acid-foaming-face-wash-120ml_1778491388.webp,size,4,552,508,True,8% off,False,9,4.4
9444,Moonwake Chocomint Lip Butter 5gm,moonwake-chocomint-lip-butter-5gm,https://d2wfc4v12a2zxr.cloudfront.net/resized/medium/products/main_moonwake-chocomint-lip-butter-5gm_1776061608.webp,none,3,300,300,False,0% off,False,9,4.2
5150,Kleida Eternal Serum,kleida-eternal-serum,https://d2wfc4v12a2zxr.cloudfront.net/resized/medium/products/kleida-eternal-serum_1614661851.jpg,none,2,2815,2674,True,5% off,False,9,4.4
17770,"Dot & Key Ceramide & Peptide Barrier Repair Lip Balm SPF 50, PA+++ | 10gm",dot-key-ceramide-peptide-barrier-repair-lip-balm-spf-50-pa-10gm,https://d2wfc4v12a2zxr.cloudfront.net/resized/medium/products/main_dot-key-ceramide-peptide-barrier-repair-lip-balm-spf-50-pa-10gm_1729500791.webp,color,6,399,359,True,10% off,False,9,4.2
313,"Himalaya Herbals Revitalizing Night Cream, 50ml",himalaya-herbals-revitalizing-night-cream-50ml,https://d2wfc4v12a2zxr.cloudfront.net/resized/medium/12/revitalizing-night-cream-1.jpg,none,1,432,410,True,5% off,False,9,5
9452,Moonwake Matcha Detox Face Mask - Natural Soothing Detox & Healing Formula for Oily/Sensitive Skin,moonwake-matcha-detox-face-mask-natural-soothing-detox-healing-formula-for-oilysensitive-skin,https://d2wfc4v12a2zxr.cloudfront.net/resized/medium/products/main_moonwake-matcha-detox-face-mask-natural-soothing-detox-healing-formula-for-oilysensit_1776063408.webp,size,4,950,950,False,0% off,False,9,4.4
16636,Bioderma Sebium Gel Moussant Purifying Cleansing Foaming Gel,bioderma-sebium-gel-moussant-purifying-cleansing-foaming-gel,https://d2wfc4v12a2zxr.cloudfront.net/resized/medium/products/main_bioderma-sebium-gel-moussant-purifying-cleansing-foaming-gel_1775731603.webp,size,1,2000,1900,True,5% off,False,9,5
13347,"Brinton UV Doux Gold Sunscreen Gel SPF 50 PA+++ with Vitamins C & E – 50g | Clinically Tested, Water-Resistant, Non-Greasy, UVA/UVB Protection",brinton-uv-doux-gold-sunscreen-gel-spf-50-pa-with-vitamins-c-e-50g-clinically-tested-water-resistant-non-greasy-uvauvb-protection,https://d2wfc4v12a2zxr.cloudfront.net/resized/medium/products/main_uv-doux-gold-sunscreen-spf50-50gm_1727238047.webp,none,9,1838,1746,True,5% off,False,8,4.9
17066,Beauty of Joseon Matte Sunscreen Stick 50 SPF,beauty-of-joseon-matte-sunscreen-stick-50-spf,https://d2wfc4v12a2zxr.cloudfront.net/resized/medium/products/main_beauty-of-joseon-matte-sunscreen-stick-50-spf_1720073332.webp,none,23,2400,2160,True,10% off,False,8,4.6
18457,"Foxtale Golden Hour Glow Sunscreen SPF 50 PA+++, 50ml",foxtale-golden-hour-glow-sunscreen-spf-50-pa-50ml,https://d2wfc4v12a2zxr.cloudfront.net/resized/medium/products/main_foxtale-golden-hour-glow-sunscreen-spf-50-pa-50ml_1772089514.webp,none,23,558,530,True,5% off,False,8,4.3
10180,Diva Clarifying Natural Face Serum,diva-clarifying-natural-face-serum,https://d2wfc4v12a2zxr.cloudfront.net/resized/medium/products/diva-clarifying-natural-face-serum_1669003958.webp,none,19,875,831,True,5% off,False,8,4.9
9073,PAX MOLY REAL AVOCADO SHEET MASK (2.1),pax-moly-real-avocado-sheet-mask-21,https://d2wfc4v12a2zxr.cloudfront.net/resized/medium/products/pax-moly-real-avocado-mask-pack_1654487195.webp,none,15,100,100,False,0% off,False,8,4.8
17707,Pilgrim 10% Vitamin C Face Serum For Triple Glow+++ 30ml,pilgrim-10-vitamin-c-face-serum-for-triple-glow-30ml,https://d2wfc4v12a2zxr.cloudfront.net/resized/medium/products/main_pilgrim-10-vitamin-c-face-serum-for-triple-glow-30ml_1778147697.webp,none,13,872,802,True,8% off,False,8,4.6
18014,Chemist At Play Gentle Exfoliating Face Scrub 100ml,chemist-at-play-gentle-exfoliating-face-scrub-100ml,https://d2wfc4v12a2zxr.cloudfront.net/resized/medium/products/main_chemist-at-play-gentle-exfoliating-face-scrub-100ml_1735454257.webp,none,12,559,520,True,7% off,False,8,4.5
6603,Secret Island Niacinamide Serum 18ml,secret-island-niacinamide-serum-18ml,https://d2wfc4v12a2zxr.cloudfront.net/resized/medium/products/secret-island-niacinamide-serum-18ml_1629803319.webp,none,11,1200,1200,False,0% off,False,8,4.4
19321,Plum 3% Niacinamide & Rice Water SPF 50 Sheer-Tinted Sunscreen,plum-3-niacinamide-rice-water-spf-50-sheer-tinted-sunscreen,https://d2wfc4v12a2zxr.cloudfront.net/resized/medium/products/main_plum-3-niacinamide-rice-water-spf-50-sheer-tinted-sunscreen_1777976216.webp,none,11,798,718,True,10% off,False,8,3.5
20047,Mamaearth Rice Water Combo,mamaearth-rice-water-combo,https://d2wfc4v12a2zxr.cloudfront.net/resized/medium/products/main_mamaearth-rice-water-combo_1775545556.webp,none,7,2373,2017,True,15% off,False,8,4.6
4237,Plum Bright Years Under-Eye Recovery Gel (15ml),plum-bright-years-under-eye-recovery-gel-15ml,https://d2wfc4v12a2zxr.cloudfront.net/resized/medium/product/cover_image1602660838.jpg,none,6,1481,1333,True,10% off,False,8,4.4
19961,Dot & Key Barrier Repair Intense Moisturizer With Ceramides 100g,dot-key-barrier-repair-intense-moisturizer-with-ceramides-100g,https://d2wfc4v12a2zxr.cloudfront.net/resized/medium/products/main_dot-key-barrier-repair-intense-moisturizer-with-ceramides_1775023858.webp,none,5,638,574,True,10% off,False,8,4.4
16475,Pilgrim Alpha Arbutin & Vitamin C Brightening Serum - 30ml,pilgrim-alpha-arbutin-vitamin-c-brightening-serum-30ml,https://d2wfc4v12a2zxr.cloudfront.net/resized/medium/products/main_pilgrim-alpha-arbutin-vitamin-c-brightening-serum-30ml_1778490931.webp,size,3,1112,1023,True,8% off,False,8,3.6
17779,Dot & Key CICA Calming Skin Renewing Night Gel - 60ml,dot-key-cica-calming-skin-renewing-night-gel-60ml,https://d2wfc4v12a2zxr.cloudfront.net/resized/medium/products/main_dot-key-cica-calming-skin-renewing-night-gel-60ml_1729504732.webp,none,3,792,713,True,10% off,False,8,5
6535,Forever52 Daily Life Lustrous Moisturizing Emulsion - 110gm,forever52-daily-life-lustrous-moisturizing-emulsion-110gm,https://d2wfc4v12a2zxr.cloudfront.net/resized/medium/products/main_forever52-daily-life-lustrous-moisturizing-emulsion-110g_1681208470.webp,none,2,1490,1445,True,3% off,False,8,5
17777,Dot & Key Pomegranate Retinol + Caffeine Eye Cream - 20ml,dot-key-pomegranate-retinol-caffeine-eye-cream-20ml,https://d2wfc4v12a2zxr.cloudfront.net/resized/medium/products/main_dot-key-pomegranate-retinol-caffeine-eye-cream-20ml_1729504056.webp,none,2,792,713,True,10% off,False,8,4.3
17064,AXIS-Y Dark Spot Correcting Glow Serum - 50ml,axis-y-dark-spot-correcting-glow-serum-50ml,https://d2wfc4v12a2zxr.cloudfront.net/resized/medium/products/main_axis-y-dark-spot-correcting-glow-serum-50ml_1720071166.webp,none,6,2490,2366,True,5% off,False,7,3.6
7348,PRRETI NOURISHING MULTI OIL SERUM 45gm (Exp Mar 2024),prreti-nourishing-multi-oil-serum-45gm-exp-mar-2024,https://d2wfc4v12a2zxr.cloudfront.net/resized/medium/products/prreti-nourishing-multi-oil-serum-45gm_1638074688.webp,none,192,1495,1495,False,0% off,False,7,4.7
19607,Foxtale Brightening Lip Balm with SPF 30 for Dark Lips with Peptides & Vitamin C (12g) (Light Mauve Glaze),foxtale-brightening-lip-balm-with-spf-30-for-dark-lips-with-peptides-vitamin-c-12g-light-mauve-glaze,https://d2wfc4v12a2zxr.cloudfront.net/resized/medium/products/main_foxtale-brightening-lip-balm-with-spf-30-for-dark-lips-with-peptides-vitamin-c-12g_1770116543.webp,none,33,440,418,True,5% off,False,7,4.6
19052,"UV Doux Face Cleanser for Dry, Normal & Sensitive Skin | With Hyaluronic Acid, Jojoba Oil & Niacinamide | Benzene-Free | Deep Cleanses, Hydrates & Removes Makeup | 125 ml",uv-doux-face-cleanser-for-dry-normal-sensitive-skin-with-hyaluronic-acid-jojoba-oil-niacinamide-benzene-free-deep-cleanses-hydrates-removes-makeup-125-ml,https://d2wfc4v12a2zxr.cloudfront.net/resized/medium/products/main_uv-doux-face-cleanser-125ml_1758456195.webp,none,15,639,607,True,5% off,False,7,4.9
16493,Pilgrim Vitamin C Brightening Gel Face Wash,pilgrim-vitamin-c-brightening-gel-face-wash,https://d2wfc4v12a2zxr.cloudfront.net/resized/medium/products/main_pilgrim-vitamin-c-brightening-gel-face-wash_1778148555.webp,size,6,400,368,True,8% off,False,7,3
16464,Pilgrim Red Vine Toner & Mist - 100ml,pilgrim-red-vine-toner-mist-100ml,https://d2wfc4v12a2zxr.cloudfront.net/resized/medium/products/main_pilgrim-red-vine-toner-mist_1714880612.webp,size,5,480,442,True,8% off,False,7,4.6
16470,Pilgrim Retinol Night Cream with Vitamin C & Hyaluronic Acid- 50g,pilgrim-retinol-night-cream-with-vitamin-c-hyaluronic-acid-50g,https://d2wfc4v12a2zxr.cloudfront.net/resized/medium/products/main_pilgrim-retinol-night-cream-with-vitamin-c-hyaluronic-acid-50g_1775036173.webp,size,5,1040,957,True,8% off,False,7,4.4
12858,DIVA Oil control Face cleanser with Rose & Tulsi - 100ml,diva-oil-control-face-cleanser-with-rose-tulsi-100ml,https://d2wfc4v12a2zxr.cloudfront.net/resized/medium/products/diva-oil-control-face-cleanser-with-rose-tulsi-100ml_1681793210.webp,none,3,350,333,True,5% off,False,7,4.7
16386,Lakme Blush & Glow Strawberry Refreshing Gel Face Wash,lakme-blush-glow-strawberry-refreshing-gel-face-wash,https://d2wfc4v12a2zxr.cloudfront.net/resized/medium/products/main_lakme-blush-glow-strawberry-refreshing-gel-face-wash_1713765973.webp,size,3,400,360,True,10% off,False,7,4.7
4843,Avani Neem Oil - 100ml,avani-neem-oil-100ml,https://d2wfc4v12a2zxr.cloudfront.net/resized/medium/products/avani-neem-oil-100ml_1611828308.jpeg,none,2,650,650,False,0% off,False,7,4.3
5793,Fix Derma C Enhance-25 Serum 15ml,fix-derma-c-enhance-25-serum-15ml,https://d2wfc4v12a2zxr.cloudfront.net/resized/medium/products/main_fix-derma-c-enhance-25-serum-15ml_1679543211.webp,none,2,1500,1425,True,5% off,False,7,4
17887,Plum Oat & 1% Ceramide Barrier Love Face Cream - 50gm,plum-oat-1-ceramide-barrier-love-face-cream-50gm,https://d2wfc4v12a2zxr.cloudfront.net/resized/medium/products/main_plum-oat-1-ceramide-barrier-love-face-cream-50gm_1731651782.webp,none,2,639,575,True,10% off,False,7,4.7
332,"Himalaya Herbals Strawberry Shine Lip Care, 4.5g",himalaya-herbals-strawberry-shine-lip-care-45g,https://d2wfc4v12a2zxr.cloudfront.net/resized/medium/12/strawberry-1.jpg,none,1,318,302,True,5% off,False,7,4.6
17192,The Derma Co. 1% Hyaluronic Quick-Absorbing Sunscreen Spray SPF 50 PA+++ - 100ml,the-derma-co-1-hyaluronic-quick-absorbing-sunscreen-spray-spf-50-pa-100ml,https://d2wfc4v12a2zxr.cloudfront.net/resized/medium/products/main_the-derma-co-1-hyaluronic-quick-absorbing-sunscreen-spray-spf-50-pa_1722426103.webp,none,11,1119,1029,True,8% off,False,6,4.5
17776,Dot & Key Cica Calming Skin Clarifying Toner - 150ml,dot-key-cica-calming-skin-clarifying-toner-150ml,https://d2wfc4v12a2zxr.cloudfront.net/resized/medium/products/main_dot-key-cica-calming-skin-clarifying-toner-150ml_1729503767.webp,none,11,632,569,True,10% off,False,6,3.7
16992,Mamaearth Baby Rich Moisturizing Ultra Light Sunscreen SPF 50 & PA++++ 50gm,mamaearth-baby-rich-moisturizing-ultra-light-sunscreen-spf-50-pa-50gm,https://d2wfc4v12a2zxr.cloudfront.net/resized/medium/products/main_mamaearth-baby-rich-moisturizing-ultra-light-sunscreen-spf-50-pa-50gm_1718107018.webp,none,10,639,588,True,8% off,False,6,4.8
16466,Pilgrim Red Vine Night Creme Gel - 50gm,pilgrim-red-vine-night-creme-gel-50gm,https://d2wfc4v12a2zxr.cloudfront.net/resized/medium/products/main_pilgrim-red-vine-night-creme-gel_1714881226.webp,size,7,1040,957,True,8% off,False,6,4.5
16536,Mamaearth Beetroot Gentle Face Wash - 100ml,mamaearth-beetroot-gentle-face-wash-100ml,https://d2wfc4v12a2zxr.cloudfront.net/resized/medium/products/main_mamaearth-beetroot-gentle-face-wash_1715163024.webp,size,7,456,420,True,8% off,False,6,4.7
14271,Cosrx Ultimate Nourishing Rice Overnight Spa Mask - 60ml,cosrx-ultimate-nourishing-rice-overnight-spa-mask-60ml,https://d2wfc4v12a2zxr.cloudfront.net/resized/medium/products/main_cosrx-ultimate-nourishing-rice-overnight-spa-mask-60ml_1690891607.webp,none,6,2650,2385,True,10% off,False,6,4.7
12409,"Olnatures Vitamin C Facial Serum, 30ml",olnatures-vitamin-c-facial-serum-30ml,https://d2wfc4v12a2zxr.cloudfront.net/resized/medium/products/olnatures-vitamin-c-facial-serum-30ml_1678864066.webp,none,3,2080,2080,False,0% off,False,6,5
8000,Chemist At Play Sebum And Blackhead Control Face Serum - 30ml (2% Salicylic Acid + 1% Zinc PCA),chemist-at-play-sebum-and-blackhead-control-face-serum-30ml-2-salicylic-acid-1-zinc-pca,https://d2wfc4v12a2zxr.cloudfront.net/resized/medium/products/chemist-at-play-sebum-and-blackhead-control-face-serum-30ml-2-salicylic-acid-1-zinc-pca_1643723395.webp,none,3,879,817,True,7% off,False,6,4.7
12005,Girlpal Snail Golden Firming Serum - 25ml,girlpal-snail-golden-firming-serum-25ml,https://d2wfc4v12a2zxr.cloudfront.net/resized/medium/products/girlpal-snail-golden-firming-serum-25ml_1677651412.webp,none,3,699,699,False,0% off,False,6,3.3
5173,Moistcom Acnetreat Purifying Facewash - 60 ML,moistcom-acnetreat-purifying-facewash-60-ml,https://d2wfc4v12a2zxr.cloudfront.net/resized/medium/products/moistcom-acnetreat-purifying-facewash-60-ml_1614840114.webp,none,2,590,549,True,7% off,False,6,4.8
17188,Minimalist Alpha Lipoic + Glycolic 07% Cleanser - 100ml,minimalist-alpha-lipoic-glycolic-07-cleanser-100ml,https://d2wfc4v12a2zxr.cloudfront.net/resized/medium/products/main_minimalist-alpha-lipoic-glycolic-07-cleanser-100-ml_1721903427.webp,none,1,641,609,True,5% off,False,6,4
17778,Dot & Key 10% Niacinamide + Cica Serum - 30 ml,dot-key-10-niacinamide-cica-serum-30-ml,https://d2wfc4v12a2zxr.cloudfront.net/resized/medium/products/main_dot-key-10-niacinamide-cica-serum-30-ml_1729504436.webp,none,1,958,862,True,10% off,False,6,4.7
2176,Lakme Peach Milk Soft Creme,lakme-peach-milk-soft-creme,https://d2wfc4v12a2zxr.cloudfront.net/resized/medium/product/cover_image1576661090.jpg,size,6,872,785,True,10% off,False,6,4.7
11165,Himalaya Herbals Fairness Kesar Face Wash,himalaya-herbals-fairness-kesar-face-wash,https://d2wfc4v12a2zxr.cloudfront.net/resized/medium/products/main_himalaya-herbals-fairness-kesar-face-wash_1724990974.webp,size,3,238,226,True,5% off,False,6,4.7
17068,Beauty of Joseon Ginseng Cleansing Oil - 210 ml,beauty-of-joseon-ginseng-cleansing-oil-210-ml,https://d2wfc4v12a2zxr.cloudfront.net/resized/medium/products/main_beauty-of-joseon-ginseng-cleansing-oil-210-ml_1720073996.webp,none,9,2800,2520,True,10% off,False,5,4.8
17971,Acmist Moisturizing Cream Gel - 50gm Pack of 2,acmist-moisturizing-cream-gel-50gm-pack-of-2,https://d2wfc4v12a2zxr.cloudfront.net/resized/medium/products/main_acmist-moisturizing-cream-gel-50gm-pack-of-2_1733825716.webp,none,8,1396,1284,True,8% off,False,5,4.8
16471,Pilgrim Retinol Under Eye Cream - 30gm,pilgrim-retinol-under-eye-cream-30gm,https://d2wfc4v12a2zxr.cloudfront.net/resized/medium/products/main_pilgrim-retinol-under-eye-cream_1714882689.webp,size,11,720,662,True,8% off,False,5,3.4
16474,Pilgrim Retinol & Hyaluronic Acid Lift & Firm Serum - 30ml,pilgrim-retinol-hyaluronic-acid-lift-firm-serum-30ml,https://d2wfc4v12a2zxr.cloudfront.net/resized/medium/products/main_pilgrim-retinol-hyaluronic-acid-lift-firm-serum_1714883596.webp,size,4,1040,957,True,8% off,False,5,4.2
16484,Pilgrim Squalane Glow Moisturizer - 50gm,pilgrim-squalane-glow-moisturizer-50gm,https://d2wfc4v12a2zxr.cloudfront.net/resized/medium/products/main_pilgrim-squalane-glow-moisturizer_1714886295.webp,size,4,880,810,True,8% off,False,5,4.4
16036,"RENEE Euphoric Musk Body Mist, 150 Ml",renee-euphoric-musk-body-mist-150-ml,https://d2wfc4v12a2zxr.cloudfront.net/resized/medium/products/main_renee-euphoric-musk-body-mist-150-ml_1710050745.webp,none,2,639,639,False,0% off,False,5,3.8
9446,Moonwake Healing Drops Facial Oil - Premium Anti-Aging & Pigmented Skin Facial Oil – Skin Regeneration & Radiance 20ml,moonwake-healing-drops-facial-oil-premium-anti-aging-pigmented-skin-facial-oil-skin-regeneration-radiance-20ml,https://d2wfc4v12a2zxr.cloudfront.net/resized/medium/products/main_moonwake-healing-drops-facial-oil-premium-anti-aging-pigmented-skin-facial-oil-skin-r_1776062169.webp,size,2,1650,1650,False,0% off,False,5,5
335,"Himalaya Herbals Natural Soft Vanilla Lip Care, 4.5g",himalaya-herbals-natural-soft-vanilla-lip-care-45g,https://d2wfc4v12a2zxr.cloudfront.net/resized/medium/12/natural-soft.jpg,none,1,318,302,True,5% off,False,5,4
16249,Beauty Of Joseon Glow Serum Propolis+ Niacinamide - 30ml,beauty-of-joseon-glow-serum-propolis-niacinamide-30ml,https://d2wfc4v12a2zxr.cloudfront.net/resized/medium/products/main_beauty-of-joseon-glow-serum-propolis-niacinamide-30ml_1712030145.webp,none,1,2800,2520,True,10% off,False,5,5
9454,"Moonwake Coffee Body Scrub for Exfoliating with Vitamin E and Moisturizing Oils, Butters & Coffee",moonwake-coffee-body-scrub-for-exfoliating-with-vitamin-e-and-moisturizing-oils-butters-coffee,https://d2wfc4v12a2zxr.cloudfront.net/resized/medium/products/moonwake-coffe-body-scrub_1660629492.webp,size,1,950,950,False,0% off,False,5,5
17787,DOT & KEY Strawberry Dew Strobe Cream - 30ml,dot-key-strawberry-dew-strobe-cream-30ml,https://d2wfc4v12a2zxr.cloudfront.net/resized/medium/products/main_dot-key-strawberry-dew-strobe-cream-30ml_1729508746.webp,none,12,552,497,True,10% off,False,4,4
18424,Re'equil Fruit AHA Face Wash for Hyperpigmentation & Skin Brightening 200ml,reequil-fruit-aha-face-wash-for-hyperpigmentation-skin-brightening-200ml,https://d2wfc4v12a2zxr.cloudfront.net/resized/medium/products/main_reequil-fruit-aha-face-wash-for-hyperpigmentation-skin-brightening-200ml_1741758502.webp,none,10,552,524,True,5% off,False,4,4.8
14412,Malibu Sun SPF 50+ Lotion 100ml,malibu-sun-spf-50-lotion-100ml,https://d2wfc4v12a2zxr.cloudfront.net/products/main_malibu-sun-spf-50-lotion-100ml_1720591242.webp,none,9,1290,1135,True,12% off,False,4,5
19423,"UV Doux Aqua Moisturizer for 48-Hour Hydration | With Aquaxyl, Pentavitin, Ceramides & Hyaluronic Acid | Deep Moisture, Restores Skin Barrier & Reduces Dryness | Lightweight, Non-Greasy – 100",uv-doux-aqua-moisturizer-for-48-hour-hydration-with-aquaxyl-pentavitin-ceramides-hyaluronic-acid-deep-moisture-restores-skin-barrier-reduces-dryness-lightweight-non-greasy-100-g,https://d2wfc4v12a2zxr.cloudfront.net/resized/medium/products/main_uv-doux-aqua-moisturizer-for-48-hour-hydration-100gm_1777288209.webp,none,8,712,676,True,5% off,False,4,4.8
14745,"Humeda Salicylic Acid Serum, 30 ml",humeda-salicylic-acid-serum-30-ml,https://d2wfc4v12a2zxr.cloudfront.net/resized/medium/products/main_humeda-salicylic-acid-serum-30-ml_1694679689.webp,none,6,915,869,True,5% off,False,4,5
16503,Pilgrim White Lotus Day Cream SPF 50,pilgrim-white-lotus-day-cream-spf-50,https://d2wfc4v12a2zxr.cloudfront.net/resized/medium/products/main_pilgrim-white-lotus-day-cream-spf-50_1714891211.webp,size,6,800,736,True,8% off,False,4,3.5
17686,Beauty Of Joseon Glow Replenishing Rice Milk - 150 ml (2.1),beauty-of-joseon-glow-replenishing-rice-milk-150-ml-21,https://d2wfc4v12a2zxr.cloudfront.net/resized/medium/products/main_beauty-of-joseon-glow-replenishing-rice-milk-150-ml_1726998581.webp,none,6,3300,2970,True,10% off,False,4,5
19864,Dot & Key Meltie Lip Balm SPF 50+ In-Vivo Tested With 2% Kojic & Vitamin C | Strawberry Glaze | 4g,dot-key-meltie-lip-balm-spf-50-in-vivo-tested-with-2-kojic-vitamin-c-strawberry-glaze-4g,https://d2wfc4v12a2zxr.cloudfront.net/resized/medium/products/main_dot-key-meltie-lip-balm-spf-50-in-vivo-tested-with-2-kojic-vitamin-c-hydrates-dry-cha_1773828545.webp,none,6,398,358,True,10% off,False,4,5
16502,Pilgrim White Lotus Natural Face Mist & Toner - 100ml,pilgrim-white-lotus-natural-face-mist-toner-100ml,https://d2wfc4v12a2zxr.cloudfront.net/resized/medium/products/main_pilgrim-white-lotus-natural-face-mist-toner_1714891054.webp,size,5,480,442,True,8% off,False,4,4.3
14738,Kleida Nice 10% Niacinamide + 1% Zinc Serum 30ml,kleida-nice-10-niacinamide-1-zinc-serum-30ml,https://d2wfc4v12a2zxr.cloudfront.net/resized/medium/products/main_kleida-nice_1694678338.webp,none,4,1675,1591,True,5% off,False,4,4.3
16512,Pilgrim 2% Kojic Acid Serum - 30ml,pilgrim-2-kojic-acid-serum-30ml,https://d2wfc4v12a2zxr.cloudfront.net/resized/medium/products/main_pilgrim-pilgrim-2-kojic-acid-serum_1714893187.webp,size,4,792,729,True,8% off,False,4,3.8
17658,Plum Squalane & Vitamin E SPF 50 PA+++ Dewy-Bright Sunscreen - 50gm,plum-squalane-vitamin-e-spf-50-pa-dewy-bright-sunscreen-50gm,https://d2wfc4v12a2zxr.cloudfront.net/resized/medium/products/main_plum-squalane-vitamin-e-spf-50-pa-dewy-bright-sunscreen-50gm_1726459664.webp,none,4,799,719,True,10% off,False,4,4.8
19865,Dot & Key Watermelon Cooling Sunscreen SPF 50+ PA++++ with New-Age UV Filter (80gm),dot-key-watermelon-cooling-sunscreen-spf-50-pa-with-new-age-uv-filter-80gm,https://d2wfc4v12a2zxr.cloudfront.net/resized/medium/products/main_dot-key-watermelon-cooling-sunscreen-spf-50-pa-80gm_1780312747.webp,none,4,952,857,True,10% off,False,4,4.5
16250,Beauty Of Joseon Sun Serum Ginseng - 50ml,beauty-of-joseon-sun-serum-ginseng-50ml,https://d2wfc4v12a2zxr.cloudfront.net/resized/medium/products/main_beauty-of-joseon-sun-serum-ginseng-50ml_1715763356.webp,none,2,3000,2400,True,20% off,False,4,4.8
9449,Moonwake Oatmeal Facial Grain,moonwake-oatmeal-facial-grain,https://d2wfc4v12a2zxr.cloudfront.net/resized/medium/products/main_moonwake-oatmeal-facial-grain_1661152734.webp,size,1,500,500,False,0% off,False,4,5
11163,"Himalaya Herbals Natural Moisturizing Lip Butter, 10gm",himalaya-herbals-natural-moisturizing-lip-butter-10gm,https://d2wfc4v12a2zxr.cloudfront.net/resized/medium/products/himalaya-herbals-natural-moisturizing-lip-butter-10gm_1675161183.webp,none,1,318,302,True,5% off,False,4,4.5
16042,Himalaya Brightening Vitamin C Blueberry Face Wash,himalaya-brightening-vitamin-c-blueberry-face-wash,https://d2wfc4v12a2zxr.cloudfront.net/resized/medium/products/main_himalaya-brightening-vitamin-c-blueberry-face-wash_1710151163.webp,size,2,184,175,True,5% off,False,4,5
17979,"POND'S Light Moisturiser Cream, 100ml",ponds-light-moisturiser-cream-100ml,https://d2wfc4v12a2zxr.cloudfront.net/resized/medium/products/main_ponds-light-moisturiser-cream-100ml_1776746532.webp,none,5,315,293,True,7% off,False,3,5
18655,Beauty Of Joseon Relief Sun Aqua-fresh: Rice + B5 - 50ml,beauty-of-joseon-relief-sun-aqua-fresh-rice-b5-50ml,https://d2wfc4v12a2zxr.cloudfront.net/resized/medium/products/main_beauty-of-joseon-relief-sun-aqua-fresh-rice-b5-50ml_1782889008.webp,none,40,2385,2147,True,10% off,False,3,5
18453,Foxtale Refreshing Gel Face Wash- 100ml,foxtale-refreshing-gel-face-wash-100ml,https://d2wfc4v12a2zxr.cloudfront.net/resized/medium/products/main_foxtale-refreshing-gel-face-wash-100ml_1742533003.webp,none,36,399,379,True,5% off,False,3,5
18444,Foxtale Hydrating Ceramide Moisturizer- 50ml,foxtale-hydrating-ceramide-moisturizer-50ml,https://d2wfc4v12a2zxr.cloudfront.net/resized/medium/products/main_foxtale-hydrating-ceramide-moisturizer-50ml_1742530071.webp,none,29,712,676,True,5% off,False,3,2
18470,"Foxtale The Stunner Skin Radiance Mask, 75ml",foxtale-the-stunner-skin-radiance-mask-75ml,https://d2wfc4v12a2zxr.cloudfront.net/resized/medium/products/main_foxtale-the-stunner-skin-radiance-mask-75ml_1772097289.webp,none,29,872,828,True,5% off,False,3,4
19064,Kleida Sunsafe Invisible Sunscreen Spf Pa +++ 50+-50gm,kleida-sunsafe-invisible-sunscreen-spf-pa-50-50gm,https://d2wfc4v12a2zxr.cloudfront.net/resized/medium/products/main_kleida-sunsafe-invisible-sunscreen-spf-pa-50-50gm_1759833916.webp,none,26,980,931,True,5% off,False,3,4.7
18423,Re'equil Oil Control & Anti Acne Face Wash 200 ml,reequil-oil-control-anti-acne-face-wash-200-ml,https://d2wfc4v12a2zxr.cloudfront.net/resized/medium/products/main_reequil-oil-control-anti-acne-face-wash-200-ml_1741756570.webp,none,17,552,524,True,5% off,False,3,4.3
14742,"Humeda Radiance UV Creme SPF 50++++, 50gm",humeda-radiance-uv-creme-spf-50-50gm,https://d2wfc4v12a2zxr.cloudfront.net/resized/medium/products/main_humeda-radiance-uv-creme-spf-50-50gm_1694679166.webp,none,7,1915,1819,True,5% off,False,3,5
16473,Pilgrim 2%  Salicylic & Glycolic Acid Anti-Acne Face Serum - 30ml,pilgrim-2-salicylic-glycolic-acid-anti-acne-face-serum-30ml,https://d2wfc4v12a2zxr.cloudfront.net/resized/medium/products/main_pilgrim-2-salicylic-glycolic-acid-anti-acne-face-serum-30ml_1778491716.webp,size,7,1040,957,True,8% off,False,3,4
17069,Beauty of Joseon Revive Snail Mucin Ginseng Serum - 30ml (2.1),beauty-of-joseon-revive-snail-mucin-ginseng-serum-30ml-21,https://d2wfc4v12a2zxr.cloudfront.net/resized/medium/products/main_beauty-of-joseon-revive-snail-mucin-ginseng-serum-30ml_1720074242.webp,none,6,2600,2340,True,10% off,False,3,5
19086,"Ralycos Hydramide Mutipeptide Serum powered by ceramide 2%, Multipeptide 1%  and Niacinamide 5% Hydrate | Repair | Glow",ralycos-hydramide-mutipeptide-serum-powered-by-ceramide-2-multipeptide-1-and-niacinamide-5-hydrate-repair-glow,https://d2wfc4v12a2zxr.cloudfront.net/resized/medium/products/main_hydramide-mutipeptide-serum-powered-by-ceramide-2-multipeptide-1-and-niacinamide-5-hy_1760420882.webp,none,6,1040,915,True,12% off,False,3,4.3
16634,Bioderma pigmentbio Foaming Cream 200ml,bioderma-pigmentbio-foaming-cream-200ml,https://d2wfc4v12a2zxr.cloudfront.net/resized/medium/products/main_bioderma-pigmentbio-foaming-cream-200ml_1715581893.webp,none,5,2200,2090,True,5% off,False,3,5
5726,Pax Moly Real Black Pearl Mask Pack (2.1),pax-moly-real-black-pearl-mask-pack-21,https://d2wfc4v12a2zxr.cloudfront.net/resized/medium/products/pax-moly-real-black-pearl-mask-pack_1621924177.webp,none,5,100,70,True,30% off,False,3,4.3
18443,Foxtale 15% Vitamin C Face Serum for Glowing Skin 30ml,foxtale-15-vitamin-c-face-serum-for-glowing-skin-30ml,https://d2wfc4v12a2zxr.cloudfront.net/resized/medium/products/main_foxtale-15-vitamin-c-face-serum-for-glowing-skin-30ml_1742529683.webp,none,5,952,904,True,5% off,False,3,4.3
38,Lakme Absolute Bi-Phased Makeup Remover (60ml),lakme-absolute-bi-phased-makeup-remover-60ml,https://d2wfc4v12a2zxr.cloudfront.net/resized/medium/03/Lakme-Absolute-Bi-Phased-Make-up-Remover-1.jpg,none,4,600,540,True,10% off,False,3,5
17775,DOT & KEY Watermelon Superglow Pore Tightening Toner - 150ml,dot-key-watermelon-superglow-pore-tightening-toner-150ml,https://d2wfc4v12a2zxr.cloudfront.net/resized/medium/products/main_dot-key-watermelon-superglow-pore-tightening-toner-150ml_1729503371.webp,none,4,632,569,True,10% off,False,3,1
8401,Himalaya Herbals Clear Complexion Brightening Day Cream 50gm,himalaya-herbals-clear-complexion-brightening-day-cream-50gm,https://d2wfc4v12a2zxr.cloudfront.net/resized/medium/products/himalaya-herbals-clear-complexion-brightening-day-cream_1646385008.webp,none,3,432,410,True,5% off,False,3,2.7
18009,Lipidz- Lipid Replenishing Cream 100gm,lipidz-lipid-replenishing-cream-100gm,https://d2wfc4v12a2zxr.cloudfront.net/resized/medium/products/main_lipidz-lipid-replenishing-cream-50gm_1735208178.webp,none,3,799,759,True,5% off,False,3,4.7
18010,Lipz Moisturizer With Spf 15 - 9 Gm,lipz-moisturizer-with-spf-15-9-gm,https://d2wfc4v12a2zxr.cloudfront.net/resized/medium/products/main_lipz-moisturizer-with-spf-15-9-gm_1735208298.webp,none,3,200,190,True,5% off,False,3,4.3
19083,Ralycos Hydramide oil-free moisturiser powered by ceramide & 8 types of HA   Hydrate | Soothe | Strengthen,ralycos-hydramide-oil-free-moisturiser-powered-by-ceramide-8-types-of-ha-hydrate-soothe-strengthen,https://d2wfc4v12a2zxr.cloudfront.net/resized/medium/products/main_hydramide-oil-free-moisturiser-powered-by-ceramide-8-types-of-ha-hydrate-soothe-stren_1760420765.webp,none,3,880,774,True,12% off,False,3,4.7
13747,May Island Coenzyme Q10 Real Essence Mask Pack,may-island-coenzyme-q10-real-essence-mask-pack,https://d2wfc4v12a2zxr.cloudfront.net/resized/medium/products/main_may-island-coenzyme-q10-real-essence-mask-pack_1688555968.webp,none,2,350,350,False,0% off,False,3,5
1929,Organic Harvest Neem Face Wash,organic-harvest-neem-face-wash,https://d2wfc4v12a2zxr.cloudfront.net/resized/medium/product/cover_image1571558842.png,size,2,608,608,False,0% off,False,3,4.7
5486,Avani Frankincense Oil - 30ml,avani-frankincense-oil-30ml,https://d2wfc4v12a2zxr.cloudfront.net/resized/medium/products/avani-frankincense-oil-30-ml_1617787325.webp,none,2,1795,1795,False,0% off,False,3,5
18381,Re'equil Pore Refining Face Toner for Open Large Pores 100 ml,reequil-pore-refining-face-toner-for-open-large-pores-100-ml,https://d2wfc4v12a2zxr.cloudfront.net/resized/medium/products/main_reequil-pore-refining-face-toner-for-open-large-pores-100-ml_1740372706.webp,none,2,472,448,True,5% off,False,3,4.3
19288,FAIRY SKIN Premium Brightening Sunscreen,fairy-skin-premium-brightening-sunscreen,https://d2wfc4v12a2zxr.cloudfront.net/resized/medium/products/main_fairy-skin-premium-brightening-sunscreen_1764233462.webp,none,2,1150,1150,False,0% off,False,3,4.7
17085,Pilgrim French Red Vine Super melt Cleansing Balm - 50gm,pilgrim-french-red-vine-super-melt-cleansing-balm-50gm,https://d2wfc4v12a2zxr.cloudfront.net/resized/medium/products/main_pilgrim-french-red-vine-super-melt-cleansing-balm-50-g_1720335563.webp,none,1,712,655,True,8% off,False,3,3.7
5039,Tattvalogy Cold Pressed Hemp Seed Oil - 100 ml,tattvalogy-cold-pressed-hemp-seed-oil-100-ml,https://d2wfc4v12a2zxr.cloudfront.net/resized/medium/products/main_tattvalogy-cold-pressed-hemp-seed-oil-100-ml_1657624973.webp,none,1,1150,1150,False,0% off,False,3,2.7
8970,Avani Hydrating Cucumber Facial Mist - 100ml,avani-hydrating-cucumber-facial-mist-100ml,https://d2wfc4v12a2zxr.cloudfront.net/resized/medium/products/avani-hydrating-cucumber-facial-mist-100ml_1651215058.webp,none,1,545,545,False,0% off,False,3,5
17783,DOT & KEY Watermelon Cooling Sunscreen Body Spray Spf 40 Pa++ | 110ml,dot-key-watermelon-cooling-sunscreen-body-spray-spf-40-pa-110ml,https://d2wfc4v12a2zxr.cloudfront.net/resized/medium/products/main_dot-key-watermelon-cooling-sunscreen-body-spray-spf-40-pa-110ml_1729507150.webp,none,1,872,785,True,10% off,False,3,4
16184,Lakme 9 to 5 Moist Matte Mattifying face toner,lakme-9-to-5-moist-matte-mattifying-face-toner,https://d2wfc4v12a2zxr.cloudfront.net/resized/medium/products/main_lakme-9-to-5-moist-matte-mattifying-face-toner_1710501789.webp,size,2,398,359,True,10% off,False,2,5
18625,Plum Oat & 1% Ceramide Barrier Care Face Wash 100ml,plum-oat-1-ceramide-barrier-care-face-wash-100ml,https://d2wfc4v12a2zxr.cloudfront.net/resized/medium/products/main_plum-oat-1-ceramide-barrier-care-face-wash-100ml_1745234082.webp,none,36,504,454,True,10% off,False,2,5
19063,Aqualogica Illuminate + Dewy Sunscreen 50g,aqualogica-illuminate-dewy-sunscreen-50g,https://d2wfc4v12a2zxr.cloudfront.net/resized/medium/products/main_aqualogica-illuminate-dewy-sunscreen-50g_1759664037.webp,none,33,719,669,True,7% off,False,2,4.5
18458,Foxtale Clear Picture Acne Control Cleanser- 100 ML,foxtale-clear-picture-acne-control-cleanser-100-ml,https://d2wfc4v12a2zxr.cloudfront.net/resized/medium/products/main_foxtale-clear-picture-acne-control-cleanser-100-ml_1742533973.webp,none,32,558,530,True,5% off,False,2,5
18451,Foxtale SPF 70 Pore-Minimizing Mattifying Sunscreen with Niacinamide,foxtale-spf-70-pore-minimizing-mattifying-sunscreen-with-niacinamide,https://d2wfc4v12a2zxr.cloudfront.net/resized/medium/products/main_foxtale-spf-70-pore-minimizing-sunscreen-with-niacinamide_1742531516.webp,none,29,792,752,True,5% off,False,2,4.5
18395,PILGRIM Korean 99% Pure Aloe Vera Gel 200ml,pilgrim-korean-99-pure-aloe-vera-gel-200ml,https://d2wfc4v12a2zxr.cloudfront.net/resized/medium/products/main_pilgrim-korean-99-pure-aloe-vera-gel-200ml_1740724817.webp,none,23,440,405,True,8% off,False,2,5
9074,Pax Moly Real Goat Milk Sheet Mask Pack- 25 Ml (2.1),pax-moly-real-goat-milk-sheet-mask-pack-25-ml-21,https://d2wfc4v12a2zxr.cloudfront.net/resized/medium/products/pax-moly-real-goat-milk-mask-pack_1654487554.webp,none,17,100,70,True,30% off,False,2,4
18838,BIODANCE Bio-Collagen Real Deep Mask Single piece,biodance-bio-collagen-real-deep-mask-single-piece,https://d2wfc4v12a2zxr.cloudfront.net/resized/medium/products/main_biodance-bio-collagen-real-deep-mask-single-piece_1753606810.webp,none,14,1200,1044,True,13% off,False,2,2.5
19058,Hada Labo Advanced Nourish Lotion/Toner For Normal to Dry Skin 100ml,hada-labo-advanced-nourish-lotiontoner-for-normal-to-dry-skin-100ml,https://d2wfc4v12a2zxr.cloudfront.net/resized/medium/products/main_hada-labo-advanced-nourish-lotiontoner-for-normal-to-dry-skin-100ml_1768905257.webp,none,14,790,790,False,0% off,False,2,4.5
16064,Beauty of Joseon Light On Serum Centella + Vita C - 30ml,beauty-of-joseon-light-on-serum-centella-vita-c-30ml,https://d2wfc4v12a2zxr.cloudfront.net/resized/medium/products/main_beauty-of-joseon-light-on-serum-centella-vita-c-30ml_1710223781.webp,none,12,3000,2700,True,10% off,False,2,5
17706,Pilgrim 10% Niacinamide Face Serum With 1% Zinc PCA 30ml,pilgrim-10-niacinamide-face-serum-with-1-zinc-pca-30ml,https://d2wfc4v12a2zxr.cloudfront.net/resized/medium/products/main_pilgrim-10-niacinamide-face-serum-with-1-zinc-pca-30ml_1778150790.webp,none,12,952,876,True,8% off,False,2,3
19088,"Ralycos Hydramide Gentle Skin Cleanser enriched with Glycerin,Vitamin B3 and  Pro-vitamin B5 Cleanse | Nourish | Soothe",ralycos-hydramide-gentle-skin-cleanser-enriched-with-glycerinvitamin-b3-and-pro-vitamin-b5-cleanse-nourish-soothe,https://d2wfc4v12a2zxr.cloudfront.net/resized/medium/products/main_hydramide-gentle-skin-cleanser-enriched-with-glycerinvitamin-b3-and-pro-vitamin-b5-cl_1760420994.webp,none,12,600,528,True,12% off,False,2,2.5
19409,POND'S Super Light Gel Oil Free Face Moisturizer 200 ml With FREE POND'S Bright Miracle Detox Facewash 50gm,ponds-super-light-gel-oil-free-face-moisturizer-200-ml-with-free-ponds-bright-miracle-detox-facewash-50gm,https://d2wfc4v12a2zxr.cloudfront.net/resized/medium/products/main_ponds-super-light-gel-oil-free-face-moisturizer-200-ml-with-free-ponds-bright-miracle_1766124242.webp,none,10,600,558,True,7% off,False,2,5
19526,Sunplay Skin Aqua Tone Up UV Essence Latte Beige Sunscreen 50g,sunplay-skin-aqua-tone-up-uv-essence-latte-beige-sunscreen-50g,https://d2wfc4v12a2zxr.cloudfront.net/resized/medium/products/main_sunplay-skin-aqua-tone-up-uv-essence-latte-beige-sunscreen-50g_1768820295.webp,none,10,1020,1020,False,0% off,False,2,4.5
16248,Beauty of Joseon Glow Deep Serum Rice + Alpha-Arbutin,beauty-of-joseon-glow-deep-serum-rice-alpha-arbutin,https://d2wfc4v12a2zxr.cloudfront.net/resized/medium/products/main_beauty-of-joseon-glow-deep-serum-rice-alpha-arbutin_1712029653.webp,none,9,3000,2400,True,20% off,False,2,5
19531,Acnes Blemish Control Toner for Clearer Skin And Pore Refinement 90ml,acnes-blemish-control-toner-for-clearer-skin-and-pore-refinement-90ml,https://d2wfc4v12a2zxr.cloudfront.net/resized/medium/products/main_acnes-blemish-control-toner-for-clearer-skin-and-pore-refinement-90ml_1768562258.webp,none,9,375,375,False,0% off,False,2,4
16388,Lakme Blush & Glow Brightening Face Wash Lemon With Vitamin C Serum (100g),lakme-blush-glow-brightening-face-wash-lemon-with-vitamin-c-serum-100g,https://d2wfc4v12a2zxr.cloudfront.net/resized/medium/products/main_lakme-blush-glow-lemon-freshness-gel-face-wash-with-lemon-extracts_1713766520.webp,none,8,414,373,True,10% off,False,2,5
17580,Pilgrim Australian Kakadu Plum Vitamin C Brightening Moisturizer 50gm,pilgrim-australian-kakadu-plum-vitamin-c-brightening-moisturizer-50gm,https://d2wfc4v12a2zxr.cloudfront.net/resized/medium/products/main_pilgrim-australian-kakadu-plum-vitamin-c-brightening-moisturizer-50gm_1775036814.webp,none,7,560,515,True,8% off,False,2,5
20046,Dot & Key Strawberry Dew Tinted Sunscreen SPF 50+ PA++++ with New-Age UV Filter- 01A Rose (Light with Neutral Undertone),dot-key-strawberry-dew-tinted-sunscreen-spf-50-pa-with-new-age-uv-filter-01a-rose-light-with-neutral-undertone,https://d2wfc4v12a2zxr.cloudfront.net/resized/medium/products/main_dot-key-strawberry-dew-tinted-sunscreen-spf-50-pa-with-new-age-uv-filter-01a-rose-lig_1780313581.webp,none,7,878,790,True,10% off,False,2,5
17938,Lenphor After Party Maestro BI-Phase Makeup Remover - 100ml,lenphor-after-party-maestro-bi-phase-makeup-remover-100ml,https://d2wfc4v12a2zxr.cloudfront.net/resized/medium/products/main_lenphor-after-party-maestro-bi-phase-makeup-remover-100ml_1733636280.webp,none,6,1200,540,True,55% off,False,2,3
19794,Plum Cerasense Milky Toner with Ceramides & Peptides For Barrier Repair (100ml),plum-cerasense-milky-toner-with-ceramides-peptides-for-barrier-repair-100ml,https://d2wfc4v12a2zxr.cloudfront.net/resized/medium/products/main_plum-cerasense-milky-toner-with-ceramides-peptides-for-barrier-repair-100ml_1772171689.webp,none,6,879,791,True,10% off,False,2,4.5
20042,"Dot & Key Strawberry Brightening Moisturizer | Non-Comedogenic & Fragrance Free, Lightweight | 80g",dot-key-strawberry-brightening-moisturizer-non-comedogenic-fragrance-free-lightweight-80g,https://d2wfc4v12a2zxr.cloudfront.net/resized/medium/products/main_dot-key-strawberry-brightening-moisturizer-non-comedogenic-fragrance-free-lightweight_1775385218.webp,none,6,638,574,True,10% off,False,2,3
16477,Pilgrim Volcanic Lava Ash Foaming Face Wash with Brush - 120ml,pilgrim-volcanic-lava-ash-foaming-face-wash-with-brush-120ml,https://d2wfc4v12a2zxr.cloudfront.net/resized/medium/products/main_pilgrim-volcanic-lava-ash-foaming-face-wash-with-brush_1714884373.webp,size,5,552,508,True,8% off,False,2,5
13350,"Moistcom Lite Moisturizer, 100gm",moistcom-lite-moisturizer-100gm,https://d2wfc4v12a2zxr.cloudfront.net/resized/medium/products/main_moistcom-lite-moisturizer-100gm_1686504716.webp,none,4,800,744,True,7% off,False,2,5
16482,Pilgrim 24k Gold Serum Wth Niacinamide & Hyaluronic Acid - 20ml,pilgrim-24k-gold-serum-wth-niacinamide-hyaluronic-acid-20ml,https://d2wfc4v12a2zxr.cloudfront.net/resized/medium/products/main_pilgrim-24k-gold-serum-new_1714885756.webp,size,4,1112,1023,True,8% off,False,2,3
10182,Diva Anti Aging Natural Face Serum,diva-anti-aging-natural-face-serum,https://d2wfc4v12a2zxr.cloudfront.net/resized/medium/products/diva-anti-aging-natural-face-serum_1669004965.webp,none,4,875,831,True,5% off,False,2,5
35,Lakme Peach Milk Moisturiser,lakme-peach-milk-moisturiser,https://d2wfc4v12a2zxr.cloudfront.net/resized/medium/03/Lakme-Peach-Milk-Moisturiser-SPF-24-PA-1.jpg,size,4,304,274,True,10% off,False,2,4.5
18006,Dwash Creamy Moisturising Face Wash-70ml,dwash-creamy-moisturising-face-wash-70ml,https://d2wfc4v12a2zxr.cloudfront.net/resized/medium/products/main_dwash-creamy-moisturising-face-wash-70ml_1735207586.webp,none,4,800,760,True,5% off,False,2,5
18529,Lord's Coffee De Tan SPF 50 Sunscreen 50ml,lords-coffee-de-tan-spf-50-sunscreen-50ml,https://d2wfc4v12a2zxr.cloudfront.net/resized/medium/products/main_lords-coffee-de-tan-spf-50-sunscreen-50ml_1743397987.webp,none,4,640,576,True,10% off,False,2,3.5
18776,SunScoop Kids 100% Mineral Sunscreen Lotion SPF 30+ PA++++|75ml,sunscoop-kids-100-mineral-sunscreen-lotion-spf-30-pa75ml,https://d2wfc4v12a2zxr.cloudfront.net/resized/medium/products/main_sunscoop-kids-100-mineral-sunscreen-lotion-spf-30-pa75ml_1750748933.webp,none,4,879,879,False,0% off,False,2,5
20039,"Dot & Key Mango Detan Sunscreen, In-Vivo Tested SPF 50+ PA++++ -50g",dot-key-mango-detan-sunscreen-in-vivo-tested-spf-50-pa-50g,https://d2wfc4v12a2zxr.cloudfront.net/resized/medium/products/main_dot-key-mango-detan-sunscreen-in-vivo-tested-spf-50-pa-50g_1775383342.webp,none,4,712,641,True,10% off,False,2,5
14413,Malibu Sun SPF50+ Very High Protection 150ml Tube,malibu-sun-spf50-very-high-protection-150ml-tube,https://d2wfc4v12a2zxr.cloudfront.net/resized/medium/products/main_malibu-very-high-protection-face-cream-spf50_1702444565.webp,none,3,1890,1663,True,12% off,False,2,3
17633,True Derma-dm Moisturizing Lotion - 100gm,true-derma-dm-moisturizing-lotion-100gm,https://d2wfc4v12a2zxr.cloudfront.net/resized/medium/products/main_true-derma-dm-moisturizing-lotion-100gm_1736413985.webp,none,3,750,713,True,5% off,False,2,5
15983,Ponds Bright Beauty Spot-less Facewash 100 g,ponds-bright-beauty-spot-less-facewash-100-g,https://d2wfc4v12a2zxr.cloudfront.net/resized/medium/products/main_ponds-bright-beauty-spot-less-facewash-100-g_1709455500.webp,none,2,230,214,True,7% off,False,2,5
16396,Khadi Organique Rosehip Face Serum,khadi-organique-rosehip-face-serum,https://d2wfc4v12a2zxr.cloudfront.net/resized/medium/products/main_khadi-organique-rosehip-face-serum_1713864214.webp,none,2,1950,1950,False,0% off,False,2,5
16856,Olnatures Extra Foaming Face Wash 100ml,olnatures-extra-foaming-face-wash-100ml,https://d2wfc4v12a2zxr.cloudfront.net/resized/medium/products/main_olnatures-extra-foaming-face-wash-100ml_1717301091.webp,none,2,800,800,False,0% off,False,2,4.5
3781,Himalaya Herbals Oil Clear Mud Face Pack - 100g,himalaya-herbals-oil-clear-mud-face-pack-100g,https://d2wfc4v12a2zxr.cloudfront.net/resized/medium/product/cover_image1596960661.jpg,none,2,216,205,True,5% off,False,2,4
5483,Avani Rosehip Oil - 30ml,avani-rosehip-oil-30ml,https://d2wfc4v12a2zxr.cloudfront.net/resized/medium/products/avani-rosehip-oil30ml_1617786933.webp,none,2,2100,2100,False,0% off,False,2,5
5485,Avani Peppermint Oil - 30ml,avani-peppermint-oil-30ml,https://d2wfc4v12a2zxr.cloudfront.net/resized/medium/products/avani-peppermint-oil30ml_1617787216.webp,none,2,1145,1145,False,0% off,False,2,5
19547,Plum Cerasense Moisturizing Creme for Instant Barrier Repair & 72-Hr Moisturization,plum-cerasense-moisturizing-creme-for-instant-barrier-repair-72-hr-moisturization,https://d2wfc4v12a2zxr.cloudfront.net/resized/medium/products/main_plum-cerasense-moisturizing-creme-for-instant-barrier-repair-72-hr-moisturization_1768892035.webp,none,2,798,718,True,10% off,False,2,5
16041,Himalaya Pollution Detox Charcoal Face Wash,himalaya-pollution-detox-charcoal-face-wash,https://d2wfc4v12a2zxr.cloudfront.net/resized/medium/products/main_himalaya-pollution-detox-charcoal-face-wash_1710150831.webp,size,3,176,167,True,5% off,False,2,5
16563,Teenilicious Acne Face Toner with Salicylic Acid,teenilicious-acne-face-toner-with-salicylic-acid,https://d2wfc4v12a2zxr.cloudfront.net/resized/medium/products/main_teenilicious-acne-face-toner-with-salicylic-acid_1715247787.webp,size,1,952,952,False,0% off,False,2,4.5
16706,Simple Soothing Facial Toner With Vitamin B5 - 200ml,simple-soothing-facial-toner-with-vitamin-b5-200ml,https://d2wfc4v12a2zxr.cloudfront.net/resized/medium/products/main_simple-soothing-facial-toner-200ml_1715942397.webp,none,1,736,662,True,10% off,False,2,4.5
6082,Eveline Cosmetics White Prestige 4D Whitening And Regenerating Night Cream 50 ml,eveline-cosmetics-white-prestige-4d-whitening-and-regenerating-night-cream-50-ml,https://d2wfc4v12a2zxr.cloudfront.net/resized/medium/products/eveline-cosmetics-white-prestige-4d-whitening-and-regenerating-night-cream-50-ml_1625404820.webp,none,1,1890,1890,False,0% off,False,2,5
9455,Moonwake Body Ubtan,moonwake-body-ubtan,https://d2wfc4v12a2zxr.cloudfront.net/resized/medium/products/main_moonwake-body-ubtan_1691922430.webp,size,1,600,600,False,0% off,False,2,3
18011,"Lipzlite - Lip Lightening Cream, 15gm",lipzlite-lip-lightening-cream-15gm,https://d2wfc4v12a2zxr.cloudfront.net/resized/medium/products/main_lipzlite-lip-lightening-cream-15gm_1735208425.webp,none,1,480,456,True,5% off,False,2,5
18520,Lord's Pollution Protect SPF 50+ Sunscreen 100 ml,lords-pollution-protect-spf-50-sunscreen-100-ml,https://d2wfc4v12a2zxr.cloudfront.net/resized/medium/products/main_lords-pollution-protect-spf-50-sunscreen-100-ml_1743393583.webp,none,1,800,720,True,10% off,False,2,1.5
19802,Samoira Brightening Facial Cleanser (100ml),samoira-brightening-facial-cleanser-100ml,https://d2wfc4v12a2zxr.cloudfront.net/resized/medium/products/main_samoira-brightening-facial-cleanser-100ml_1773049412.webp,none,1,1099,1099,False,0% off,False,2,5
4019,Humeda Rich Moisturising Creme,humeda-rich-moisturising-creme,https://d2wfc4v12a2zxr.cloudfront.net/resized/medium/product/cover_image1600084919.jpg,size,14,885,841,True,5% off,False,2,5
18445,Foxtale Dewy Sunscreen Spf 70 Pa+++50ml,foxtale-dewy-sunscreen-spf-70-pa50ml,https://d2wfc4v12a2zxr.cloudfront.net/resized/medium/products/main_foxtale-dewy-sunscreen-spf-70-pa50ml_1772087267.webp,none,35,792,752,True,5% off,False,1,4
18840,Foxtale Pearlfection Oil Balancing Moisturizer - 50 ml,foxtale-pearlfection-oil-balancing-moisturizer-50-ml,https://d2wfc4v12a2zxr.cloudfront.net/resized/medium/products/main_foxtale-pearlfection-oil-balancing-moisturizer-50-ml_1772098587.webp,none,28,712,676,True,5% off,False,1,3
19963,Pilgrim Korean Rice Water Hydra Glow Gel Face Wash 100ml,pilgrim-korean-rice-water-hydra-glow-gel-face-wash-100ml,https://d2wfc4v12a2zxr.cloudfront.net/resized/medium/products/main_pilgrim-korean-rice-water-hydra-glow-gel-face-wash-100ml_1778146480.webp,none,25,392,361,True,8% off,False,1,5
16808,Cetaphil Optimal Hydration Body Spray Moisturizer - 207ml,cetaphil-optimal-hydration-body-spray-moisturizer-207ml,https://d2wfc4v12a2zxr.cloudfront.net/resized/medium/products/main_cetaphil-optimal-hydration-body-spray-moisturizer-207ml_1716885604.webp,none,24,2242,2197,True,2% off,False,1,5
19956,"I'm From Black Rice Toner , 30ml",im-from-black-rice-toner-30ml,https://d2wfc4v12a2zxr.cloudfront.net/resized/medium/products/main_im-from-black-rice-toner-30ml_1774592595.webp,none,14,1200,1080,True,10% off,False,1,3
19317,Plum 1% Vitamin C Ultra-Light-Glow Boosting Gel Cream (50ml),plum-1-vitamin-c-ultra-light-glow-boosting-gel-cream-50ml,https://d2wfc4v12a2zxr.cloudfront.net/resized/medium/products/main_plum-1-vitamin-c-ultra-light-glow-boosting-gel-cream-50ml_1764670974.webp,none,13,879,791,True,10% off,False,1,5
19550,Derma Co 5% Nia-ceramide Daily Hydrating Moisturizer- 100 Gm,derma-co-5-nia-ceramide-daily-hydrating-moisturizer-100-gm,https://d2wfc4v12a2zxr.cloudfront.net/resized/medium/products/main_derma-co-5-nia-ceramide-daily-hydrating-moisturizer-100-gm_1768899980.webp,none,13,718,661,True,8% off,False,1,5
19488,Plum 3% Niacinamide & Rice Water SPF 50 Sheer-Tinted Sunscreen + Plum 2% Niacinamide & Rice Water Clear Moisture Gel Cream 50gm,plum-3-niacinamide-rice-water-spf-50-sheer-tinted-sunscreen-plum-2-niacinamide-rice-water-clear-moisture-gel-cream-50gm,https://d2wfc4v12a2zxr.cloudfront.net/resized/medium/products/main_plum-3-niacinamide-rice-water-spf-50-sheer-tinted-sunscreen-plum-2-niacinamide-rice-w_1768112133.webp,none,11,1638,1474,True,10% off,False,1,5
19609,Foxtale Brightening Lip Balm with SPF 30 for Dark Lips with Peptides & Vitamin C (12g) (Ruby Glaze),foxtale-brightening-lip-balm-with-spf-30-for-dark-lips-with-peptides-vitamin-c-12g-ruby-glaze,https://d2wfc4v12a2zxr.cloudfront.net/resized/medium/products/main_foxtale-brightening-lip-balm-with-spf-30-for-dark-lips-with-peptides-vitamin-c-12g-ru_1770116993.webp,none,11,440,418,True,5% off,False,1,5
20086,Plum 10% Vitamin C & Calendula Barrier Boosting Glow Serum - 30 ml,plum-10-vitamin-c-calendula-barrier-boosting-glow-serum-30-ml,https://d2wfc4v12a2zxr.cloudfront.net/resized/medium/products/main_plum-10-vitamin-c-calendula-barrier-boosting-glow-serum-30-ml_1777975861.webp,none,11,1038,934,True,10% off,False,1,4
19427,UV Doux OC Face Cleanser for Oily & Acne-Prone Skin - 125ml,uv-doux-oc-face-cleanser-for-oily-acne-prone-skin-125ml,https://d2wfc4v12a2zxr.cloudfront.net/resized/medium/products/main_uv-doux-oc-face-cleanser-for-oily-acne-prone-skin-125ml_1766547106.webp,none,10,799,759,True,5% off,False,1,5
19289,FAIRY SKIN Mild Facial Kit,fairy-skin-mild-facial-kit,https://d2wfc4v12a2zxr.cloudfront.net/resized/medium/products/main_fairy-skin-mild-facial-kit_1764233881.webp,none,9,1990,1990,False,0% off,False,1,5
19473,COSRX Ceramide Skin Barrier Moisturizer,cosrx-ceramide-skin-barrier-moisturizer,https://d2wfc4v12a2zxr.cloudfront.net/resized/medium/products/main_cosrx-ceramide-skin-barrier-moisturizer_1767354511.webp,none,9,2700,2430,True,10% off,False,1,5
19513,Re'equil Pitstop Blue Niacinamide Serum 25ml (Clearance),reequil-pitstop-blue-niacinamide-serum-25ml-clearance,https://d2wfc4v12a2zxr.cloudfront.net/resized/medium/products/main_reequil-pitstop-blue-niacinamide-serum-25ml-clearance_1768540280.webp,none,9,953,839,True,12% off,False,1,5
18387,Dr. Sheth's Gulab & 1% Glycolic Acid Face Wash 100gm,dr-sheths-gulab-1-glycolic-acid-face-wash-100gm,https://d2wfc4v12a2zxr.cloudfront.net/resized/medium/products/main_dr-sheths-gulab-1-glycolic-acid-face-wash-100gm_1740387135.webp,none,8,559,514,True,8% off,False,1,3
19059,Aqualogica 5 Barrier+ Repair Sunscreen with Avocado & 5 Essential Ceramides | SPF 50 PA++++ 80 gm,aqualogica-5-barrier-repair-sunscreen-with-avocado-5-essential-ceramides-spf-50-pa-80-gm,https://d2wfc4v12a2zxr.cloudfront.net/resized/medium/products/main_aqualogica-5-barrier-repair-sunscreen-with-avocado-5-essential-ceramides-spf-50-pa-80_1775043849.webp,none,8,959,892,True,7% off,False,1,5
19525,Hada Labo Pro-Aging Retinol B3 Lotion for Anti-Aging 170ml,hada-labo-pro-aging-retinol-b3-lotion-for-anti-aging-170ml,https://d2wfc4v12a2zxr.cloudfront.net/resized/medium/products/main_hada-labo-pro-aging-retinol-b3-lotion-for-anti-aging-170ml_1768549717.webp,none,8,1450,1450,False,0% off,False,1,5
19614,Sunplay Skin Aqua Moisturizing Serum 75ml,sunplay-skin-aqua-moisturizing-serum-75ml,https://d2wfc4v12a2zxr.cloudfront.net/resized/medium/products/main_sunplay-skin-aqua-moisturizing-serum-75ml_1770181325.webp,none,8,475,475,False,0% off,False,1,4
20089,Plum 5% Glycolic Acid & Goji Berry Exfoliating Toner for textured skin (150ml),plum-5-glycolic-acid-goji-berry-exfoliating-toner-for-textured-skin-150ml,https://d2wfc4v12a2zxr.cloudfront.net/resized/medium/products/main_plum-5-glycolic-acid-goji-berry-exfoliating-toner-for-textured-skin-150ml_1777977925.webp,none,8,798,718,True,10% off,False,1,3
19261,Dr.sheth's Oats & Ceramide Sensitive Skin Moisturizer - 100g,drsheths-oats-ceramide-sensitive-skin-moisturizer-100g,https://d2wfc4v12a2zxr.cloudfront.net/resized/medium/products/main_drsheths-oats-ceramide-sensitive-skin-moisturizer-100g_1763115635.webp,none,7,799,735,True,8% off,False,1,4
19529,Melano CC Vitamin C Facial Mask (Single Sheet) - For Radiant and Glowing Skin,melano-cc-vitamin-c-facial-mask-single-sheet-for-radiant-and-glowing-skin,https://d2wfc4v12a2zxr.cloudfront.net/resized/medium/products/main_melano-cc-vitamin-c-facial-mask-single-sheet-for-radiant-and-glowing-skin_1768558728.webp,none,7,280,196,True,30% off,False,1,5
16488,Pilgrim Tea Tree Purifying Foaming Face Wash - 120ml,pilgrim-tea-tree-purifying-foaming-face-wash-120ml,https://d2wfc4v12a2zxr.cloudfront.net/resized/medium/products/main_pilgrim-tea-tree-purifying-foaming-face-wash_1714887437.webp,size,6,560,515,True,8% off,False,1,5
18541,Lord's Rice Water Brightening Gentle Cleanser 100ml,lords-rice-water-brightening-gentle-cleanser-100ml,https://d2wfc4v12a2zxr.cloudfront.net/resized/medium/products/main_lords-rice-water-brightening-gentle-cleanser-200ml_1743582741.webp,none,6,1200,1080,True,10% off,False,1,5
19366,Mamaearth Beetroot Hydraful Light Moisturizing Cream with Beetroot & Hyaluronic Acid for Pink Glow - 200g,mamaearth-beetroot-hydraful-light-moisturizing-cream-with-beetroot-hyaluronic-acid-for-pink-glow-200g,https://d2wfc4v12a2zxr.cloudfront.net/resized/medium/products/main_mamaearth-beetroot-hydraful-light-moisturizing-cream-with-beetroot-hyaluronic-acid-fo_1765955494.webp,none,6,718,661,True,8% off,False,1,4
19598,Acnes Whitening Facial Cleanser - 50G,acnes-whitening-facial-cleanser-50g,https://d2wfc4v12a2zxr.cloudfront.net/resized/medium/products/main_acnes-whitening-facial-cleanser-50g_1770027122.webp,none,6,275,275,False,0% off,False,1,5
19852,Pilgrim Vitamin C Moisture Rich Tinted Lip Balm SPF 50,pilgrim-vitamin-c-moisture-rich-tinted-lip-balm-spf-50,https://d2wfc4v12a2zxr.cloudfront.net/resized/medium/products/main_pilgrim-vitamin-c-moisture-rich-tinted-lip-balm-spf-50_1773311452.webp,none,6,392,361,True,8% off,False,1,5
20041,Dot & Key Watermelon Cooling Icy Gel Moisturizer With Hyaluronic - 60ml,dot-key-watermelon-cooling-icy-gel-moisturizer-with-hyaluronic-60ml,https://d2wfc4v12a2zxr.cloudfront.net/resized/medium/products/main_dot-key-watermelon-cooling-icy-gel-moisturizer-with-hyaluronic-60ml_1775384312.webp,none,6,792,713,True,10% off,False,1,5
20045,Dot & Key Strawberry Dew Tinted Sunscreen SPF 50+ PA++++ with New-Age UV Filter- 00 Peony (Very Light),dot-key-strawberry-dew-tinted-sunscreen-spf-50-pa-with-new-age-uv-filter-00-peony-very-light,https://d2wfc4v12a2zxr.cloudfront.net/resized/medium/products/main_dot-key-strawberry-dew-tinted-sunscreen-spf-50-pa-with-new-age-uv-filter-00-peony-ver_1780313341.webp,none,6,878,790,True,10% off,False,1,5
10686,Oshea Herbals Phytolight 9-in-1 Multipurpose Day Cream SPF 25 pa++ 50g,oshea-herbals-phytolight-9-in-1-multipurpose-day-cream-spf-25-pa-50g,https://d2wfc4v12a2zxr.cloudfront.net/resized/medium/products/oshea-herbals-phytolight-9-in-1-multipurpose-day-cream-spf-25-pa-50g_1672820425.webp,none,5,1032,1032,False,0% off,False,1,5
18543,Lord’s AHA/BHA Clarifying Treatment Toner 100ml,lords-ahabha-clarifying-treatment-toner-100ml,https://d2wfc4v12a2zxr.cloudfront.net/resized/medium/products/main_lords-ahabha-clarifying-treatment-toner-100ml_1743583164.webp,none,5,800,720,True,10% off,False,1,5
18832,ANUA Peach 70 Niacin Serum -30ml (2.1),anua-peach-70-niacin-serum-30ml-21,https://d2wfc4v12a2zxr.cloudfront.net/resized/medium/products/main_anua-peach-70-niacin-serum-30ml-ob_1773050558.webp,none,5,2990,2691,True,10% off,False,1,5
19259,Dr. sheth's Oats & Ceramide Sunscreen for Sensitive Skin - 50 gm In-Vivo Tested SPF 50+ PA ++++,dr-sheths-oats-ceramide-sunscreen-for-sensitive-skin-50-gm-in-vivo-tested-spf-50-pa,https://d2wfc4v12a2zxr.cloudfront.net/resized/medium/products/main_dr-sheths-oats-ceramide-sunscreen-for-sensitive-skin-50-gm-in-vivo-tested-spf-50-pa_1763114722.webp,none,5,799,735,True,8% off,False,1,5
14793,"Prisa Organics De-Tan SPF 40 PA+++ Gel Cream Invisible Feel Sun Screen Broad Spectrum UVA & UVB Protection No Paraben , Non-sticky",prisa-organics-de-tan-spf-40-pa-gel-cream-invisible-feel-sun-screen-broad-spectrum-uva-uvb-protection-no-paraben-non-sticky,https://d2wfc4v12a2zxr.cloudfront.net/resized/medium/products/main_prisa-organics-de-tan-spf-40-pa-gel-cream-invisible-feel-sun-screen-broad-spectrum-uv_1695711771.webp,none,4,696,696,False,0% off,False,1,5
16043,Himalaya Dark Spot Clearing Turmeric Face Wash,himalaya-dark-spot-clearing-turmeric-face-wash,https://d2wfc4v12a2zxr.cloudfront.net/resized/medium/products/main_himalaya-dark-spot-clearing-turmeric-face-wash_1710151413.webp,size,4,336,319,True,5% off,False,1,2
16490,Pilgrim Tea Tree Purifying Toner 100 ml,pilgrim-tea-tree-purifying-toner-100-ml,https://d2wfc4v12a2zxr.cloudfront.net/resized/medium/products/main_pilgrim-tea-tree-purifying-toner-100-ml_1775036014.webp,size,4,480,442,True,8% off,False,1,1
17065,Beauty of Joseon Calming Green Tea Panthenol Serum - 30ml,beauty-of-joseon-calming-green-tea-panthenol-serum-30ml,https://d2wfc4v12a2zxr.cloudfront.net/resized/medium/products/main_beauty-of-joseon-calming-green-tea-panthenol-serum-30ml_1720072830.webp,none,4,2600,2080,True,20% off,False,1,5
10875,DHC Medicated Skin Conditioner Milk - 120ML,dhc-medicated-skin-conditioner-milk-120ml,https://d2wfc4v12a2zxr.cloudfront.net/resized/medium/products/dhc-medicated-skin-conditioner-milk-120ml_1674036080.webp,none,4,2300,2300,False,0% off,False,1,5
18007,"Ethiglo Face Wash, 70ml",ethiglo-face-wash-70ml,https://d2wfc4v12a2zxr.cloudfront.net/resized/medium/products/main_ethiglo-face-wash-70ml_1773745547.webp,none,4,520,494,True,5% off,False,1,5
18561,Lord's Rice Water Brightening Elixir Serum 25ml,lords-rice-water-brightening-elixir-serum-25ml,https://d2wfc4v12a2zxr.cloudfront.net/resized/medium/products/main_lords-rice-water-brightening-elixir-serum-25ml_1743587540.webp,none,4,1140,1026,True,10% off,False,1,5
18614,Lord's Gluta Bright Moisturiser 100ml,lords-gluta-bright-moisturiser-100ml,https://d2wfc4v12a2zxr.cloudfront.net/resized/medium/products/main_lords-gluta-bright-moisturiser-100ml_1744702185.webp,none,4,520,468,True,10% off,False,1,5
19701,Eco Sathi Vegan Lip Balm,eco-sathi-vegan-lip-balm,https://d2wfc4v12a2zxr.cloudfront.net/resized/medium/products/main_eco-sathi-vegan-lip-balm_1771219813.webp,none,4,450,441,True,2% off,False,1,4
15064,Moonwake Daily Revive & Restore Serum with Hyaluronic Acid & Niacinamide Serum - Oil free Hydration & Daily skin Reset Formula - 20ml,moonwake-daily-revive-restore-serum-with-hyaluronic-acid-niacinamide-serum-oil-free-hydration-daily-skin-reset-formula-20ml,https://d2wfc4v12a2zxr.cloudfront.net/resized/medium/products/main_moonwake-daily-revive-restore-serum-with-hyaluronic-acid-niacinamide-serum-oil-free-h_1776061862.webp,none,3,900,900,False,0% off,False,1,5
16040,Himalaya Brightening Vitamin C Orange Face Wash,himalaya-brightening-vitamin-c-orange-face-wash,https://d2wfc4v12a2zxr.cloudfront.net/resized/medium/products/main_himalaya-brightening-vitamin-c-orange-face-wash_1710150301.webp,size,3,352,334,True,5% off,False,1,5
17628,True Derma Glow Facewash - 60gm,true-derma-glow-facewash-60gm,https://d2wfc4v12a2zxr.cloudfront.net/resized/medium/products/main_true-derma-glow-facewash-60gm_1726202455.webp,none,3,600,570,True,5% off,False,1,5
18388,Dr. Sheth's Ceramide & Vitamin C Long Lasting Sunscreen - 50gm,dr-sheths-ceramide-vitamin-c-long-lasting-sunscreen-50gm,https://d2wfc4v12a2zxr.cloudfront.net/resized/medium/products/main_dr-sheths-ceramide-vitamin-c-long-lasting-sunscreen-50gm_1740387510.webp,none,3,1119,1029,True,8% off,False,1,5
18516,Lord's 10% Vitamin C Face Serum with Aloe Vera Extract 30 ml,lords-10-vitamin-c-face-serum-with-aloe-vera-extract-30-ml,https://d2wfc4v12a2zxr.cloudfront.net/resized/medium/products/main_lords-10-vitamin-c-face-serum-with-aloe-vera-extract-30-ml_1778056577.webp,none,3,720,648,True,10% off,False,1,5
18526,Lord's  85% Aloevera Face Gel  200Ml,lords-85-aloevera-face-gel-200ml,https://d2wfc4v12a2zxr.cloudfront.net/resized/medium/products/main_lords-85-aloevera-face-gel-200ml_1743397228.webp,none,3,560,504,True,10% off,False,1,5
18557,Lord's Rice Water brightening Cream 100g,lords-rice-water-brightening-cream-100g,https://d2wfc4v12a2zxr.cloudfront.net/resized/medium/products/main_lords-rice-water-brightening-cream-100g_1744795973.webp,none,3,1600,1440,True,10% off,False,1,5
18560,Lord's Rice Water Brightening Toner 100ml,lords-rice-water-brightening-toner-100ml,https://d2wfc4v12a2zxr.cloudfront.net/resized/medium/products/main_lords-rice-water-brightening-toner-100ml_1779949548.webp,none,3,800,720,True,10% off,False,1,5
18610,Lord's Dream Bright Sunscreen Serum 100ml,lords-dream-bright-sunscreen-serum-100ml,https://d2wfc4v12a2zxr.cloudfront.net/resized/medium/products/main_lords-dream-bright-sunscreen-serum-100ml_1744515195.webp,none,3,1200,1080,True,10% off,False,1,3
18677,TOCOBO Bio Watery Sun Cream SPF50+ PA++++ 50ml,tocobo-bio-watery-sun-cream-spf50-pa-50ml,https://d2wfc4v12a2zxr.cloudfront.net/resized/medium/products/main_tocobo-bio-watery-sun-cream-spf50-pa-50ml_1748518660.webp,none,3,2800,2296,True,18% off,False,1,5
19285,Tirtir Milk Skin Toner [150ML] (2.1),tirtir-milk-skin-toner-150ml-21,https://d2wfc4v12a2zxr.cloudfront.net/resized/medium/products/main_tirtir-milk-skin-toner-150ml_1764216379.webp,none,3,3700,3330,True,10% off,False,1,3
19313,Himalaya Acne Clear+ Face Cleansing Gel with Natural Salicylic Acid for Reducing Acne & Sebum,himalaya-acne-clear-face-cleansing-gel-with-natural-salicylic-acid-for-reducing-acne-sebum,https://d2wfc4v12a2zxr.cloudfront.net/resized/medium/products/main_himalaya-acne-clear-face-cleansing-gel-with-natural-salicylic-acid-for-reducing-acne-_1764491073.webp,none,3,1038,986,True,5% off,False,1,5
19382,S Select Skin Lotion Hyaluronic Acid-500ml,s-select-skin-lotion-hyaluronic-acid-500ml,https://d2wfc4v12a2zxr.cloudfront.net/resized/medium/products/main_s-select-skin-lotion-hyaluronic-acid-500ml_1766049324.webp,none,3,2691,2556,True,5% off,False,1,5
20090,"Plum Yuzu & Alpha Arbutin Weightless Fluid Sunscreen SPF 50 PA++++ for Oily, Normal & DrySkinType (50g)",plum-yuzu-alpha-arbutin-weightless-fluid-sunscreen-spf-50-pa-for-oily-normal-dryskintype-50g,https://d2wfc4v12a2zxr.cloudfront.net/resized/medium/products/main_plum-yuzu-alpha-arbutin-weightless-fluid-sunscreen-spf-50-pa-for-oily-normal-dryskint_1777979273.webp,none,3,798,718,True,10% off,False,1,5
14383,SKIN1004 Madagascar Centella Tea-Trica Bha Foam 125ml (2.1),skin1004-madagascar-centella-tea-trica-bha-foam-125ml-21,https://d2wfc4v12a2zxr.cloudfront.net/resized/medium/products/main_skin1004-madagascar-centella-tea-trica-bha-foam-125ml-21_1773120177.webp,none,2,2200,1980,True,10% off,False,1,5
14385,SKIN1004 Madagascar Centella Probio-Cica Intensive Ampoule 50ml,skin1004-madagascar-centella-probio-cica-intensive-ampoule-50ml,https://d2wfc4v12a2zxr.cloudfront.net/resized/medium/products/main_skin1004-madagascar-centella-probio-cica-intensive-ampoule-50ml_1691320978.webp,none,2,3300,2970,True,10% off,False,1,5
16035,"RENEE Bohemian Zest Body Mist, 150 Ml",renee-bohemian-zest-body-mist-150-ml,https://d2wfc4v12a2zxr.cloudfront.net/resized/medium/products/main_renee-bohemian-zest-body-mist-150-ml_1710050622.webp,none,2,639,639,False,0% off,False,1,5
16485,Pilgrim Squalane Foaming Face Wash,pilgrim-squalane-foaming-face-wash,https://d2wfc4v12a2zxr.cloudfront.net/resized/medium/products/main_pilgrim-squalane-foaming-face-wash_1714886608.webp,size,2,560,515,True,8% off,False,1,5
16625,Bioderma Atoderm Gentle Cleansing Gel 200ml,bioderma-atoderm-gentle-cleansing-gel-200ml,https://d2wfc4v12a2zxr.cloudfront.net/resized/medium/products/main_atoderm-gel-douche-shower-gel-200ml_1715574628.webp,none,2,2369,2251,True,5% off,False,1,5
16627,Bioderma Photoderm Akn Mat Spf 30 40ml,bioderma-photoderm-akn-mat-spf-30-40ml,https://d2wfc4v12a2zxr.cloudfront.net/resized/medium/products/main_photoderm-akn-mat-spf-30-40ml_1715577005.webp,none,2,1960,1862,True,5% off,False,1,5
17671,WishCare 2% Salicylic Acid Face Wash - 100ml,wishcare-2-salicylic-acid-face-wash-100ml,https://d2wfc4v12a2zxr.cloudfront.net/resized/medium/products/main_wishcare-2-salicylic-acid-face-wash-100ml_1726981983.webp,none,2,639,607,True,5% off,False,1,5
17805,Kormesic Lip Protection 4 Pcs Set,kormesic-lip-protection-4-pcs-set,https://d2wfc4v12a2zxr.cloudfront.net/resized/medium/products/main_kormesic-lip-protection-4-pcs-set_1729575223.webp,none,2,800,800,False,0% off,False,1,5
18528,Lord's Deep Moisturizing Cold Cream 100ml,lords-deep-moisturizing-cold-cream-100ml,https://d2wfc4v12a2zxr.cloudfront.net/resized/medium/products/main_lords-deep-moisturising-cold-cream_1743397569.webp,none,2,360,324,True,10% off,False,1,5
19087,Ralycos Hydramide Oily Skin Cleanser enriched with Vitamin B3 and  Pro-vitamin B5  Cleanse | Balance | Refresh,ralycos-hydramide-oily-skin-cleanser-enriched-with-vitamin-b3-and-pro-vitamin-b5-cleanse-balance-refresh,https://d2wfc4v12a2zxr.cloudfront.net/resized/medium/products/main_hydramide-oily-skin-cleanser-enriched-with-vitamin-b3-and-pro-vitamin-b5-cleanse-bala_1760420546.webp,none,2,760,669,True,12% off,False,1,5
19291,Dr. Althea Gentle Vitamin C Serum 30ml,dr-althea-gentle-vitamin-c-serum-30ml,https://d2wfc4v12a2zxr.cloudfront.net/resized/medium/products/main_dr-althea-gentle-vitamin-c-serum-30ml_1764235959.webp,none,2,3000,2850,True,5% off,False,1,5
19433,Homa PLATINUM LABEL CICA All-in one-gel,homa-platinum-label-cica-all-in-one-gel,https://d2wfc4v12a2zxr.cloudfront.net/resized/medium/products/main_homa-platinum-label-cica-all-in-one-gel_1766557622.webp,none,2,2290,2176,True,5% off,False,1,4
19809,Samoira Sunsera Sunscreen (50ml),samoira-sunsera-sunscreen-50ml,https://d2wfc4v12a2zxr.cloudfront.net/resized/medium/products/main_samoira-sunsera-sunscreen-50ml_1773048547.webp,none,2,1199,1199,False,0% off,False,1,5
13809,Peachytonics Moisturize Gotu Kola,peachytonics-moisturize-gotu-kola,https://d2wfc4v12a2zxr.cloudfront.net/resized/medium/products/main_peachytonics-moisturizer-gotu-kola_1688878891.webp,none,1,1600,1600,False,0% off,False,1,2
16039,Himalaya Brightening Vitamin C Strawberry Facewash,himalaya-brightening-vitamin-c-strawberry-facewash,https://d2wfc4v12a2zxr.cloudfront.net/resized/medium/products/main_himalaya-brightening-vitamin-c-strawberry-facewash_1710150102.webp,size,1,352,334,True,5% off,False,1,3
16406,Khadi Organique Spa Kit,khadi-organique-spa-kit,https://d2wfc4v12a2zxr.cloudfront.net/resized/medium/products/main_khadi-organique-spa-kit_1713868409.webp,none,1,2025,2025,False,0% off,False,1,5
16407,Khadi Organique Bath Kit,khadi-organique-bath-kit,https://d2wfc4v12a2zxr.cloudfront.net/resized/medium/products/main_khadi-organique-bath-kit_1713868862.webp,none,1,1875,1875,False,0% off,False,1,5
16428,Khadi Organique Under Eye Cream,khadi-organique-under-eye-cream,https://d2wfc4v12a2zxr.cloudfront.net/resized/medium/products/main_khadi-organique-under-eye-cream_1713933811.webp,none,1,1350,1350,False,0% off,False,1,5
17435,"Prisa Organics Cleansing Milk - Deep Cleanses, Soothes Skin & Even Skin Tone (100 ml)",prisa-organics-cleansing-milk-deep-cleanses-soothes-skin-even-skin-tone-100-ml,https://d2wfc4v12a2zxr.cloudfront.net/resized/medium/products/main_prisa-organics-cleansing-milk-deep-cleanses-soothes-skin-even-skin-tone-100-ml_1723546750.webp,none,1,456,456,False,0% off,False,1,0
6077,EVELINE COSMETICS WHITENING GENTLE MAKE-UP REMOVING LOTION 245ml,eveline-cosmetics-whitening-gentle-make-up-removing-lotion-245ml,https://d2wfc4v12a2zxr.cloudfront.net/resized/medium/products/eveline-cosmetics-whitening-gentle-make-up-removing-lotion_1625404341.webp,none,1,1050,1050,False,0% off,False,1,3
9453,Moonwake Lime N Lemony Body Scrub - Creamy & Soapy with Refreshing Scent For Exfoliating & Energizing,moonwake-lime-n-lemony-body-scrub-creamy-soapy-with-refreshing-scent-for-exfoliating-energizing,https://d2wfc4v12a2zxr.cloudfront.net/resized/medium/products/main_moonwake-lime-n-lemony-body-scrub-creamy-soapy-with-refreshing-scent-for-exfoliating-_1776063042.webp,size,1,950,950,False,0% off,False,1,5
10525,PEACHYTONICS Fruit Drops,peachytonics-fruit-drops,https://d2wfc4v12a2zxr.cloudfront.net/resized/medium/products/peachytonics-fruit-drops_1671615816.webp,none,1,2800,2800,False,0% off,False,1,5
18676,ROUND LAB – 1025 Dokdo Toner – 200ml,round-lab-1025-dokdo-toner-200ml,https://d2wfc4v12a2zxr.cloudfront.net/resized/medium/products/main_round-lab-1025-dokdo-toner-200ml_1748517038.webp,none,1,3200,3200,False,0% off,False,1,3
19082,Ralycos Hydramide HA 1% + Ceramide moisturiser with benefit of Panthenol  Hydrate | Nourish | Protect,ralycos-hydramide-ha-1-ceramide-moisturiser-with-benefit-of-panthenol-hydrate-nourish-protect,https://d2wfc4v12a2zxr.cloudfront.net/resized/medium/products/main_hydramide-ha-1-ceramide-moisturiser-with-benefit-of-panthenol-hydrate-nourish-protect_1760420714.webp,none,1,800,704,True,12% off,False,1,3
19889,Medicube Collagen Lifting Mask for all skin type (2.1),medicube-collagen-lifting-mask-for-all-skin-type-21,https://d2wfc4v12a2zxr.cloudfront.net/resized/medium/products/main_medicube-collagen-lifting-mask-for-all-skin-type-21_1774331132.webp,none,1,390,332,True,15% off,False,1,5
16805,Himalaya Dark Spot Clearing Turmeric Face Serum,himalaya-dark-spot-clearing-turmeric-face-serum,https://d2wfc4v12a2zxr.cloudfront.net/resized/medium/products/main_himalaya-dark-spot-clearing-turmeric-face-serum-30ml_1716871699.webp,size,6,799,759,True,5% off,False,1,5
13336,Regen Daily Face and Neck Serum 50ml Anti Ageing Skin Rejuvenation firming,regen-daily-face-and-neck-serum-50ml-anti-ageing-skin-rejuvenation-firming,https://d2wfc4v12a2zxr.cloudfront.net/resized/medium/products/main_regen-serum-50ml_1686049514.webp,none,2,1300,1300,False,0% off,False,0,0
19027,Foxtale Brightening Body Lotion SPF 30 With Niacinamide & Vitamin C | 200ML,foxtale-brightening-body-lotion-spf-30-with-niacinamide-vitamin-c-200ml,https://d2wfc4v12a2zxr.cloudfront.net/resized/medium/products/main_foxtale-brightening-body-lotion-spf-30-with-niacinamide-vitamin-c-200ml_1776684298.webp,none,47,798,758,True,5% off,False,0,0
19612,Foxtale Oil & Acne Control Face Wash 100ml,foxtale-oil-acne-control-face-wash-100ml,https://d2wfc4v12a2zxr.cloudfront.net/resized/medium/products/main_foxtale-oil-acne-control-face-wash-100ml_1772099199.webp,none,37,398,378,True,5% off,False,0,0
19610,Foxtale Let It Glow Super Glow Face Wash - 100ml,foxtale-let-it-glow-super-glow-face-wash-100ml,https://d2wfc4v12a2zxr.cloudfront.net/resized/medium/products/main_foxtale-let-it-glow-super-glow-face-wash-100ml_1772098269.webp,none,36,399,379,True,5% off,False,0,0
18466,"Foxtale In The Limelight Super Glow Moisturizer, 50ml",foxtale-in-the-limelight-super-glow-moisturizer-50ml,https://d2wfc4v12a2zxr.cloudfront.net/resized/medium/products/main_foxtale-in-the-limelight-super-glow-moisturizer-50ml_1772096724.webp,none,33,712,676,True,5% off,False,0,0
16984,JM solution Water Luminous S.O.S Ringer Intensive Mask Sep-26 (Per sheet),jm-solution-water-luminous-sos-ringer-intensive-mask-sep-26-per-sheet,https://d2wfc4v12a2zxr.cloudfront.net/resized/medium/products/main_jm-solution-water-luinous-sos-ringer-intensive-mask_1717740669.webp,none,28,299,269,True,10% off,False,0,0
19597,POND'S Pure Detox Face Wash 100 g,ponds-pure-detox-face-wash-100-g,https://d2wfc4v12a2zxr.cloudfront.net/resized/medium/products/main_ponds-pure-detox-face-wash-100-g_1770026984.webp,none,27,255,237,True,7% off,False,0,0
19608,Foxtale Brightening Lip Balm with SPF 30 for Dark Lips with Peptides & Vitamin C (12g) (Pink Glaze),foxtale-brightening-lip-balm-with-spf-30-for-dark-lips-with-peptides-vitamin-c-12g-pink-glaze,https://d2wfc4v12a2zxr.cloudfront.net/resized/medium/products/main_foxtale-brightening-lip-balm-with-spf-30-for-dark-lips-with-peptides-vitamin-c-12g_1770116754.webp,none,27,440,418,True,5% off,False,0,0
19611,Foxtale 12% Niacinamide + Azelaic Acid Clarifying serum - 30ml,foxtale-12-niacinamide-azelaic-acid-clarifying-serum-30ml,https://d2wfc4v12a2zxr.cloudfront.net/resized/medium/products/main_foxtale-12-niacinamide-azelaic-acid-clarifying-serum-30ml_1772097940.webp,none,27,1032,980,True,5% off,False,0,0
19426,UV Doux Face Moisturizer for All Skin Types -100gm,uv-doux-face-moisturizer-for-all-skin-types-100gm,https://d2wfc4v12a2zxr.cloudfront.net/resized/medium/products/main_uv-doux-face-moisturizer-for-all-skin-types-100gm_1777355029.webp,none,26,680,646,True,5% off,False,0,0
19844,Pax Moly Real Coenzyme Q10 Mask - 25ml (2.1),pax-moly-real-coenzyme-q10-mask-25ml-21,https://d2wfc4v12a2zxr.cloudfront.net/resized/medium/products/main_pax-moly-real-coenzyme-q10-mask-25ml-21_1773125670.webp,none,25,100,70,True,30% off,False,0,0
18422,Re'equil Radiance Boosting Face Toner for Pigmentation and Dark Spots Removal 100 ml,reequil-radiance-boosting-face-toner-for-pigmentation-and-dark-spots-removal-100-ml,https://d2wfc4v12a2zxr.cloudfront.net/resized/medium/products/main_reequil-radiance-boosting-face-toner-for-pigmentation-and-dark-spots-removal-100-ml_1741756289.webp,none,24,792,752,True,5% off,False,0,0
18341,Well Well  Sulphate Free Gentle Face Wash 120ml,well-well-sulphate-free-gentle-face-wash-120ml,https://d2wfc4v12a2zxr.cloudfront.net/resized/medium/products/main_well-well-sulphate-free-gentle-face-wash-120ml_1739334858.webp,none,23,719,719,False,0% off,False,0,0
18448,Foxtale 0.15% Retinol Night Serum for Anti-Ageing,foxtale-015-retinol-night-serum-for-anti-ageing,https://d2wfc4v12a2zxr.cloudfront.net/resized/medium/products/main_foxtale-015-retinol-night-serum-for-anti-ageing_1742530872.webp,none,23,958,910,True,5% off,False,0,0
19845,Pax Moly Real Lavender Mask Pack - 25ml (2.1),pax-moly-real-lavender-mask-pack-25ml-21,https://d2wfc4v12a2zxr.cloudfront.net/resized/medium/products/main_pax-moly-real-lavender-mask-pack-25ml-21_1773125587.webp,none,23,100,70,True,30% off,False,0,0
19530,Scar Z Specialized Solution For Scar 12g,scar-z-specialized-solution-for-scar-12g,https://d2wfc4v12a2zxr.cloudfront.net/resized/medium/products/main_scar-z-specialized-solution-for-scar-12g_1768559550.webp,none,22,675,675,False,0% off,False,0,0
19057,Acnes Whitening Facial Cleanser - 100gm,acnes-whitening-facial-cleanser-100gm,https://d2wfc4v12a2zxr.cloudfront.net/resized/medium/products/main_acnes-whitening-facial-cleanser-100gm_1768822939.webp,none,20,425,425,False,0% off,False,0,0
18482,Re'equil Skin Clarifying Serum (1% BHA Peptide Serum),reequil-skin-clarifying-serum-1-bha-peptide-serum,https://d2wfc4v12a2zxr.cloudfront.net/resized/medium/products/main_reequil-skin-clarifying-serum-1-bha-peptide-serum_1763350341.webp,none,18,792,752,True,5% off,False,0,0
19280,medicube Triple Collagen Serum 55ml,medicube-triple-collagen-serum-55ml,https://d2wfc4v12a2zxr.cloudfront.net/resized/medium/products/main_medicube-triple-collagen-serum-55ml_1764155577.webp,none,18,4500,3825,True,15% off,False,0,0
19284,I'm From Rice Serum 30ml,im-from-rice-serum-30ml,https://d2wfc4v12a2zxr.cloudfront.net/resized/medium/products/main_im-from-rice-serum-30ml_1764172305.webp,none,18,3700,3330,True,10% off,False,0,0
19283,I'm From Rice Cream 50g,im-from-rice-cream-50g,https://d2wfc4v12a2zxr.cloudfront.net/resized/medium/products/main_im-from-rice-cream-50g_1764171878.webp,none,17,3700,3330,True,10% off,False,0,0
14369,SKIN1004 Madagascar Centella Quick Calming Pad 70 Pads (130ml),skin1004-madagascar-centella-quick-calming-pad-70-pads-130ml,https://d2wfc4v12a2zxr.cloudfront.net/resized/medium/products/main_skin1004-madagascar-centella-quick-calming-pad-70-pads-130ml_1691310046.webp,none,16,3100,2480,True,20% off,False,0,0
19477,Dr. sheth's Ceramide & Vitamin C Sunscreen - 80gm,dr-sheths-ceramide-vitamin-c-sunscreen-80gm,https://d2wfc4v12a2zxr.cloudfront.net/resized/medium/products/main_dr-sheths-ceramide-vitamin-c-sunscreen-80gm_1767756955.webp,none,16,1119,1029,True,8% off,False,0,0
19849,UV Doux Sensi Fluid Sunscreen SPF 50 PA++++ 50g,uv-doux-sensi-fluid-sunscreen-spf-50-pa-50g,https://d2wfc4v12a2zxr.cloudfront.net/resized/medium/products/main_uv-doux-sensi-fluid-sunscreen-spf-50-pa-50g_1773305144.webp,none,16,1904,1809,True,5% off,False,0,0
18130,SunScoop Ultra Matte Dry Touch Sunscreen SPF 50 PA+++,sunscoop-ultra-matte-dry-touch-sunscreen-spf-50-pa,https://d2wfc4v12a2zxr.cloudfront.net/resized/medium/products/main_sunscoop-ultra-matte-dry-touch-sunscreen-spf-50-pa_1736418314.webp,none,15,1118,1118,False,0% off,False,0,0
19514,Re'equil Skin Clarifying Serum (1% BHA Peptide Serum)(Clearance),reequil-skin-clarifying-serum-1-bha-peptide-serumclearance,https://d2wfc4v12a2zxr.cloudfront.net/resized/medium/products/main_reequil-skin-clarifying-serum-1-bha-peptide-serumclearance_1768540745.webp,none,15,792,697,True,12% off,False,0,0
17394,JM solution Water Luminous S.O.S Ringer Mask Premium 1 sheet Aug-26,jm-solution-water-luminous-sos-ringer-mask-premium-1-sheet-aug-26,https://d2wfc4v12a2zxr.cloudfront.net/resized/medium/products/main_jm-solution-water-luminous-sos-ringer-mask-premium-1-sheet-single-sheet_1723443807.webp,none,14,299,150,True,50% off,False,0,0
19309,KSECRET SEOUL 1988 Essence : Snail Mucin 97% + Rice 100ML,ksecret-seoul-1988-essence-snail-mucin-97-rice-100ml,https://d2wfc4v12a2zxr.cloudfront.net/resized/medium/products/main_k-secret-seoul-1988-essence-snail-mucin-97-rice-100ml-21_1773051611.webp,none,14,3000,2550,True,15% off,False,0,0
19318,Pilgrim French Red Vine Supermelt Cleansing Balm 75gm,pilgrim-french-red-vine-supermelt-cleansing-balm-75gm,https://d2wfc4v12a2zxr.cloudfront.net/resized/medium/products/main_pilgrim-french-red-vine-supermelt-cleansing-balm-75gm_1764745414.webp,none,14,840,773,True,8% off,False,0,0
19606,Minimalist Granactive Retinoid 2% Face Cream,minimalist-granactive-retinoid-2-face-cream,https://d2wfc4v12a2zxr.cloudfront.net/resized/medium/products/main_minimalist-granactive-retinoid-2-face-cream_1770111897.webp,none,14,1119,1063,True,5% off,False,0,0
18826,Anua Rice Ceramide 7 Hydrating Barrier Serum 50ml (2.1),anua-rice-ceramide-7-hydrating-barrier-serum-50ml-21,https://d2wfc4v12a2zxr.cloudfront.net/resized/medium/products/main_rice-ceramide-7-hydrating-barrier-serum-50ml-ob_1773049967.webp,none,13,3600,3240,True,10% off,False,0,0
13790,JM solution Honey Luminous Royal Propolis Mask (Per sheet) Oct-25,jm-solution-honey-luminous-royal-propolis-mask-per-sheet-oct-25,https://d2wfc4v12a2zxr.cloudfront.net/resized/medium/products/main_jm-solution-water-luminous-golden-cocoon-mask-plus_1688710276.webp,none,12,299,150,True,50% off,False,0,0
18951,"Girls Select Makeup Eraser for Effortless Removal, Just Water Needed – Even Waterproof Makeup, Gentle on Skin",girls-select-makeup-eraser-for-effortless-removal-just-water-needed-even-waterproof-makeup-gentle-on-skin,https://d2wfc4v12a2zxr.cloudfront.net/resized/medium/products/main_girls-select-makeup-eraser-for-effortless-removal-just-water-needed-even-waterproof-m_1755749389.webp,none,12,999,899,True,10% off,False,0,0
19256,Himalaya Hydrating Aloe Vera Face Wash 100ml,himalaya-hydrating-aloe-vera-face-wash-100ml,https://d2wfc4v12a2zxr.cloudfront.net/resized/medium/products/main_himalaya-hydrating-aloe-vera-face-wash-100ml_1775465359.webp,none,12,302,287,True,5% off,False,0,0
19843,Pax Moly Real Vitamin B5 Sheet Mask Pack - 25 Ml (2.1),pax-moly-real-vitamin-b5-sheet-mask-pack-25-ml-21,https://d2wfc4v12a2zxr.cloudfront.net/resized/medium/products/main_pax-moly-real-vitamin-b5-sheet-mask-pack-25-ml-21_1773124718.webp,none,12,100,70,True,30% off,False,0,0
19850,UV Doux Aqua Fluid Sunscreen SPF 50 PA++++ 50g,uv-doux-aqua-fluid-sunscreen-spf-50-pa-50g,https://d2wfc4v12a2zxr.cloudfront.net/resized/medium/products/main_uv-doux-aqua-fluid-sunscreen-spf-50-pa-50g_1773304877.webp,none,12,1744,1657,True,5% off,False,0,0
20107,Cosrx Advanced Snail Radiance Dual Essence,cosrx-advanced-snail-radiance-dual-essence,https://d2wfc4v12a2zxr.cloudfront.net/resized/medium/products/main_cosrx-advanced-snail-radiance-dual-essence_1778222670.webp,none,12,4000,3600,True,10% off,False,0,0
16983,JM solution Water Luminous Nmn Mask Premium 5 Sheet per sheet Sep-26,jm-solution-water-luminous-nmn-mask-premium-5-sheet-per-sheet-sep-26,https://d2wfc4v12a2zxr.cloudfront.net/resized/medium/products/main_jm-solution-water-luminous-nmn-mask-premium-5-sheet_1717740129.webp,none,11,299,150,True,50% off,False,0,0
19851,UV Doux OC Moisturizer 50 g,uv-doux-oc-moisturizer-50-g,https://d2wfc4v12a2zxr.cloudfront.net/resized/medium/products/main_uv-doux-oc-moisturizer-50-g_1777355242.webp,none,11,639,607,True,5% off,False,0,0
19854,"Plum Niac ‘N’ Bright Trio Kit | with Niacinamide Face Wash (15 ml), Niacinamide Gel Cream (15 gm) & Niacinamide Sunscreen (15 gm) Combo of 3",plum-niac-n-bright-trio-kit-with-niacinamide-face-wash-15-ml-niacinamide-gel-cream-15-gm-niacinamide-sunscreen-15-gm-combo-of-3,https://d2wfc4v12a2zxr.cloudfront.net/resized/medium/products/main_plum-niac-n-bright-trio-kit-with-niacinamide-face-wash-15-ml-niacinamide-gel-cream-15_1773401786.webp,none,11,638,574,True,10% off,False,0,0
19954,Medicube Kojic Acid Turmeric Overnight Wrapping Peel Off Mask 75ml,medicube-kojic-acid-turmeric-overnight-wrapping-peel-off-mask-75ml,https://d2wfc4v12a2zxr.cloudfront.net/resized/medium/products/main_medicube-kojic-acid-turmeric-overnight-wrapping-peel-off-mask-75ml_1774592068.webp,none,11,3900,3315,True,15% off,False,0,0
20250,Plum BodyLovin' Banoffee For Brekkie Glassic Lip Balm | 10 gm,plum-bodylovin-banoffee-for-brekkie-glassic-lip-balm-10-gm,https://d2wfc4v12a2zxr.cloudfront.net/resized/medium/products/main_plum-bodylovin-banoffee-for-brekkie-glassic-lip-balm-10-gm_1780311211.webp,none,11,638,574,True,10% off,False,0,0
18675,ROUND LAB Birch Juice Moisturizing Sun Cushion SPF 50+ PA++++ 15g,round-lab-birch-juice-moisturizing-sun-cushion-spf-50-pa-15g,https://d2wfc4v12a2zxr.cloudfront.net/resized/medium/products/main_round-lab-birch-juice-moisturizing-sun-cushion-spf-50-pa-15g_1748516755.webp,none,10,3000,3000,False,0% off,False,0,0
18778,SunScoop Ceramides & Rice Water Gel Sunscreen | SPF 50+ PA++++ |45g,sunscoop-ceramides-rice-water-gel-sunscreen-spf-50-pa-45g,https://d2wfc4v12a2zxr.cloudfront.net/resized/medium/products/main_sunscoop-ceramides-rice-water-gel-sunscreen-spf-50-pa_1750750087.webp,none,10,719,719,False,0% off,False,0,0
19307,KSECRET SEOUL 1988 CAPSULE CREAM : NIACINAMIDE 5% + YUJA,ksecret-seoul-1988-capsule-cream-niacinamide-5-yuja,https://d2wfc4v12a2zxr.cloudfront.net/resized/medium/products/main_ksecret-seoul-1988-capsule-cream-niacinamide-5-yuja_1764302563.webp,none,10,3300,2805,True,15% off,False,0,0
19719,Ralycos Eyecos Creamy Gel 15g,ralycos-eyecos-creamy-gel-15g,https://d2wfc4v12a2zxr.cloudfront.net/resized/medium/products/main_ralycos-eyecos-creamy-gel_1771237729.webp,none,10,2500,2500,False,0% off,False,0,0
19720,Ralycos Ceemocee Serum 30ml,ralycos-ceemocee-serum-30ml,https://d2wfc4v12a2zxr.cloudfront.net/resized/medium/products/main_ralycos-ceemocee-serum-30ml_1771238051.webp,none,10,3900,3900,False,0% off,False,0,0
20171,POND'S Hydra Miracle Gentle Gel Face Wash 100g,ponds-hydra-miracle-gentle-gel-face-wash-100g,https://d2wfc4v12a2zxr.cloudfront.net/resized/medium/products/main_ponds-hydra-miracle-gentle-gel-face-wash-100g_1779259681.webp,none,10,390,363,True,7% off,False,0,0
17811,Derma Co. 5% Propylene Oil Free Moisturizer - 100gm,derma-co-5-propylene-oil-free-moisturizer-100gm,https://d2wfc4v12a2zxr.cloudfront.net/resized/medium/products/main_derma-co-5-propylene-oil-free-moisturizer-100gm_1729759253.webp,none,9,527,485,True,8% off,False,0,0
18025,SECRET ISLAND Amino Fact Cream 100gm,secret-island-amino-fact-cream-100gm,https://d2wfc4v12a2zxr.cloudfront.net/resized/medium/products/main_secret-island-amino-fact-cream-100gm_1735892479.webp,none,9,990,990,False,0% off,False,0,0
18028,SECRET ISLAND Anti-aging Serum 18ml,secret-island-anti-aging-serum-18ml,https://d2wfc4v12a2zxr.cloudfront.net/resized/medium/products/main_secret-island-anti-aging-serum-18ml_1735893028.webp,none,9,1200,1200,False,0% off,False,0,0
19716,Ralycos Hydramide Moisturizing Lotion,ralycos-hydramide-moisturizing-lotion,https://d2wfc4v12a2zxr.cloudfront.net/resized/medium/products/main_ralycos-hydramide-moisturizing-lotion_1771236487.webp,none,9,850,748,True,12% off,False,0,0
19965,Himalaya Hydrating Aloe Vera Face Wash 200ml,himalaya-hydrating-aloe-vera-face-wash-200ml,https://d2wfc4v12a2zxr.cloudfront.net/resized/medium/products/main_himalaya-hydrating-aloe-vera-face-wash-200ml_1775114107.webp,none,9,718,682,True,5% off,False,0,0
19972,"Star Struck Hydrating Lip Oil with Vitamin-C – Glossy, Nourishing",star-struck-hydrating-lip-oil-with-vitamin-c-glossy-nourishing,https://d2wfc4v12a2zxr.cloudfront.net/resized/medium/products/main_star-struck-lip-oil_1775125876.webp,none,9,958,891,True,7% off,False,0,0
20170,VASELINE Cloud Soft Light Moisturiser| with Ceramides & Hyaluron Fillers| Non-Sticky | 100 ml,vaseline-cloud-soft-light-moisturiser-with-ceramides-hyaluron-fillers-non-sticky-100-ml,https://d2wfc4v12a2zxr.cloudfront.net/resized/medium/products/main_vaseline-cloud-soft-light-moisturiser-with-ceramides-hyaluron-fillers-non-sticky-100-_1779258639.webp,none,9,350,326,True,7% off,False,0,0
5723,Pax Moly Real Super Aqua Mask Pack (2.1),pax-moly-real-super-aqua-mask-pack-21,https://d2wfc4v12a2zxr.cloudfront.net/resized/medium/products/pax-moly-real-super-aqua-mask-pack_1621923903.webp,none,8,100,70,True,30% off,False,0,0
19384,S-select Aqua Mild Uv Cut Gel-70g,s-select-aqua-mild-uv-cut-gel-70g,https://d2wfc4v12a2zxr.cloudfront.net/resized/medium/products/main_s-select-aqua-mild-uv-cut-gel-70g_1766052638.webp,none,8,3150,2993,True,5% off,False,0,0
19836,K- SECRET SEOUL 1988 Essence : Snail Mucin 97% + Rice 100ML (2.1),k-secret-seoul-1988-essence-snail-mucin-97-rice-100ml-21,https://d2wfc4v12a2zxr.cloudfront.net/resized/medium/products/main_k-secret-seoul-1988-essence-snail-mucin-97-rice-100ml-21_1773052004.webp,none,8,2990,2691,True,10% off,False,0,0
20494,"UV Doux D-Tan Aqua Sunscreen Lotion with SPF 50, PA ++++ 50ml",uv-doux-d-tan-aqua-sunscreen-lotion-with-spf-50-pa-50ml,https://d2wfc4v12a2zxr.cloudfront.net/resized/medium/products/main_uv-doux-d-tan-aqua-sunscreen-lotion-with-spf-50-pa-50ml_1781692112.webp,none,8,1000,950,True,5% off,False,0,0
18672,Acmist Acne Foam Face Wash 100ml,acmist-acne-foam-face-wash-100ml,https://d2wfc4v12a2zxr.cloudfront.net/resized/medium/products/main_brinton-acmist-acne-foam-face-wash-100ml_1748434500.webp,none,7,784,721,True,8% off,False,0,0
18685,Hada Labo Advanced Nourish Hyaluronic Acid Serum For Plump and Firm Skin 30ml (Dermatologically Tested),hada-labo-advanced-nourish-hyaluronic-acid-serum-for-plump-and-firm-skin-30ml-dermatologically-tested,https://d2wfc4v12a2zxr.cloudfront.net/resized/medium/products/main_hada-labo-advanced-nourish-hyaluronic-acid-serum-for-plump-and-firm-skin-30ml-dermato_1768905013.webp,none,7,1990,1990,False,0% off,False,0,0
18796,CeraVe Hydrating Mineral Sunscreen SPF 50 Face 75ml,cerave-hydrating-mineral-sunscreen-spf-50-face-75ml,https://d2wfc4v12a2zxr.cloudfront.net/resized/medium/products/main_cerave-hydrating-mineral-sunscreen-spf-50-face-75ml_1751787053.webp,none,7,3750,3563,True,5% off,False,0,0
19532,Melano CC Vitamin C Essence For Enhanced Skin 20ml,melano-cc-vitamin-c-essence-for-enhanced-skin-20ml,https://d2wfc4v12a2zxr.cloudfront.net/resized/medium/products/main_melano-cc-vitamin-c-essence-for-enhanced-skin-20ml_1768822508.webp,none,7,1850,1850,False,0% off,False,0,0
19717,Ralycos Hydramide Sunscreen Lotion SPF 80 ++++,ralycos-hydramide-sunscreen-lotion-spf-80,https://d2wfc4v12a2zxr.cloudfront.net/resized/medium/products/main_ralycos-hydramide-sunscreen-lotion-spf-80_1771236789.webp,none,7,1300,1144,True,12% off,False,0,0
18015,Chemist At Play Glycolic Acid Face Toner for Gentle Exfoliation & Skin Hydration- 150ml,chemist-at-play-glycolic-acid-face-toner-for-gentle-exfoliation-skin-hydration-150ml,https://d2wfc4v12a2zxr.cloudfront.net/resized/medium/products/main_chemist-at-play-glycolic-acid-face-toner-for-gentle-exfoliation-skin-hydration-150ml_1735454491.webp,none,6,719,669,True,7% off,False,0,0
18024,SECRET ISLAND Vitamin C Bright Up Emulsion 100ml,secret-island-vitamin-c-bright-up-emulsion-100ml,https://d2wfc4v12a2zxr.cloudfront.net/resized/medium/products/main_secret-island-vitamin-c-bright-up-emulsion-100ml_1735892290.webp,none,6,790,790,False,0% off,False,0,0
18521,Lord's 24 Karat Gold Face Wash 100gm,lords-24-karat-gold-face-wash-100gm,https://d2wfc4v12a2zxr.cloudfront.net/resized/medium/products/main_lords-24-karat-gold-face-wash-100gm_1743393736.webp,none,6,560,504,True,10% off,False,0,0
18523,Lord's Cleano Anti Acne Face wash,lords-cleano-anti-acne-face-wash,https://d2wfc4v12a2zxr.cloudfront.net/resized/medium/products/main_lords-cleano-anti-acne-face-wash_1778669099.webp,size,6,256,230,True,10% off,False,0,0
18678,TOCOBO Cica Calming Sun Serum SPF50 PA++++ 50 ml,tocobo-cica-calming-sun-serum-spf50-pa-50-ml,https://d2wfc4v12a2zxr.cloudfront.net/resized/medium/products/main_tocobo-cica-calming-sun-serum-spf50-pa-50-ml_1748518965.webp,none,6,2800,2296,True,18% off,False,0,0
18830,Anua Heartleaf 70 Soothing Cream 100ml,anua-heartleaf-70-soothing-cream-100ml,https://d2wfc4v12a2zxr.cloudfront.net/resized/medium/products/main_anua-heartleaf-70-soothing-cream-100ml_1753167844.webp,none,6,4500,4050,True,10% off,False,0,0
18983,Lakme Dew Drama Facewash with Pro-Ceramides & 6% Vitamin E + B3 + F Complex for Glowing Skin - 100gm,lakme-dew-drama-facewash-with-pro-ceramides-6-vitamin-e-b3-f-complex-for-glowing-skin-100gm,https://d2wfc4v12a2zxr.cloudfront.net/resized/medium/products/main_lakme-dew-drama-facewash-with-pro-ceramides-6-vitamin-e-b3-f-complex-for-glowing-skin_1756876785.webp,size,6,389,350,True,10% off,False,0,0
19186,Simple Soothing Water Crème 40g,simple-soothing-water-creme-40g,https://d2wfc4v12a2zxr.cloudfront.net/resized/medium/products/main_simple-soothing-water-creme-40g_1761909272.webp,none,6,878,790,True,10% off,False,0,0
19286,"PURITO Deep Sea Cream, Hydration, Lightweight, for All Skin Types, Daily Face Moisturizer, Vegan & Cruelty-Free, Korean Skin Care, 50ml",purito-deep-sea-cream-hydration-lightweight-for-all-skin-types-daily-face-moisturizer-vegan-cruelty-free-korean-skin-care-50ml,https://d2wfc4v12a2zxr.cloudfront.net/resized/medium/products/main_purito-deep-sea-cream-hydration-lightweight-for-all-skin-types-daily-face-moisturizer_1764216694.webp,none,6,2800,2660,True,5% off,False,0,0
19310,KSECRET SEOUL 1988 Cream : Snail Mucin 93% + Rice,ksecret-seoul-1988-cream-snail-mucin-93-rice,https://d2wfc4v12a2zxr.cloudfront.net/resized/medium/products/main_ksecret-seoul-1988-cream-snail-mucin-93-rice_1764303388.webp,none,6,3000,2550,True,15% off,False,0,0
19325,Ralycos Hydramide Hyaluronic acid 2% serum  Hydrate | Plump | Restore,ralycos-hydramide-hyaluronic-acid-2-serum-hydrate-plump-restore,https://d2wfc4v12a2zxr.cloudfront.net/resized/medium/products/main_ralycos-hydramide-hyaluronic-acid-2-serum-hydrate-plump-restore_1771313012.webp,none,6,1200,1056,True,12% off,False,0,0
19371,Mamaearth Vitamin C Daily Glow Face Pack 200 G,mamaearth-vitamin-c-daily-glow-face-pack-200-g,https://d2wfc4v12a2zxr.cloudfront.net/resized/medium/products/main_mamaearth-vitamin-c-daily-glow-face-pack-200-g_1765965202.webp,none,6,799,735,True,8% off,False,0,0
19478,Dr. sheth's Haldi & Hyaluronic Acid Sunscreen - 50gm,dr-sheths-haldi-hyaluronic-acid-sunscreen-50gm,https://d2wfc4v12a2zxr.cloudfront.net/resized/medium/products/main_dr-sheths-haldi-hyaluronic-acid-sunscreen-50gm_1767757157.webp,none,6,799,735,True,8% off,False,0,0
19515,Re'equil Pore Refining 5% Niacinamide Serum 25ml (Clearance),reequil-pore-refining-5-niacinamide-serum-25ml-clearance,https://d2wfc4v12a2zxr.cloudfront.net/resized/medium/products/main_reequil-pore-refining-5-niacinamide-serum-25ml-clearance_1768541053.webp,none,6,712,627,True,12% off,False,0,0
19973,Star Struck Hydrating Lip Plumper Gloss – with Vitamin-E & nourishing oils,star-struck-hydrating-lip-plumper-gloss-with-vitamin-e-nourishing-oils,https://d2wfc4v12a2zxr.cloudfront.net/resized/medium/products/main_star-struck-hydrating-lip-plumper-gloss-with-vitamin-e-nourishing-oils_1775126319.webp,none,6,1118,1040,True,7% off,False,0,0
20441,LAKME SUN EXPERT DRY MATTE FLUID SPF 50++++ SUNSCREEN 50ML,lakme-sun-expert-dry-matte-fluid-spf-50-sunscreen-50ml,https://d2wfc4v12a2zxr.cloudfront.net/resized/medium/products/main_lakme-sun-expert-dry-matte-fluid-spf-50-sunscreen-50ml_1781435531.webp,none,6,799,719,True,10% off,False,0,0
17590,Pilgrim Illuminating Moisturizer Cream For Face | For Instant Rosy Glow & Spf 15 - 30ml,pilgrim-illuminating-moisturizer-cream-for-face-for-instant-rosy-glow-spf-15-30ml,https://d2wfc4v12a2zxr.cloudfront.net/resized/medium/products/main_pilgrim-illuminating-moisturizer-cream-for-face-for-instant-rosy-glow-spf-15-30ml_1725945310.webp,none,5,712,655,True,8% off,False,0,0
18369,"DOUX Daily Ultra Moisturizer Soap Bar with pH 5.5, 75g",doux-daily-ultra-moisturizer-soap-bar-with-ph-55-75g,https://d2wfc4v12a2zxr.cloudfront.net/resized/medium/products/main_doux-daily-ultra-moisturizer-soap-bar-with-ph-55-75g_1740029855.webp,none,5,260,247,True,5% off,False,0,0
18441,The Derma Co 15% Vitamin C Serum Intense Brightening Ampoule Kit,the-derma-co-15-vitamin-c-serum-intense-brightening-ampoule-kit,https://d2wfc4v12a2zxr.cloudfront.net/resized/medium/products/main_the-derma-co-15-vitamin-c-serum-intense-brightening-ampoule-kit_1742459540.webp,none,5,2239,2060,True,8% off,False,0,0
18563,Lord's Centella Age- Defying Day Cream 100g,lords-centella-age-defying-day-cream-100g,https://d2wfc4v12a2zxr.cloudfront.net/resized/medium/products/main_lords-centella-age-defying-day-cream-100g_1743587924.webp,none,5,1520,1368,True,10% off,False,0,0
18687,SECRET ISLAND AHA BHA PHA Peeling Gel With Honey 100G,secret-island-aha-bha-pha-peeling-gel-with-honey-100g,https://d2wfc4v12a2zxr.cloudfront.net/resized/medium/products/main_secret-island-aha-bha-pha-peeling-gel-with-honey-100g_1749030058.webp,none,5,550,550,False,0% off,False,0,0
18833,ANUA 3 Ceramide Panthenol Moisture Barrier Cream 100ml (2.1),anua-3-ceramide-panthenol-moisture-barrier-cream-100ml-21,https://d2wfc4v12a2zxr.cloudfront.net/resized/medium/products/main_anua-3-ceramide-panthenol-moisture-barrier-cream-100ml-21_1773051196.webp,none,5,3300,2970,True,10% off,False,0,0
18981,Chemist At Play Lip Balm for Chapped & Pigmented Lips | SPF 50 PA++++ & Kojic Acid,chemist-at-play-lip-balm-for-chapped-pigmented-lips-spf-50-pa-kojic-acid,https://d2wfc4v12a2zxr.cloudfront.net/resized/medium/products/main_chemist-at-play-lip-balm-for-chapped-pigmented-lips-spf-50-pa-kojic-acid_1756637549.webp,image,5,478,445,True,7% off,False,0,0
19265,Lakme Vitamin C Brilliance Facewash - 100g,lakme-vitamin-c-brilliance-facewash-100g,https://d2wfc4v12a2zxr.cloudfront.net/resized/medium/products/main_lakme-vitamin-c-brilliance-facewash-100g_1763373134.webp,none,5,430,387,True,10% off,False,0,0
19279,"Medicube Pdrn Pink Collagen Capsule Cream, 55gm",medicube-pdrn-pink-collagen-capsule-cream-55gm,https://d2wfc4v12a2zxr.cloudfront.net/resized/medium/products/main_medicube-pdrn-pink-collagen-capsule-cream-55gm_1764155321.webp,none,5,3600,3060,True,15% off,False,0,0
19287,Skin1OO4 Centella Probio-Cica Glow Sun Ampoule 50ml,skin1oo4-centella-probio-cica-glow-sun-ampoule-50ml,https://d2wfc4v12a2zxr.cloudfront.net/resized/medium/products/main_skin1oo4-centella-probio-cica-glow-sun-ampoule-50ml_1764216932.webp,none,5,3000,2700,True,10% off,False,0,0
19516,"Hada Labo Perfect Tranexamic Acid Lotion For Dark Spots, Uneven Skin Tone & Dullness 170ml (Dermatologically Tested)",hada-labo-perfect-tranexamic-acid-lotion-for-dark-spots-uneven-skin-tone-dullness-170ml-dermatologically-tested,https://d2wfc4v12a2zxr.cloudfront.net/resized/medium/products/main_hada-labo-perfect-tranexamic-acid-lotion-for-dark-spots-uneven-skin-tone-dullness-170_1768884703.webp,none,5,1390,1390,False,0% off,False,0,0
19535,Sunplay Skin Aqua Moisturizing Serum with Sun Protection for Hydration and Defense SPF 27 PA++ 150g,sunplay-skin-aqua-moisturizing-serum-with-sun-protection-for-hydration-and-defense-spf-27-pa-150g,https://d2wfc4v12a2zxr.cloudfront.net/resized/medium/products/main_sunplay-skin-aqua-moisturizing-serum-with-sun-protection-for-hydration-and-defense-sp_1768818675.webp,none,5,825,825,False,0% off,False,0,0
19555,Chemist At Play Acne Control Serum 2% Salicylic Acid Serum with Lactic Acid for Face - 30 ml (Bb) (02/25),chemist-at-play-acne-control-serum-2-salicylic-acid-serum-with-lactic-acid-for-face-30-ml-bb-0225,https://d2wfc4v12a2zxr.cloudfront.net/resized/medium/products/main_chemist-at-play-acne-control-serum-2-salicylic-acid-serum-with-lactic-acid-for-face-3_1769057144.webp,none,5,959,892,True,7% off,False,0,0
20053,Acnes Mild Cleanser 100gm,acnes-mild-cleanser-100gm,https://d2wfc4v12a2zxr.cloudfront.net/resized/medium/products/main_acnes-mild-cleanser-100gm_1775713529.webp,none,5,475,475,False,0% off,False,0,0
14364,SKIN1004 Madagascar Centella Toning Toner 210ml,skin1004-madagascar-centella-toning-toner-210ml,https://d2wfc4v12a2zxr.cloudfront.net/resized/medium/products/main_skin1004-madagascar-centella-toning-toner-210ml_1691308455.webp,none,4,2675,2408,True,10% off,False,0,0
14384,SKIN1004 Madagascar Centella Probio-Cica Essence Toner 210ml,skin1004-madagascar-centella-probio-cica-essence-toner-210ml,https://d2wfc4v12a2zxr.cloudfront.net/resized/medium/products/main_skin1004-madagascar-centella-probio-cica-essence-toner-210ml_1691320329.webp,none,4,2875,2588,True,10% off,False,0,0
14387,SKIN1004 Madagascar Centella Cream – 75ML (2.1),skin1004-madagascar-centella-cream-75ml-21,https://d2wfc4v12a2zxr.cloudfront.net/resized/medium/products/main_skin1004-madagascar-centella-cream-75ml-21_1773120572.webp,none,4,2800,2520,True,10% off,False,0,0
16429,Khadi Organique Vitamin C Day Cream With SPF 30,khadi-organique-vitamin-c-day-cream-with-spf-30,https://d2wfc4v12a2zxr.cloudfront.net/resized/medium/products/main_khadi-organique-vitamin-c-day-cream-with-spf-30_1713934159.webp,none,4,1250,1250,False,0% off,False,0,0
17522,Banana Boat Sport Mineral Sunscreen Lotion Spf 50 - 90ml,banana-boat-sport-mineral-sunscreen-lotion-spf-50-90ml,https://d2wfc4v12a2zxr.cloudfront.net/resized/medium/products/main_banana-boat-sport-mineral-sunscreen-lotion-spf-50-90ml_1725337827.webp,none,4,1650,1650,False,0% off,False,0,0
18514,Lord's Rose Water Face Mist 200ml,lords-rose-water-face-mist-200ml,https://d2wfc4v12a2zxr.cloudfront.net/resized/medium/products/main_lords-rose-water-face-mist-200ml_1743392653.webp,none,4,480,432,True,10% off,False,0,0
18515,Lord's Vitamin C Moisturiser 100ml,lords-vitamin-c-moisturiser-100ml,https://d2wfc4v12a2zxr.cloudfront.net/resized/medium/products/main_lords-vitamin-c-moisturiser-100ml_1743392767.webp,none,4,520,468,True,10% off,False,0,0
18518,Lord's Coffee Face Pack for All Skin Types 100 gm,lords-coffee-face-pack-for-all-skin-types-100-gm,https://d2wfc4v12a2zxr.cloudfront.net/resized/medium/products/main_lords-coffee-face-pack-for-all-skin-types-100-gm_1743393168.webp,none,4,520,468,True,10% off,False,0,0
18654,Medicube Collagen Overnight Wrapping Peel Off Facial Mask - 75ml,medicube-collagen-overnight-wrapping-peel-off-facial-mask-75ml,https://d2wfc4v12a2zxr.cloudfront.net/resized/medium/products/main_medicube-collagen-overnight-wrapping-peel-off-facial-mask-75ml_1747810042.webp,none,4,4000,2840,True,29% off,False,0,0
18682,AXIS-Y Mugwort Pore Clarifying Wash Off Pack 100ml,axis-y-mugwort-pore-clarifying-wash-off-pack-100ml,https://d2wfc4v12a2zxr.cloudfront.net/resized/medium/products/main_axis-y-mugwort-pore-clarifying-wash-off-pack-100ml_1748597648.webp,none,4,2600,2470,True,5% off,False,0,0
18719,Himalaya Dark Spot Clearing Turmeric Face Cream|50gm,himalaya-dark-spot-clearing-turmeric-face-cream50gm,https://d2wfc4v12a2zxr.cloudfront.net/resized/medium/products/main_himalaya-dark-spot-clearing-turmeric-face-cream50gm_1749465862.webp,none,4,440,418,True,5% off,False,0,0
18720,Brightening Vitamin C Orange Face Serum Infused Cream 50g,brightening-vitamin-c-orange-face-serum-infused-cream-50g,https://d2wfc4v12a2zxr.cloudfront.net/resized/medium/products/main_brightening-vitamin-c-orange-face-serum-infused-cream-50g_1749466019.webp,none,4,440,418,True,5% off,False,0,0
18798,CeraVe Hydrating Toner 200ml,cerave-hydrating-toner-200ml,https://d2wfc4v12a2zxr.cloudfront.net/resized/medium/products/main_cerave-hydrating-toner-200ml_1751787310.webp,none,4,3200,3040,True,5% off,False,0,0
19040,Pilgrim Korean Aloe Cooling Fluid Sunscreen SPF 50+ PA++++,pilgrim-korean-aloe-cooling-fluid-sunscreen-spf-50-pa,https://d2wfc4v12a2zxr.cloudfront.net/resized/medium/products/main_pilgrim-korean-aloe-cooling-fluid-sunscreen-spf-50-pa_1758086887.webp,none,4,792,729,True,8% off,False,0,0
19084,Ralycos Hydramide 50+ SPF Sunscreen gel with HA 1% and SUNCAT DE   Protect | Hydrate | Nourish,ralycos-hydramide-50-spf-sunscreen-gel-with-ha-1-and-suncat-de-protect-hydrate-nourish,https://d2wfc4v12a2zxr.cloudfront.net/resized/medium/products/main_hydramide-ha-1-and-suncat-de-50-spf-sunscreen-gel-protect-hydrate-nourish_1760420827.webp,none,4,1200,1056,True,12% off,False,0,0
19187,Simple Restorative Rich Cream 40g,simple-restorative-rich-cream-40g,https://d2wfc4v12a2zxr.cloudfront.net/resized/medium/products/main_simple-restorative-rich-cream-40g_1761910438.webp,none,4,878,790,True,10% off,False,0,0
19251,Lord's Sakura Luxe Peel-Off Mask,lords-sakura-luxe-peel-off-mask,https://d2wfc4v12a2zxr.cloudfront.net/resized/medium/products/main_lords-sakura-luxe-peel-off-mask_1762942899.webp,none,4,1760,1584,True,10% off,False,0,0
19260,Dr.sheth's Argireline® Peptide & Copper Peptide B'tox Serum - 30 ml,drsheths-argireline-peptide-copper-peptide-btox-serum-30-ml,https://d2wfc4v12a2zxr.cloudfront.net/resized/medium/products/main_drsheths-argireline-peptide-copper-peptide-btox-serum-30-ml_1763114936.webp,none,4,2399,2207,True,8% off,False,0,0
19324,Ralycos Hydramide Vitamin C 20% serum Brighten | Protect | Revitalize,ralycos-hydramide-vitamin-c-20-serum-brighten-protect-revitalize,https://d2wfc4v12a2zxr.cloudfront.net/resized/medium/products/main_ralycos-hydramide-vitamin-c-20-serum-brighten-protect-revitalize_1771312954.webp,none,4,2400,2112,True,12% off,False,0,0
19846,TIAM B3 Niacin Sunscreen 50ml (2.1),tiam-b3-niacin-sunscreen-50ml-21,https://d2wfc4v12a2zxr.cloudfront.net/resized/medium/products/main_tiam-b3-niacin-sunscreen-50ml-21_1773138132.webp,none,4,3000,2250,True,25% off,False,0,0
16398,Khadi Organique Tea tree Face Serum,khadi-organique-tea-tree-face-serum,https://d2wfc4v12a2zxr.cloudfront.net/resized/medium/products/main_khadi-organique-tea-tree-face-serum_1713864817.webp,none,3,1750,1750,False,0% off,False,0,0
16399,Khadi Organique Alpha Arbutin 2% Face Serum,khadi-organique-alpha-arbutin-2-face-serum,https://d2wfc4v12a2zxr.cloudfront.net/resized/medium/products/main_khadi-organique-alpha-arbutin-2-face-serum_1713865091.webp,size,3,1575,1575,False,0% off,False,0,0
16403,Khadi Organique Kumkumadi Face Serum,khadi-organique-kumkumadi-face-serum,https://d2wfc4v12a2zxr.cloudfront.net/resized/medium/products/main_khadi-organique-kumkumadi-face-serum_1713866970.webp,none,3,1650,1650,False,0% off,False,0,0
16415,Khadi Organique Coffee Face Wash,khadi-organique-coffee-face-wash,https://d2wfc4v12a2zxr.cloudfront.net/resized/medium/products/main_khadi-organique-coffee-face-wash_1713929495.webp,none,3,625,625,False,0% off,False,0,0
16416,Khadi Organique Fenugreek Face Wash,khadi-organique-fenugreek-face-wash,https://d2wfc4v12a2zxr.cloudfront.net/resized/medium/products/main_khadi-organique-fenugreek-face-wash_1713929785.webp,none,3,625,625,False,0% off,False,0,0
16495,Pilgrim 24k Gold Gel Face Wash - 80ml,pilgrim-24k-gold-gel-face-wash-80ml,https://d2wfc4v12a2zxr.cloudfront.net/resized/medium/products/main_pilgrim-24k-gold-gel-face-wash_1714889228.webp,size,3,632,581,True,8% off,False,0,0
16572,Teenilicious Wash For Body Acne,teenilicious-wash-for-body-acne,https://d2wfc4v12a2zxr.cloudfront.net/resized/medium/products/main_teenilicious-wash-for-body-acne_1715253807.webp,size,3,760,760,False,0% off,False,0,0
17436,"Prisa Organics Deep honey Moisturizing Lotion, Provides Instant and Long Lasting Hydration, 100ml",prisa-organics-deep-honey-moisturizing-lotion-provides-instant-and-long-lasting-hydration-100ml,https://d2wfc4v12a2zxr.cloudfront.net/resized/medium/products/main_prisa-organics-deep-moisturizing-lotion-provides-instant-and-long-lasting-hydration-1_1723546964.webp,none,3,472,472,False,0% off,False,0,0
17437,Prisa Organics Firming Cream | For Glowing and Lifting skin (50ml),prisa-organics-firming-cream-for-glowing-and-lifting-skin-50ml,https://d2wfc4v12a2zxr.cloudfront.net/resized/medium/products/main_prisa-organics-firming-cream-for-glowing-and-lifting-skin-50ml_1723547185.webp,none,3,798,798,False,0% off,False,0,0
17438,Prisa Organics Firming Night Cream | For Glowing and Lifting skin (50ml),prisa-organics-firming-night-cream-for-glowing-and-lifting-skin-50ml,https://d2wfc4v12a2zxr.cloudfront.net/resized/medium/products/main_prisa-organics-firming-night-cream-for-glowing-and-lifting-skin-50ml_1723547529.webp,none,3,944,944,False,0% off,False,0,0
12408,"Olnatures Whitening Face Wash, 60ml",olnatures-whitening-face-wash-60ml,https://d2wfc4v12a2zxr.cloudfront.net/resized/medium/products/olnatures-whitening-face-wash-60ml_1678863928.webp,none,3,640,640,False,0% off,False,0,0
17535,Herveda Botanicals Daily Defense Moisturizer (Day Cream) - 50 gm,herveda-botanicals-daily-defense-moisturizer-day-cream-50-gm,https://d2wfc4v12a2zxr.cloudfront.net/resized/medium/products/main_herveda-botanicals-daily-defense-moisturizer-day-cream-50-gm_1725445185.webp,none,3,2050,1948,True,5% off,False,0,0
17540,Herveda Botanicals Tea Tree Citrus Cleanser - 150ml,herveda-botanicals-tea-tree-citrus-cleanser-150ml,https://d2wfc4v12a2zxr.cloudfront.net/resized/medium/products/main_herveda-botanicals-tea-tree-citrus-cleanser-150ml_1725446590.webp,none,3,1650,1568,True,5% off,False,0,0
17582,Pilgrim Vitamin C Lip Balm SPF 30 - 9gm,pilgrim-vitamin-c-lip-balm-spf-30-9gm,https://d2wfc4v12a2zxr.cloudfront.net/resized/medium/products/main_pilgrim-vitamin-c-lip-balm-spf-30-9gm_1725883870.webp,none,3,360,331,True,8% off,False,0,0
18442,The Derma Co 5% Glycolic + 2% Kojic Acid Serum Pigmentation Corrector Ampoule Kit,the-derma-co-5-glycolic-2-kojic-acid-serum-pigmentation-corrector-ampoule-kit,https://d2wfc4v12a2zxr.cloudfront.net/resized/medium/products/main_the-derma-co-5-glycolic-2-kojic-acid-serum-pigmentation-corrector-ampoule-kit_1742459700.webp,none,3,2239,2060,True,8% off,False,0,0
18517,Lord's Coffee Face Wash for Skin Rejuvenation 100 ml,lords-coffee-face-wash-for-skin-rejuvenation-100-ml,https://d2wfc4v12a2zxr.cloudfront.net/resized/medium/products/main_lords-coffee-face-wash-for-skin-rejuvenation-100-ml_1743393016.webp,none,3,480,432,True,10% off,False,0,0
18525,Lord's  Strawberry SPF 50 Matt Gel Sunscreen 50ml,lords-strawberry-spf-50-matt-gel-sunscreen-50ml,https://d2wfc4v12a2zxr.cloudfront.net/resized/medium/products/main_lords-strawberry-spf-50-matt-gel-sunscreen-50ml_1743396716.webp,none,3,560,504,True,10% off,False,0,0
18546,Lord's CICA-7 Complex Centella Foam Cleanser 100ml,lords-cica-7-complex-centella-foam-cleanser-100ml,https://d2wfc4v12a2zxr.cloudfront.net/resized/medium/products/main_lords-cica-7-complex-centella-foam-cleanser-100ml_1743583684.webp,none,3,960,864,True,10% off,False,0,0
18559,Lord's Retinol Anti Ageing Night Cream 100g,lords-retinol-anti-ageing-night-cream-100g,https://d2wfc4v12a2zxr.cloudfront.net/resized/medium/products/main_lords-retinol-anti-ageing-night-cream-100g_1743586407.webp,none,3,1840,1656,True,10% off,False,0,0
18562,Lords Alpha Arbutin Anti Pigment Face Serum 30 ml,lords-alpha-arbutin-anti-pigment-face-serum-30-ml,https://d2wfc4v12a2zxr.cloudfront.net/resized/medium/products/main_lords-alpha-arbutin-anti-pigment-face-serum-30-ml_1743587696.webp,none,3,760,684,True,10% off,False,0,0
18611,Lord's Under the shadow SPF 70+ Cream 100ml,lords-under-the-shadow-spf-70-cream-100ml,https://d2wfc4v12a2zxr.cloudfront.net/resized/medium/products/main_lords-under-the-shadow-spf-70-cream-100ml_1779950299.webp,none,3,1680,1512,True,10% off,False,0,0
18615,Lord's cleansing Milk 200ml,lords-cleansing-milk-200ml,https://d2wfc4v12a2zxr.cloudfront.net/resized/medium/products/main_lords-cleansing-milk-200ml_1744704895.webp,none,3,600,540,True,10% off,False,0,0
18679,TOCOBO Cica Cooling Sun Stick SPF50+ PA++++ 18ml,tocobo-cica-cooling-sun-stick-spf50-pa-18ml,https://d2wfc4v12a2zxr.cloudfront.net/resized/medium/products/main_tocobo-cica-cooling-sun-stick-spf50-pa-18ml_1748519160.webp,none,3,2800,2296,True,18% off,False,0,0
18680,TOCOBO Vita Tone Up Sun Cream SPF50+ PA++++  50ml,tocobo-vita-tone-up-sun-cream-spf50-pa-50ml,https://d2wfc4v12a2zxr.cloudfront.net/resized/medium/products/main_tocobo-vita-tone-up-sun-cream-spf50-pa-50ml_1748519421.webp,none,3,2800,2296,True,18% off,False,0,0
18710,Himalaya Pollution Detox Charcoal Face Scrub | 100g,himalaya-pollution-detox-charcoal-face-scrub-100g,https://d2wfc4v12a2zxr.cloudfront.net/resized/medium/products/main_himalaya-pollution-detox-charcoal-face-scrub-100g_1749453111.webp,none,3,368,350,True,5% off,False,0,0
18829,Anua Heartleaf Daily Lotion 200ml,anua-heartleaf-daily-lotion-200ml,https://d2wfc4v12a2zxr.cloudfront.net/resized/medium/products/main_anua-heartleaf-daily-lotion-200ml_1753167479.webp,none,3,3200,2880,True,10% off,False,0,0
18831,Anua PDRN Hyaluronic Acid Capsule 100 Serum,anua-pdrn-hyaluronic-acid-capsule-100-serum,https://d2wfc4v12a2zxr.cloudfront.net/resized/medium/products/main_anua-pdrn-hyaluronic-acid-capsule-100-serum_1753173986.webp,none,3,3500,3150,True,10% off,False,0,0
18834,Anua Peach 77% Niacin Essence Toner 250ML (2.1),anua-peach-77-niacin-essence-toner-250ml-21,https://d2wfc4v12a2zxr.cloudfront.net/resized/medium/products/main_anua-peach-77-niacin-essence-toner-250ml_1753168716.webp,none,3,3400,3060,True,10% off,False,0,0
19085,"Ralycos Hydramide Depigmentation serum with tyrostat 09-1%, alpha arbutin-2% & 3-O  ethyl ascorbic acid Brighten | Radiant | Revive",ralycos-hydramide-depigmentation-serum-with-tyrostat-09-1-alpha-arbutin-2-3-o-ethyl-ascorbic-acid-brighten-radiant-revive,https://d2wfc4v12a2zxr.cloudfront.net/resized/medium/products/main_hydramide-depigmentation-serum-with-tyrostat-09-1-alpha-arbutin-2-3-o-ethyl-ascorbic-_1760421014.webp,none,3,1440,1267,True,12% off,False,0,0
19165,Enchanteur Charming Perfumed Talc - 100gm,enchanteur-charming-perfumed-talc-100gm,https://d2wfc4v12a2zxr.cloudfront.net/resized/medium/products/main_enchanteur-charming-perfumed-talc-100gm_1760871126.webp,none,3,210,179,True,15% off,False,0,0
19191,Lakme 9 To 5 Lumi Lit Cream Highlighter + Moisturizer +Primer With Hyaluronic Acid & Niacinamide (Gold Glaze),lakme-9-to-5-lumi-lit-cream-highlighter-moisturizer-primer-with-hyaluronic-acid-niacinamide-gold-glaze,https://d2wfc4v12a2zxr.cloudfront.net/resized/medium/products/main_lakme-9-to-5-lumi-lit-cream-highlighter-moisturizer-primer-with-hyaluronic-acid-niaci_1762079186.webp,none,3,1040,936,True,10% off,False,0,0
19271,Chemist At Play 10% Niacinamide Clarifying Face Serum - 30 ml,chemist-at-play-10-niacinamide-clarifying-face-serum-30-ml,https://d2wfc4v12a2zxr.cloudfront.net/resized/medium/products/main_chemist-at-play-10-niacinamide-clarifying-face-serum-30-ml_1763634328.webp,none,3,1118,1040,True,7% off,False,0,0
19275,Skin1004 Madagascar Centella Probio-cica Bakuchiol Eye Cream-20ml,skin1004-madagascar-centella-probio-cica-bakuchiol-eye-cream-20ml,https://d2wfc4v12a2zxr.cloudfront.net/resized/medium/products/main_skin1004-madagascar-centella-probio-cica-bakuchiol-eye-cream-20ml_1764152375.webp,none,3,2600,2340,True,10% off,False,0,0
19276,SKIN1004 Madagascar Centella Poremizing Quick Clay Stick Mask 27g,skin1004-madagascar-centella-poremizing-quick-clay-stick-mask-27g,https://d2wfc4v12a2zxr.cloudfront.net/resized/medium/products/main_skin1004-madagascar-centella-poremizing-quick-clay-stick-mask-27g_1764155686.webp,none,3,2200,1980,True,10% off,False,0,0
19292,Dr. Althea Vitamin C Boosting Serum,dr-althea-vitamin-c-boosting-serum,https://d2wfc4v12a2zxr.cloudfront.net/resized/medium/products/main_dr-althea-vitamin-c-boosting-serum_1764236653.webp,none,3,2600,2470,True,5% off,False,0,0
19301,K-SECRET Seoul 1988 Cleansing Oil: Pine Cica 1% + Probiotics 200ml,k-secret-seoul-1988-cleansing-oil-pine-cica-1-probiotics-200ml,https://d2wfc4v12a2zxr.cloudfront.net/resized/medium/products/main_k-secret_1764265022.webp,none,3,3200,2720,True,15% off,False,0,0
19302,KSECRET - SEOUL 1988 Sun : Pine Tree + Ceramide,ksecret-seoul-1988-sun-pine-tree-ceramide,https://d2wfc4v12a2zxr.cloudfront.net/resized/medium/products/main_ksecret-seoul-1988-sun-pine-tree-ceramide_1764265466.webp,none,3,2600,2210,True,15% off,False,0,0
19304,K-SECRET SEOUL 1988 SUN : COLLAGEN COMPLEX 7 + PLUM,k-secret-seoul-1988-sun-collagen-complex-7-plum,https://d2wfc4v12a2zxr.cloudfront.net/resized/medium/products/main_k-secret-seoul-1988-sun-collagen-complex-7-plum_1764266258.webp,none,3,2600,2210,True,15% off,False,0,0
19315,Himalaya - Acne Clear+ Scar Removal Serum with 2% Natural Salicylic Acid Reducing Acne & Pigmentation 30ml,himalaya-acne-clear-scar-removal-serum-with-2-natural-salicylic-acid-reducing-acne-pigmentation-30ml,https://d2wfc4v12a2zxr.cloudfront.net/resized/medium/products/main_himalaya-acne-clear-scar-removal-serum-with-2-natural-salicylic-acid-reducing-acne-pi_1764491983.webp,none,3,1038,986,True,5% off,False,0,0
19316,Simple Vitamin C Moisturising Glow Gel 40g,simple-vitamin-c-moisturising-glow-gel-40g,https://d2wfc4v12a2zxr.cloudfront.net/resized/medium/products/main_simple-vitamin-c-moisturising-glow-gel-40g_1764586304.webp,none,3,719,647,True,10% off,False,0,0
19390,S Select Bellgrace Moisturizing Makeup Remover Sheet-50gm,s-select-bellgrace-moisturizing-makeup-remover-sheet-50gm,https://d2wfc4v12a2zxr.cloudfront.net/resized/medium/products/main_s-select-bellgrace-moisturizing-makeup-remover-sheet-50gm_1766055056.webp,none,3,999,949,True,5% off,False,0,0
19397,Homa Shin S-labo Galactomyces 7p,homa-shin-s-labo-galactomyces-7p,https://d2wfc4v12a2zxr.cloudfront.net/resized/medium/products/main_homa-shin-s-labo-galactomyces-7p_1766057280.webp,none,3,1099,1044,True,5% off,False,0,0
19416,Dr. sheth's Bakuchiol & Pdrn Ampoule Serum - 30ml,dr-sheths-bakuchiol-pdrn-ampoule-serum-30ml,https://d2wfc4v12a2zxr.cloudfront.net/resized/medium/products/main_dr-sheths-bakuchiol-pdrn-ampoule-serum-30ml_1766313474.webp,none,3,1599,1471,True,8% off,False,0,0
19453,Homa BIORICA Silk Retinol Facial Mask,homa-biorica-silk-retinol-facial-mask,https://d2wfc4v12a2zxr.cloudfront.net/resized/medium/products/main_homa-biorica-silk-retinol-facial-mask_1766572218.webp,none,3,2490,2366,True,5% off,False,0,0
19552,Homa Shin S-labo Rice Mask 30pcs,homa-shin-s-labo-rice-mask-30pcs,https://d2wfc4v12a2zxr.cloudfront.net/resized/medium/products/main_homa-shin-s-labo-rice-mask-30pcs_1768971147.webp,none,3,2499,2374,True,5% off,False,0,0
19715,Ralycos Hydramide Brightening Facewash,ralycos-hydramide-brightening-facewash,https://d2wfc4v12a2zxr.cloudfront.net/resized/medium/products/main_ralycos-hydramide-brightening-facewash_1771236323.webp,none,3,650,572,True,12% off,False,0,0
19875,Medicube Azelaic Acid Niacinamide deep clean Foam Cleanser 120g (2.1),medicube-azelaic-acid-niacinamide-deep-clean-foam-cleanser-120g-21,https://d2wfc4v12a2zxr.cloudfront.net/resized/medium/products/main_medicube-azelaic-acid-niacinamide-deep-clean-foam-cleanser-120g-21_1774328441.webp,none,3,3200,2720,True,15% off,False,0,0
19900,Medicube PDRN Pink Tone Up Sun Cream 50ml (2.1),medicube-pdrn-pink-tone-up-sun-cream-50ml-21,https://d2wfc4v12a2zxr.cloudfront.net/resized/medium/products/main_medicube-pdrn-pink-tone-up-sun-cream-50ml-21_1774336227.webp,none,3,2210,1879,True,15% off,False,0,0
19948,Moonwake Mandarin Dream Lip Mask with Hyaluronic - Natural Lip Balm - 5gm,moonwake-mandarin-dream-lip-mask-with-hyaluronic-natural-lip-balm-5gm,https://d2wfc4v12a2zxr.cloudfront.net/resized/medium/products/main_moonwake-mandarin-dream-lip-mask-with-hyaluronic-natural-lip-balm-5gm_1774507053.webp,none,3,450,450,False,0% off,False,0,0
19966,Himalaya Clear Complexion Brightening Mulethi Face Scrub 100g,himalaya-clear-complexion-brightening-mulethi-face-scrub-100g,https://d2wfc4v12a2zxr.cloudfront.net/resized/medium/products/main_himalaya-clear-complexion-brightening-mulethi-face-scrub-100g_1775113858.webp,none,3,320,304,True,5% off,False,0,0
20037,Dot & Key Watermelon & 10% Glycolic Serum -30ml,dot-key-watermelon-10-glycolic-serum-30ml,https://d2wfc4v12a2zxr.cloudfront.net/resized/medium/products/main_dot-key-watermelon-10-glycolic-serum-30ml_1775379449.webp,none,3,958,862,True,10% off,False,0,0
20040,Dot & Key Pomegranate Youth 0.2% Retinol Complex Face Serum -30ml,dot-key-pomegranate-youth-02-retinol-complex-face-serum-30ml,https://d2wfc4v12a2zxr.cloudfront.net/resized/medium/products/main_dot-key-pomegranate-youth-02-retinol-complex-face-serum-30ml_1775383783.webp,none,3,958,862,True,10% off,False,0,0
20231,Simple Vitamin C Glow Facial Wash 150ml,simple-vitamin-c-glow-facial-wash-150ml,https://d2wfc4v12a2zxr.cloudfront.net/resized/medium/products/main_simple-vitamin-c-glow-facial-wash-150ml_1780224987.webp,none,3,672,605,True,10% off,False,0,0
20322,Just Herbs Plant Salicylic Acid Foaming Face Wash -100ml,just-herbs-plant-salicylic-acid-foaming-face-wash-100ml,https://d2wfc4v12a2zxr.cloudfront.net/resized/medium/products/main_just-herbs-plant-salicylic-acid-foaming-face-wash-100ml_1780915247.webp,none,3,632,506,True,20% off,False,0,0
20323,Just Herbs Tea Tree + Mint Anti-acne Foaming Face Wash 100ml,just-herbs-tea-tree-mint-anti-acne-foaming-face-wash-100ml,https://d2wfc4v12a2zxr.cloudfront.net/resized/medium/products/main_just-herbs-tea-tree-mint-anti-acne-foaming-face-wash-100ml_1780915659.webp,none,3,632,506,True,20% off,False,0,0
20325,Just Herbs Pure Ghee & 24k Gold Deep Nourishing Cream- 50ml,just-herbs-pure-ghee-24k-gold-deep-nourishing-cream-50ml,https://d2wfc4v12a2zxr.cloudfront.net/resized/medium/products/main_just-herbs-pure-ghee-24k-gold-deep-nourishing-cream-50ml_1780916438.webp,none,3,1752,1402,True,20% off,False,0,0
20334,Just Herbs Radiant Glow Face Serum-30ml,just-herbs-radiant-glow-face-serum-30ml,https://d2wfc4v12a2zxr.cloudfront.net/resized/medium/products/main_just-herbs-radiant-glow-face-serum-30ml_1780918895.webp,none,3,1080,864,True,20% off,False,0,0
20336,Just Herbs Radiant Glow Night Cream-50ml,just-herbs-radiant-glow-night-cream-50ml,https://d2wfc4v12a2zxr.cloudfront.net/resized/medium/products/main_just-herbs-radiant-glow-night-cream-50ml_1780919313.webp,none,3,1080,864,True,20% off,False,0,0
20340,Just Herbs Aloe Vera Pomegranate Sunscreen-30 Ml,just-herbs-aloe-vera-pomegranate-sunscreen-30-ml,https://d2wfc4v12a2zxr.cloudfront.net/resized/medium/products/main_just-herbs-aloe-vera-pomegranate-sunscreen-30-ml_1780920039.webp,none,3,680,544,True,20% off,False,0,0
20493,"Acnes Trio Activ Creamy Wash, Clear Acne and Anti Bacteria 50gm",acnes-trio-activ-creamy-wash-clear-acne-and-anti-bacteria-50gm,https://d2wfc4v12a2zxr.cloudfront.net/resized/medium/products/main_acnes-trio-activ-creamy-wash-clear-acne-and-anti-bacteria-50gm_1781691751.webp,none,3,230,230,False,0% off,False,0,0
14732,Ichi Beauty Gel Mask 40 g,ichi-beauty-gel-mask-40-g,https://d2wfc4v12a2zxr.cloudfront.net/resized/medium/products/main_ichi-beauty-gel-mask-40-g_1694674142.webp,none,2,1595,1595,False,0% off,False,0,0
17434,"Prisa Organics Brightening Cream for Skin Lightening & Glow, Gel Cream Formula, SPF 25 | PA+++. 50gm",prisa-organics-brightening-cream-for-skin-lightening-glow-gel-cream-formula-spf-25-pa-50gm,https://d2wfc4v12a2zxr.cloudfront.net/resized/medium/products/main_prisa-organics-brightening-cream-for-skin-lightening-glow-gel-cream-formula-spf-25-pa_1723546422.webp,none,2,798,798,False,0% off,False,0,0
10874,DHC Medicated Skin Conditioner Lotion - 200Ml,dhc-medicated-skin-conditioner-lotion-200ml,https://d2wfc4v12a2zxr.cloudfront.net/resized/medium/products/main_dhc-medicated-skin-conditioner-lotion-200ml_1674035464.webp,none,2,2400,2400,False,0% off,False,0,0
17531,Herveda Botanicals Kon Foaming Rice Exfoliant (Aluminum Pack) - 50gm,herveda-botanicals-kon-foaming-rice-exfoliant-aluminum-pack-50gm,https://d2wfc4v12a2zxr.cloudfront.net/resized/medium/products/main_herveda-botanicals-kon-foaming-rice-exfoliant-aluminum-pack-50gm_1725444129.webp,none,2,1000,950,True,5% off,False,0,0
17536,Herveda Botanicals Age Perfect Night Concentrate (Night Cream) - 50gm,herveda-botanicals-age-perfect-night-concentrate-night-cream-50gm,https://d2wfc4v12a2zxr.cloudfront.net/resized/medium/products/main_herveda-botanicals-age-perfect-night-concentrate-night-cream-50-gm_1725445403.webp,none,2,2550,2423,True,5% off,False,0,0
17538,Herveda Botanicals Himalayan Hydra Glow Oil - 30ml,herveda-botanicals-himalayan-hydra-glow-oil-30ml,https://d2wfc4v12a2zxr.cloudfront.net/resized/medium/products/main_herveda-botanicals-himalayan-hydra-glow-oil-30ml_1725446082.webp,none,2,2150,2043,True,5% off,False,0,0
17542,Herveda Botanicals Intensive Repair Lip Balm - 12gm,herveda-botanicals-intensive-repair-lip-balm-12gm,https://d2wfc4v12a2zxr.cloudfront.net/resized/medium/products/main_herveda-botanicals-intensive-repair-lip-balm-12gm_1725447059.webp,none,2,650,618,True,5% off,False,0,0
17584,Pilgrim Swiss Aqua Rush 120H Moisturizer for face - 50gm,pilgrim-swiss-aqua-rush-120h-moisturizer-for-face-50gm,https://d2wfc4v12a2zxr.cloudfront.net/resized/medium/products/main_pilgrim-swiss-aqua-rush-120h-moisturizer-for-face-50gm_1725940076.webp,none,2,1592,1465,True,8% off,False,0,0
17629,True Derma Glow Cream - 50g,true-derma-glow-cream-50g,https://d2wfc4v12a2zxr.cloudfront.net/resized/medium/products/main_true-derma-glow-cream-50g_1726202808.webp,none,2,2400,2280,True,5% off,False,0,0
18008,Glutafine Face Wash - 70gm,glutafine-face-wash-70gm,https://d2wfc4v12a2zxr.cloudfront.net/resized/medium/products/main_glutafine-face-wash-70gm_1735290742.webp,none,2,680,646,True,5% off,False,0,0
18190,Miniso Fruit Series Facial Cleanser,miniso-fruit-series-facial-cleanser,https://d2wfc4v12a2zxr.cloudfront.net/resized/medium/products/main_miniso-fruit-series-facial-cleanser_1737709390.webp,color,2,649,389,True,40% off,False,0,0
18201,MINISO MEN'S Volcanic Mud Series Exfoliating Gel,miniso-mens-volcanic-mud-series-exfoliating-gel,https://d2wfc4v12a2zxr.cloudfront.net/resized/medium/products/main_miniso-mens-volcanic-mud-series-exfoliating-gel_1737966670.webp,none,2,699,419,True,40% off,False,0,0
18481,Re'equil Daily Brightening Serum 25ml,reequil-daily-brightening-serum-25ml,https://d2wfc4v12a2zxr.cloudfront.net/resized/medium/products/main_re-equil-daily-brightening-serum-25ml_1742805110.webp,none,2,712,676,True,5% off,False,0,0
18519,Lord's Coffee Face Scrub for All Skin Types 100 gm,lords-coffee-face-scrub-for-all-skin-types-100-gm,https://d2wfc4v12a2zxr.cloudfront.net/resized/medium/products/main_lords-coffee-face-scrub-for-all-skin-types-100-gm_1743393378.webp,none,2,480,432,True,10% off,False,0,0
18598,Lord's Low PH Good Morning Gel Cleanser 100ml,lords-low-ph-good-morning-gel-cleanser-100ml,https://d2wfc4v12a2zxr.cloudfront.net/resized/medium/products/main_lords-low-ph-good-morning-gel-cleanser-100ml_1744351699.webp,none,2,960,864,True,10% off,False,0,0
18623,Lord's Hydrium Triple Hyaluronic Moisturizing Cleanser 100ml,lords-hydrium-triple-hyaluronic-moisturizing-cleanser-100ml,https://d2wfc4v12a2zxr.cloudfront.net/resized/medium/products/main_lords-hydrium-triple-hyaluronic-moisturizing-cleanser-100ml_1779949175.webp,none,2,1040,936,True,10% off,False,0,0
18715,Himalaya Pollution Detox Charcoal Face Pack | 100g,himalaya-pollution-detox-charcoal-face-pack-100g,https://d2wfc4v12a2zxr.cloudfront.net/resized/medium/products/main_himalaya-pollution-detox-charcoal-face-pack-100g_1749463324.webp,none,2,368,350,True,5% off,False,0,0
18955,"Girls Select Exfoliating Back Scrubber for Bath & Shower – Effectively Removes Back Acne, Dead Skin, and Improves Skin Texture for a Clear, Smooth Back",girls-select-exfoliating-back-scrubber-for-bath-shower-effectively-removes-back-acne-dead-skin-and-improves-skin-texture-for-a-clear-smooth-back,https://d2wfc4v12a2zxr.cloudfront.net/resized/medium/products/main_girls-select-exfoliating-back-scrubber-for-bath-shower-effectively-removes-back-acne-_1755752468.webp,none,2,999,899,True,10% off,False,0,0
18988,Lakme Skin Solutions Sheet Mask Revitalizing with Vitamin C - 25ml,lakme-skin-solutions-sheet-mask-revitalizing-with-vitamin-c-25ml,https://d2wfc4v12a2zxr.cloudfront.net/resized/medium/products/main_lakme-skin-solutions-sheet-mask-revitalizing-with-vitamin-c-25ml_1756886488.webp,size,2,212,191,True,10% off,False,0,0
19164,Enchanteur Romantic Perfumed Talc - 200gm,enchanteur-romantic-perfumed-talc-200gm,https://d2wfc4v12a2zxr.cloudfront.net/resized/medium/products/main_enchanteur-romantic-perfumed-talc-200gm_1760870899.webp,none,2,310,264,True,15% off,False,0,0
19248,Lord's Sakura Luxe Petal Soft Cleanser,lords-sakura-luxe-petal-soft-cleanser,https://d2wfc4v12a2zxr.cloudfront.net/resized/medium/products/main_lords-sakura-luxe-petal-soft-cleanser_1762941556.webp,none,2,1600,1440,True,10% off,False,0,0
19249,Lord's Sakura Luxe Brightening Cream,lords-sakura-luxe-brightening-cream,https://d2wfc4v12a2zxr.cloudfront.net/resized/medium/products/main_lords-sakura-luxe-brightening-cream_1762942273.webp,none,2,2080,1872,True,10% off,False,0,0
19250,Lord's Sakura Luxe Hydra Glow Ultra Light Moisturizer,lords-sakura-luxe-hydra-glow-ultra-light-moisturizer,https://d2wfc4v12a2zxr.cloudfront.net/resized/medium/products/main_lords-sakura-luxe-hydra-glow-ultra-light-moisturizer_1762942632.webp,none,2,1760,1584,True,10% off,False,0,0
19252,Lord's Sakura Luxe Radiance Serum,lords-sakura-luxe-radiance-serum,https://d2wfc4v12a2zxr.cloudfront.net/resized/medium/products/main_lords-sakura-luxe-radiance-serum_1762944791.webp,none,2,2160,1944,True,10% off,False,0,0
19254,Lord's Sakura Luxe Radiant Shield Sunscreen,lords-sakura-luxe-radiant-shield-sunscreen,https://d2wfc4v12a2zxr.cloudfront.net/resized/medium/products/main_lords-sakura-luxe-radiant-shield-sunscreen_1762945199.webp,none,2,2400,2160,True,10% off,False,0,0
19305,KSECRET - SEOUL 1988 Glow Serum : Niacinamide 15% + Yuja,ksecret-seoul-1988-glow-serum-niacinamide-15-yuja,https://d2wfc4v12a2zxr.cloudfront.net/resized/medium/products/main_ksecret-seoul-1988-glow-serum-niacinamide-15-yuja_1764266547.webp,none,2,3200,2720,True,15% off,False,0,0
19306,KSECRET SEOUL 1988 BOOSTING SERUM: COLLAGEN COMPLEX 7 + RED GINSENG,ksecret-seoul-1988-boosting-serum-collagen-complex-7-red-ginseng,https://d2wfc4v12a2zxr.cloudfront.net/resized/medium/products/main_ksecret-seoul-1988-boosting-serum-collagen-complex-7-red-ginseng_1764266845.webp,none,2,3300,2805,True,15% off,False,0,0
19308,KSECRET SEOUL 1988 BOOSTING BALL : COLLAGEN 100%,ksecret-seoul-1988-boosting-ball-collagen-100,https://d2wfc4v12a2zxr.cloudfront.net/resized/medium/products/main_ksecret-seoul-1988-boosting-ball-collagen-100_1764302803.webp,none,2,3500,2975,True,15% off,False,0,0
19329,Lords Aqua Ultra Hydrating Face Wash 100 ml,lords-aqua-ultra-hydrating-face-wash-100-ml,https://d2wfc4v12a2zxr.cloudfront.net/resized/medium/products/main_lords-aqua-ultra-hydrating-face-wash-100-ml_1778665700.webp,none,2,480,432,True,10% off,False,0,0
19367,Mamaearth Cocoa Rich Moisturizing Cream with Cocoa Butter & Vit E for Deep Nourishment - 200g,mamaearth-cocoa-rich-moisturizing-cream-with-cocoa-butter-vit-e-for-deep-nourishment-200g,https://d2wfc4v12a2zxr.cloudfront.net/resized/medium/products/main_mamaearth-cocoa-rich-moisturizing-cream-with-cocoa-butter-vit-e-for-deep-nourishment-_1765955651.webp,none,2,718,661,True,8% off,False,0,0
19383,S-select Tone Up Uv Cut Gel-70g,s-select-tone-up-uv-cut-gel-70g,https://d2wfc4v12a2zxr.cloudfront.net/resized/medium/products/main_s-select-tone-up-uv-cut-gel-70g_1766049963.webp,none,2,2990,2841,True,5% off,False,0,0
19393,S Select Uv Protection Gel Lotion 300ml,s-select-uv-protection-gel-lotion-300ml,https://d2wfc4v12a2zxr.cloudfront.net/resized/medium/products/main_s-select-uv-protection-gel-lotion-300ml_1766055869.webp,none,2,3150,2993,True,5% off,False,0,0
19436,Homa Deve CICA Hydro Moisture Gel 300g,homa-deve-cica-hydro-moisture-gel-300g,https://d2wfc4v12a2zxr.cloudfront.net/resized/medium/products/main_homa-deve-cica-hydro-moisture-gel-300g_1766558723.webp,none,2,1990,1891,True,5% off,False,0,0
19440,Homa TIME SECRET MINERAL MEDICATED SKIN BARRIER BB BEIGE OCHER,homa-time-secret-mineral-medicated-skin-barrier-bb-beige-ocher,https://d2wfc4v12a2zxr.cloudfront.net/resized/medium/products/main_homa-time-secret-mineral-medicated-skin-barrier-bb-beige-ocher_1766567698.webp,none,2,3390,3221,True,5% off,False,0,0
19441,Homa TIME SECRET MINERAL MEDICATED SKIN BARRIER BB PINK OCHER,homa-time-secret-mineral-medicated-skin-barrier-bb-pink-ocher,https://d2wfc4v12a2zxr.cloudfront.net/resized/medium/products/main_homa-time-secret-mineral-medicated-skin-barrier-bb-pink-ocher_1766567816.webp,none,2,3390,3221,True,5% off,False,0,0
19443,Homa Nmn White All In One Gel 245G,homa-nmn-white-all-in-one-gel-245g,https://d2wfc4v12a2zxr.cloudfront.net/resized/medium/products/main_homa-nmn-white-all-in-one-gel-245g_1766568657.webp,none,2,1990,1891,True,5% off,False,0,0
19445,Homa cyclear Vitamin C UV Essence 70g,homa-cyclear-vitamin-c-uv-essence-70g,https://d2wfc4v12a2zxr.cloudfront.net/resized/medium/products/main_homa-cyclear-vitamin-c-uv-essence-70g_1766569013.webp,none,2,1490,1416,True,5% off,False,0,0
19454,Homa Mdskin Vitamin Premium Care Mask 30P,homa-mdskin-vitamin-premium-care-mask-30p,https://d2wfc4v12a2zxr.cloudfront.net/resized/medium/products/main_homa-mdskin-vitamin-premium-care-mask-30p_1766572412.webp,none,2,1999,1899,True,5% off,False,0,0
19455,Homa Mdskin Niacinamide Premium Care Mask 10P,homa-mdskin-niacinamide-premium-care-mask-10p,https://d2wfc4v12a2zxr.cloudfront.net/resized/medium/products/main_homa-mdskin-niacinamide-premium-care-mask-10p_1766572523.webp,none,2,1190,1131,True,5% off,False,0,0
19538,S SELECT Hatomugi The Light Up UV Essence SPF 50+ PA++++,s-select-hatomugi-the-light-up-uv-essence-spf-50-pa,https://d2wfc4v12a2zxr.cloudfront.net/resized/medium/products/main_s-select-hatomugi-the-light-up-uv-essence-spf-50-pa_1768730516.webp,none,2,2499,2374,True,5% off,False,0,0
19596,Pond's Bright Beauty Anti Spot Serum Cream 25G,ponds-bright-beauty-anti-spot-serum-cream-25g,https://d2wfc4v12a2zxr.cloudfront.net/resized/medium/products/main_ponds-bright-beauty-anti-spot-serum-cream-25g_1770026836.webp,none,2,150,140,True,7% off,False,0,0
19731,Avani Aloevera Gel- 100 Gm,avani-aloevera-gel-100-gm,https://d2wfc4v12a2zxr.cloudfront.net/resized/medium/products/main_avani-aloevera-gel-100-gm_1771752620.webp,none,2,550,550,False,0% off,False,0,0
19732,Avani Almond Oil- 100 Ml,avani-almond-oil-100-ml,https://d2wfc4v12a2zxr.cloudfront.net/resized/medium/products/main_avani-almond-oil-100-ml_1771753014.webp,none,2,1150,1150,False,0% off,False,0,0
19771,Avani Radiance Boosting Oil-30ml,avani-radiance-boosting-oil-30ml,https://d2wfc4v12a2zxr.cloudfront.net/resized/medium/products/main_avani-radiance-boosting-oil-30ml_1771922084.webp,none,2,1295,1295,False,0% off,False,0,0
19773,Avani Collagen Boosting & Anti Ageing Serum,avani-collagen-boosting-anti-ageing-serum,https://d2wfc4v12a2zxr.cloudfront.net/resized/medium/products/main_avani-collagen-boosting-anti-ageing-serum_1771922459.webp,none,2,1475,1475,False,0% off,False,0,0
19775,Avani Himalayan Charcoal Mask-50g,avani-himalayan-charcoal-mask-50g,https://d2wfc4v12a2zxr.cloudfront.net/resized/medium/products/main_avani-himalayan-charcoal-mask-50g_1771923065.webp,none,2,945,945,False,0% off,False,0,0
19777,Avani Saffron Renewal Cream 50g,avani-saffron-renewal-cream-50g,https://d2wfc4v12a2zxr.cloudfront.net/resized/medium/products/main_avani-nepal-saffron-renewal-cream-50g_1771924076.webp,none,2,1195,1195,False,0% off,False,0,0
19781,Avani Micellar Water-100ml,avani-micellar-water-100ml,https://d2wfc4v12a2zxr.cloudfront.net/resized/medium/products/main_avani-micellar-water-100ml_1771925067.webp,none,2,1095,1095,False,0% off,False,0,0
19782,Avani Radiance Toner-100ml,avani-radiance-toner-100ml,https://d2wfc4v12a2zxr.cloudfront.net/resized/medium/products/main_avani-radiance-toner-100ml_1771925365.webp,none,2,1025,1025,False,0% off,False,0,0
19783,Avani Water Gel Sunscreen-60ml,avani-water-gel-sunscreen-60ml,https://d2wfc4v12a2zxr.cloudfront.net/resized/medium/products/main_avani-water-gel-sunscreen-60ml_1771925514.webp,none,2,1145,1145,False,0% off,False,0,0
19784,Avani Goji Berry Facewash-100ml,avani-goji-berry-facewash-100ml,https://d2wfc4v12a2zxr.cloudfront.net/resized/medium/products/main_avani-goji-berry-facewash-100ml_1771925676.webp,none,2,950,950,False,0% off,False,0,0
19804,Samoira Ageless Alchemy Anti-wrinkle Cream (50ml),samoira-ageless-alchemy-anti-wrinkle-cream-50ml,https://d2wfc4v12a2zxr.cloudfront.net/resized/medium/products/main_samoira-ageless-alchemy-anti-wrinkle-cream-50ml_1773050442.webp,none,2,1799,1799,False,0% off,False,0,0
19807,Samoira Ageless Alchemy Anti-wrinkle Milk (100ml),samoira-ageless-alchemy-anti-wrinkle-milk-100ml,https://d2wfc4v12a2zxr.cloudfront.net/resized/medium/products/main_samoira-ageless-alchemy-anti-wrinkle-milk-100ml_1773055403.webp,none,2,1699,1699,False,0% off,False,0,0
19810,Samoira Ageless Alchemy Anti-wrinkle Toner (120ml),samoira-ageless-alchemy-anti-wrinkle-toner-120ml,https://d2wfc4v12a2zxr.cloudfront.net/resized/medium/products/main_samoira-ageless-alchemy-anti-wrinkle-toner-120ml_1773055074.webp,none,2,1599,1599,False,0% off,False,0,0
19857,Avani CLARITY-C – Anti-Pigmentation Glow Drops 30ml,avani-clarity-c-anti-pigmentation-glow-drops-30ml,https://d2wfc4v12a2zxr.cloudfront.net/resized/medium/products/main_avani-clarity-c-anti-pigmentation-glow-drops-30ml_1773737550.webp,none,2,1695,1695,False,0% off,False,0,0
20044,Dot & Key Strawberry Sunscreen Face Mist In-Vivo Tested SPF 50+ PA+++ (Makeup Proof) 80ml,dot-key-strawberry-sunscreen-face-mist-in-vivo-tested-spf-50-pa-makeup-proof-80ml,https://d2wfc4v12a2zxr.cloudfront.net/resized/medium/products/main_dot-key-strawberry-sunscreen-face-mist-in-vivo-tested-spf-50-pa-makeup-proof-80ml_1775386215.webp,none,2,959,863,True,10% off,False,0,0
20155,Lord's Retinol Anti-ageing Face Cream SPF 30+++ - 100gm,lords-retinol-anti-ageing-face-cream-spf-30-100gm,https://d2wfc4v12a2zxr.cloudfront.net/resized/medium/products/main_lords-retinol-anti-ageing-face-cream-spf-30-100gm_1778670853.webp,none,2,1600,1440,True,10% off,False,0,0
20156,Lord's Time Miracle Retinol Face Serum- 30ml,lords-time-miracle-retinol-face-serum-30ml,https://d2wfc4v12a2zxr.cloudfront.net/resized/medium/products/main_lords-time-miracle-retinol-face-cream-30ml_1778671111.webp,none,2,1280,1152,True,10% off,False,0,0
20162,Lord's Centella Age Defying Night Cream-100ml,lords-centella-age-defying-night-cream-100ml,https://d2wfc4v12a2zxr.cloudfront.net/resized/medium/products/main_lords-centella-age-defying-night-cream-100ml_1778839379.webp,none,2,1600,1440,True,10% off,False,0,0
20232,Simple Micellar Facial Wash 150ml,simple-micellar-facial-wash-150ml,https://d2wfc4v12a2zxr.cloudfront.net/resized/medium/products/main_simple-micellar-facial-wash-150ml_1780225518.webp,none,2,672,605,True,10% off,False,0,0
20342,Just Herbs Vitamin C Amla & Liquorice Root Brightening Face Wash 100ml,just-herbs-vitamin-c-amla-liquorice-root-brightening-face-wash-100ml,https://d2wfc4v12a2zxr.cloudfront.net/resized/medium/products/main_just-herbs-vitamin-c-amla-liquorice-root-brightening-face-wash-100ml_1780920661.webp,none,2,632,506,True,20% off,False,0,0
14381,SKIN1004 Madagascar Centella Tea-Trica Relief Ampoule 100ml,skin1004-madagascar-centella-tea-trica-relief-ampoule-100ml,https://d2wfc4v12a2zxr.cloudfront.net/resized/medium/products/main_skin1004-madagascar-centella-tea-trica-relief-ampoule-100ml_1691319464.webp,none,1,3300,2970,True,10% off,False,0,0
16408,Khadi Organique Soap Kit (Set Of 6),khadi-organique-soap-kit-set-of-6,https://d2wfc4v12a2zxr.cloudfront.net/resized/medium/products/main_khadi-organique-soap-kit-set-of-6_1713869075.webp,none,1,820,820,False,0% off,False,0,0
16409,Khadi Organique Red Onion Hair Kit,khadi-organique-red-onion-hair-kit,https://d2wfc4v12a2zxr.cloudfront.net/resized/medium/products/main_khadi-organique-red-onion-hair-kit_1713869310.webp,none,1,2210,2210,False,0% off,False,0,0
16410,Khadi Organique Activated Charcoal Kit,khadi-organique-activated-charcoal-kit,https://d2wfc4v12a2zxr.cloudfront.net/resized/medium/products/main_khadi-organique-activated-charcoal-kit_1713869531.webp,none,1,2295,2295,False,0% off,False,0,0
16418,Khadi Organique Vitamin C Face Wash,khadi-organique-vitamin-c-face-wash,https://d2wfc4v12a2zxr.cloudfront.net/resized/medium/products/main_khadi-organique-vitamin-c-face-wash_1713931001.webp,none,1,625,625,False,0% off,False,0,0
16430,Khadi Organique Vitamin E Facial Oil,khadi-organique-vitamin-e-facial-oil,https://d2wfc4v12a2zxr.cloudfront.net/resized/medium/products/main_khadi-organique-vitamin-e-facial-oil_1713934401.webp,none,1,1175,1175,False,0% off,False,0,0
16433,Khadi Organique Day Cream,khadi-organique-day-cream,https://d2wfc4v12a2zxr.cloudfront.net/resized/medium/products/main_khadi-organique-day-cream_1713935215.webp,size,1,825,825,False,0% off,False,0,0
16803,Himalaya Dark Spot Clearing Turmeric Face Pack 100g,himalaya-dark-spot-clearing-turmeric-face-pack-100g,https://d2wfc4v12a2zxr.cloudfront.net/resized/medium/products/main_himalaya-dark-spot-clearing-turmeric-face-pack-100g_1716871039.webp,none,1,264,251,True,5% off,False,0,0
17035,Cathy Doll Aqua Sun Whitening Body Sun Serum SPF50 PA +++50ml,cathy-doll-aqua-sun-whitening-body-sun-serum-spf50-pa-50ml,https://d2wfc4v12a2zxr.cloudfront.net/resized/medium/products/main_cathy-doll-aqua-sun-whitening-body-sun-serum-spf50-pa-50ml_1719393336.webp,none,1,1000,1000,False,0% off,False,0,0
5484,Avani Tea Tree Oil(30ml),avani-tea-tree-oil30ml,https://d2wfc4v12a2zxr.cloudfront.net/resized/medium/products/avani-tea-tree-oil30ml_1617787100.webp,none,1,1995,1995,False,0% off,False,0,0
10873,DHC Medicated Skin Conditioner Face Wash - 100G,dhc-medicated-skin-conditioner-face-wash-100g,https://d2wfc4v12a2zxr.cloudfront.net/resized/medium/products/dhc-medicated-skin-conditioner-face-wash-100g_1674035105.webp,none,1,1570,1570,False,0% off,False,0,0
17543,Herveda Botanicals Melt-Away Cleansing Balm - 80gm,herveda-botanicals-melt-away-cleansing-balm-80gm,https://d2wfc4v12a2zxr.cloudfront.net/resized/medium/products/main_herveda-botanicals-melt-away-cleansing-balm-80gm_1725447313.webp,none,1,1050,998,True,5% off,False,0,0
17614,Melao Whitening Sunscreen SPF 50+ PA++++ 30ml,melao-whitening-sunscreen-spf-50-pa-30ml,https://d2wfc4v12a2zxr.cloudfront.net/resized/medium/products/main_melao-whitening-sunscreen-spf-50-pa-30ml_1726033920.webp,none,1,1200,1200,False,0% off,False,0,0
17617,Melao Glycolic Acid skin Peel 70% - 30 ml,melao-glycolic-acid-skin-peel-70-30-ml,https://d2wfc4v12a2zxr.cloudfront.net/resized/medium/products/main_melao-glycolic-acid-skin-peel-70-30-ml_1726034718.webp,none,1,1500,1500,False,0% off,False,0,0
17897,The Body Shop Heavy-Duty Body Moisture Protector - 200ml,the-body-shop-heavy-duty-body-moisture-protector-200ml,https://d2wfc4v12a2zxr.cloudfront.net/resized/medium/products/main_the-body-shop-heavy-duty-body-moisture-protector-200ml_1732102619.webp,none,1,4350,4133,True,5% off,False,0,0
18004,"360 Block Sunscreen Gel SPF 50+,50gm",360-block-sunscreen-gel-spf-5050gm,https://d2wfc4v12a2zxr.cloudfront.net/resized/medium/products/main_360-block-sunscreen-gel-spf-50_1735207215.webp,none,1,1680,1596,True,5% off,False,0,0
18544,Lord's Centella Water Pore-Tightening Toner 100ml,lords-centella-water-pore-tightening-toner-100ml,https://d2wfc4v12a2zxr.cloudfront.net/resized/medium/products/main_lords-centella-water-pore-tightening-toner-100ml_1743583300.webp,none,1,800,720,True,10% off,False,0,0
18795,Thayers Alcohol-Free Witch Hazel with Organic Aloe Vera Formula Toner 12oz,thayers-alcohol-free-witch-hazel-with-organic-aloe-vera-formula-toner-12oz,https://d2wfc4v12a2zxr.cloudfront.net/resized/medium/products/main_thayers-alcohol-free-witch-hazel-with-organic-aloe-vera-formula-toner-12oz_1751786778.webp,none,1,1950,1950,False,0% off,False,0,0
18827,ANUA Airy Sun Cream SPF 50+ 50ml,anua-airy-sun-cream-spf-50-50ml,https://d2wfc4v12a2zxr.cloudfront.net/resized/medium/products/main_anua-airy-sun-cream-spf-50-50ml_1753166670.webp,none,1,2800,2520,True,10% off,False,0,0
19293,Dr.Althea 147 Barrier Cream 50ml,dralthea-147-barrier-cream-50ml,https://d2wfc4v12a2zxr.cloudfront.net/resized/medium/products/main_dralthea-147-barrier-cream-50ml_1764236963.webp,none,1,3000,2850,True,5% off,False,0,0
19328,Lord's Ceramide and Hyaluronic Acid Moisturizer (100 ml),lords-ceramide-and-hyaluronic-acid-moisturizer-100-ml,https://d2wfc4v12a2zxr.cloudfront.net/resized/medium/products/main_lords-ceramide-and-hyaluronic-acid-moisturizer-100-ml_1778668140.webp,none,1,600,540,True,10% off,False,0,0
19365,Mamaearth Beetroot Daily Glow Face Cream 80gm,mamaearth-beetroot-daily-glow-face-cream-80gm,https://d2wfc4v12a2zxr.cloudfront.net/resized/medium/products/main_mamaearth-beetroot-daily-glow-face-cream-80gm_1765955045.webp,none,1,399,367,True,8% off,False,0,0
19398,Homa Kumano Cosme Pharmaact Acnecontrol Medicated Facial Foam 130g,homa-kumano-cosme-pharmaact-acnecontrol-medicated-facial-foam-130g,https://d2wfc4v12a2zxr.cloudfront.net/resized/medium/products/main_homa-kumano-cosme-pharmaact-acnecontrol-medicated-facial-foam-130g_1766057496.webp,none,1,1390,1321,True,5% off,False,0,0
19399,S-select Vitamin C Enzyme Facial Foam 130g,s-select-vitamin-c-enzyme-facial-foam-130g,https://d2wfc4v12a2zxr.cloudfront.net/resized/medium/products/main_s-select-vitamin-c-enzyme-facial-foam-130g_1766057755.webp,none,1,1290,1226,True,5% off,False,0,0
19457,Homa Iac-Labo Rice Mask Premium 30P,homa-iac-labo-rice-mask-premium-30p,https://d2wfc4v12a2zxr.cloudfront.net/resized/medium/products/main_homa-iac-labo-rice-mask-premium-30p_1766574680.webp,none,1,2499,2374,True,5% off,False,0,0
19459,S SELECT UV PROTECTION SPRAY SUNSCREEN,s-select-uv-protection-spray-sunscreen,https://d2wfc4v12a2zxr.cloudfront.net/resized/medium/products/main_s-select-uv-protection-spray-sunscreen_1766576072.webp,none,1,3150,2993,True,5% off,False,0,0
19774,Avani Super Berry Mask-50g,avani-super-berry-mask-50g,https://d2wfc4v12a2zxr.cloudfront.net/resized/medium/products/main_avani-super-berry-mask-50g_1771922677.webp,none,1,975,975,False,0% off,False,0,0
19776,Avani Cucumber Collagen Water Cream-50g,avani-cucumber-collagen-water-cream-50g,https://d2wfc4v12a2zxr.cloudfront.net/resized/medium/products/main_avani-cucumber-collagen-water-cream-50g_1771923762.webp,none,1,1125,1125,False,0% off,False,0,0
19785,Avani Salicylic Acid Tea Tree Foaming Face Wash -100 Ml,avani-salicylic-acid-tea-tree-foaming-face-wash-100-ml,https://d2wfc4v12a2zxr.cloudfront.net/resized/medium/products/main_avani-salicylic-acid-tea-tree-foaming-face-wash-100-ml_1771926037.webp,none,1,995,995,False,0% off,False,0,0
19945,Moonwake Oatmeal Facial Grains - Soothing Exfoliator with Turmeric - Sensitive Skin Care,moonwake-oatmeal-facial-grains-soothing-exfoliator-with-turmeric-sensitive-skin-care,https://d2wfc4v12a2zxr.cloudfront.net/resized/medium/products/main_moonwake-oatmeal-facial-grains-soothing-exfoliator-with-turmeric-sensitive-skin-care_1776063484.webp,size,2,950,950,False,0% off,False,0,0
20043,"Dot & Key Hydrating Serum with Hyaluronic Acid & Ceramide | For Plump, Glowing Skin | 30ml",dot-key-hydrating-serum-with-hyaluronic-acid-ceramide-for-plump-glowing-skin-30ml,https://d2wfc4v12a2zxr.cloudfront.net/resized/medium/products/main_dot-key-hydrating-serum-with-hyaluronic-acid-ceramide-for-plump-glowing-skin-30ml_1775385769.webp,none,1,1064,958,True,10% off,False,0,0
20050,Himalaya Hydrating Aloe Vera Face Wash 50ML,himalaya-hydrating-aloe-vera-face-wash-50ml,https://d2wfc4v12a2zxr.cloudfront.net/resized/medium/products/main_himalaya-hydrating-aloe-vera-face-wash-50ml_1775465231.webp,none,1,152,144,True,5% off,False,0,0
20161,Lord's Korean D Pigmentation Cream-100ml,lords-korean-d-pigmentation-cream-100ml,https://d2wfc4v12a2zxr.cloudfront.net/resized/medium/products/main_lords-korean-d-pigmentation-cream-100ml_1778839239.webp,none,1,1280,1152,True,10% off,False,0,0
20247,Plum BodyLovin' Kaapi Tiramisu Glassic Lip Balm | 10 gm,plum-bodylovin-kaapi-tiramisu-glassic-lip-balm-10-gm,https://d2wfc4v12a2zxr.cloudfront.net/resized/medium/products/main_plum-bodylovin-kaapi-tiramisu-glassic-lip-balm-10-gm_1780309413.webp,none,1,638,574,True,10% off,False,0,0
20249,Plum BodyLovin' Popcorn N' Pilates Glassic Lip Balm | 10 gm,plum-bodylovin-popcorn-n-pilates-glassic-lip-balm-10-gm,https://d2wfc4v12a2zxr.cloudfront.net/resized/medium/products/main_plum-bodylovin-popcorn-n-pilates-glassic-lip-balm-10-gm_1780310911.webp,none,1,638,574,True,10% off,False,0,0
15793,Simple Kind to Skin Refreshing Facial Foam 150ml,simple-kind-to-skin-refreshing-facial-foam-150ml,https://d2wfc4v12a2zxr.cloudfront.net/resized/medium/products/main_simple-kind-to-skin-refreshing-facial-foam-150ml_1708411987.webp,none,2,798,718,True,10% off,False,0,0
18671,Lakme Sun Expert SPF 50 PA+++ Tinted Sunscreen with Natural Matte Finish,lakme-sun-expert-spf-50-pa-tinted-sunscreen-with-natural-matte-finish,https://d2wfc4v12a2zxr.cloudfront.net/resized/medium/products/main_lakme-sun-expert-spf-50-pa-tinted-sunscreen-with-natural-matte-finish_1748411424.webp,size,8,1000,900,True,10% off,False,0,0
